experiment_id,method_family,method_variant,selector_solver,selector_feature_method,selector_preconditioner,adam_selection_mode,training_optimizer,reference_composition,included_references,safe_geometry,safe_training_constraint_mode,safe_epsilon_multiplier,safe_cost_gamma,kl_regularization_lambda,learning_rate,weight_decay,sgd_momentum,run_count,seed_count,seeds,target_medqa_accuracy_mean,target_medqa_accuracy_std,base_target_medqa_accuracy_mean,base_target_medqa_accuracy_std,medqa_gain_mean,medqa_gain_std,ood_mcq_ood_accuracy_mean,ood_mcq_ood_accuracy_std,base_ood_mcq_ood_accuracy_mean,base_ood_mcq_ood_accuracy_std,ood_mcq_ood_accuracy_delta_mean,ood_mcq_ood_accuracy_delta_std,bbq_score_mean,bbq_score_std,bbq_base_score_mean,bbq_base_score_std,bbq_score_delta_mean,bbq_score_delta_std,bbq_heldout_kl_mean,bbq_heldout_kl_std,truthfulqa_score_mean,truthfulqa_score_std,truthfulqa_base_score_mean,truthfulqa_base_score_std,truthfulqa_score_delta_mean,truthfulqa_score_delta_std,truthfulqa_heldout_kl_mean,truthfulqa_heldout_kl_std,mmlu_non_medical_score_mean,mmlu_non_medical_score_std,mmlu_non_medical_base_score_mean,mmlu_non_medical_base_score_std,mmlu_non_medical_score_delta_mean,mmlu_non_medical_score_delta_std,mmlu_non_medical_heldout_kl_mean,mmlu_non_medical_heldout_kl_std,ifeval_score_mean,ifeval_score_std,ifeval_base_score_mean,ifeval_base_score_std,ifeval_score_delta_mean,ifeval_score_delta_std,mean_reference_score_delta_mean,mean_reference_score_delta_std,included_reference_score_delta_mean,included_reference_score_delta_std,mean_reference_kl_mean,mean_reference_kl_std,worst_reference_kl_mean,worst_reference_kl_std,realized_heldout_kl_mean,realized_heldout_kl_std,reference_performance_degradation_mean,reference_performance_degradation_std,instruction_performance_degradation_mean,instruction_performance_degradation_std,safe_epsilon_mean,safe_epsilon_std,safe_rho_mean,safe_rho_std,safe_reference_curvature_q0_mean,safe_reference_curvature_q0_std,safe_effective_cost_c_mean,safe_effective_cost_c_std,safe_approximation_error_mean,safe_approximation_error_std,safe_approximation_error_squared_mean,safe_approximation_error_squared_std,safe_selected_reference_budget_gap_mean,safe_selected_reference_budget_gap_std,safe_selected_epsilon_budget_gap_mean,safe_selected_epsilon_budget_gap_std,safe_trace_max_reference_budget_ratio_mean,safe_trace_max_reference_budget_ratio_std,safe_trace_max_norm_budget_ratio_mean,safe_trace_max_norm_budget_ratio_std,safe_trace_final_approximation_error_mean,safe_trace_final_approximation_error_std,selected_predicted_fisher_cost_mean,selected_predicted_fisher_cost_std,selected_predicted_norm_cost_mean,selected_predicted_norm_cost_std,trained_lora_fisher_cost_mean,trained_lora_fisher_cost_std,max_incremental_reference_budget_ratio_mean,max_incremental_reference_budget_ratio_std,max_cumulative_reference_budget_ratio_mean,max_cumulative_reference_budget_ratio_std,max_incremental_norm_budget_ratio_mean,max_incremental_norm_budget_ratio_std,max_cumulative_norm_budget_ratio_mean,max_cumulative_norm_budget_ratio_std,trajectory_spearman_predicted_fisher_vs_realized_kl_mean,trajectory_spearman_predicted_fisher_vs_realized_kl_std,trajectory_spearman_realized_kl_vs_medqa_accuracy_mean,trajectory_spearman_realized_kl_vs_medqa_accuracy_std,trajectory_spearman_realized_kl_vs_reference_degradation_mean,trajectory_spearman_realized_kl_vs_reference_degradation_std,estimated_selection_flops_mean,estimated_selection_flops_std,estimated_selection_flops_sum,estimated_sft_flops_mean,estimated_sft_flops_std,estimated_sft_flops_sum,estimated_kl_regularization_flops_mean,estimated_kl_regularization_flops_std,estimated_kl_regularization_flops_sum,estimated_trajectory_diagnostic_flops_mean,estimated_trajectory_diagnostic_flops_std,estimated_trajectory_generation_flops_mean,estimated_trajectory_generation_flops_std,estimated_extra_eval_kl_flops_mean,estimated_extra_eval_kl_flops_std,estimated_total_flops_mean,estimated_total_flops_std,estimated_total_flops_sum,estimated_total_flops_including_selection_mean,estimated_total_flops_including_selection_std,estimated_total_flops_including_selection_sum,train_wallclock_seconds_mean,train_wallclock_seconds_std,train_wallclock_seconds_sum,completed_steps_mean,completed_steps_std,safe_selected_reference_budget_satisfied_rate,safe_selected_epsilon_budget_satisfied_rate,safe_trace_all_reference_budget_satisfied_rate,safe_trace_all_norm_budget_satisfied_rate,all_incremental_reference_constraints_satisfied_rate,all_incremental_norm_constraints_satisfied_rate,all_cumulative_reference_constraints_satisfied_rate,all_cumulative_norm_constraints_satisfied_rate,flops_accounting_complete_rate
setting_2_medqa_medmcqa_reference_coverage_gamma_v1,Base,Base model,none,none,none,none,none,all,"bbq,truthfulqa,mmlu_non_medical",none,none,,,0.0,,,,3,3,"42,43,44",0.40625,0.03197403426512676,0.40625,0.03197403426512676,0.0,0.0,0.5338541666666666,0.029318568357285683,0.5338541666666666,0.029318568357285683,0.0,0.0,0.573490813648294,0.012655709660095719,0.573490813648294,0.012655709660095719,0.0,0.0,0.0,0.0,0.250093599231542,0.007402152772958197,0.250093599231542,0.007402152772958197,0.0,0.0,0.0,0.0,0.5364583333333334,0.009830513587592122,0.5364583333333334,0.009830513587592122,0.0,0.0,0.0,0.0,0.5111709172937656,0.01301845785237605,0.5111709172937656,0.01301845785237605,0.0,0.0,0.0,0.0,0.0,0.0,0.0,0.0,0.0,0.0,0.0,0.0,0.0,0.0,0.0,0.0,,,,,,,,,,,,,,,,,,,,,,,,,,,,,,,,,,,,,,,,,,,0.0,0.0,0.0,0.0,0.0,0.0,0.0,0.0,0.0,0.0,0.0,0.0,0.0,0.0,0.0,3.0252009834676224e+16,,3.0252009834676224e+16,3.0252009834676224e+16,,3.0252009834676224e+16,0.0,0.0,0.0,0.0,0.0,,,,,,,,,
setting_2_medqa_medmcqa_reference_coverage_gamma_v1,LESS,LESS,cosine_topk,random_sketch,sgd,none,adamw,,"bbq,truthfulqa,mmlu_non_medical",,none,,,0.0,0.0002,0.0,,3,3,"42,43,44",0.41796875,0.02376079113397742,0.40625,0.03197403426512676,0.01171875,0.010334966058846057,0.5950520833333334,0.036920434580098506,0.5338541666666666,0.029318568357285683,0.061197916666666664,0.03951560131638937,0.5958005249343832,0.043187618561428685,0.573490813648294,0.012655709660095719,0.022309711286089273,0.03182245578210536,11.730029670167992,0.15608149700824842,0.18687539246170437,0.04240377547510796,0.250093599231542,0.007402152772958197,-0.0632182067698376,0.04262747721841994,2.1008329713722564,0.13726493693185576,0.5716145833333334,0.022211877746395808,0.5364583333333334,0.009830513587592122,0.03515625,0.013531646934131853,13.676699816352789,0.2872357553541747,0.5195322591398118,0.02636849371057758,0.5111709172937656,0.01301845785237605,0.008361341846046144,0.021079488660802594,-0.0019174151612494394,0.006294739029982301,-0.0019174151612494394,0.006294739029982301,9.169187485964345,0.06080025073281259,13.676699816352789,0.2872357553541747,5.399940139170625,0.16623360866295409,0.016960983022788034,0.03310931510475265,-0.020634920634920634,0.09283679060640919,,,,,,,,,,,,,,,,,,,,,,,,,,,0.001109592189701895,1.6617206455026865e-05,,,,,,,,,0.9403594771241831,0.056814832191874894,0.6362011345973299,0.36107087185981257,0.2222953096184501,0.8722073228511027,1.1295337165414606e+17,47309568.311691366,3.388601149624382e+17,3476328981151744.0,14639097045111.705,1.0428986943455232e+16,0.0,0.0,0.0,4779041375928320.0,223047366448227.34,3832507489320960.0,0.0,1878465902417237.2,8407404375020.643,2.478691513901056e+16,1.8532101056330532e+16,7.436074541703168e+16,1.3774028679315662e+17,1.8532101103639664e+16,4.132208603794699e+17,672.6827100111792,18.212555324897565,2018.0481300335377,64.0,0.0,,,,,1.0,1.0,1.0,1.0,1.0
setting_2_medqa_medmcqa_reference_coverage_gamma_v1,SAFE,SAFE-(B_K),constrained_greedy,low_rank,adam,post_projection,adamw,B_K,"bbq,mmlu_non_medical",reference,none,0.5,0.01,0.0,0.0002,0.0,,1,1,42,0.46875,,0.4140625,,0.0546875,,0.53515625,,0.5,,0.03515625,,0.5433070866141733,,0.5826771653543307,,-0.03937007874015741,,9.077723495603546,,0.22978339100520084,,0.24156189185351593,,-0.011778500848315082,,1.216956816988471,,0.58203125,,0.53515625,,0.046875,,11.35338701059421,,0.5390625,,0.5234375,,0.015625,,-0.001424526529490831,,0.003752460629921295,,7.2160224410620755,,11.35338701059421,,3.959610999799242,,0.11944285541937605,,0.04999999999999999,,0.10454075317382813,,0.014282104843543824,,261.36712646484375,,0.014282104843543824,,0.39910137742908103,,0.1592819094657898,,0.00194767145930415,,0.00531089765823165,,0.9998699532362192,,0.02868666387848509,,0.39910137742908103,,0.012334433384239674,,0.00015348687884397805,,0.0001531237649032846,,0.0019047832718151827,,0.010721372415390416,,65.21574752648618,,430.01537280612064,,0.9999999999999998,,,,,,1.2194647633115659e+17,,1.2194647633115659e+17,266932453392384.0,,266932453392384.0,0.0,,0.0,881392506101760.0,,1533002995728384.0,,1874263187226624.0,,3.701730531302605e+16,,3.701730531302605e+16,1.5896378164418266e+17,,1.5896378164418266e+17,107.83662445656955,,107.83662445656955,6.0,,1.0,1.0,1.0,1.0,1.0,0.0,1.0,0.0,1.0
setting_2_medqa_medmcqa_reference_coverage_gamma_v1,SAFE,SAFE-(B_K),constrained_greedy,low_rank,adam,post_projection,adamw,B_K,"bbq,mmlu_non_medical",reference,none,0.5,0.1,0.0,0.0002,0.0,,1,1,42,0.4296875,,0.4140625,,0.015625,,0.5,,0.5,,0.0,,0.5118110236220472,,0.5826771653543307,,-0.07086614173228345,,9.702676845660672,,0.18863146604222883,,0.24156189185351593,,-0.052930425811287096,,1.5153157154515324,,0.54296875,,0.53515625,,0.0078125,,11.94929285099109,,0.5338541666666666,,0.5234375,,0.01041666666666663,,-0.03866135584785685,,-0.031526820866141725,,7.722428470701099,,11.94929285099109,,4.297385122261796,,0.17617604051552566,,0.04999999999999999,,0.10454075317382813,,0.14282104843543825,,261.36712646484375,,0.14282104843543825,,0.8101462235745363,,0.6563369035720825,,0.0065094428627377465,,0.0048209313255520355,,0.9999759701194724,,0.12052160170422671,,0.8101462603608852,,0.1363116055727005,,0.0006434532115235925,,0.00031802471494302154,,0.0001921429793782085,,0.00222673561374102,,65.81961112991661,,951.8568888836098,,0.9999999999999998,,,,,,1.2194647633115659e+17,,1.2194647633115659e+17,505434231275520.0,,505434231275520.0,0.0,,0.0,1175190008135680.0,,1533002995728384.0,,1874263187226624.0,,3.75496045929431e+16,,3.75496045929431e+16,1.594960809240997e+17,,1.594960809240997e+17,138.0870929788798,,138.0870929788798,10.0,,1.0,1.0,1.0,1.0,1.0,0.0,1.0,0.0,1.0
setting_2_medqa_medmcqa_reference_coverage_gamma_v1,SAFE,SAFE-(B_K),constrained_greedy,low_rank,adam,post_projection,adamw,B_K,"bbq,mmlu_non_medical",reference,none,0.5,1.0,0.0,0.0002,0.0,,1,1,42,0.484375,,0.4140625,,0.0703125,,0.5625,,0.5,,0.0625,,0.5551181102362205,,0.5826771653543307,,-0.027559055118110187,,11.640869218220548,,0.13731383033288697,,0.24156189185351593,,-0.10424806152062896,,2.2303866330189264,,0.61328125,,0.53515625,,0.078125,,13.707321770489216,,0.5390625,,0.5234375,,0.015625,,-0.017894038879579716,,0.025282972440944906,,9.192859207242897,,13.707321770489216,,5.378180354249244,,0.18865551506396572,,-0.09999999999999998,,0.10454075317382813,,1.4282104843543824,,261.36712646484375,,1.4282104843543824,,1.5279577245606089,,2.3346548080444336,,0.03431235489118656,,0.0001487021519588124,,0.9936476242529689,,0.9855880611091219,,1.527957490504463,,1.3938981294631958,,0.005315682385116816,,0.0008815315086394548,,1.8930760811178028e-05,,0.000617228005463038,,69.44986103230703,,2829.16408939317,,0.9999999999999999,,,,0.9999999999999998,,1.2194647633115659e+17,,1.2194647633115659e+17,2049003771789312.0,,2049003771789312.0,0.0,,0.0,2644177518305280.0,,2299504493592576.0,,1874263187226624.0,,4.132866314149069e+16,,4.132866314149069e+16,1.632751394726473e+17,,1.632751394726473e+17,327.3320782314986,,327.3320782314986,32.0,,1.0,1.0,1.0,1.0,1.0,0.0,1.0,0.0,1.0
setting_2_medqa_medmcqa_reference_coverage_gamma_v1,SAFE,SAFE-(B_K),constrained_greedy,low_rank,adam,post_projection,adamw,B_K,"bbq,mmlu_non_medical",reference,none,1.0,0.01,0.0,0.0002,0.0,,1,1,42,0.43359375,,0.4140625,,0.01953125,,0.5390625,,0.5,,0.0390625,,0.547244094488189,,0.5826771653543307,,-0.03543307086614167,,9.767626351884656,,0.19320158118341937,,0.24156189185351593,,-0.04836031067009655,,1.5142464082770453,,0.58203125,,0.53515625,,0.046875,,12.015184817214807,,0.5286458333333334,,0.5234375,,0.00520833333333337,,-0.012306127178746074,,0.005720964566929165,,7.765685859125504,,12.015184817214807,,4.321388113732431,,0.10732217932295474,,0.04999999999999999,,0.20908150634765627,,0.057128419374175295,,261.36712646484375,,0.057128419374175295,,0.8075778863977916,,0.6521820425987244,,0.004785613362736925,,0.021407109514817522,,0.9999605938240664,,0.02092658892307292,,0.8075779233011321,,0.05234280601143837,,0.0004504286334849894,,0.0003083790361415595,,0.0004760267456455008,,0.005397996995536711,,16.391899085377172,,229.83098595401472,,0.9999999999999998,,,,,,1.2194647633115659e+17,,1.2194647633115659e+17,440509209133056.0,,440509209133056.0,0.0,,0.0,1175190008135680.0,,1533002995728384.0,,1874263187226624.0,,3.748467957080064e+16,,3.748467957080064e+16,1.5943115590195725e+17,,1.5943115590195725e+17,138.80518341995776,,138.80518341995776,10.0,,1.0,1.0,1.0,1.0,1.0,0.0,1.0,0.0,1.0
setting_2_medqa_medmcqa_reference_coverage_gamma_v1,SAFE,SAFE-(B_K),constrained_greedy,low_rank,adam,post_projection,adamw,B_K,"bbq,mmlu_non_medical",reference,none,1.0,0.1,0.0,0.0002,0.0,,1,1,42,0.44921875,,0.4140625,,0.03515625,,0.53515625,,0.5,,0.03515625,,0.5511811023622047,,0.5826771653543307,,-0.03149606299212593,,10.624001225148598,,0.16308079962336394,,0.24156189185351593,,-0.07848109223015198,,1.9017893568287672,,0.578125,,0.53515625,,0.04296875,,12.878738686442375,,0.5416666666666666,,0.5234375,,0.01822916666666663,,-0.02233613507409264,,0.005736343503937036,,8.46817642280658,,12.878738686442375,,4.862291985867071,,0.10799422233370748,,-0.050000000000000044,,0.20908150634765627,,0.571284193741753,,261.36712646484375,,0.571284193741753,,1.640786662538278,,2.692180871963501,,0.013480980145408994,,0.019311336921069698,,0.9999684580362206,,0.11799150424884067,,1.640786662538278,,0.557803213596344,,0.002546201227232814,,0.0005715984152629972,,4.823661611975735e-05,,0.0010005500266324298,,16.5849092643649,,439.06015563800463,,1.0,,,,0.9999999999999998,,1.2194647633115659e+17,,1.2194647633115659e+17,958080512409600.0,,958080512409600.0,0.0,,0.0,1762785012203520.0,,2299504493592576.0,,1874263187226624.0,,3.935634737600922e+16,,3.935634737600922e+16,1.6130282370716582e+17,,1.6130282370716582e+17,237.3347859121859,,237.3347859121859,18.0,,1.0,1.0,1.0,1.0,1.0,0.0,1.0,0.0,1.0
setting_2_medqa_medmcqa_reference_coverage_gamma_v1,SAFE,SAFE-(B_K),constrained_greedy,low_rank,adam,post_projection,adamw,B_K,"bbq,mmlu_non_medical",reference,none,1.0,1.0,0.0,0.0002,0.0,,1,1,42,0.421875,,0.4140625,,0.0078125,,0.4921875,,0.5,,-0.0078125,,0.5275590551181102,,0.5826771653543307,,-0.055118110236220486,,11.968696771957116,,0.1900952111364154,,0.24156189185351593,,-0.05146668071710053,,2.1268437825422644,,0.5390625,,0.53515625,,0.00390625,,13.699721445639929,,0.5364583333333334,,0.5234375,,0.01302083333333337,,-0.03422618031777367,,-0.025605930118110243,,9.26508733337977,,13.699721445639929,,5.337437779295678,,0.10095640720765708,,-0.09999999999999998,,0.20908150634765627,,5.712841937417529,,261.36712646484375,,5.712841937417529,,3.9985625545239887,,15.988502502441406,,0.9128794168181642,,0.0025613111252970264,,0.8480423335322987,,0.8881575093704519,,3.9985625545239887,,4.799962520599365,,0.019296227023005486,,0.0011298512108623981,,3.803164402570319e-06,,0.00019777393165075797,,19.80136471533355,,1015.2155708052725,,0.8725490196078433,,-0.5773502691896257,,0.0,,1.2194647633115659e+17,,1.2194647633115659e+17,3551839303532544.0,,3551839303532544.0,0.0,,0.0,4994557534576640.0,,3832507489320960.0,,1874263187226624.0,,4.671488168523366e+16,,4.671488168523366e+16,1.6866135801639027e+17,,1.6866135801639027e+17,684.9286770503968,,684.9286770503968,62.0,,1.0,1.0,1.0,1.0,1.0,0.0,1.0,0.0,1.0
setting_2_medqa_medmcqa_reference_coverage_gamma_v1,SAFE,SAFE-(B_K),constrained_greedy,low_rank,adam,post_projection,adamw,B_K,"bbq,mmlu_non_medical",reference,none,2.0,0.01,0.0,0.0002,0.0,,1,1,42,0.41796875,,0.4140625,,0.00390625,,0.50390625,,0.5,,0.00390625,,0.515748031496063,,0.5826771653543307,,-0.06692913385826771,,10.592526007824995,,0.17232174537216252,,0.24156189185351593,,-0.0692401464813534,,1.824850723629615,,0.5703125,,0.53515625,,0.03515625,,12.613574236631393,,0.5390625,,0.5234375,,0.015625,,-0.033671010113207035,,-0.015886441929133854,,8.343650322695334,,12.613574236631393,,4.74819042635899,,0.21784270718219234,,-0.09999999999999998,,0.41816301269531253,,0.22851367749670118,,261.36712646484375,,0.22851367749670118,,1.628331657078224,,2.6514639854431152,,0.010771502632885871,,0.08587257495897979,,0.9998440000319291,,0.018074318651980403,,1.628331657078224,,0.2177421748638153,,0.001557577634230256,,0.0005087199970148504,,0.0001198731183106676,,0.002226212463900303,,4.1229373684388015,,96.5865874375795,,0.9999999999999998,,,,,,1.2194647633115659e+17,,1.2194647633115659e+17,840450670755840.0,,840450670755840.0,0.0,,0.0,1468987510169600.0,,1533002995728384.0,,1874263187226624.0,,3.817841853445734e+16,,3.817841853445734e+16,1.6012489486561395e+17,,1.6012489486561395e+17,177.39855205267668,,177.39855205267668,16.0,,1.0,1.0,1.0,1.0,1.0,0.0,1.0,0.0,1.0
setting_2_medqa_medmcqa_reference_coverage_gamma_v1,SAFE,SAFE-(B_K),constrained_greedy,low_rank,adam,post_projection,adamw,B_K,"bbq,mmlu_non_medical",reference,none,2.0,0.1,0.0,0.0002,0.0,,1,1,42,0.46875,,0.4140625,,0.0546875,,0.54296875,,0.5,,0.04296875,,0.5551181102362205,,0.5826771653543307,,-0.027559055118110187,,11.794300081848785,,0.17104120353183083,,0.24156189185351593,,-0.0705206883216851,,2.1439171409576376,,0.59375,,0.53515625,,0.05859375,,13.79285159210364,,0.5390625,,0.5234375,,0.015625,,-0.013161997813265094,,0.015517347440944906,,9.24368960497002,,13.79285159210364,,5.367576187732173,,0.09284270718219234,,-0.050000000000000044,,0.41816301269531253,,2.285136774967012,,261.36712646484375,,2.285136774967012,,3.2896442397222816,,10.821759223937988,,0.02578432936459496,,0.07723704680617124,,0.9999956893380084,,0.11731561215750609,,3.2896442397222816,,2.259352445602417,,0.010193105787038803,,0.0008671118412166834,,9.616025742701294e-06,,0.00037945730457609084,,4.994646107279365,,178.92200256047468,,1.0,,,,0.19999999999999996,,1.2194647633115659e+17,,1.2194647633115659e+17,1981834222632960.0,,1981834222632960.0,0.0,,0.0,2937975020339200.0,,3066005991456768.0,,1874263187226624.0,,4.232179259223245e+16,,4.232179259223245e+16,1.6426826892338906e+17,,1.6426826892338906e+17,440.6207893528044,,440.6207893528044,36.0,,1.0,1.0,1.0,1.0,1.0,0.0,1.0,0.0,1.0
setting_2_medqa_medmcqa_reference_coverage_gamma_v1,SAFE,SAFE-(B_K),constrained_greedy,low_rank,adam,post_projection,adamw,B_K,"bbq,mmlu_non_medical",reference,none,2.0,1.0,0.0,0.0002,0.0,,1,1,42,0.44921875,,0.4140625,,0.03515625,,0.5859375,,0.5,,0.0859375,,0.6377952755905512,,0.5826771653543307,,0.055118110236220486,,11.905448205201958,,0.16382825194347292,,0.24156189185351593,,-0.077733639910043,,2.1651629403935377,,0.58203125,,0.53515625,,0.046875,,14.012510843575,,0.5338541666666666,,0.5234375,,0.01041666666666663,,0.008086490108725827,,0.05099655511811024,,9.361040663056832,,14.012510843575,,5.414919460521025,,0.08038804472752992,,0.0,,0.41816301269531253,,22.851367749670118,,261.36712646484375,,22.851367749670118,,13.842820801561386,,191.62368774414062,,14.618772305944532,,0.05525851949866087,,0.3618580101167327,,0.36901592661985594,,13.842820801561386,,8.232595443725586,,0.03217163309454918,,0.0011744865914806724,,9.574162834200661e-07,,5.13967743352092e-05,,4.964610000036907,,266.27077108105703,,0.9509803921568629,,-0.7905694150420948,,0.051298917604257706,,1.2194647633115659e+17,,1.2194647633115659e+17,3476107299471360.0,,3476107299471360.0,0.0,,0.0,4994557534576640.0,,3832507489320960.0,,1874263187226624.0,,4.663914968117248e+16,,4.663914968117248e+16,1.685856260123291e+17,,1.685856260123291e+17,687.1549022290856,,687.1549022290856,64.0,,1.0,1.0,1.0,1.0,1.0,0.0,1.0,0.0,1.0
setting_2_medqa_medmcqa_reference_coverage_gamma_v1,SAFE,SAFE-(B_K),greedy_marginal,low_rank,sgd,none,adamw,B_K,"bbq,mmlu_non_medical",reference,none,0.5,0.01,0.0,0.0002,0.0,,3,3,"42,43,44",0.4192708333333333,0.02658929408419549,0.40625,0.03197403426512676,0.013020833333333334,0.027436598314720673,0.4518229166666667,0.05583797302706137,0.5338541666666666,0.029318568357285683,-0.08203125,0.029491540762776366,0.421259842519685,0.05511811023622049,0.573490813648294,0.012655709660095719,-0.15223097112860892,0.064970571099667,12.09393169289603,0.472119138821693,0.14335924269998743,0.02187061831840441,0.250093599231542,0.007402152772958197,-0.10673435653155454,0.020377328886446867,2.2150473666108947,0.140903410472161,0.5442708333333334,0.038339666313373585,0.5364583333333334,0.009830513587592122,0.0078125,0.03847210078826603,14.043408954309093,0.36396754459634917,0.5290558696259073,0.025844495846994768,0.5111709172937656,0.01301845785237605,0.01788495233214162,0.013342394802249127,-0.08371760922005449,0.03666759755995982,-0.07220923556430446,0.05171902980441155,9.450796004605339,0.3252403185511888,14.043408954309093,0.36396754459634917,5.6166342350332625,0.06822684169503475,0.12638087567711484,0.10840254762802616,-0.067063492063492,0.09657054021068498,0.002162072245279948,2.8153260771150594e-05,7.343761156008035e-06,2.2002815693444577e-06,315.769770304362,102.31486093183966,7.343761156008035e-06,2.2002815693444577e-06,0.03111625204181519,0.006087958925224936,0.0009929299703799188,0.0004001230662919821,-0.0005041450481718974,0.0002169256800820789,-1.126435140835577e-06,4.052090655648238e-08,68.10305463487121,8.505303321018035,1.4821216113276552,0.021803794189726965,0.03111625204181519,0.006087958925224936,0.0005114888093279054,0.00021910924759151407,3.463977539771198e-06,7.092414358584474e-08,0.0011810592065254848,4.589986310843625e-05,3.012430346938108,0.7277837160430651,168.60149604681328,39.27269477669375,184927.28261381478,4971.333622988575,10649281.257596679,401935.32679976424,0.9632352941176472,0.027621146248982004,0.35271963288622615,0.5925391034442561,0.2735942272227078,0.3491845136334135,1.1295337167478958e+17,83065193.79875563,3.388601150243688e+17,3190525874716672.0,40741331525009.61,9571577624150016.0,0.0,0.0,0.0,4779041375928320.0,223047366448227.34,3832507489320960.0,0.0,1878465902417237.2,8407404375020.643,2.450111203257549e+16,1.8567607585777644e+16,7.350333609772646e+16,1.3745448370736507e+17,1.856760766884233e+16,4.123634511220952e+17,682.1019433333228,29.16998541473948,2046.3058299999684,64.0,0.0,0.0,0.0,0.0,0.0,0.0,0.0,0.0,0.0,1.0
setting_2_medqa_medmcqa_reference_coverage_gamma_v1,SAFE,SAFE-(B_K),greedy_marginal,low_rank,sgd,none,adamw,B_K,"bbq,mmlu_non_medical",reference,none,0.5,0.1,0.0,0.0002,0.0,,3,3,"42,43,44",0.4466145833333333,0.029318568357285683,0.40625,0.03197403426512676,0.040364583333333336,0.00813150781041458,0.5,0.00390625,0.5338541666666666,0.029318568357285683,-0.033854166666666664,0.026009094212810127,0.4645669291338583,0.019685039370078733,0.573490813648294,0.012655709660095719,-0.10892388451443569,0.009092130223458674,11.854300753442425,0.26898512282799736,0.14462991809295597,0.012638102012357459,0.250093599231542,0.007402152772958197,-0.10546368113858602,0.007421591664777082,2.222536691738117,0.1126220503311072,0.57421875,0.010334966058846057,0.5364583333333334,0.009830513587592122,0.037760416666666664,0.004510548978043951,13.953159731295372,0.4868016818312873,0.52486826493579,0.024740587308537686,0.5111709172937656,0.01301845785237605,0.013697347642024368,0.011817966587129258,-0.058875716328785015,0.004210112579957293,-0.03558173392388451,0.006801339600751312,9.343332392158638,0.24575687571067023,13.953159731295372,0.4868016818312873,5.556410412203433,0.40962628422957664,0.09477863320885926,0.08249822574192645,-0.03373015873015869,0.09677578093854919,0.0021547250111897784,3.2711915425996846e-05,6.100279202294145e-05,4.279524640627651e-06,263.1419728597005,24.131482496982734,6.100279202294145e-05,4.279524640627651e-06,0.031142349614244003,0.0006254450064447614,0.0009701067271331946,3.918149819919791e-05,-0.0005131459142927648,8.463463959247853e-06,-1.3467715857421204e-06,6.14174031079343e-08,9.432809424456837,0.44847174137599743,1.5807187401864893,0.038912202222273984,0.031142349614244003,0.0006254450064447614,0.0005741487063157061,1.2658279200915019e-05,3.6685482124691284e-06,6.104945399176366e-08,0.0011724224702144663,5.0348691103375116e-05,0.34271263676222596,0.013907375802066056,19.244165148520253,0.5682115856050217,184858.8944226399,6316.233350335295,10762789.804551538,765666.0319073878,0.9354575163398694,0.05241508147825306,0.2559803858378336,0.43724678078860346,0.4344253084278709,0.20472414878568632,1.1295337167478958e+17,83065193.79875563,3.388601150243688e+17,3392921248907264.0,85045411030437.11,1.0178763746721792e+16,0.0,0.0,0.0,4779041375928320.0,223047366448227.34,3832507489320960.0,0.0,1878465902417237.2,8407404375020.643,2.470350740676608e+16,1.860268818693934e+16,7.411052222029824e+16,1.3765687908155566e+17,1.8602688270004364e+16,4.12970637244667e+17,660.9538670877615,27.327164261482277,1982.8616012632847,64.0,0.0,0.0,0.0,0.0,0.0,1.0,0.0,0.0,0.0,1.0
setting_2_medqa_medmcqa_reference_coverage_gamma_v1,SAFE,SAFE-(B_K),greedy_marginal,low_rank,sgd,none,adamw,B_K,"bbq,mmlu_non_medical",reference,none,0.5,1.0,0.0,0.0002,0.0,,3,3,"42,43,44",0.45703125,0.024394523431243743,0.40625,0.03197403426512676,0.05078125,0.0078125,0.5338541666666666,0.019661027175184243,0.5338541666666666,0.029318568357285683,0.0,0.0333750146301466,0.49868766404199477,0.02981054249763921,0.573490813648294,0.012655709660095719,-0.0748031496062992,0.03499289140675425,11.885576727092007,0.1788174667480895,0.14488004286277698,0.016853270849344786,0.250093599231542,0.007402152772958197,-0.10521355636876502,0.019583752997958476,2.225482348642983,0.06336407650712488,0.5963541666666666,0.005966895436140417,0.5364583333333334,0.009830513587592122,0.059895833333333336,0.01578692142315383,13.808942569626703,0.4616441206380177,0.5240612786152987,0.026266598814459814,0.5111709172937656,0.01301845785237605,0.01289036132153304,0.013876314983783423,-0.040040290880576965,0.02308690333295744,-0.007453658136482938,0.02532604323904932,9.306667215120564,0.12396002025206157,13.808942569626703,0.4616441206380177,5.554516135110455,0.26761131409421884,0.08323084110578904,0.10362613198114375,-0.020634920634920634,0.09283679060640919,0.002169570827484131,1.934391188630749e-05,0.0006303658947445388,5.250690373898789e-05,268.1369374593099,26.724397584889314,0.0006303658947445388,5.250690373898789e-05,1397.7528169795212,10.605137373971322,1953787.9166666667,29710.3549628885,-0.00045555498549367635,1.981497291728732e-05,-2.380526668642753e-06,1.1493876199842108e-07,1.7243493607234752,0.03010212649180282,2.0121470695855272,0.06492457140924632,1397.7528169795212,10.605137373971322,0.0010859208802382152,7.225712106186779e-05,4.73417018535353e-06,7.993258411627007e-08,0.0011680315947160125,1.3863698151918598e-05,0.032652733171096834,0.002302175924811959,1.8611440607785024,0.14927206296694223,179772.06873206017,5783.6965699748325,10482894.549550248,117057.91439677484,0.9452614379084968,0.04282791641202994,0.37139207093069126,0.3682416251250238,0.5730481123542086,0.3629957253936681,1.1295337167478958e+17,83065193.79875563,3.388601150243688e+17,3662513882464256.0,19531511624811.258,1.0987541647392768e+16,0.0,0.0,0.0,4779041375928320.0,223047366448227.34,3832507489320960.0,0.0,1878465902417237.2,8407404375020.643,2.497310004032307e+16,1.8552427136434972e+16,7.491930012096922e+16,1.3792647171511266e+17,1.8552427219499396e+16,4.13779415145338e+17,669.4260214387128,31.771912954601294,2008.2780643161386,64.0,0.0,0.0,0.0,0.0,0.0,1.0,0.0,0.0,0.0,1.0
setting_2_medqa_medmcqa_reference_coverage_gamma_v1,SAFE,SAFE-(B_K),greedy_marginal,low_rank,sgd,none,adamw,B_K,"bbq,mmlu_non_medical",reference,none,1.0,0.01,0.0,0.0002,0.0,,3,3,"42,43,44",0.4270833333333333,0.04355658511374409,0.40625,0.03197403426512676,0.020833333333333332,0.023545756927116048,0.4869791666666667,0.030341615098257925,0.5338541666666666,0.029318568357285683,-0.046875,0.04736076426946149,0.4540682414698163,0.02561577597892798,0.573490813648294,0.012655709660095719,-0.11942257217847768,0.018184260446917348,11.969479130321915,0.36232352011546626,0.14025263574840832,0.01212694645195166,0.250093599231542,0.007402152772958197,-0.10984096348313364,0.005636329707634739,2.2781269446220627,0.18866642814122273,0.5611979166666666,0.01578692142315383,0.5364583333333334,0.009830513587592122,0.024739583333333332,0.005966895436140417,13.938335926168497,0.2672513296517495,0.53162116813337,0.026623621803145998,0.5111709172937656,0.01301845785237605,0.020450250839604334,0.013747241065653108,-0.06817465077609267,0.009707030573750884,-0.047341494422572176,0.01195118888003905,9.395314000370824,0.17023105707861177,13.938335926168497,0.2672513296517495,5.623169969432074,0.27987192638167746,0.06681734913330155,0.09323732896258141,-0.0829365079365079,0.11700832706120917,0.0043280918757120776,5.098082771484539e-05,2.4994309784806624e-05,1.8542476755733198e-06,267.23113505045575,25.70222983068905,2.4994309784806624e-05,1.8542476755733198e-06,0.029766186030583393,0.0007527316860893894,0.0008864035674681267,4.449293831093583e-05,-0.00041567572203654856,1.2419694804775113e-05,5.74669773382771e-06,2.494703499297259e-07,17.688561528275798,1.2516494079480986,0.38668848829904573,0.012160425189133845,0.029766186030583393,0.0007527316860893894,0.0004406700318213552,1.2965485637485818e-05,3.6203582567395642e-06,3.15475550502777e-08,0.0011629147920757532,1.900718724110777e-05,0.8319542659028446,0.05545578698224318,46.67261919632739,2.970370173094663,45591.512960383196,1224.05794389518,2633651.095436379,87353.0508706593,0.9477124183006538,0.012577454508448263,0.1478351373262371,0.48434035482316606,0.27359422722270776,0.2632455994200759,1.1295337167478958e+17,83065193.79875563,3.388601150243688e+17,3213442218426368.0,91243671186519.66,9640326655279104.0,0.0,0.0,0.0,4779041375928320.0,223047366448227.34,3832507489320960.0,0.0,1878465902417237.2,8407404375020.643,2.4524028376285184e+16,1.8599859750659412e+16,7.357208512885555e+16,1.3747740005107477e+17,1.859985983372453e+16,4.124322001532243e+17,664.048330216979,16.30475465264346,1992.144990650937,64.0,0.0,0.0,1.0,0.0,1.0,1.0,0.0,0.0,0.0,1.0
setting_2_medqa_medmcqa_reference_coverage_gamma_v1,SAFE,SAFE-(B_K),greedy_marginal,low_rank,sgd,none,adamw,B_K,"bbq,mmlu_non_medical",reference,none,1.0,0.1,0.0,0.0002,0.0,,3,3,"42,43,44",0.4544270833333333,0.027713276892959327,0.40625,0.03197403426512676,0.048177083333333336,0.011933790872280834,0.51953125,0.014084184669781208,0.5338541666666666,0.029318568357285683,-0.014322916666666666,0.04302789490067267,0.4908136482939633,0.04546065111729338,0.573490813648294,0.012655709660095719,-0.08267716535433067,0.03877503071573272,11.747699993697573,0.7651174730200793,0.14891658159853546,0.018037364222541916,0.250093599231542,0.007402152772958197,-0.1011770176330065,0.01650531879155803,2.256621784655628,0.05178592421533241,0.5924479166666666,0.0022552744890219755,0.5364583333333334,0.009830513587592122,0.055989583333333336,0.011933790872280834,13.641040897203817,0.5440111546622249,0.5299072580981191,0.023674727696870557,0.5111709172937656,0.01301845785237605,0.018736340804353435,0.010657257133234373,-0.04262153321800128,0.018611520410858017,-0.01334379101049867,0.022615098572602296,9.215120891852338,0.40500114523062974,13.641040897203817,0.5440111546622249,5.506366143564054,0.3641750521140135,0.10141690595508057,0.08025623630651094,0.025793650793650813,0.0891533410264324,0.0043280918757120776,5.098082771484539e-05,0.00024994309784806627,1.8542476755733192e-05,267.23113505045575,25.70222983068905,0.00024994309784806627,1.8542476755733192e-05,0.03781247182083689,0.0010876904932403558,0.001430571738940974,8.17490323764858e-05,-0.0006342552529838,2.852538817039668e-05,4.688422583353005e-06,2.6048657417441053e-07,3.542004219023856,0.1008052801981727,0.49972735780517147,0.015883269343923603,0.03781247182083689,0.0010876904932403558,0.0008841983508318663,4.590915200382637e-05,4.678633407214268e-06,3.942263667681054e-08,0.0011826132346565525,3.5569197180379396e-05,0.08412112709790516,0.005311249990881377,4.745780295874133,0.3114963524264085,45754.99266205816,1026.9454349053694,2655980.8695300394,87875.35245523303,0.8382352941176472,0.13664078298790544,0.5699109339076959,0.18753856182481088,0.5375373458198413,0.4361933210169046,1.1295337167478958e+17,83065193.79875563,3.388601150243688e+17,3484170970595328.0,92395385450680.78,1.0452512911785984e+16,0.0,0.0,0.0,4779041375928320.0,223047366448227.34,3832507489320960.0,0.0,1878465902417237.2,8407404375020.643,2.4794757128454144e+16,1.8626477973070656e+16,7.438427138536243e+16,1.3774812880324373e+17,1.862647805613533e+16,4.132443864097312e+17,676.4399615700046,5.434251683306702,2029.3198847100139,64.0,0.0,0.0,1.0,0.0,1.0,1.0,0.0,0.0,0.0,1.0
setting_2_medqa_medmcqa_reference_coverage_gamma_v1,SAFE,SAFE-(B_K),greedy_marginal,low_rank,sgd,none,adamw,B_K,"bbq,mmlu_non_medical",reference,none,1.0,1.0,0.0,0.0002,0.0,,3,3,"42,43,44",0.4557291666666667,0.014788823817188212,0.40625,0.03197403426512676,0.049479166666666664,0.034128495890836344,0.55078125,0.030508787796510367,0.5338541666666666,0.029318568357285683,0.016927083333333332,0.052746429949294515,0.520997375328084,0.0461375218667899,0.573490813648294,0.012655709660095719,-0.05249343832020994,0.053741719762318285,12.219901209219652,0.19029441832506686,0.15183863007351803,0.014914127109553362,0.250093599231542,0.007402152772958197,-0.09825496915802394,0.017823805044797768,2.3031631868048086,0.10905848209544447,0.5989583333333334,0.023867581744561668,0.5364583333333334,0.009830513587592122,0.0625,0.02376079113397742,14.22587694062127,0.15235660694823214,0.5272420221963882,0.019295933834336497,0.5111709172937656,0.01301845785237605,0.016071104902622552,0.008839917049705515,-0.029416135826077962,0.027072695601699448,0.005003280839895032,0.031769274640064044,9.582980445548577,0.10665618448839312,14.22587694062127,0.15235660694823214,5.714312575551479,0.1964169226795357,0.07762495355517963,0.07051067201309309,0.011904761904761937,0.06628290908130978,0.0043280918757120776,5.098082771484539e-05,0.0024994309784806623,0.0001854247675573319,267.23113505045575,25.70222983068905,0.0024994309784806623,0.0001854247675573319,1719.663334061639,92.0381780893707,2962889.3333333335,319114.6371784297,0.0005325226372069969,1.5684019946491223e-05,1.5964874179713252e-06,5.305613788804931e-07,0.7864069958208257,0.011245743912522588,0.8303826151783866,0.052173408049298466,1719.663334061639,92.0381780893707,0.0019669083412736654,0.00017184675292132766,7.770568572595948e-06,3.1046770364311197e-07,0.0011820717869947355,2.1329050403270853e-05,0.008477813523029926,0.0005320159570824385,0.47474395323606927,0.03755592464867268,45930.37657363971,1253.7894590517199,2649352.3704268117,26655.102531673823,0.8848039215686275,0.02547133540542464,0.25917468994051285,0.5053544014041547,0.25956310924344655,0.357153901746073,1.1295337167478958e+17,83065193.79875563,3.388601150243688e+17,3689586757681152.0,34497108140540.215,1.1068760273043456e+16,0.0,0.0,0.0,4779041375928320.0,223047366448227.34,3832507489320960.0,0.0,1878465902417237.2,8407404375020.643,2.500017291553997e+16,1.8572587354872836e+16,7.50005187466199e+16,1.3795354459032955e+17,1.8572587437937036e+16,4.138606337709887e+17,678.0646011152616,18.090417420493516,2034.1938033457845,64.0,0.0,1.0,1.0,1.0,1.0,1.0,0.0,1.0,0.0,1.0
setting_2_medqa_medmcqa_reference_coverage_gamma_v1,SAFE,SAFE-(B_K),greedy_marginal,low_rank,sgd,none,adamw,B_K,"bbq,mmlu_non_medical",reference,none,2.0,0.01,0.0,0.0002,0.0,,3,3,"42,43,44",0.421875,0.02376079113397742,0.40625,0.03197403426512676,0.015625,0.010334966058846057,0.4934895833333333,0.009830513587592122,0.5338541666666666,0.029318568357285683,-0.040364583333333336,0.022211877746395808,0.46062992125984253,0.003937007874015741,0.573490813648294,0.012655709660095719,-0.11286089238845141,0.009907919206392042,11.759585811918697,0.405713148132745,0.1521459149522211,0.008515638960363467,0.250093599231542,0.007402152772958197,-0.09794768427932088,0.005564871002481624,2.134209825443001,0.08024582126950112,0.5611979166666666,0.029577647634376425,0.5364583333333334,0.009830513587592122,0.024739583333333332,0.021513947450336336,13.757463366621069,0.6978903573054978,0.5315184311899465,0.017317449812689203,0.5111709172937656,0.01301845785237605,0.020347513896180742,0.0049320572242271205,-0.06202299777814632,0.0028120226330418793,-0.044060654527559036,0.006245761029601276,9.217086334660923,0.37000229005649077,13.757463366621069,0.6978903573054978,5.484812727513596,0.4714926361715463,0.07629640295537993,0.10750303467497375,-0.051190476190476154,0.08045188418510933,0.008656183751424155,0.00010196165542969078,9.99772391392265e-05,7.416990702293279e-06,267.23113505045575,25.70222983068905,9.99772391392265e-05,7.416990702293279e-06,0.04175569934025741,0.0018529669644654172,0.0017458274184415739,0.00015281006515687577,-0.0004777406057232644,2.3550203270134455e-05,3.346375926287712e-05,9.264661884119259e-07,5.794526632356767,0.3909468007360914,0.10693331041129345,0.0036502697568296587,0.04175569934025741,0.0018529669644654172,0.0005777178448624909,2.5924021552524554e-05,4.004464699391974e-06,4.4563536469338937e-08,0.0011799063455934327,2.8656922739285125e-05,0.21249090949666563,0.014694865903904487,11.835507557465618,0.7054267671616953,11608.407116231368,304.1089493002862,662863.4014645327,17441.502257484477,0.9428104575163401,0.06307803315999222,0.17099639201419237,0.5627314338711378,0.47690452631217545,0.24257598639279868,1.1295337167478958e+17,83065193.79875563,3.388601150243688e+17,3290476602359808.0,117922754771686.64,9871429807079424.0,0.0,0.0,0.0,4779041375928320.0,223047366448227.34,3832507489320960.0,0.0,1878465902417237.2,8407404375020.643,2.4601062760218624e+16,1.862975225425952e+16,7.380318828065587e+16,1.3755443443500821e+17,1.8629752337324676e+16,4.1266330330502464e+17,671.7680292135725,24.124097580920278,2015.3040876407176,64.0,0.0,0.0,1.0,0.0,1.0,1.0,0.0,0.0,0.0,1.0
setting_2_medqa_medmcqa_reference_coverage_gamma_v1,SAFE,SAFE-(B_K),greedy_marginal,low_rank,sgd,none,adamw,B_K,"bbq,mmlu_non_medical",reference,none,2.0,0.1,0.0,0.0002,0.0,,3,3,"42,43,44",0.4505208333333333,0.013718299157360336,0.40625,0.03197403426512676,0.044270833333333336,0.026009094212810127,0.5481770833333334,0.018460217290049253,0.5338541666666666,0.029318568357285683,0.014322916666666666,0.039127550003428956,0.5078740157480315,0.02755905511811022,0.573490813648294,0.012655709660095719,-0.06561679790026248,0.01591122789105268,11.93522790222969,0.4577915978165728,0.1528372375719114,0.012687875915626638,0.250093599231542,0.007402152772958197,-0.09725636165963059,0.016250983528528485,2.300789484309138,0.13855176096294328,0.6002604166666666,0.0022552744890219755,0.5364583333333334,0.009830513587592122,0.06380208333333333,0.011933790872280834,13.940963470273546,0.5054423743675501,0.5264822375767727,0.0233807875633083,0.5111709172937656,0.01301845785237605,0.015311320283007098,0.011141294369648022,-0.03302369207551991,0.00587381310890072,-0.0009073572834645734,0.0030307042938599992,9.39232695227079,0.3602041010307241,13.940963470273546,0.5054423743675501,5.618510621892501,0.46450781833643445,0.020136113877074886,0.10401764820705364,0.011904761904761937,0.06628290908130978,0.008623358408610027,0.0001260075602590025,0.0011713779352609142,0.0003345739209050763,316.4954783121745,97.41106766020214,0.0011713779352609142,0.0003345739209050763,0.07449244948168245,0.006599990088806988,0.00557816494256258,0.0009841582699513993,-0.0006424736332765396,5.690674087083532e-05,3.028059476270617e-05,1.2241732647729962e-06,1.5825443414782503,0.17956053333356167,0.18553541604225743,0.03108240645449853,0.07449244948168245,0.006599990088806988,0.0018138515685374539,0.0002920378598962751,6.905852994047261e-06,1.2106397703262817e-06,0.0011753631600489218,2.4014801066109216e-05,0.018872925496692287,0.004956947048881227,1.0556273839275263,0.27440622776667795,11566.098937728646,311.62954658817796,660013.7104222547,16985.791194342662,0.9648692810457518,0.014975737565215159,0.5060616154865359,0.4401672396247151,-0.06530489263190009,0.3389966017103832,1.1295337172274731e+17,83065193.79875563,3.388601151682419e+17,3542861195476992.0,90940691958017.73,1.0628583586430976e+16,0.0,0.0,0.0,4779041375928320.0,223047366448227.34,3832507489320960.0,0.0,1878465902417237.2,8407404375020.643,3.5674018743528108e+16,1.863997836530704e+16,1.0702205623058432e+17,1.4862739046627542e+17,1.8639978448371308e+16,4.4588217139882624e+17,672.3387069261322,4.081463936353151,2017.0161207783967,64.0,0.0,0.0,1.0,0.0,1.0,1.0,0.0,0.3333333333333333,0.0,1.0
setting_2_medqa_medmcqa_reference_coverage_gamma_v1,SAFE,SAFE-(B_K),greedy_marginal,low_rank,sgd,none,adamw,B_K,"bbq,mmlu_non_medical",reference,none,2.0,1.0,0.0,0.0002,0.0,,3,3,"42,43,44",0.4270833333333333,0.030341615098257925,0.40625,0.03197403426512676,0.020833333333333332,0.03252603124165832,0.59375,0.04115489747208101,0.5338541666666666,0.029318568357285683,0.059895833333333336,0.05245634655855127,0.589238845144357,0.06935543444474442,0.573490813648294,0.012655709660095719,0.015748031496063002,0.05678033504667702,11.951455510924598,0.4438682287668389,0.18029801542440085,0.03961023932792185,0.250093599231542,0.007402152772958197,-0.0697955838071411,0.03752555629514776,2.1092312259165054,0.18746560372224452,0.58984375,0.02376079113397742,0.5364583333333334,0.009830513587592122,0.053385416666666664,0.014788823817188212,13.92096271034744,0.38222105027173536,0.5247516604581781,0.01710505634403084,0.5111709172937656,0.01301845785237605,0.013580743164412434,0.004232287227065807,-0.00022071188147047664,0.010111172373978367,0.03456672408136483,0.03011338158528207,9.327216482396182,0.33565100520474944,13.92096271034744,0.38222105027173536,5.491854499053452,0.0858981083426412,-0.01740532015810788,0.08502418609736548,-0.017857142857142832,0.07017753644375953,0.008623358408610027,0.0001260075602590025,0.011713779352609144,0.0033457392090507623,316.4954783121745,97.41106766020214,0.011713779352609144,0.0033457392090507623,4931.537127014632,227.41008621959958,24354535.333333332,2230464.2853758796,0.007449782197057033,0.0017051393480804623,2.43162273402369e-05,1.1447070922654827e-06,0.3577469519181851,0.0350771153989952,0.34626197074873266,0.01593956247929251,4931.537127014632,227.41008621959958,0.004263997155552109,0.001655716087602796,1.2870220416516531e-05,5.039058889458385e-07,0.0011411142768338323,3.0482573387998835e-05,0.0019026100802706544,0.0004781446009233127,0.10258769088987092,0.027162290227849977,11657.873374110733,337.25442868306294,628013.6162060377,8040.999287198438,0.8529411764705884,0.10859253880821433,0.12418744878236211,0.7258555065213683,-0.2222953096184501,1.0479721437304943,1.1295337172274731e+17,83065193.79875563,3.388601151682419e+17,3442245422792704.0,21769646112492.46,1.0326736268378112e+16,0.0,0.0,0.0,4779041375928320.0,223047366448227.34,3832507489320960.0,0.0,1878465902417237.2,8407404375020.643,3.557340297084382e+16,1.8576178155946416e+16,1.0672020891253146e+17,1.4852677469359114e+17,1.857617823900999e+16,4.455803240807734e+17,694.6233618184924,27.48132179599261,2083.8700854554772,64.0,0.0,1.0,1.0,1.0,1.0,1.0,0.0,1.0,0.0,1.0
setting_2_medqa_medmcqa_reference_coverage_gamma_v1,SAFE,SAFE-(B_T),constrained_greedy,low_rank,adam,post_projection,adamw,B_T,"bbq,truthfulqa",reference,none,0.5,0.01,0.0,0.0002,0.0,,1,1,42,0.46875,,0.4140625,,0.0546875,,0.53515625,,0.5,,0.03515625,,0.5433070866141733,,0.5826771653543307,,-0.03937007874015741,,9.077723495603546,,0.22978339100520084,,0.24156189185351593,,-0.011778500848315082,,1.216956816988471,,0.58203125,,0.53515625,,0.046875,,11.35338701059421,,0.5390625,,0.5234375,,0.015625,,-0.001424526529490831,,-0.025574289794236246,,7.2160224410620755,,11.35338701059421,,3.959610999799242,,0.11944285541937605,,0.04999999999999999,,0.10454075317382813,,0.014282104843543824,,261.36712646484375,,0.014282104843543824,,0.39910137742908103,,0.1592819094657898,,0.00194767145930415,,0.00531089765823165,,0.9998699532362192,,0.02868666387848509,,0.39910137742908103,,0.012334433384239674,,0.00015348687884397805,,7.716174877714366e-05,,0.0009694301763791502,,0.0054026874625573386,,65.21574752648618,,430.01537280612064,,0.9999999999999998,,,,,,1.2194647633115659e+17,,1.2194647633115659e+17,266932453392384.0,,266932453392384.0,0.0,,0.0,881392506101760.0,,1533002995728384.0,,1874263187226624.0,,3.701730531302605e+16,,3.701730531302605e+16,1.5896378164418266e+17,,1.5896378164418266e+17,109.70101583003998,,109.70101583003998,6.0,,1.0,1.0,1.0,1.0,1.0,0.0,1.0,0.0,1.0
setting_2_medqa_medmcqa_reference_coverage_gamma_v1,SAFE,SAFE-(B_T),constrained_greedy,low_rank,adam,post_projection,adamw,B_T,"bbq,truthfulqa",reference,none,0.5,0.1,0.0,0.0002,0.0,,1,1,42,0.4296875,,0.4140625,,0.015625,,0.5,,0.5,,0.0,,0.5118110236220472,,0.5826771653543307,,-0.07086614173228345,,9.702676845660672,,0.18863146604222883,,0.24156189185351593,,-0.052930425811287096,,1.5153157154515324,,0.54296875,,0.53515625,,0.0078125,,11.94929285099109,,0.5338541666666666,,0.5234375,,0.01041666666666663,,-0.03866135584785685,,-0.06189828377178527,,7.722428470701099,,11.94929285099109,,4.297385122261796,,0.17617604051552566,,0.04999999999999999,,0.10454075317382813,,0.14282104843543825,,261.36712646484375,,0.14282104843543825,,0.8101462235745363,,0.6563369035720825,,0.0065094428627377465,,0.0048209313255520355,,0.9999759701194724,,0.12052160170422671,,0.8101462603608852,,0.1363116055727005,,0.0006434532115235925,,0.00015887338668107986,,9.784857019475665e-05,,0.0011123947654879318,,65.81961112991661,,951.8568888836098,,0.9999999999999998,,,,,,1.2194647633115659e+17,,1.2194647633115659e+17,505434231275520.0,,505434231275520.0,0.0,,0.0,1175190008135680.0,,1533002995728384.0,,1874263187226624.0,,3.75496045929431e+16,,3.75496045929431e+16,1.594960809240997e+17,,1.594960809240997e+17,134.44057244248688,,134.44057244248688,10.0,,1.0,1.0,1.0,1.0,1.0,0.0,1.0,0.0,1.0
setting_2_medqa_medmcqa_reference_coverage_gamma_v1,SAFE,SAFE-(B_T),constrained_greedy,low_rank,adam,post_projection,adamw,B_T,"bbq,truthfulqa",reference,none,0.5,1.0,0.0,0.0002,0.0,,1,1,42,0.484375,,0.4140625,,0.0703125,,0.5625,,0.5,,0.0625,,0.5551181102362205,,0.5826771653543307,,-0.027559055118110187,,11.640869218220548,,0.13731383033288697,,0.24156189185351593,,-0.10424806152062896,,2.2303866330189264,,0.61328125,,0.53515625,,0.078125,,13.707321770489216,,0.5390625,,0.5234375,,0.015625,,-0.017894038879579716,,-0.06590355831936957,,9.192859207242897,,13.707321770489216,,5.378180354249244,,0.18865551506396572,,-0.09999999999999998,,0.10454075317382813,,1.4282104843543824,,261.36712646484375,,1.4282104843543824,,1.5279577245606089,,2.3346548080444336,,0.03431235489118656,,0.0001487021519588124,,0.9936476242529689,,0.9855880611091219,,1.527957490504463,,1.3938981294631958,,0.005315682385116816,,0.0004422110796440393,,9.654973188695525e-06,,0.00030962598614723045,,69.44986103230703,,2829.16408939317,,0.9999999999999999,,,,0.9999999999999998,,1.2194647633115659e+17,,1.2194647633115659e+17,2049003771789312.0,,2049003771789312.0,0.0,,0.0,2644177518305280.0,,2299504493592576.0,,1874263187226624.0,,4.132866314149069e+16,,4.132866314149069e+16,1.632751394726473e+17,,1.632751394726473e+17,319.54170148447156,,319.54170148447156,32.0,,1.0,1.0,1.0,1.0,1.0,0.0,1.0,0.0,1.0
setting_2_medqa_medmcqa_reference_coverage_gamma_v1,SAFE,SAFE-(B_T),constrained_greedy,low_rank,adam,post_projection,adamw,B_T,"bbq,truthfulqa",reference,none,1.0,0.01,0.0,0.0002,0.0,,1,1,42,0.43359375,,0.4140625,,0.01953125,,0.5390625,,0.5,,0.0390625,,0.547244094488189,,0.5826771653543307,,-0.03543307086614167,,9.767626351884656,,0.19320158118341937,,0.24156189185351593,,-0.04836031067009655,,1.5142464082770453,,0.58203125,,0.53515625,,0.046875,,12.015184817214807,,0.5286458333333334,,0.5234375,,0.00520833333333337,,-0.012306127178746074,,-0.04189669076811911,,7.765685859125504,,12.015184817214807,,4.321388113732431,,0.10732217932295474,,0.04999999999999999,,0.20908150634765627,,0.057128419374175295,,261.36712646484375,,0.057128419374175295,,0.8075778863977916,,0.6521820425987244,,0.004785613362736925,,0.021407109514817522,,0.9999605938240664,,0.02092658892307292,,0.8075779233011321,,0.05234280601143837,,0.0004504286334849894,,0.00015414475637953728,,0.00024200927424391578,,0.0026982149702047924,,16.391899085377172,,229.83098595401472,,0.9999999999999998,,,,,,1.2194647633115659e+17,,1.2194647633115659e+17,440509209133056.0,,440509209133056.0,0.0,,0.0,1175190008135680.0,,1533002995728384.0,,1874263187226624.0,,3.748467957080064e+16,,3.748467957080064e+16,1.5943115590195725e+17,,1.5943115590195725e+17,138.96301221475005,,138.96301221475005,10.0,,1.0,1.0,1.0,1.0,1.0,0.0,1.0,0.0,1.0
setting_2_medqa_medmcqa_reference_coverage_gamma_v1,SAFE,SAFE-(B_T),constrained_greedy,low_rank,adam,post_projection,adamw,B_T,"bbq,truthfulqa",reference,none,1.0,0.1,0.0,0.0002,0.0,,1,1,42,0.44921875,,0.4140625,,0.03515625,,0.53515625,,0.5,,0.03515625,,0.5511811023622047,,0.5826771653543307,,-0.03149606299212593,,10.624001225148598,,0.16308079962336394,,0.24156189185351593,,-0.07848109223015198,,1.9017893568287672,,0.578125,,0.53515625,,0.04296875,,12.878738686442375,,0.5416666666666666,,0.5234375,,0.01822916666666663,,-0.02233613507409264,,-0.054988577611138956,,8.46817642280658,,12.878738686442375,,4.862291985867071,,0.10799422233370748,,-0.050000000000000044,,0.20908150634765627,,0.571284193741753,,261.36712646484375,,0.571284193741753,,1.640786662538278,,2.692180871963501,,0.013480980145408994,,0.019311336921069698,,0.9999684580362206,,0.11799150424884067,,1.640786662538278,,0.557803213596344,,0.002546201227232814,,0.0002859964733943343,,2.455689309012491e-05,,0.0005006203156455927,,16.5849092643649,,439.06015563800463,,1.0,,,,0.9999999999999998,,1.2194647633115659e+17,,1.2194647633115659e+17,958080512409600.0,,958080512409600.0,0.0,,0.0,1762785012203520.0,,2299504493592576.0,,1874263187226624.0,,3.935634737600922e+16,,3.935634737600922e+16,1.6130282370716582e+17,,1.6130282370716582e+17,249.30106902122498,,249.30106902122498,18.0,,1.0,1.0,1.0,1.0,1.0,0.0,1.0,0.0,1.0
setting_2_medqa_medmcqa_reference_coverage_gamma_v1,SAFE,SAFE-(B_T),constrained_greedy,low_rank,adam,post_projection,adamw,B_T,"bbq,truthfulqa",reference,none,1.0,1.0,0.0,0.0002,0.0,,1,1,42,0.421875,,0.4140625,,0.0078125,,0.4921875,,0.5,,-0.0078125,,0.5275590551181102,,0.5826771653543307,,-0.055118110236220486,,11.968696771957116,,0.1900952111364154,,0.24156189185351593,,-0.05146668071710053,,2.1268437825422644,,0.5390625,,0.53515625,,0.00390625,,13.699721445639929,,0.5364583333333334,,0.5234375,,0.01302083333333337,,-0.03422618031777367,,-0.05329239547666051,,9.26508733337977,,13.699721445639929,,5.337437779295678,,0.10095640720765708,,-0.09999999999999998,,0.20908150634765627,,5.712841937417529,,261.36712646484375,,5.712841937417529,,3.9985625545239887,,15.988502502441406,,0.9128794168181642,,0.0025613111252970264,,0.8480423335322987,,0.8881575093704519,,3.9985625545239887,,4.799962520599365,,0.019296227023005486,,0.0005670154932886362,,1.8945703173430325e-06,,9.925278862956842e-05,,19.80136471533355,,1015.2155708052725,,0.8725490196078433,,-0.5773502691896257,,0.0,,1.2194647633115659e+17,,1.2194647633115659e+17,3551839303532544.0,,3551839303532544.0,0.0,,0.0,4994557534576640.0,,3832507489320960.0,,1874263187226624.0,,4.671488168523366e+16,,4.671488168523366e+16,1.6866135801639027e+17,,1.6866135801639027e+17,660.9730425719172,,660.9730425719172,62.0,,1.0,1.0,1.0,1.0,1.0,0.0,1.0,0.0,1.0
setting_2_medqa_medmcqa_reference_coverage_gamma_v1,SAFE,SAFE-(B_T),constrained_greedy,low_rank,adam,post_projection,adamw,B_T,"bbq,truthfulqa",reference,none,2.0,0.01,0.0,0.0002,0.0,,1,1,42,0.41796875,,0.4140625,,0.00390625,,0.50390625,,0.5,,0.00390625,,0.515748031496063,,0.5826771653543307,,-0.06692913385826771,,10.592526007824995,,0.17232174537216252,,0.24156189185351593,,-0.0692401464813534,,1.824850723629615,,0.5703125,,0.53515625,,0.03515625,,12.613574236631393,,0.5390625,,0.5234375,,0.015625,,-0.033671010113207035,,-0.06808464016981056,,8.343650322695334,,12.613574236631393,,4.74819042635899,,0.21784270718219234,,-0.09999999999999998,,0.41816301269531253,,0.22851367749670118,,261.36712646484375,,0.22851367749670118,,1.628331657078224,,2.6514639854431152,,0.010771502632885871,,0.08587257495897979,,0.9998440000319291,,0.018074318651980403,,1.628331657078224,,0.2177421748638153,,0.001557577634230256,,0.0002536874089855701,,6.097067034719828e-05,,0.0011101629091292897,,4.1229373684388015,,96.5865874375795,,0.9999999999999998,,,,,,1.2194647633115659e+17,,1.2194647633115659e+17,840450670755840.0,,840450670755840.0,0.0,,0.0,1468987510169600.0,,1533002995728384.0,,1874263187226624.0,,3.817841853445734e+16,,3.817841853445734e+16,1.6012489486561395e+17,,1.6012489486561395e+17,177.50540435127914,,177.50540435127914,16.0,,1.0,1.0,1.0,1.0,1.0,0.0,1.0,0.0,1.0
setting_2_medqa_medmcqa_reference_coverage_gamma_v1,SAFE,SAFE-(B_T),constrained_greedy,low_rank,adam,post_projection,adamw,B_T,"bbq,truthfulqa",reference,none,2.0,0.1,0.0,0.0002,0.0,,1,1,42,0.46875,,0.4140625,,0.0546875,,0.54296875,,0.5,,0.04296875,,0.5551181102362205,,0.5826771653543307,,-0.027559055118110187,,11.794300081848785,,0.17104120353183083,,0.24156189185351593,,-0.0705206883216851,,2.1439171409576376,,0.59375,,0.53515625,,0.05859375,,13.79285159210364,,0.5390625,,0.5234375,,0.015625,,-0.013161997813265094,,-0.04903987171989764,,9.24368960497002,,13.79285159210364,,5.367576187732173,,0.09284270718219234,,-0.050000000000000044,,0.41816301269531253,,2.285136774967012,,261.36712646484375,,2.285136774967012,,3.2896442397222816,,10.821759223937988,,0.02578432936459496,,0.07723704680617124,,0.9999956893380084,,0.11731561215750609,,3.2896442397222816,,2.259352445602417,,0.010193105787038803,,0.00043675373308360577,,4.789385465105789e-06,,0.00019112804881883305,,4.994646107279365,,178.92200256047468,,1.0,,,,0.19999999999999996,,1.2194647633115659e+17,,1.2194647633115659e+17,1981834222632960.0,,1981834222632960.0,0.0,,0.0,2937975020339200.0,,3066005991456768.0,,1874263187226624.0,,4.232179259223245e+16,,4.232179259223245e+16,1.6426826892338906e+17,,1.6426826892338906e+17,433.1110387519002,,433.1110387519002,36.0,,1.0,1.0,1.0,1.0,1.0,0.0,1.0,0.0,1.0
setting_2_medqa_medmcqa_reference_coverage_gamma_v1,SAFE,SAFE-(B_T),constrained_greedy,low_rank,adam,post_projection,adamw,B_T,"bbq,truthfulqa",reference,none,2.0,1.0,0.0,0.0002,0.0,,1,1,42,0.44921875,,0.4140625,,0.03515625,,0.5859375,,0.5,,0.0859375,,0.6377952755905512,,0.5826771653543307,,0.055118110236220486,,11.905448205201958,,0.16382825194347292,,0.24156189185351593,,-0.077733639910043,,2.1651629403935377,,0.58203125,,0.53515625,,0.046875,,14.012510843575,,0.5338541666666666,,0.5234375,,0.01041666666666663,,0.008086490108725827,,-0.01130776483691126,,9.361040663056832,,14.012510843575,,5.414919460521025,,0.08038804472752992,,0.0,,0.41816301269531253,,22.851367749670118,,261.36712646484375,,22.851367749670118,,13.842820801561386,,191.62368774414062,,14.618772305944532,,0.05525851949866087,,0.3618580101167327,,0.36901592661985594,,13.842820801561386,,8.232595443725586,,0.03217163309454918,,0.0005881066317670047,,4.774556215730181e-07,,2.5736167664427642e-05,,4.964610000036907,,266.27077108105703,,0.9509803921568629,,-0.7905694150420948,,0.051298917604257706,,1.2194647633115659e+17,,1.2194647633115659e+17,3476107299471360.0,,3476107299471360.0,0.0,,0.0,4994557534576640.0,,3832507489320960.0,,1874263187226624.0,,4.663914968117248e+16,,4.663914968117248e+16,1.685856260123291e+17,,1.685856260123291e+17,685.8298059552908,,685.8298059552908,64.0,,1.0,1.0,1.0,1.0,1.0,0.0,1.0,0.0,1.0
setting_2_medqa_medmcqa_reference_coverage_gamma_v1,SAFE,SAFE-(B_T),greedy_marginal,low_rank,sgd,none,adamw,B_T,"bbq,truthfulqa",reference,none,0.5,0.01,0.0,0.0002,0.0,,3,3,"42,43,44",0.43359375,0.020669932117692115,0.40625,0.03197403426512676,0.02734375,0.01171875,0.4778645833333333,0.01926907368092284,0.5338541666666666,0.029318568357285683,-0.055989583333333336,0.027713276892959327,0.4540682414698163,0.008195535430969044,0.573490813648294,0.012655709660095719,-0.11942257217847767,0.018605573331703172,11.811484574645837,0.6578743147515006,0.1395190735127587,0.024737652078163547,0.250093599231542,0.007402152772958197,-0.11057452571878329,0.021226714722130724,2.2171848697658114,0.14157839869637792,0.5611979166666666,0.009021097956087902,0.5364583333333334,0.009830513587592122,0.024739583333333332,0.012556836928376244,13.81329315735234,0.4939781240374927,0.5290558696259073,0.025844495846994768,0.5111709172937656,0.01301845785237605,0.01788495233214162,0.013342394802249127,-0.0684191715213092,0.017230465167804736,-0.11499854894863049,0.019914632727077036,9.280654200587996,0.4127468086306879,13.81329315735234,0.4939781240374927,5.526862278633108,0.21494098203025166,0.10760320331784852,0.08184984459161757,-0.03373015873015869,0.09677578093854919,0.002166326395670573,2.2667566578570825e-05,6.328101536554716e-06,5.554390052398671e-07,270.0697275797526,29.068879945477068,6.328101536554716e-06,5.554390052398671e-07,0.027604152816601567,0.0003426980361412538,0.0007620479736942798,1.891977791918478e-05,-0.0003809130601246679,1.0862109183417741e-05,-1.173191575944608e-06,6.800361753203072e-08,63.35158161329987,3.0366748124749243,1.481873977475105,0.030829254726418055,0.027604152816601567,0.0003426980361412538,0.0003872411616612226,1.1346252488217106e-05,3.5198478750923337e-06,2.601493345625105e-08,0.0005936975164028505,2.8731934729419727e-05,1.6998312647090468,0.07325579453393342,95.71548398440211,3.5633626423048836,182094.92961190894,1137.9696031458934,10418809.488743965,66336.99142014656,0.9665032679738563,0.031034999858206843,0.4956537889418961,0.4161221562570061,0.39329170163264243,0.25819888974716115,1.1295337167478958e+17,83065193.79875563,3.388601150243688e+17,3171045597052928.0,73720387799574.92,9513136791158784.0,0.0,0.0,0.0,4779041375928320.0,223047366448227.34,3832507489320960.0,0.0,1878465902417237.2,8407404375020.643,2.4481631754911744e+16,1.858439776185218e+16,7.344489526473523e+16,1.3743500342970133e+17,1.8584397844917224e+16,4.12305010289104e+17,645.3082896092286,10.035285397703847,1935.9248688276857,64.0,0.0,0.0,0.0,0.0,0.0,0.0,0.0,0.0,0.0,1.0
setting_2_medqa_medmcqa_reference_coverage_gamma_v1,SAFE,SAFE-(B_T),greedy_marginal,low_rank,sgd,none,adamw,B_T,"bbq,truthfulqa",reference,none,0.5,0.1,0.0,0.0002,0.0,,3,3,"42,43,44",0.4466145833333333,0.029318568357285683,0.40625,0.03197403426512676,0.040364583333333336,0.00813150781041458,0.5,0.00390625,0.5338541666666666,0.029318568357285683,-0.033854166666666664,0.026009094212810127,0.4645669291338583,0.019685039370078733,0.573490813648294,0.012655709660095719,-0.10892388451443569,0.009092130223458674,11.854300753442425,0.26898512282799736,0.14462991809295597,0.012638102012357459,0.250093599231542,0.007402152772958197,-0.10546368113858602,0.007421591664777082,2.222536691738117,0.1126220503311072,0.57421875,0.010334966058846057,0.5364583333333334,0.009830513587592122,0.037760416666666664,0.004510548978043951,13.953159731295372,0.4868016818312873,0.52486826493579,0.024740587308537686,0.5111709172937656,0.01301845785237605,0.013697347642024368,0.011817966587129258,-0.058875716328785015,0.004210112579957293,-0.10719378282651086,0.004579344899068532,9.343332392158638,0.24575687571067023,13.953159731295372,0.4868016818312873,5.556410412203433,0.40962628422957664,0.09477863320885926,0.08249822574192645,-0.03373015873015869,0.09677578093854919,0.0021547250111897784,3.2711915425996846e-05,6.100279202294145e-05,4.279524640627651e-06,263.1419728597005,24.131482496982734,6.100279202294145e-05,4.279524640627651e-06,0.031142349614244003,0.0006254450064447614,0.0009701067271331946,3.918149819919791e-05,-0.0005131459142927648,8.463463959247853e-06,-1.3467715857421204e-06,6.14174031079343e-08,9.432809424456837,0.44847174137599743,1.5807187401864893,0.038912202222273984,0.031142349614244003,0.0006254450064447614,0.0005741487063157061,1.2658279200915019e-05,3.6685482124691284e-06,6.104945399176366e-08,0.0005888621672056615,3.920947366621212e-05,0.17056372097338943,0.0069992664527120906,9.661009156578261,0.4519904759732229,184858.8944226399,6316.233350335295,10762789.804551538,765666.0319073878,0.9354575163398694,0.05241508147825306,0.2559803858378336,0.43724678078860346,0.4344253084278709,0.20472414878568632,1.1295337167478958e+17,83065193.79875563,3.388601150243688e+17,3392921248907264.0,85045411030437.11,1.0178763746721792e+16,0.0,0.0,0.0,4779041375928320.0,223047366448227.34,3832507489320960.0,0.0,1878465902417237.2,8407404375020.643,2.470350740676608e+16,1.860268818693934e+16,7.411052222029824e+16,1.3765687908155566e+17,1.8602688270004364e+16,4.12970637244667e+17,668.7329278985659,18.801083231710262,2006.1987836956978,64.0,0.0,0.0,0.0,0.0,0.0,1.0,0.0,0.0,0.0,1.0
setting_2_medqa_medmcqa_reference_coverage_gamma_v1,SAFE,SAFE-(B_T),greedy_marginal,low_rank,sgd,none,adamw,B_T,"bbq,truthfulqa",reference,none,0.5,1.0,0.0,0.0002,0.0,,3,3,"42,43,44",0.45703125,0.024394523431243743,0.40625,0.03197403426512676,0.05078125,0.0078125,0.5338541666666666,0.019661027175184243,0.5338541666666666,0.029318568357285683,0.0,0.0333750146301466,0.49868766404199477,0.02981054249763921,0.573490813648294,0.012655709660095719,-0.0748031496062992,0.03499289140675425,11.885576727092007,0.1788174667480895,0.14488004286277698,0.016853270849344786,0.250093599231542,0.007402152772958197,-0.10521355636876502,0.019583752997958476,2.225482348642983,0.06336407650712488,0.5963541666666666,0.005966895436140417,0.5364583333333334,0.009830513587592122,0.059895833333333336,0.01578692142315383,13.808942569626703,0.4616441206380177,0.5240612786152987,0.026266598814459814,0.5111709172937656,0.01301845785237605,0.01289036132153304,0.013876314983783423,-0.040040290880576965,0.02308690333295744,-0.09000835298753211,0.02695795641281515,9.306667215120564,0.12396002025206157,13.808942569626703,0.4616441206380177,5.554516135110455,0.26761131409421884,0.08323084110578904,0.10362613198114375,-0.020634920634920634,0.09283679060640919,0.002169570827484131,1.934391188630749e-05,0.0006303658947445388,5.250690373898789e-05,268.1369374593099,26.724397584889314,0.0006303658947445388,5.250690373898789e-05,1397.7528169795212,10.605137373971322,1953787.9166666667,29710.3549628885,-0.00045555498549367635,1.981497291728732e-05,-2.380526668642753e-06,1.1493876199842108e-07,1.7243493607234752,0.03010212649180282,2.0121470695855272,0.06492457140924632,1397.7528169795212,10.605137373971322,0.0010859208802382152,7.225712106186779e-05,4.73417018535353e-06,7.993258411627007e-08,0.0005848748066152135,2.1038243162516477e-05,0.016258200321231524,0.0009112524110671651,0.9305480953814257,0.050500237793223234,179772.06873206017,5783.6965699748325,10482894.549550248,117057.91439677484,0.9452614379084968,0.04282791641202994,0.37139207093069126,0.3682416251250238,0.5730481123542086,0.3629957253936681,1.1295337167478958e+17,83065193.79875563,3.388601150243688e+17,3662513882464256.0,19531511624811.258,1.0987541647392768e+16,0.0,0.0,0.0,4779041375928320.0,223047366448227.34,3832507489320960.0,0.0,1878465902417237.2,8407404375020.643,2.497310004032307e+16,1.8552427136434972e+16,7.491930012096922e+16,1.3792647171511266e+17,1.8552427219499396e+16,4.13779415145338e+17,679.7533597362539,13.028098266547685,2039.2600792087615,64.0,0.0,0.0,0.0,0.0,0.0,1.0,0.0,1.0,0.0,1.0
setting_2_medqa_medmcqa_reference_coverage_gamma_v1,SAFE,SAFE-(B_T),greedy_marginal,low_rank,sgd,none,adamw,B_T,"bbq,truthfulqa",reference,none,1.0,0.01,0.0,0.0002,0.0,,3,3,"42,43,44",0.4270833333333333,0.04355658511374409,0.40625,0.03197403426512676,0.020833333333333332,0.023545756927116048,0.4869791666666667,0.030341615098257925,0.5338541666666666,0.029318568357285683,-0.046875,0.04736076426946149,0.4540682414698163,0.02561577597892798,0.573490813648294,0.012655709660095719,-0.11942257217847768,0.018184260446917348,11.969479130321915,0.36232352011546626,0.14025263574840832,0.01212694645195166,0.250093599231542,0.007402152772958197,-0.10984096348313364,0.005636329707634739,2.2781269446220627,0.18866642814122273,0.5611979166666666,0.01578692142315383,0.5364583333333334,0.009830513587592122,0.024739583333333332,0.005966895436140417,13.938335926168497,0.2672513296517495,0.53162116813337,0.026623621803145998,0.5111709172937656,0.01301845785237605,0.020450250839604334,0.013747241065653108,-0.06817465077609267,0.009707030573750884,-0.11463176783080566,0.011780691887422165,9.395314000370824,0.17023105707861177,13.938335926168497,0.2672513296517495,5.623169969432074,0.27987192638167746,0.06681734913330155,0.09323732896258141,-0.0829365079365079,0.11700832706120917,0.0043280918757120776,5.098082771484539e-05,2.4994309784806624e-05,1.8542476755733198e-06,267.23113505045575,25.70222983068905,2.4994309784806624e-05,1.8542476755733198e-06,0.029766186030583393,0.0007527316860893894,0.0008864035674681267,4.449293831093583e-05,-0.00041567572203654856,1.2419694804775113e-05,5.74669773382771e-06,2.494703499297259e-07,17.688561528275798,1.2516494079480986,0.38668848829904573,0.012160425189133845,0.029766186030583393,0.0007527316860893894,0.0004406700318213552,1.2965485637485818e-05,3.6203582567395642e-06,3.15475550502777e-08,0.0005834572366438806,2.3432767179561657e-05,0.4146053589405309,0.01551446149354968,23.38746272896596,0.9355395126141911,45591.512960383196,1224.05794389518,2633651.095436379,87353.0508706593,0.9477124183006538,0.012577454508448263,0.1478351373262371,0.48434035482316606,0.27359422722270776,0.2632455994200759,1.1295337167478958e+17,83065193.79875563,3.388601150243688e+17,3213442218426368.0,91243671186519.66,9640326655279104.0,0.0,0.0,0.0,4779041375928320.0,223047366448227.34,3832507489320960.0,0.0,1878465902417237.2,8407404375020.643,2.4524028376285184e+16,1.8599859750659412e+16,7.357208512885555e+16,1.3747740005107477e+17,1.859985983372453e+16,4.124322001532243e+17,650.4718913063407,12.94521982732109,1951.415673919022,64.0,0.0,0.0,1.0,0.0,1.0,1.0,0.0,0.0,0.0,1.0
setting_2_medqa_medmcqa_reference_coverage_gamma_v1,SAFE,SAFE-(B_T),greedy_marginal,low_rank,sgd,none,adamw,B_T,"bbq,truthfulqa",reference,none,1.0,0.1,0.0,0.0002,0.0,,3,3,"42,43,44",0.4544270833333333,0.027713276892959327,0.40625,0.03197403426512676,0.048177083333333336,0.011933790872280834,0.51953125,0.014084184669781208,0.5338541666666666,0.029318568357285683,-0.014322916666666666,0.04302789490067267,0.4908136482939633,0.04546065111729338,0.573490813648294,0.012655709660095719,-0.08267716535433067,0.03877503071573272,11.747699993697573,0.7651174730200793,0.14891658159853546,0.018037364222541916,0.250093599231542,0.007402152772958197,-0.1011770176330065,0.01650531879155803,2.256621784655628,0.05178592421533241,0.5924479166666666,0.0022552744890219755,0.5364583333333334,0.009830513587592122,0.055989583333333336,0.011933790872280834,13.641040897203817,0.5440111546622249,0.5299072580981191,0.023674727696870557,0.5111709172937656,0.01301845785237605,0.018736340804353435,0.010657257133234373,-0.04262153321800128,0.018611520410858017,-0.09192709149366858,0.023367830715808,9.215120891852338,0.40500114523062974,13.641040897203817,0.5440111546622249,5.506366143564054,0.3641750521140135,0.10141690595508057,0.08025623630651094,0.025793650793650813,0.0891533410264324,0.0043280918757120776,5.098082771484539e-05,0.00024994309784806627,1.8542476755733192e-05,267.23113505045575,25.70222983068905,0.00024994309784806627,1.8542476755733192e-05,0.03781247182083689,0.0010876904932403558,0.001430571738940974,8.17490323764858e-05,-0.0006342552529838,2.852538817039668e-05,4.688422583353005e-06,2.6048657417441053e-07,3.542004219023856,0.1008052801981727,0.49972735780517147,0.015883269343923603,0.03781247182083689,0.0010876904932403558,0.0008841983508318663,4.590915200382637e-05,4.678633407214268e-06,3.942263667681054e-08,0.0005943839787505567,2.7559923645256438e-05,0.04188248254494157,0.0013138782361439753,2.3815024675204963,0.0692836348324339,45754.99266205816,1026.9454349053694,2655980.8695300394,87875.35245523303,0.8382352941176472,0.13664078298790544,0.5699109339076959,0.18753856182481088,0.5375373458198413,0.4361933210169046,1.1295337167478958e+17,83065193.79875563,3.388601150243688e+17,3484170970595328.0,92395385450680.78,1.0452512911785984e+16,0.0,0.0,0.0,4779041375928320.0,223047366448227.34,3832507489320960.0,0.0,1878465902417237.2,8407404375020.643,2.4794757128454144e+16,1.8626477973070656e+16,7.438427138536243e+16,1.3774812880324373e+17,1.862647805613533e+16,4.132443864097312e+17,659.6934170524279,17.693034975444853,1979.0802511572838,64.0,0.0,0.0,1.0,0.0,1.0,1.0,0.0,0.0,0.0,1.0
setting_2_medqa_medmcqa_reference_coverage_gamma_v1,SAFE,SAFE-(B_T),greedy_marginal,low_rank,sgd,none,adamw,B_T,"bbq,truthfulqa",reference,none,1.0,1.0,0.0,0.0002,0.0,,3,3,"42,43,44",0.4557291666666667,0.014788823817188212,0.40625,0.03197403426512676,0.049479166666666664,0.034128495890836344,0.55078125,0.030508787796510367,0.5338541666666666,0.029318568357285683,0.016927083333333332,0.052746429949294515,0.520997375328084,0.0461375218667899,0.573490813648294,0.012655709660095719,-0.05249343832020994,0.053741719762318285,12.219901209219652,0.19029441832506686,0.15183863007351803,0.014914127109553362,0.250093599231542,0.007402152772958197,-0.09825496915802394,0.017823805044797768,2.3031631868048086,0.10905848209544447,0.5989583333333334,0.023867581744561668,0.5364583333333334,0.009830513587592122,0.0625,0.02376079113397742,14.22587694062127,0.15235660694823214,0.5272420221963882,0.019295933834336497,0.5111709172937656,0.01301845785237605,0.016071104902622552,0.008839917049705515,-0.029416135826077962,0.027072695601699448,-0.07537420373911695,0.0348983899114606,9.582980445548577,0.10665618448839312,14.22587694062127,0.15235660694823214,5.714312575551479,0.1964169226795357,0.07762495355517963,0.07051067201309309,0.011904761904761937,0.06628290908130978,0.0043280918757120776,5.098082771484539e-05,0.0024994309784806623,0.0001854247675573319,267.23113505045575,25.70222983068905,0.0024994309784806623,0.0001854247675573319,1719.663334061639,92.0381780893707,2962889.3333333335,319114.6371784297,0.0005325226372069969,1.5684019946491223e-05,1.5964874179713252e-06,5.305613788804931e-07,0.7864069958208257,0.011245743912522588,0.8303826151783866,0.052173408049298466,1719.663334061639,92.0381780893707,0.0019669083412736654,0.00017184675292132766,7.770568572595948e-06,3.1046770364311197e-07,0.0005924211776194473,1.87037812159778e-05,0.004219433479649212,0.0001216457288706941,0.23754676059343582,0.010622206094046589,45930.37657363971,1253.7894590517199,2649352.3704268117,26655.102531673823,0.8848039215686275,0.02547133540542464,0.25917468994051285,0.5053544014041547,0.25956310924344655,0.357153901746073,1.1295337167478958e+17,83065193.79875563,3.388601150243688e+17,3689586757681152.0,34497108140540.215,1.1068760273043456e+16,0.0,0.0,0.0,4779041375928320.0,223047366448227.34,3832507489320960.0,0.0,1878465902417237.2,8407404375020.643,2.500017291553997e+16,1.8572587354872836e+16,7.50005187466199e+16,1.3795354459032955e+17,1.8572587437937036e+16,4.138606337709887e+17,685.7061354505519,12.55784594489803,2057.1184063516557,64.0,0.0,1.0,1.0,1.0,1.0,1.0,0.0,1.0,0.0,1.0
setting_2_medqa_medmcqa_reference_coverage_gamma_v1,SAFE,SAFE-(B_T),greedy_marginal,low_rank,sgd,none,adamw,B_T,"bbq,truthfulqa",reference,none,2.0,0.01,0.0,0.0002,0.0,,3,3,"42,43,44",0.421875,0.02376079113397742,0.40625,0.03197403426512676,0.015625,0.010334966058846057,0.4934895833333333,0.009830513587592122,0.5338541666666666,0.029318568357285683,-0.040364583333333336,0.022211877746395808,0.46062992125984253,0.003937007874015741,0.573490813648294,0.012655709660095719,-0.11286089238845141,0.009907919206392042,11.759585811918697,0.405713148132745,0.1521459149522211,0.008515638960363467,0.250093599231542,0.007402152772958197,-0.09794768427932088,0.005564871002481624,2.134209825443001,0.08024582126950112,0.5611979166666666,0.029577647634376425,0.5364583333333334,0.009830513587592122,0.024739583333333332,0.021513947450336336,13.757463366621069,0.6978903573054978,0.5315184311899465,0.017317449812689203,0.5111709172937656,0.01301845785237605,0.020347513896180742,0.0049320572242271205,-0.06202299777814632,0.0028120226330418793,-0.10540428833388615,0.006591132674193093,9.217086334660923,0.37000229005649077,13.757463366621069,0.6978903573054978,5.484812727513596,0.4714926361715463,0.07629640295537993,0.10750303467497375,-0.051190476190476154,0.08045188418510933,0.008656183751424155,0.00010196165542969078,9.99772391392265e-05,7.416990702293279e-06,267.23113505045575,25.70222983068905,9.99772391392265e-05,7.416990702293279e-06,0.04175569934025741,0.0018529669644654172,0.0017458274184415739,0.00015281006515687577,-0.0004777406057232644,2.3550203270134455e-05,3.346375926287712e-05,9.264661884119259e-07,5.794526632356767,0.3909468007360914,0.10693331041129345,0.0036502697568296587,0.04175569934025741,0.0018529669644654172,0.0005777178448624909,2.5924021552524554e-05,4.004464699391974e-06,4.4563536469338937e-08,0.0005904048060377439,2.7327443553559683e-05,0.1056748010508523,0.003722310404761761,5.914083439766716,0.18036759585759174,11608.407116231368,304.1089493002862,662863.4014645327,17441.502257484477,0.9428104575163401,0.06307803315999222,0.17099639201419237,0.5627314338711378,0.47690452631217545,0.24257598639279868,1.1295337167478958e+17,83065193.79875563,3.388601150243688e+17,3290476602359808.0,117922754771686.64,9871429807079424.0,0.0,0.0,0.0,4779041375928320.0,223047366448227.34,3832507489320960.0,0.0,1878465902417237.2,8407404375020.643,2.4601062760218624e+16,1.862975225425952e+16,7.380318828065587e+16,1.3755443443500821e+17,1.8629752337324676e+16,4.1266330330502464e+17,651.6115563573936,28.243377971558967,1954.834669072181,64.0,0.0,0.0,1.0,0.0,1.0,1.0,0.0,0.0,0.0,1.0
setting_2_medqa_medmcqa_reference_coverage_gamma_v1,SAFE,SAFE-(B_T),greedy_marginal,low_rank,sgd,none,adamw,B_T,"bbq,truthfulqa",reference,none,2.0,0.1,0.0,0.0002,0.0,,3,3,"42,43,44",0.4505208333333333,0.013718299157360336,0.40625,0.03197403426512676,0.044270833333333336,0.026009094212810127,0.5598958333333334,0.004510548978043951,0.5338541666666666,0.029318568357285683,0.026041666666666668,0.024808019379241732,0.5236220472440944,0.003937007874015741,0.573490813648294,0.012655709660095719,-0.049868766404199495,0.013826317260961575,11.752916463716764,0.3340264713826602,0.15374289092047078,0.013780016825856506,0.250093599231542,0.007402152772958197,-0.09635070831107122,0.016739113394986575,2.2491624109925903,0.07220959703734002,0.5963541666666666,0.005966895436140417,0.5364583333333334,0.009830513587592122,0.059895833333333336,0.00813150781041458,13.816802390747599,0.31938774035497136,0.5248071957007259,0.022613975338879717,0.5111709172937656,0.01301845785237605,0.01363627840696019,0.009790482620474225,-0.028774547127312453,0.009042887090579951,-0.07310973735763536,0.010420834988704261,9.272960421818984,0.22000829472945205,13.816802390747599,0.31938774035497136,5.554847121013954,0.35637120353927526,0.020983366358314288,0.10400225965730944,0.011904761904761937,0.06628290908130978,0.008656183751424155,0.00010196165542969078,0.000999772391392265,7.416990702293277e-05,267.23113505045575,25.70222983068905,0.000999772391392265,7.416990702293277e-05,0.07151866428580606,0.003311827337278668,0.005122231474767129,0.00047051324603792743,-0.0006879503936956582,3.778816306575606e-05,2.9869407552387405e-05,1.1217647502025002e-06,1.6889436549684858,0.02207637244719774,0.20298070073846045,0.011091531301094387,0.07151866428580606,0.003311827337278668,0.0016877227850879233,0.0001098898677398048,7.598816409881692e-06,2.3939857116725946e-07,0.0005906136551251014,2.68975492247688e-05,0.01046052354178825,0.0003060570209420633,0.5916583543326019,0.019290188132039837,11471.806522695691,334.311783616414,662284.3914377061,20709.004513473483,0.9330065359477125,0.04494949249502918,0.45911675639654187,0.4128975328826078,0.1532977285621965,0.5785755867875058,1.1295337167478958e+17,83065193.79875563,3.388601150243688e+17,3534908365193216.0,91274491741951.55,1.0604725095579648e+16,0.0,0.0,0.0,4779041375928320.0,223047366448227.34,3832507489320960.0,0.0,1878465902417237.2,8407404375020.643,2.484549452305203e+16,1.8621235249705644e+16,7.45364835691561e+16,1.3779886619784162e+17,1.862123533277047e+16,4.1339659859352486e+17,657.464602370436,14.516684920586208,1972.393807111308,64.0,0.0,0.0,1.0,0.0,1.0,1.0,0.0,1.0,0.0,1.0
setting_2_medqa_medmcqa_reference_coverage_gamma_v1,SAFE,SAFE-(B_T),greedy_marginal,low_rank,sgd,none,adamw,B_T,"bbq,truthfulqa",reference,none,2.0,1.0,0.0,0.0002,0.0,,3,3,"42,43,44",0.4322916666666667,0.024808019379241732,0.40625,0.03197403426512676,0.026041666666666668,0.03608439182435161,0.5963541666666666,0.03712650372235222,0.5338541666666666,0.029318568357285683,0.0625,0.04800080362283011,0.6062992125984251,0.041478951782884785,0.573490813648294,0.012655709660095719,0.03280839895013125,0.02954942322624069,11.895414892248384,0.5199732980627735,0.1726638411877237,0.02680970726704499,0.250093599231542,0.007402152772958197,-0.07742975804381828,0.025804670167255007,2.1339502375699477,0.1493488376865719,0.5794270833333334,0.03712650372235222,0.5364583333333334,0.009830513587592122,0.04296875,0.02734375,13.961509454581474,0.32848277336082254,0.5322893489003891,0.02171381471144564,0.5111709172937656,0.01301845785237605,0.021118431606623505,0.012858615758550247,-0.0005508696978956795,0.010596627051212415,-0.02231067954684352,0.015145359571800946,9.330291528133268,0.331394140156139,13.961509454581474,0.32848277336082254,5.52091466248515,0.09942036870265974,-0.0012288495698725883,0.0844652258716175,-0.003968253968253954,0.08935182737458496,0.008656183751424155,0.00010196165542969078,0.00999772391392265,0.0007416990702293276,267.23113505045575,25.70222983068905,0.00999772391392265,0.0007416990702293276,4895.625663539858,226.86789930460603,24001463.333333332,2232681.6917100684,0.006645143399496616,0.000552420376911693,2.4402639839503132e-05,1.1245849321625488e-06,0.3356418252677735,0.0063304734479942065,0.34893662332496206,0.014897804850234432,4895.625663539858,226.86789930460603,0.0033525805144260326,0.00018971669666834713,1.3065584122765964e-05,2.7250141519091083e-07,0.0005782906664535403,2.7146263495616992e-05,0.0010669211935613787,2.1418872708477137e-05,0.057933903538230136,0.0020954753327028634,11634.055113463866,317.7258245181056,630370.1852551686,4215.938997134909,0.9125816993464054,0.043037801277993226,-0.04936326227053336,0.5937970213019056,0.13773425365483072,0.8212599403741835,1.1295337167478958e+17,83065193.79875563,3.388601150243688e+17,3429249334280192.0,33546720069433.14,1.0287748002840576e+16,0.0,0.0,0.0,4779041375928320.0,223047366448227.34,3832507489320960.0,0.0,1878465902417237.2,8407404375020.643,2.473983549213901e+16,1.8569757285422572e+16,7.421950647641702e+16,1.3769320716692859e+17,1.8569757368486444e+16,4.130796215007858e+17,687.4551919288933,8.250775126052911,2062.36557578668,64.0,0.0,1.0,1.0,1.0,1.0,1.0,0.0,1.0,0.0,1.0
setting_2_medqa_medmcqa_reference_coverage_gamma_v1,SAFE,SAFE-(B_T_K),constrained_greedy,low_rank,adam,post_projection,adamw,B_T_K,"bbq,truthfulqa,mmlu_non_medical",reference,none,0.5,0.01,0.0,0.0002,0.0,,1,1,42,0.46875,,0.4140625,,0.0546875,,0.53515625,,0.5,,0.03515625,,0.5433070866141733,,0.5826771653543307,,-0.03937007874015741,,9.077723495603546,,0.22978339100520084,,0.24156189185351593,,-0.011778500848315082,,1.216956816988471,,0.58203125,,0.53515625,,0.046875,,11.35338701059421,,0.5390625,,0.5234375,,0.015625,,-0.001424526529490831,,-0.001424526529490831,,7.2160224410620755,,11.35338701059421,,3.959610999799242,,0.11944285541937605,,0.04999999999999999,,0.10454075317382813,,0.014282104843543824,,261.36712646484375,,0.014282104843543824,,0.39910137742908103,,0.1592819094657898,,0.00194767145930415,,0.00531089765823165,,0.9998699532362192,,0.02868666387848509,,0.39910137742908103,,0.012334433384239674,,0.00015348687884397805,,0.00010600954556139186,,0.0013237651062666066,,0.007422543576223158,,65.21574752648618,,430.01537280612064,,0.9999999999999998,,,,,,1.2194647633115659e+17,,1.2194647633115659e+17,266932453392384.0,,266932453392384.0,0.0,,0.0,881392506101760.0,,1533002995728384.0,,1874263187226624.0,,3.701730531302605e+16,,3.701730531302605e+16,1.5896378164418266e+17,,1.5896378164418266e+17,108.28747086971998,,108.28747086971998,6.0,,1.0,1.0,1.0,1.0,1.0,0.0,1.0,0.0,1.0
setting_2_medqa_medmcqa_reference_coverage_gamma_v1,SAFE,SAFE-(B_T_K),constrained_greedy,low_rank,adam,post_projection,adamw,B_T_K,"bbq,truthfulqa,mmlu_non_medical",reference,none,0.5,0.1,0.0,0.0002,0.0,,1,1,42,0.4296875,,0.4140625,,0.015625,,0.5,,0.5,,0.0,,0.5118110236220472,,0.5826771653543307,,-0.07086614173228345,,9.702676845660672,,0.18863146604222883,,0.24156189185351593,,-0.052930425811287096,,1.5153157154515324,,0.54296875,,0.53515625,,0.0078125,,11.94929285099109,,0.5338541666666666,,0.5234375,,0.01041666666666663,,-0.03866135584785685,,-0.03866135584785685,,7.722428470701099,,11.94929285099109,,4.297385122261796,,0.17617604051552566,,0.04999999999999999,,0.10454075317382813,,0.14282104843543825,,261.36712646484375,,0.14282104843543825,,0.8101462235745363,,0.6563369035720825,,0.0065094428627377465,,0.0048209313255520355,,0.9999759701194724,,0.12052160170422671,,0.8101462603608852,,0.1363116055727005,,0.0006434532115235925,,0.0002200061862822622,,0.00013348567591364992,,0.0015404325111204825,,65.81961112991661,,951.8568888836098,,0.9999999999999998,,,,,,1.2194647633115659e+17,,1.2194647633115659e+17,505434231275520.0,,505434231275520.0,0.0,,0.0,1175190008135680.0,,1533002995728384.0,,1874263187226624.0,,3.75496045929431e+16,,3.75496045929431e+16,1.594960809240997e+17,,1.594960809240997e+17,140.23302526772022,,140.23302526772022,10.0,,1.0,1.0,1.0,1.0,1.0,0.0,1.0,0.0,1.0
setting_2_medqa_medmcqa_reference_coverage_gamma_v1,SAFE,SAFE-(B_T_K),constrained_greedy,low_rank,adam,post_projection,adamw,B_T_K,"bbq,truthfulqa,mmlu_non_medical",reference,none,0.5,1.0,0.0,0.0002,0.0,,1,1,42,0.484375,,0.4140625,,0.0703125,,0.5625,,0.5,,0.0625,,0.5551181102362205,,0.5826771653543307,,-0.027559055118110187,,11.640869218220548,,0.13731383033288697,,0.24156189185351593,,-0.10424806152062896,,2.2303866330189264,,0.61328125,,0.53515625,,0.078125,,13.707321770489216,,0.5390625,,0.5234375,,0.015625,,-0.017894038879579716,,-0.017894038879579716,,9.192859207242897,,13.707321770489216,,5.378180354249244,,0.18865551506396572,,-0.09999999999999998,,0.10454075317382813,,1.4282104843543824,,261.36712646484375,,1.4282104843543824,,1.5279577245606089,,2.3346548080444336,,0.03431235489118656,,0.0001487021519588124,,0.9936476242529689,,0.9855880611091219,,1.527957490504463,,1.3938981294631958,,0.005315682385116816,,0.0006085069617256522,,1.3147177318301909e-05,,0.0004260625225704919,,69.44986103230703,,2829.16408939317,,0.9999999999999999,,,,0.9999999999999998,,1.2194647633115659e+17,,1.2194647633115659e+17,2049003771789312.0,,2049003771789312.0,0.0,,0.0,2644177518305280.0,,2299504493592576.0,,1874263187226624.0,,4.132866314149069e+16,,4.132866314149069e+16,1.632751394726473e+17,,1.632751394726473e+17,332.78624406829476,,332.78624406829476,32.0,,1.0,1.0,1.0,1.0,1.0,0.0,1.0,0.0,1.0
setting_2_medqa_medmcqa_reference_coverage_gamma_v1,SAFE,SAFE-(B_T_K),constrained_greedy,low_rank,adam,post_projection,adamw,B_T_K,"bbq,truthfulqa,mmlu_non_medical",reference,none,1.0,0.01,0.0,0.0002,0.0,,1,1,42,0.43359375,,0.4140625,,0.01953125,,0.5390625,,0.5,,0.0390625,,0.547244094488189,,0.5826771653543307,,-0.03543307086614167,,9.767626351884656,,0.19320158118341937,,0.24156189185351593,,-0.04836031067009655,,1.5142464082770453,,0.58203125,,0.53515625,,0.046875,,12.015184817214807,,0.5286458333333334,,0.5234375,,0.00520833333333337,,-0.012306127178746074,,-0.012306127178746074,,7.765685859125504,,12.015184817214807,,4.321388113732431,,0.10732217932295474,,0.04999999999999999,,0.20908150634765627,,0.057128419374175295,,261.36712646484375,,0.057128419374175295,,0.8075778863977916,,0.6521820425987244,,0.004785613362736925,,0.021407109514817522,,0.9999605938240664,,0.02092658892307292,,0.8075779233011321,,0.05234280601143837,,0.0004504286334849894,,0.00021330801246222109,,0.00033096534787834106,,0.003733833612043645,,16.391899085377172,,229.83098595401472,,0.9999999999999998,,,,,,1.2194647633115659e+17,,1.2194647633115659e+17,440509209133056.0,,440509209133056.0,0.0,,0.0,1175190008135680.0,,1533002995728384.0,,1874263187226624.0,,3.748467957080064e+16,,3.748467957080064e+16,1.5943115590195725e+17,,1.5943115590195725e+17,138.319854458794,,138.319854458794,10.0,,1.0,1.0,1.0,1.0,1.0,0.0,1.0,0.0,1.0
setting_2_medqa_medmcqa_reference_coverage_gamma_v1,SAFE,SAFE-(B_T_K),constrained_greedy,low_rank,adam,post_projection,adamw,B_T_K,"bbq,truthfulqa,mmlu_non_medical",reference,none,1.0,0.1,0.0,0.0002,0.0,,1,1,42,0.44921875,,0.4140625,,0.03515625,,0.53515625,,0.5,,0.03515625,,0.5511811023622047,,0.5826771653543307,,-0.03149606299212593,,10.624001225148598,,0.16308079962336394,,0.24156189185351593,,-0.07848109223015198,,1.9017893568287672,,0.578125,,0.53515625,,0.04296875,,12.878738686442375,,0.5416666666666666,,0.5234375,,0.01822916666666663,,-0.02233613507409264,,-0.02233613507409264,,8.46817642280658,,12.878738686442375,,4.862291985867071,,0.10799422233370748,,-0.050000000000000044,,0.20908150634765627,,0.571284193741753,,261.36712646484375,,0.571284193741753,,1.640786662538278,,2.692180871963501,,0.013480980145408994,,0.019311336921069698,,0.9999684580362206,,0.11799150424884067,,1.640786662538278,,0.557803213596344,,0.002546201227232814,,0.0003946158685721457,,3.351098482567215e-05,,0.0006907522961339456,,16.5849092643649,,439.06015563800463,,1.0,,,,0.9999999999999998,,1.2194647633115659e+17,,1.2194647633115659e+17,958080512409600.0,,958080512409600.0,0.0,,0.0,1762785012203520.0,,2299504493592576.0,,1874263187226624.0,,3.935634737600922e+16,,3.935634737600922e+16,1.6130282370716582e+17,,1.6130282370716582e+17,241.74939646199346,,241.74939646199346,18.0,,1.0,1.0,1.0,1.0,1.0,0.0,1.0,0.0,1.0
setting_2_medqa_medmcqa_reference_coverage_gamma_v1,SAFE,SAFE-(B_T_K),constrained_greedy,low_rank,adam,post_projection,adamw,B_T_K,"bbq,truthfulqa,mmlu_non_medical",reference,none,1.0,1.0,0.0,0.0002,0.0,,1,1,42,0.421875,,0.4140625,,0.0078125,,0.4921875,,0.5,,-0.0078125,,0.5275590551181102,,0.5826771653543307,,-0.055118110236220486,,11.968696771957116,,0.1900952111364154,,0.24156189185351593,,-0.05146668071710053,,2.1268437825422644,,0.5390625,,0.53515625,,0.00390625,,13.699721445639929,,0.5364583333333334,,0.5234375,,0.01302083333333337,,-0.03422618031777367,,-0.03422618031777367,,9.26508733337977,,13.699721445639929,,5.337437779295678,,0.10095640720765708,,-0.09999999999999998,,0.20908150634765627,,5.712841937417529,,261.36712646484375,,5.712841937417529,,3.9985625545239887,,15.988502502441406,,0.9128794168181642,,0.0025613111252970264,,0.8480423335322987,,0.8881575093704519,,3.9985625545239887,,4.799962520599365,,0.019296227023005486,,0.0007814497803337872,,2.629701967468372e-06,,0.0001367882726135845,,19.80136471533355,,1015.2155708052725,,0.8725490196078433,,-0.5773502691896257,,0.0,,1.2194647633115659e+17,,1.2194647633115659e+17,3551839303532544.0,,3551839303532544.0,0.0,,0.0,4994557534576640.0,,3832507489320960.0,,1874263187226624.0,,4.671488168523366e+16,,4.671488168523366e+16,1.6866135801639027e+17,,1.6866135801639027e+17,647.2913043182343,,647.2913043182343,62.0,,1.0,1.0,1.0,1.0,1.0,0.0,1.0,0.0,1.0
setting_2_medqa_medmcqa_reference_coverage_gamma_v1,SAFE,SAFE-(B_T_K),constrained_greedy,low_rank,adam,post_projection,adamw,B_T_K,"bbq,truthfulqa,mmlu_non_medical",reference,none,2.0,0.01,0.0,0.0002,0.0,,1,1,42,0.41796875,,0.4140625,,0.00390625,,0.50390625,,0.5,,0.00390625,,0.515748031496063,,0.5826771653543307,,-0.06692913385826771,,10.592526007824995,,0.17232174537216252,,0.24156189185351593,,-0.0692401464813534,,1.824850723629615,,0.5703125,,0.53515625,,0.03515625,,12.613574236631393,,0.5390625,,0.5234375,,0.015625,,-0.033671010113207035,,-0.033671010113207035,,8.343650322695334,,12.613574236631393,,4.74819042635899,,0.21784270718219234,,-0.09999999999999998,,0.41816301269531253,,0.22851367749670118,,261.36712646484375,,0.22851367749670118,,1.628331657078224,,2.6514639854431152,,0.010771502632885871,,0.08587257495897979,,0.9998440000319291,,0.018074318651980403,,1.628331657078224,,0.2177421748638153,,0.001557577634230256,,0.00035175582161173224,,8.330529341488067e-05,,0.001539320645771018,,4.1229373684388015,,96.5865874375795,,0.9999999999999998,,,,,,1.2194647633115659e+17,,1.2194647633115659e+17,840450670755840.0,,840450670755840.0,0.0,,0.0,1468987510169600.0,,1533002995728384.0,,1874263187226624.0,,3.817841853445734e+16,,3.817841853445734e+16,1.6012489486561395e+17,,1.6012489486561395e+17,165.78562653809786,,165.78562653809786,16.0,,1.0,1.0,1.0,1.0,1.0,0.0,1.0,0.0,1.0
setting_2_medqa_medmcqa_reference_coverage_gamma_v1,SAFE,SAFE-(B_T_K),constrained_greedy,low_rank,adam,post_projection,adamw,B_T_K,"bbq,truthfulqa,mmlu_non_medical",reference,none,2.0,0.1,0.0,0.0002,0.0,,1,1,42,0.46875,,0.4140625,,0.0546875,,0.54296875,,0.5,,0.04296875,,0.5551181102362205,,0.5826771653543307,,-0.027559055118110187,,11.794300081848785,,0.17104120353183083,,0.24156189185351593,,-0.0705206883216851,,2.1439171409576376,,0.59375,,0.53515625,,0.05859375,,13.79285159210364,,0.5390625,,0.5234375,,0.015625,,-0.013161997813265094,,-0.013161997813265094,,9.24368960497002,,13.79285159210364,,5.367576187732173,,0.09284270718219234,,-0.050000000000000044,,0.41816301269531253,,2.285136774967012,,261.36712646484375,,2.285136774967012,,3.2896442397222816,,10.821759223937988,,0.02578432936459496,,0.07723704680617124,,0.9999956893380084,,0.11731561215750609,,3.2896442397222816,,2.259352445602417,,0.010193105787038803,,0.0005992670776322484,,6.6507310838464204e-06,,0.000262245605688482,,4.994646107279365,,178.92200256047468,,1.0,,,,0.19999999999999996,,1.2194647633115659e+17,,1.2194647633115659e+17,1981834222632960.0,,1981834222632960.0,0.0,,0.0,2937975020339200.0,,3066005991456768.0,,1874263187226624.0,,4.232179259223245e+16,,4.232179259223245e+16,1.6426826892338906e+17,,1.6426826892338906e+17,440.6141044907272,,440.6141044907272,36.0,,1.0,1.0,1.0,1.0,1.0,0.0,1.0,0.0,1.0
setting_2_medqa_medmcqa_reference_coverage_gamma_v1,SAFE,SAFE-(B_T_K),constrained_greedy,low_rank,adam,post_projection,adamw,B_T_K,"bbq,truthfulqa,mmlu_non_medical",reference,none,2.0,1.0,0.0,0.0002,0.0,,1,1,42,0.44921875,,0.4140625,,0.03515625,,0.5859375,,0.5,,0.0859375,,0.6377952755905512,,0.5826771653543307,,0.055118110236220486,,11.905448205201958,,0.16382825194347292,,0.24156189185351593,,-0.077733639910043,,2.1651629403935377,,0.58203125,,0.53515625,,0.046875,,14.012510843575,,0.5338541666666666,,0.5234375,,0.01041666666666663,,0.008086490108725827,,0.008086490108725827,,9.361040663056832,,14.012510843575,,5.414919460521025,,0.08038804472752992,,0.0,,0.41816301269531253,,22.851367749670118,,261.36712646484375,,22.851367749670118,,13.842820801561386,,191.62368774414062,,14.618772305944532,,0.05525851949866087,,0.3618580101167327,,0.36901592661985594,,13.842820801561386,,8.232595443725586,,0.03217163309454918,,0.0008122524595819414,,6.617176519120869e-07,,3.554502594680211e-05,,4.964610000036907,,266.27077108105703,,0.9509803921568629,,-0.7905694150420948,,0.051298917604257706,,1.2194647633115659e+17,,1.2194647633115659e+17,3476107299471360.0,,3476107299471360.0,0.0,,0.0,4994557534576640.0,,3832507489320960.0,,1874263187226624.0,,4.663914968117248e+16,,4.663914968117248e+16,1.685856260123291e+17,,1.685856260123291e+17,656.7936251424253,,656.7936251424253,64.0,,1.0,1.0,1.0,1.0,1.0,0.0,1.0,0.0,1.0
setting_2_medqa_medmcqa_reference_coverage_gamma_v1,SAFE,SAFE-(B_T_K),greedy_marginal,low_rank,sgd,none,adamw,B_T_K,"bbq,truthfulqa,mmlu_non_medical",reference,none,0.5,0.01,0.0,0.0002,0.0,,3,3,"42,43,44",0.4166666666666667,0.028258508351836856,0.40625,0.03197403426512676,0.010416666666666666,0.023867581744561668,0.4505208333333333,0.05417355224665292,0.5338541666666666,0.029318568357285683,-0.08333333333333333,0.027436598314720673,0.41863517060367456,0.052427780460467664,0.573490813648294,0.012655709660095719,-0.15485564304461943,0.06179137725455932,12.141139067168416,0.4004949607675065,0.14500601756588705,0.024666726895456636,0.250093599231542,0.007402152772958197,-0.10508758166565495,0.02284903837360723,2.2317723481651064,0.11416317627494313,0.5416666666666666,0.03629520798116238,0.5364583333333334,0.009830513587592122,0.005208333333333333,0.03544442080420885,14.099884870979523,0.27457954058017947,0.5315684324399776,0.027421643347379725,0.5111709172937656,0.01301845785237605,0.020397515146211964,0.01585989826887379,-0.08491163045898033,0.03497677643635364,-0.08491163045898033,0.03497677643635364,9.49093209543768,0.2628520148463162,14.099884870979523,0.27457954058017947,5.635520435289081,0.09885505167059538,0.12722812815835424,0.10713478797003897,-0.05317460317460313,0.12014572909891764,0.0021615633328755696,2.8268136140651616e-05,6.765846831723737e-06,2.7131412156290376e-06,291.05409240722656,122.97806880877879,6.765846831723737e-06,2.7131412156290376e-06,0.03193792319362455,0.0055703352370796025,0.0010407166943574946,0.0003684668428226175,-0.0005330786013808105,0.0001990216652789315,-1.0473089023415362e-06,9.660934091476662e-08,81.56307591460889,18.36533941300799,1.4483399510248252,0.04141045867514833,0.03193792319362455,0.0055703352370796025,0.0005398444482125342,0.00020146176517095177,3.3837532858645622e-06,1.2287710233705108e-07,0.0008370599631840984,3.943711156300938e-05,2.3950358921778245,0.8148058436477906,135.9897602114618,47.98392215566545,185889.31211441287,4651.728302098949,10894943.081090746,455320.6364074554,0.9673202614379086,0.020555139910799276,0.3682979868962781,0.5906246869638713,0.29069386642412703,0.34156502553198664,1.1295337172274731e+17,83065193.79875563,3.388601151682419e+17,3203993036800000.0,51462649807907.14,9611979110400000.0,0.0,0.0,0.0,4779041375928320.0,223047366448227.34,3832507489320960.0,0.0,1878465902417237.2,8407404375020.643,3.5335150584851116e+16,1.861002210594828e+16,1.0600545175455334e+17,1.4828852230759843e+17,1.8610022189011188e+16,4.4486556692279526e+17,669.278546664243,33.49446977293551,2007.8356399927288,64.0,0.0,0.0,0.0,0.0,0.0,0.0,0.0,0.0,0.0,1.0
setting_2_medqa_medmcqa_reference_coverage_gamma_v1,SAFE,SAFE-(B_T_K),greedy_marginal,low_rank,sgd,none,adamw,B_T_K,"bbq,truthfulqa,mmlu_non_medical",reference,none,0.5,0.1,0.0,0.0002,0.0,,3,3,"42,43,44",0.4518229166666667,0.022211877746395808,0.40625,0.03197403426512676,0.045572916666666664,0.01578692142315383,0.5091145833333334,0.01626301562082916,0.5338541666666666,0.029318568357285683,-0.024739583333333332,0.021513947450336336,0.47900262467191607,0.01265570966009574,0.573490813648294,0.012655709660095719,-0.09448818897637794,0.02192033213712606,11.731733955423351,0.15932816184812057,0.14585338745255286,0.014586366176320744,0.250093599231542,0.007402152772958197,-0.10424021177898912,0.009530178296772366,2.1979408344335227,0.09832093520533028,0.5833333333333334,0.005966895436140417,0.5364583333333334,0.009830513587592122,0.046875,0.014084184669781208,13.828799785011343,0.29510780710478335,0.5332434743160245,0.028792281414355404,0.5111709172937656,0.01301845785237605,0.02207255702225887,0.017932954639652037,-0.050617800251789025,0.01509196389058812,-0.050617800251789025,0.01509196389058812,9.252824858289406,0.09366610951627238,13.828799785011343,0.29510780710478335,5.499031762491824,0.3138265604723479,0.06700085543108149,0.09143456664841802,-0.03373015873015869,0.09677578093854919,0.002146929200490316,4.2683980089604605e-05,5.460255537827589e-05,1.2489062767455704e-05,236.28320821126303,50.61479866950636,5.460255537827589e-05,1.2489062767455704e-05,0.03077459558054285,0.0010926213523259481,0.0009478716140923401,6.724478138425563e-05,-0.0005015319664277159,2.1127091235690016e-05,-1.3049389428289867e-06,1.0603273308165004e-07,10.480820544268314,1.9526592908454845,1.5662307541734706,0.04390651008605153,0.03077459558054285,0.0010926213523259481,0.0005561345218059918,3.35994857434579e-05,3.6101987461734097e-06,1.6197055586116105e-07,0.0008247854614940783,5.060639314146835e-05,0.28101220538236243,0.07885164569144208,15.773215207601117,4.562780661412906,187730.19026377457,9414.100363411395,10847834.104960172,868148.0532794577,0.9305555555555557,0.04447927316606602,0.2559803858378336,0.43724678078860346,0.4344253084278709,0.20472414878568632,1.1295337172274731e+17,83065193.79875563,3.388601151682419e+17,3386464769966080.0,83738434600769.47,1.015939430989824e+16,0.0,0.0,0.0,4779041375928320.0,223047366448227.34,3832507489320960.0,0.0,1878465902417237.2,8407404375020.643,3.5517622318017196e+16,1.8633562695442748e+16,1.0655286695405158e+17,1.484709940407645e+17,1.8633562778506948e+16,4.454129821222935e+17,658.4551023797443,12.445712800956988,1975.3653071392328,64.0,0.0,0.0,0.0,0.0,0.0,1.0,0.0,0.0,0.0,1.0
setting_2_medqa_medmcqa_reference_coverage_gamma_v1,SAFE,SAFE-(B_T_K),greedy_marginal,low_rank,sgd,none,adamw,B_T_K,"bbq,truthfulqa,mmlu_non_medical",reference,none,0.5,1.0,0.0,0.0002,0.0,,3,3,"42,43,44",0.4635416666666667,0.013718299157360336,0.40625,0.03197403426512676,0.057291666666666664,0.018460217290049253,0.5299479166666666,0.013718299157360336,0.5338541666666666,0.029318568357285683,-0.00390625,0.0333750146301466,0.4908136482939633,0.027652634521923177,0.573490813648294,0.012655709660095719,-0.08267716535433069,0.02755905511811022,11.93737145421386,0.1828662289545223,0.1472277438945546,0.01998823547242174,0.250093599231542,0.007402152772958197,-0.1028658553369874,0.021583112905816083,2.232701436258595,0.05119281405485295,0.5950520833333334,0.004510548978043951,0.5364583333333334,0.009830513587592122,0.05859375,0.014084184669781208,13.753581816123592,0.3669005516127705,0.5307614461194863,0.027294639712360264,0.5111709172937656,0.01301845785237605,0.019590528825720637,0.014820169925542285,-0.042316423563772694,0.020783714074958735,-0.042316423563772694,0.020783714074958735,9.307884902198682,0.1259948835876791,13.753581816123592,0.3669005516127705,5.571067679379381,0.2960257416936779,0.08238358862454964,0.10440208013428388,-0.020634920634920634,0.09283679060640919,0.0021524540901184082,4.2779108674074674e-05,0.000551533703907132,0.0001323193331301837,237.1890106201172,51.95714361279195,0.000551533703907132,0.0001323193331301837,946.084966197881,788.2655046736268,1309318.4338378906,1133053.906103479,-0.0004830092725057901,5.774886724921102e-05,-2.3053544632568006e-06,1.6932423421013634e-07,1.9290240907219607,0.34945270059708233,1.9951357336857694,0.06658673828596824,946.084966197881,788.2655046736268,0.0010345429764129221,9.658644699600884e-05,4.622493785670183e-06,2.2309939303112288e-07,0.0008172103165027996,1.935374782510598e-05,0.026973336063991882,0.007700333903310289,1.5490939376407902,0.42891940516599886,180717.40616970308,7282.060023652828,10662586.956969868,268185.2491908461,0.9387254901960785,0.03214430649167647,0.37139207093069126,0.3682416251250238,0.5002695461948448,0.31921497976121593,1.1295337172274731e+17,83065193.79875563,3.388601151682419e+17,3666393311870976.0,22030087533871.31,1.0999179935612928e+16,0.0,0.0,0.0,4779041375928320.0,223047366448227.34,3832507489320960.0,0.0,1878465902417237.2,8407404375020.643,3.5797550859922092e+16,1.8581259815894212e+16,1.0739265257976627e+17,1.487509225826694e+17,1.8581259898957388e+16,4.462527677480082e+17,682.3567435437193,28.38238067042908,2047.0702306311578,64.0,0.0,0.0,0.0,0.0,0.0,1.0,0.0,0.0,0.0,1.0
setting_2_medqa_medmcqa_reference_coverage_gamma_v1,SAFE,SAFE-(B_T_K),greedy_marginal,low_rank,sgd,none,adamw,B_T_K,"bbq,truthfulqa,mmlu_non_medical",reference,none,1.0,0.01,0.0,0.0002,0.0,,3,3,"42,43,44",0.4270833333333333,0.04355658511374409,0.40625,0.03197403426512676,0.020833333333333332,0.023545756927116048,0.50390625,0.0078125,0.5338541666666666,0.029318568357285683,-0.029947916666666668,0.022888536238602795,0.46719160104986873,0.013826317260961604,0.573490813648294,0.012655709660095719,-0.10629921259842519,0.020832687488697557,12.227797543282897,0.11487563478309123,0.15324867642652343,0.028162556946165974,0.250093599231542,0.007402152772958197,-0.09684492280501855,0.022228585963114306,2.2299319178789037,0.18334010499218104,0.5611979166666666,0.01578692142315383,0.5364583333333334,0.009830513587592122,0.024739583333333332,0.005966895436140417,13.907620530161594,0.28100238255448856,0.5274335634432528,0.026176388232282966,0.5111709172937656,0.01301845785237605,0.01626264614948708,0.01352253083918847,-0.05946818402337014,0.013227916652869294,-0.05946818402337014,0.013227916652869294,9.455116663774465,0.12567036372158646,13.907620530161594,0.28100238255448856,5.620831578220777,0.27711893644079444,0.06840732294549758,0.09202211203996599,-0.0829365079365079,0.11700832706120917,0.004293858400980632,8.536796017920921e-05,2.1841022151310354e-05,4.995625106982282e-06,236.28320821126303,50.61479866950636,2.1841022151310354e-05,4.995625106982282e-06,0.029411258891602888,0.0006507807884728266,0.0008653044933453202,3.8471432535018136e-05,-0.00041851994639314805,1.7279256004443645e-05,5.680317676967418e-06,2.888544653535238e-07,21.052948601861523,5.8931790225835305,0.38409172341491726,0.012721258280933194,0.029411258891602888,0.0006507807884728266,0.00044036096854445833,1.243101499737565e-05,3.540721536410274e-06,1.4981547876400057e-07,0.0008062020254631838,1.7444257834600984e-05,0.691945771985745,0.1825002458764647,38.37496665239204,9.754050773984188,46374.067525310624,1963.6435853920796,2651199.827450645,109089.16234357157,0.8741830065359478,0.1394332852496102,0.28278590672541426,0.4567283963310966,0.2564945880212885,0.27144835701531844,1.1295337172274731e+17,83065193.79875563,3.388601151682419e+17,3226826249879552.0,100598550585471.23,9680478749638656.0,0.0,0.0,0.0,4779041375928320.0,223047366448227.34,3832507489320960.0,0.0,1878465902417237.2,8407404375020.643,3.5357983797930668e+16,1.8659825949193936e+16,1.06073951393792e+17,1.4831135552067798e+17,1.8659826032257132e+16,4.449340665620339e+17,674.406340935578,16.28996171910939,2023.2190228067338,64.0,0.0,0.0,1.0,0.0,1.0,1.0,0.0,0.0,0.0,1.0
setting_2_medqa_medmcqa_reference_coverage_gamma_v1,SAFE,SAFE-(B_T_K),greedy_marginal,low_rank,sgd,none,adamw,B_T_K,"bbq,truthfulqa,mmlu_non_medical",reference,none,1.0,0.1,0.0,0.0002,0.0,,3,3,"42,43,44",0.4518229166666667,0.03133127451957282,0.40625,0.03197403426512676,0.045572916666666664,0.009021097956087902,0.5208333333333334,0.013718299157360336,0.5338541666666666,0.029318568357285683,-0.013020833333333334,0.042132004394175616,0.49606299212598426,0.04166537497739515,0.573490813648294,0.012655709660095719,-0.07742782152230969,0.03741883839733139,11.459798564226714,0.7234450162528623,0.14790791986585938,0.016317766216401308,0.250093599231542,0.007402152772958197,-0.10218567936568258,0.015086682222543706,2.204317574399083,0.14156592738866616,0.5807291666666666,0.01926907368092284,0.5364583333333334,0.009830513587592122,0.044270833333333336,0.013718299157360336,13.461668625473976,0.3266866591152089,0.5265571743460253,0.023800479715961567,0.5111709172937656,0.01301845785237605,0.015386257052259655,0.011555784054762411,-0.04511422251821964,0.01814033172654172,-0.04511422251821964,0.01814033172654172,9.041928254699924,0.33142963523826213,13.461668625473976,0.3266866591152089,5.392794996440081,0.18157480747497898,0.10141690595508057,0.08025623630651094,0.025793650793650813,0.0891533410264324,0.004293858400980632,8.536796017920921e-05,0.00021841022151310356,4.995625106982282e-05,236.28320821126303,50.61479866950636,0.00021841022151310356,4.995625106982282e-05,0.03591854342556378,0.0031577118785712645,0.0012967891913528244,0.00022384288938246476,-0.0005659958483082641,9.798638347381293e-05,4.823005688456063e-06,3.1325765876300184e-07,3.6159094961027223,0.1678830387470133,0.4763989386351972,0.04054150145534139,0.03591854342556378,0.0031577118785712645,0.0007844060698213676,0.0001475283495039469,4.39803352492163e-06,4.794577888281803e-07,0.0008245147570657233,2.533413748945271e-05,0.07002393686889825,0.01881583503374779,3.9220787011584086,0.9865379971624839,46744.68112964954,1869.4076902861234,2696985.3437793558,83879.33419479616,0.8210784313725492,0.12149052677836988,0.5699109339076959,0.18753856182481088,0.4274909800354809,0.3298058971949432,1.1295337172274731e+17,83065193.79875563,3.388601151682419e+17,3488105820422144.0,91092219029551.78,1.0464317461266432e+16,0.0,0.0,0.0,4779041375928320.0,223047366448227.34,3832507489320960.0,0.0,1878465902417237.2,8407404375020.643,3.561926336847326e+16,1.8629782899593964e+16,1.0685779010541978e+17,1.4857263509122058e+17,1.8629782982658536e+16,4.457179052736617e+17,662.6054460884383,21.541861525178724,1987.8163382653147,64.0,0.0,0.0,1.0,0.0,1.0,1.0,0.0,0.0,0.0,1.0
setting_2_medqa_medmcqa_reference_coverage_gamma_v1,SAFE,SAFE-(B_T_K),greedy_marginal,low_rank,sgd,none,adamw,B_T_K,"bbq,truthfulqa,mmlu_non_medical",reference,none,1.0,1.0,0.0,0.0002,0.0,,3,3,"42,43,44",0.45703125,0.014084184669781208,0.40625,0.03197403426512676,0.05078125,0.0358013726168425,0.5520833333333334,0.03157384284630766,0.5338541666666666,0.029318568357285683,0.018229166666666668,0.052746429949294515,0.5249343832020997,0.050775701108013396,0.573490813648294,0.012655709660095719,-0.0485564304461942,0.059229837776360914,12.135188467337807,0.3335758390779981,0.15213475562717715,0.015287120875318683,0.250093599231542,0.007402152772958197,-0.09795884360436484,0.018021281253526887,2.2891499251363494,0.1330880559208782,0.6080729166666666,0.01578692142315383,0.5364583333333334,0.009830513587592122,0.07161458333333333,0.022211877746395808,14.128633382419745,0.2035056430455797,0.5289170640724351,0.020814536539078877,0.5111709172937656,0.01301845785237605,0.017746146778669463,0.01149180343024901,-0.024966896905741897,0.031469850718995274,-0.024966896905741897,0.031469850718995274,9.517657258297968,0.20925121358017665,14.128633382419745,0.2035056430455797,5.668020035451594,0.12577873063498768,0.08556146149168757,0.05688060593799508,0.011904761904761937,0.06628290908130978,0.004293858400980632,8.536796017920921e-05,0.002184102215131035,0.0004995625106982282,236.28320821126303,50.61479866950636,0.002184102215131035,0.0004995625106982282,1168.4593051979216,975.5680680958843,1999785.8515625,1758065.680046159,0.00033143824395776895,0.0003498878441637992,1.7050200179139518e-06,5.134944433454051e-07,0.8694868666319536,0.1513570503349346,0.8156289297393488,0.05173403463673931,1168.4593051979216,975.5680680958843,0.0018526639711732666,0.00019513764145885992,7.516019195463741e-06,4.521733254408752e-07,0.0008294572277615467,1.7516261999547545e-05,0.0070318702700220516,0.0018295789847389736,0.3956425742538235,0.1055043854801234,46655.70692847054,1831.7296684087662,2715673.685999826,88798.66143883367,0.9248366013071897,0.06074938380725917,0.11969747440993465,0.3554093266554554,0.41039134083406165,0.35909242322980395,1.1295337172274731e+17,83065193.79875563,3.388601151682419e+17,3697511877754880.0,31038948313703.316,1.109253563326464e+16,0.0,0.0,0.0,4779041375928320.0,223047366448227.34,3832507489320960.0,0.0,1878465902417237.2,8407404375020.643,3.5828669425805996e+16,1.8585277646765276e+16,1.0748600827741798e+17,1.487820411485533e+17,1.8585277729828944e+16,4.463461234456599e+17,676.4868499667695,16.344472650821235,2029.4605499003083,64.0,0.0,0.6666666666666666,1.0,0.6666666666666666,1.0,1.0,0.0,1.0,0.0,1.0
setting_2_medqa_medmcqa_reference_coverage_gamma_v1,SAFE,SAFE-(B_T_K),greedy_marginal,low_rank,sgd,none,adamw,B_T_K,"bbq,truthfulqa,mmlu_non_medical",reference,none,2.0,0.01,0.0,0.0002,0.0,,3,3,"42,43,44",0.4322916666666667,0.005966895436140417,0.40625,0.03197403426512676,0.026041666666666668,0.026009094212810127,0.5026041666666666,0.01761425684696443,0.5338541666666666,0.029318568357285683,-0.03125,0.015625,0.46981627296587924,0.012655709660095719,0.573490813648294,0.012655709660095719,-0.10367454068241468,0.025311419320191438,11.31577474822731,0.4645160145747782,0.15242074714264978,0.00897335232746487,0.250093599231542,0.007402152772958197,-0.0976728520888922,0.0059234646162967496,2.105614685483612,0.05462276898490583,0.5729166666666666,0.009830513587592122,0.5364583333333334,0.009830513587592122,0.036458333333333336,0.0022552744890219755,13.290401422315172,0.12739559740598932,0.5365435568180871,0.01884227900683377,0.5111709172937656,0.01301845785237605,0.025372639524321432,0.007647171380854675,-0.05496301981265785,0.009499063036756574,-0.05496301981265785,0.009499063036756574,8.903930285342033,0.17634301904702288,13.290401422315172,0.12739559740598932,5.296323967585317,0.14848744772884825,0.07703912428633657,0.10693171881860503,-0.051190476190476154,0.08045188418510933,0.008587716801961263,0.00017073592035841842,8.736408860524142e-05,1.998250042792913e-05,236.28320821126303,50.61479866950636,8.736408860524142e-05,1.998250042792913e-05,0.03833259728869248,0.005387569135002413,0.0014887386156866949,0.00040344535275478756,-0.0004523241690505083,2.1911677859463575e-05,3.304084218551203e-05,1.2809864611952204e-06,6.343255178986726,1.087406002448368,0.10415982858712414,0.005800644193498108,0.03833259728869248,0.005387569135002413,0.0005396882576557497,3.998316527430273e-05,3.843314667998736e-06,2.885915047815442e-07,0.0008258944920574626,2.8303727731653275e-05,0.1762567699395247,0.044800693632894434,9.846460161794548,2.638759551178874,11786.743810080754,403.6921729314546,668812.8621734919,25498.939301409384,0.9223856209150328,0.056814832191874894,0.42229530961845,0.5110618531427501,0.2583019051180789,0.22635365734231166,1.1295337172274731e+17,83065193.79875563,3.388601151682419e+17,3297321024241664.0,120325272007078.7,9891963072724992.0,0.0,0.0,0.0,4779041375928320.0,223047366448227.34,3832507489320960.0,0.0,1878465902417237.2,8407404375020.643,3.542847857229278e+16,1.867496419036384e+16,1.0628543571687834e+17,1.483818502950401e+17,1.867496427342791e+16,4.4514555088512026e+17,666.5989961779366,16.986793043122024,1999.7969885338098,64.0,0.0,0.0,1.0,0.0,1.0,1.0,0.0,0.0,0.0,1.0
setting_2_medqa_medmcqa_reference_coverage_gamma_v1,SAFE,SAFE-(B_T_K),greedy_marginal,low_rank,sgd,none,adamw,B_T_K,"bbq,truthfulqa,mmlu_non_medical",reference,none,2.0,0.1,0.0,0.0002,0.0,,3,3,"42,43,44",0.4505208333333333,0.013718299157360336,0.40625,0.03197403426512676,0.044270833333333336,0.026009094212810127,0.5481770833333334,0.018460217290049253,0.5338541666666666,0.029318568357285683,0.014322916666666666,0.039127550003428956,0.5078740157480315,0.02755905511811022,0.573490813648294,0.012655709660095719,-0.06561679790026248,0.01591122789105268,11.93522790222969,0.4577915978165728,0.1528372375719114,0.012687875915626638,0.250093599231542,0.007402152772958197,-0.09725636165963059,0.016250983528528485,2.300789484309138,0.13855176096294328,0.6002604166666666,0.0022552744890219755,0.5364583333333334,0.009830513587592122,0.06380208333333333,0.011933790872280834,13.940963470273546,0.5054423743675501,0.5264822375767727,0.0233807875633083,0.5111709172937656,0.01301845785237605,0.015311320283007098,0.011141294369648022,-0.03302369207551991,0.00587381310890072,-0.03302369207551991,0.00587381310890072,9.39232695227079,0.3602041010307241,13.940963470273546,0.5054423743675501,5.618510621892501,0.46450781833643445,0.020136113877074886,0.10401764820705364,0.011904761904761937,0.06628290908130978,0.008623358408610027,0.0001260075602590025,0.0011713779352609142,0.0003345739209050763,316.4954783121745,97.41106766020214,0.0011713779352609142,0.0003345739209050763,0.07449244948168245,0.006599990088806988,0.00557816494256258,0.0009841582699513993,-0.0006424736332765396,5.690674087083532e-05,3.028059476270617e-05,1.2241732647729962e-06,1.5825443414782503,0.17956053333356167,0.18553541604225743,0.03108240645449853,0.07449244948168245,0.006599990088806988,0.0018138515685374539,0.0002920378598962751,6.905852994047261e-06,1.2106397703262817e-06,0.0008213652763515711,1.9808864303745338e-05,0.013118502498404516,0.003201848810491569,0.7345473062703988,0.17521508783214718,11566.098937728646,311.62954658817796,660013.7104222547,16985.791194342662,0.9648692810457518,0.014975737565215159,0.5060616154865359,0.4401672396247151,-0.06530489263190009,0.3389966017103832,1.1295337172274731e+17,83065193.79875563,3.388601151682419e+17,3542861195476992.0,90940691958017.73,1.0628583586430976e+16,0.0,0.0,0.0,4779041375928320.0,223047366448227.34,3832507489320960.0,0.0,1878465902417237.2,8407404375020.643,3.5674018743528108e+16,1.863997836530704e+16,1.0702205623058432e+17,1.4862739046627542e+17,1.8639978448371308e+16,4.4588217139882624e+17,678.3788947307816,16.825549499157407,2035.1366841923445,64.0,0.0,0.0,1.0,0.0,1.0,1.0,0.0,1.0,0.0,1.0
setting_2_medqa_medmcqa_reference_coverage_gamma_v1,SAFE,SAFE-(B_T_K),greedy_marginal,low_rank,sgd,none,adamw,B_T_K,"bbq,truthfulqa,mmlu_non_medical",reference,none,2.0,1.0,0.0,0.0002,0.0,,3,3,"42,43,44",0.4270833333333333,0.030341615098257925,0.40625,0.03197403426512676,0.020833333333333332,0.03252603124165832,0.59375,0.04115489747208101,0.5338541666666666,0.029318568357285683,0.059895833333333336,0.05245634655855127,0.589238845144357,0.06935543444474442,0.573490813648294,0.012655709660095719,0.015748031496063002,0.05678033504667702,11.951455510924598,0.4438682287668389,0.18029801542440085,0.03961023932792185,0.250093599231542,0.007402152772958197,-0.0697955838071411,0.03752555629514776,2.1092312259165054,0.18746560372224452,0.58984375,0.02376079113397742,0.5364583333333334,0.009830513587592122,0.053385416666666664,0.014788823817188212,13.92096271034744,0.38222105027173536,0.5247516604581781,0.01710505634403084,0.5111709172937656,0.01301845785237605,0.013580743164412434,0.004232287227065807,-0.00022071188147047664,0.010111172373978367,-0.00022071188147047664,0.010111172373978367,9.327216482396182,0.33565100520474944,13.92096271034744,0.38222105027173536,5.491854499053452,0.0858981083426412,-0.01740532015810788,0.08502418609736548,-0.017857142857142832,0.07017753644375953,0.008623358408610027,0.0001260075602590025,0.011713779352609144,0.0033457392090507623,316.4954783121745,97.41106766020214,0.011713779352609144,0.0033457392090507623,4931.537127014632,227.41008621959958,24354535.333333332,2230464.2853758796,0.007449782197057033,0.0017051393480804623,2.43162273402369e-05,1.1447070922654827e-06,0.3577469519181851,0.0350771153989952,0.34626197074873266,0.01593956247929251,4931.537127014632,227.41008621959958,0.004263997155552109,0.001655716087602796,1.2870220416516531e-05,5.039058889458385e-07,0.0007987372033918897,2.0018145356465014e-05,0.0013239037061140737,0.0003028176106885694,0.07146385416467048,0.01720574199843564,11657.873374110733,337.25442868306294,628013.6162060377,8040.999287198438,0.8529411764705884,0.10859253880821433,0.12418744878236211,0.7258555065213683,-0.2222953096184501,1.0479721437304943,1.1295337172274731e+17,83065193.79875563,3.388601151682419e+17,3442245422792704.0,21769646112492.46,1.0326736268378112e+16,0.0,0.0,0.0,4779041375928320.0,223047366448227.34,3832507489320960.0,0.0,1878465902417237.2,8407404375020.643,3.557340297084382e+16,1.8576178155946416e+16,1.0672020891253146e+17,1.4852677469359114e+17,1.857617823900999e+16,4.455803240807734e+17,673.6699440187464,26.880611408575994,2021.0098320562392,64.0,0.0,1.0,1.0,1.0,1.0,1.0,0.0,1.0,0.0,1.0
setting_2_medqa_medmcqa_reference_coverage_gamma_v1,SAFE,SAFE-(T_K),constrained_greedy,low_rank,adam,post_projection,adamw,T_K,"truthfulqa,mmlu_non_medical",reference,none,0.5,0.01,0.0,0.0002,0.0,,1,1,42,0.46875,,0.4140625,,0.0546875,,0.53515625,,0.5,,0.03515625,,0.5433070866141733,,0.5826771653543307,,-0.03937007874015741,,9.077723495603546,,0.22978339100520084,,0.24156189185351593,,-0.011778500848315082,,1.216956816988471,,0.58203125,,0.53515625,,0.046875,,11.35338701059421,,0.5390625,,0.5234375,,0.015625,,-0.001424526529490831,,0.01754824957584246,,7.2160224410620755,,11.35338701059421,,3.959610999799242,,0.11944285541937605,,0.04999999999999999,,0.10454075317382813,,0.014282104843543824,,261.36712646484375,,0.014282104843543824,,0.39910137742908103,,0.1592819094657898,,0.00194767145930415,,0.00531089765823165,,0.9998699532362192,,0.02868666387848509,,0.39910137742908103,,0.012334433384239674,,0.00015348687884397805,,8.297998283524066e-05,,0.001032436707364815,,0.005810066775469126,,65.21574752648618,,430.01537280612064,,0.9999999999999998,,,,,,1.2194647633115659e+17,,1.2194647633115659e+17,266932453392384.0,,266932453392384.0,0.0,,0.0,881392506101760.0,,1533002995728384.0,,1874263187226624.0,,3.701730531302605e+16,,3.701730531302605e+16,1.5896378164418266e+17,,1.5896378164418266e+17,116.56085139140487,,116.56085139140487,6.0,,1.0,1.0,1.0,1.0,1.0,0.0,1.0,0.0,1.0
setting_2_medqa_medmcqa_reference_coverage_gamma_v1,SAFE,SAFE-(T_K),constrained_greedy,low_rank,adam,post_projection,adamw,T_K,"truthfulqa,mmlu_non_medical",reference,none,0.5,0.1,0.0,0.0002,0.0,,1,1,42,0.4296875,,0.4140625,,0.015625,,0.5,,0.5,,0.0,,0.5118110236220472,,0.5826771653543307,,-0.07086614173228345,,9.702676845660672,,0.18863146604222883,,0.24156189185351593,,-0.052930425811287096,,1.5153157154515324,,0.54296875,,0.53515625,,0.0078125,,11.94929285099109,,0.5338541666666666,,0.5234375,,0.01041666666666663,,-0.03866135584785685,,-0.022558962905643548,,7.722428470701099,,11.94929285099109,,4.297385122261796,,0.17617604051552566,,0.04999999999999999,,0.10454075317382813,,0.14282104843543825,,261.36712646484375,,0.14282104843543825,,0.8101462235745363,,0.6563369035720825,,0.0065094428627377465,,0.0048209313255520355,,0.9999759701194724,,0.12052160170422671,,0.8101462603608852,,0.1363116055727005,,0.0006434532115235925,,0.00017295214638579637,,0.0001040414118364707,,0.0012109709897836158,,65.81961112991661,,951.8568888836098,,0.9999999999999998,,,,,,1.2194647633115659e+17,,1.2194647633115659e+17,505434231275520.0,,505434231275520.0,0.0,,0.0,1175190008135680.0,,1533002995728384.0,,1874263187226624.0,,3.75496045929431e+16,,3.75496045929431e+16,1.594960809240997e+17,,1.594960809240997e+17,134.52004692703485,,134.52004692703485,10.0,,1.0,1.0,1.0,1.0,1.0,0.0,1.0,0.0,1.0
setting_2_medqa_medmcqa_reference_coverage_gamma_v1,SAFE,SAFE-(T_K),constrained_greedy,low_rank,adam,post_projection,adamw,T_K,"truthfulqa,mmlu_non_medical",reference,none,0.5,1.0,0.0,0.0002,0.0,,1,1,42,0.484375,,0.4140625,,0.0703125,,0.5625,,0.5,,0.0625,,0.5551181102362205,,0.5826771653543307,,-0.027559055118110187,,11.640869218220548,,0.13731383033288697,,0.24156189185351593,,-0.10424806152062896,,2.2303866330189264,,0.61328125,,0.53515625,,0.078125,,13.707321770489216,,0.5390625,,0.5234375,,0.015625,,-0.017894038879579716,,-0.01306153076031448,,9.192859207242897,,13.707321770489216,,5.378180354249244,,0.18865551506396572,,-0.09999999999999998,,0.10454075317382813,,1.4282104843543824,,261.36712646484375,,1.4282104843543824,,1.5279577245606089,,2.3346548080444336,,0.03431235489118656,,0.0001487021519588124,,0.9936476242529689,,0.9855880611091219,,1.527957490504463,,1.3938981294631958,,0.005315682385116816,,0.00047596043441444635,,1.0219907133023806e-05,,0.00033325650499590234,,69.44986103230703,,2829.16408939317,,0.9999999999999999,,,,0.9999999999999998,,1.2194647633115659e+17,,1.2194647633115659e+17,2049003771789312.0,,2049003771789312.0,0.0,,0.0,2644177518305280.0,,2299504493592576.0,,1874263187226624.0,,4.132866314149069e+16,,4.132866314149069e+16,1.632751394726473e+17,,1.632751394726473e+17,328.69411263242364,,328.69411263242364,32.0,,1.0,1.0,1.0,1.0,1.0,0.0,1.0,0.0,1.0
setting_2_medqa_medmcqa_reference_coverage_gamma_v1,SAFE,SAFE-(T_K),constrained_greedy,low_rank,adam,post_projection,adamw,T_K,"truthfulqa,mmlu_non_medical",reference,none,1.0,0.01,0.0,0.0002,0.0,,1,1,42,0.43359375,,0.4140625,,0.01953125,,0.5390625,,0.5,,0.0390625,,0.547244094488189,,0.5826771653543307,,-0.03543307086614167,,9.767626351884656,,0.19320158118341937,,0.24156189185351593,,-0.04836031067009655,,1.5142464082770453,,0.58203125,,0.53515625,,0.046875,,12.015184817214807,,0.5286458333333334,,0.5234375,,0.00520833333333337,,-0.012306127178746074,,-0.0007426553350482756,,7.765685859125504,,12.015184817214807,,4.321388113732431,,0.10732217932295474,,0.04999999999999999,,0.20908150634765627,,0.057128419374175295,,261.36712646484375,,0.057128419374175295,,0.8075778863977916,,0.6521820425987244,,0.004785613362736925,,0.021407109514817522,,0.9999605938240664,,0.02092658892307292,,0.8075779233011321,,0.05234280601143837,,0.0004504286334849894,,0.00016770142246969044,,0.00025822743193593204,,0.002935516583634017,,16.391899085377172,,229.83098595401472,,0.9999999999999998,,,,,,1.2194647633115659e+17,,1.2194647633115659e+17,440509209133056.0,,440509209133056.0,0.0,,0.0,1175190008135680.0,,1533002995728384.0,,1874263187226624.0,,3.748467957080064e+16,,3.748467957080064e+16,1.5943115590195725e+17,,1.5943115590195725e+17,132.92766766436398,,132.92766766436398,10.0,,1.0,1.0,1.0,1.0,1.0,0.0,1.0,0.0,1.0
setting_2_medqa_medmcqa_reference_coverage_gamma_v1,SAFE,SAFE-(T_K),constrained_greedy,low_rank,adam,post_projection,adamw,T_K,"truthfulqa,mmlu_non_medical",reference,none,1.0,0.1,0.0,0.0002,0.0,,1,1,42,0.44921875,,0.4140625,,0.03515625,,0.53515625,,0.5,,0.03515625,,0.5511811023622047,,0.5826771653543307,,-0.03149606299212593,,10.624001225148598,,0.16308079962336394,,0.24156189185351593,,-0.07848109223015198,,1.9017893568287672,,0.578125,,0.53515625,,0.04296875,,12.878738686442375,,0.5416666666666666,,0.5234375,,0.01822916666666663,,-0.02233613507409264,,-0.01775617111507599,,8.46817642280658,,12.878738686442375,,4.862291985867071,,0.10799422233370748,,-0.050000000000000044,,0.20908150634765627,,0.571284193741753,,261.36712646484375,,0.571284193741753,,1.640786662538278,,2.692180871963501,,0.013480980145408994,,0.019311336921069698,,0.9999684580362206,,0.11799150424884067,,1.640786662538278,,0.557803213596344,,0.002546201227232814,,0.0003094338462688029,,2.6128026967287305e-05,,0.0005416460837855447,,16.5849092643649,,439.06015563800463,,1.0,,,,0.9999999999999998,,1.2194647633115659e+17,,1.2194647633115659e+17,958080512409600.0,,958080512409600.0,0.0,,0.0,1762785012203520.0,,2299504493592576.0,,1874263187226624.0,,3.935634737600922e+16,,3.935634737600922e+16,1.6130282370716582e+17,,1.6130282370716582e+17,253.7094150595367,,253.7094150595367,18.0,,1.0,1.0,1.0,1.0,1.0,0.0,1.0,0.0,1.0
setting_2_medqa_medmcqa_reference_coverage_gamma_v1,SAFE,SAFE-(T_K),constrained_greedy,low_rank,adam,post_projection,adamw,T_K,"truthfulqa,mmlu_non_medical",reference,none,1.0,1.0,0.0,0.0002,0.0,,1,1,42,0.421875,,0.4140625,,0.0078125,,0.4921875,,0.5,,-0.0078125,,0.5275590551181102,,0.5826771653543307,,-0.055118110236220486,,11.968696771957116,,0.1900952111364154,,0.24156189185351593,,-0.05146668071710053,,2.1268437825422644,,0.5390625,,0.53515625,,0.00390625,,13.699721445639929,,0.5364583333333334,,0.5234375,,0.01302083333333337,,-0.03422618031777367,,-0.023780215358550266,,9.26508733337977,,13.699721445639929,,5.337437779295678,,0.10095640720765708,,-0.09999999999999998,,0.20908150634765627,,5.712841937417529,,261.36712646484375,,5.712841937417529,,3.9985625545239887,,15.988502502441406,,0.9128794168181642,,0.0025613111252970264,,0.8480423335322987,,0.8881575093704519,,3.9985625545239887,,4.799962520599365,,0.019296227023005486,,0.0006153613212518394,,2.07117971630795e-06,,0.00010771544670637455,,19.80136471533355,,1015.2155708052725,,0.8725490196078433,,-0.5773502691896257,,0.0,,1.2194647633115659e+17,,1.2194647633115659e+17,3551839303532544.0,,3551839303532544.0,0.0,,0.0,4994557534576640.0,,3832507489320960.0,,1874263187226624.0,,4.671488168523366e+16,,4.671488168523366e+16,1.6866135801639027e+17,,1.6866135801639027e+17,658.4582481328398,,658.4582481328398,62.0,,1.0,1.0,1.0,1.0,1.0,0.0,1.0,0.0,1.0
setting_2_medqa_medmcqa_reference_coverage_gamma_v1,SAFE,SAFE-(T_K),constrained_greedy,low_rank,adam,post_projection,adamw,T_K,"truthfulqa,mmlu_non_medical",reference,none,2.0,0.01,0.0,0.0002,0.0,,1,1,42,0.41796875,,0.4140625,,0.00390625,,0.50390625,,0.5,,0.00390625,,0.515748031496063,,0.5826771653543307,,-0.06692913385826771,,10.592526007824995,,0.17232174537216252,,0.24156189185351593,,-0.0692401464813534,,1.824850723629615,,0.5703125,,0.53515625,,0.03515625,,12.613574236631393,,0.5390625,,0.5234375,,0.015625,,-0.033671010113207035,,-0.017041948240676702,,8.343650322695334,,12.613574236631393,,4.74819042635899,,0.21784270718219234,,-0.09999999999999998,,0.41816301269531253,,0.22851367749670118,,261.36712646484375,,0.22851367749670118,,1.628331657078224,,2.6514639854431152,,0.010771502632885871,,0.08587257495897979,,0.9998440000319291,,0.018074318651980403,,1.628331657078224,,0.2177421748638153,,0.001557577634230256,,0.0002763347583822906,,6.498478843397253e-05,,0.0012092701032579538,,4.1229373684388015,,96.5865874375795,,0.9999999999999998,,,,,,1.2194647633115659e+17,,1.2194647633115659e+17,840450670755840.0,,840450670755840.0,0.0,,0.0,1468987510169600.0,,1533002995728384.0,,1874263187226624.0,,3.817841853445734e+16,,3.817841853445734e+16,1.6012489486561395e+17,,1.6012489486561395e+17,168.0709589459002,,168.0709589459002,16.0,,1.0,1.0,1.0,1.0,1.0,0.0,1.0,0.0,1.0
setting_2_medqa_medmcqa_reference_coverage_gamma_v1,SAFE,SAFE-(T_K),constrained_greedy,low_rank,adam,post_projection,adamw,T_K,"truthfulqa,mmlu_non_medical",reference,none,2.0,0.1,0.0,0.0002,0.0,,1,1,42,0.46875,,0.4140625,,0.0546875,,0.54296875,,0.5,,0.04296875,,0.5551181102362205,,0.5826771653543307,,-0.027559055118110187,,11.794300081848785,,0.17104120353183083,,0.24156189185351593,,-0.0705206883216851,,2.1439171409576376,,0.59375,,0.53515625,,0.05859375,,13.79285159210364,,0.5390625,,0.5234375,,0.015625,,-0.013161997813265094,,-0.005963469160842547,,9.24368960497002,,13.79285159210364,,5.367576187732173,,0.09284270718219234,,-0.050000000000000044,,0.41816301269531253,,2.285136774967012,,261.36712646484375,,2.285136774967012,,3.2896442397222816,,10.821759223937988,,0.02578432936459496,,0.07723704680617124,,0.9999956893380084,,0.11731561215750609,,3.2896442397222816,,2.259352445602417,,0.010193105787038803,,0.00046852760715410113,,5.2452080699100545e-06,,0.00020503263186986466,,4.994646107279365,,178.92200256047468,,1.0,,,,0.19999999999999996,,1.2194647633115659e+17,,1.2194647633115659e+17,1981834222632960.0,,1981834222632960.0,0.0,,0.0,2937975020339200.0,,3066005991456768.0,,1874263187226624.0,,4.232179259223245e+16,,4.232179259223245e+16,1.6426826892338906e+17,,1.6426826892338906e+17,434.4974928293377,,434.4974928293377,36.0,,1.0,1.0,1.0,1.0,1.0,0.0,1.0,0.0,1.0
setting_2_medqa_medmcqa_reference_coverage_gamma_v1,SAFE,SAFE-(T_K),constrained_greedy,low_rank,adam,post_projection,adamw,T_K,"truthfulqa,mmlu_non_medical",reference,none,2.0,1.0,0.0,0.0002,0.0,,1,1,42,0.44921875,,0.4140625,,0.03515625,,0.5859375,,0.5,,0.0859375,,0.6377952755905512,,0.5826771653543307,,0.055118110236220486,,11.905448205201958,,0.16382825194347292,,0.24156189185351593,,-0.077733639910043,,2.1651629403935377,,0.58203125,,0.53515625,,0.046875,,14.012510843575,,0.5338541666666666,,0.5234375,,0.01041666666666663,,0.008086490108725827,,-0.015429319955021503,,9.361040663056832,,14.012510843575,,5.414919460521025,,0.08038804472752992,,0.0,,0.41816301269531253,,22.851367749670118,,261.36712646484375,,22.851367749670118,,13.842820801561386,,191.62368774414062,,14.618772305944532,,0.05525851949866087,,0.3618580101167327,,0.36901592661985594,,13.842820801561386,,8.232595443725586,,0.03217163309454918,,0.0006381108541972935,,5.210991623713941e-07,,2.7924405277951263e-05,,4.964610000036907,,266.27077108105703,,0.9509803921568629,,-0.7905694150420948,,0.051298917604257706,,1.2194647633115659e+17,,1.2194647633115659e+17,3476107299471360.0,,3476107299471360.0,0.0,,0.0,4994557534576640.0,,3832507489320960.0,,1874263187226624.0,,4.663914968117248e+16,,4.663914968117248e+16,1.685856260123291e+17,,1.685856260123291e+17,689.334633005783,,689.334633005783,64.0,,1.0,1.0,1.0,1.0,1.0,0.0,1.0,0.0,1.0
setting_2_medqa_medmcqa_reference_coverage_gamma_v1,SAFE,SAFE-(T_K),greedy_marginal,low_rank,sgd,none,adamw,T_K,"truthfulqa,mmlu_non_medical",reference,none,0.5,0.01,0.0,0.0002,0.0,,3,3,"42,43,44",0.4166666666666667,0.028258508351836856,0.40625,0.03197403426512676,0.010416666666666666,0.023867581744561668,0.4505208333333333,0.05417355224665292,0.5338541666666666,0.029318568357285683,-0.08333333333333333,0.027436598314720673,0.41863517060367456,0.052427780460467664,0.573490813648294,0.012655709660095719,-0.15485564304461943,0.06179137725455932,12.141139067168416,0.4004949607675065,0.14500601756588705,0.024666726895456636,0.250093599231542,0.007402152772958197,-0.10508758166565495,0.02284903837360723,2.2317723481651064,0.11416317627494313,0.5416666666666666,0.03629520798116238,0.5364583333333334,0.009830513587592122,0.005208333333333333,0.03544442080420885,14.099884870979523,0.27457954058017947,0.5315684324399776,0.027421643347379725,0.5111709172937656,0.01301845785237605,0.020397515146211964,0.01585989826887379,-0.08491163045898033,0.03497677643635364,-0.0499396241661608,0.022906977208215006,9.49093209543768,0.2628520148463162,14.099884870979523,0.27457954058017947,5.635520435289081,0.09885505167059538,0.12722812815835424,0.10713478797003897,-0.05317460317460313,0.12014572909891764,0.0021615633328755696,2.8268136140651616e-05,6.765846831723737e-06,2.7131412156290376e-06,291.05409240722656,122.97806880877879,6.765846831723737e-06,2.7131412156290376e-06,0.03193792319362455,0.0055703352370796025,0.0010407166943574946,0.0003684668428226175,-0.0005330786013808105,0.0001990216652789315,-1.0473089023415362e-06,9.660934091476662e-08,81.56307591460889,18.36533941300799,1.4483399510248252,0.04141045867514833,0.03193792319362455,0.0055703352370796025,0.0005398444482125342,0.00020146176517095177,3.3837532858645622e-06,1.2287710233705108e-07,0.0006520506188583871,4.026712511607049e-05,1.8691118165655436,0.6380831835069702,105.90164701844053,37.7959068762651,185889.31211441287,4651.728302098949,10894943.081090746,455320.6364074554,0.9673202614379086,0.020555139910799276,0.3682979868962781,0.5906246869638713,0.29069386642412703,0.34156502553198664,1.1295337172274731e+17,83065193.79875563,3.388601151682419e+17,3203993036800000.0,51462649807907.14,9611979110400000.0,0.0,0.0,0.0,4779041375928320.0,223047366448227.34,3832507489320960.0,0.0,1878465902417237.2,8407404375020.643,3.5335150584851116e+16,1.861002210594828e+16,1.0600545175455334e+17,1.4828852230759843e+17,1.8610022189011188e+16,4.4486556692279526e+17,643.486246942232,20.78191521948525,1930.4587408266962,64.0,0.0,0.0,0.0,0.0,0.0,0.0,0.0,0.0,0.0,1.0
setting_2_medqa_medmcqa_reference_coverage_gamma_v1,SAFE,SAFE-(T_K),greedy_marginal,low_rank,sgd,none,adamw,T_K,"truthfulqa,mmlu_non_medical",reference,none,0.5,0.1,0.0,0.0002,0.0,,3,3,"42,43,44",0.4518229166666667,0.022211877746395808,0.40625,0.03197403426512676,0.045572916666666664,0.01578692142315383,0.5091145833333334,0.01626301562082916,0.5338541666666666,0.029318568357285683,-0.024739583333333332,0.021513947450336336,0.47900262467191607,0.01265570966009574,0.573490813648294,0.012655709660095719,-0.09448818897637794,0.02192033213712606,11.731733955423351,0.15932816184812057,0.14585338745255286,0.014586366176320744,0.250093599231542,0.007402152772958197,-0.10424021177898912,0.009530178296772366,2.1979408344335227,0.09832093520533028,0.5833333333333334,0.005966895436140417,0.5364583333333334,0.009830513587592122,0.046875,0.014084184669781208,13.828799785011343,0.29510780710478335,0.5332434743160245,0.028792281414355404,0.5111709172937656,0.01301845785237605,0.02207255702225887,0.017932954639652037,-0.050617800251789025,0.01509196389058812,-0.028682605889494565,0.011754247984393363,9.252824858289406,0.09366610951627238,13.828799785011343,0.29510780710478335,5.499031762491824,0.3138265604723479,0.06700085543108149,0.09143456664841802,-0.03373015873015869,0.09677578093854919,0.002146929200490316,4.2683980089604605e-05,5.460255537827589e-05,1.2489062767455704e-05,236.28320821126303,50.61479866950636,5.460255537827589e-05,1.2489062767455704e-05,0.03077459558054285,0.0010926213523259481,0.0009478716140923401,6.724478138425563e-05,-0.0005015319664277159,2.1127091235690016e-05,-1.3049389428289867e-06,1.0603273308165004e-07,10.480820544268314,1.9526592908454845,1.5662307541734706,0.04390651008605153,0.03077459558054285,0.0010926213523259481,0.0005561345218059918,3.35994857434579e-05,3.6101987461734097e-06,1.6197055586116105e-07,0.0006435275039014717,4.843387761646939e-05,0.22021722536829458,0.06332591812422042,12.315736344037823,3.6627881064782626,187730.19026377457,9414.100363411395,10847834.104960172,868148.0532794577,0.9305555555555557,0.04447927316606602,0.2559803858378336,0.43724678078860346,0.4344253084278709,0.20472414878568632,1.1295337172274731e+17,83065193.79875563,3.388601151682419e+17,3386464769966080.0,83738434600769.47,1.015939430989824e+16,0.0,0.0,0.0,4779041375928320.0,223047366448227.34,3832507489320960.0,0.0,1878465902417237.2,8407404375020.643,3.5517622318017196e+16,1.8633562695442748e+16,1.0655286695405158e+17,1.484709940407645e+17,1.8633562778506948e+16,4.454129821222935e+17,669.2252689401308,18.763501565029312,2007.6758068203926,64.0,0.0,0.0,0.0,0.0,0.0,1.0,0.0,0.0,0.0,1.0
setting_2_medqa_medmcqa_reference_coverage_gamma_v1,SAFE,SAFE-(T_K),greedy_marginal,low_rank,sgd,none,adamw,T_K,"truthfulqa,mmlu_non_medical",reference,none,0.5,1.0,0.0,0.0002,0.0,,3,3,"42,43,44",0.4635416666666667,0.013718299157360336,0.40625,0.03197403426512676,0.057291666666666664,0.018460217290049253,0.5299479166666666,0.013718299157360336,0.5338541666666666,0.029318568357285683,-0.00390625,0.0333750146301466,0.4908136482939633,0.027652634521923177,0.573490813648294,0.012655709660095719,-0.08267716535433069,0.02755905511811022,11.93737145421386,0.1828662289545223,0.1472277438945546,0.01998823547242174,0.250093599231542,0.007402152772958197,-0.1028658553369874,0.021583112905816083,2.232701436258595,0.05119281405485295,0.5950520833333334,0.004510548978043951,0.5364583333333334,0.009830513587592122,0.05859375,0.014084184669781208,13.753581816123592,0.3669005516127705,0.5307614461194863,0.027294639712360264,0.5111709172937656,0.01301845785237605,0.019590528825720637,0.014820169925542285,-0.042316423563772694,0.020783714074958735,-0.022136052668493698,0.017742897183215894,9.307884902198682,0.1259948835876791,13.753581816123592,0.3669005516127705,5.571067679379381,0.2960257416936779,0.08238358862454964,0.10440208013428388,-0.020634920634920634,0.09283679060640919,0.0021524540901184082,4.2779108674074674e-05,0.000551533703907132,0.0001323193331301837,237.1890106201172,51.95714361279195,0.000551533703907132,0.0001323193331301837,946.084966197881,788.2655046736268,1309318.4338378906,1133053.906103479,-0.0004830092725057901,5.774886724921102e-05,-2.3053544632568006e-06,1.6932423421013634e-07,1.9290240907219607,0.34945270059708233,1.9951357336857694,0.06658673828596824,946.084966197881,788.2655046736268,0.0010345429764129221,9.658644699600884e-05,4.622493785670183e-06,2.2309939303112288e-07,0.0006362789038879176,2.1705949246066323e-05,0.021053273299277097,0.00613392407383934,1.206619132093484,0.33953176342403696,180717.40616970308,7282.060023652828,10662586.956969868,268185.2491908461,0.9387254901960785,0.03214430649167647,0.37139207093069126,0.3682416251250238,0.5002695461948448,0.31921497976121593,1.1295337172274731e+17,83065193.79875563,3.388601151682419e+17,3666393311870976.0,22030087533871.31,1.0999179935612928e+16,0.0,0.0,0.0,4779041375928320.0,223047366448227.34,3832507489320960.0,0.0,1878465902417237.2,8407404375020.643,3.5797550859922092e+16,1.8581259815894212e+16,1.0739265257976627e+17,1.487509225826694e+17,1.8581259898957388e+16,4.462527677480082e+17,670.2636497331163,16.02679834944268,2010.7909491993487,64.0,0.0,0.0,0.0,0.0,0.0,1.0,0.0,0.3333333333333333,0.0,1.0
setting_2_medqa_medmcqa_reference_coverage_gamma_v1,SAFE,SAFE-(T_K),greedy_marginal,low_rank,sgd,none,adamw,T_K,"truthfulqa,mmlu_non_medical",reference,none,1.0,0.01,0.0,0.0002,0.0,,3,3,"42,43,44",0.4270833333333333,0.04355658511374409,0.40625,0.03197403426512676,0.020833333333333332,0.023545756927116048,0.50390625,0.0078125,0.5338541666666666,0.029318568357285683,-0.029947916666666668,0.022888536238602795,0.46719160104986873,0.013826317260961604,0.573490813648294,0.012655709660095719,-0.10629921259842519,0.020832687488697557,12.227797543282897,0.11487563478309123,0.15324867642652343,0.028162556946165974,0.250093599231542,0.007402152772958197,-0.09684492280501855,0.022228585963114306,2.2299319178789037,0.18334010499218104,0.5611979166666666,0.01578692142315383,0.5364583333333334,0.009830513587592122,0.024739583333333332,0.005966895436140417,13.907620530161594,0.28100238255448856,0.5274335634432528,0.026176388232282966,0.5111709172937656,0.01301845785237605,0.01626264614948708,0.01352253083918847,-0.05946818402337014,0.013227916652869294,-0.03605266973584261,0.009732594496559055,9.455116663774465,0.12567036372158646,13.907620530161594,0.28100238255448856,5.620831578220777,0.27711893644079444,0.06840732294549758,0.09202211203996599,-0.0829365079365079,0.11700832706120917,0.004293858400980632,8.536796017920921e-05,2.1841022151310354e-05,4.995625106982282e-06,236.28320821126303,50.61479866950636,2.1841022151310354e-05,4.995625106982282e-06,0.029411258891602888,0.0006507807884728266,0.0008653044933453202,3.8471432535018136e-05,-0.00041851994639314805,1.7279256004443645e-05,5.680317676967418e-06,2.888544653535238e-07,21.052948601861523,5.8931790225835305,0.38409172341491726,0.012721258280933194,0.029411258891602888,0.0006507807884728266,0.00044036096854445833,1.243101499737565e-05,3.540721536410274e-06,1.4981547876400057e-07,0.0006287585517081121,2.3600439901287012e-05,0.5413030708848338,0.1474485150819657,29.957083975780467,7.881325943685123,46374.067525310624,1963.6435853920796,2651199.827450645,109089.16234357157,0.8741830065359478,0.1394332852496102,0.28278590672541426,0.4567283963310966,0.2564945880212885,0.27144835701531844,1.1295337172274731e+17,83065193.79875563,3.388601151682419e+17,3226826249879552.0,100598550585471.23,9680478749638656.0,0.0,0.0,0.0,4779041375928320.0,223047366448227.34,3832507489320960.0,0.0,1878465902417237.2,8407404375020.643,3.5357983797930668e+16,1.8659825949193936e+16,1.06073951393792e+17,1.4831135552067798e+17,1.8659826032257132e+16,4.449340665620339e+17,673.0358917700747,21.46934760436621,2019.1076753102243,64.0,0.0,0.0,1.0,0.0,1.0,1.0,0.0,0.0,0.0,1.0
setting_2_medqa_medmcqa_reference_coverage_gamma_v1,SAFE,SAFE-(T_K),greedy_marginal,low_rank,sgd,none,adamw,T_K,"truthfulqa,mmlu_non_medical",reference,none,1.0,0.1,0.0,0.0002,0.0,,3,3,"42,43,44",0.4518229166666667,0.03133127451957282,0.40625,0.03197403426512676,0.045572916666666664,0.009021097956087902,0.5208333333333334,0.013718299157360336,0.5338541666666666,0.029318568357285683,-0.013020833333333334,0.042132004394175616,0.49606299212598426,0.04166537497739515,0.573490813648294,0.012655709660095719,-0.07742782152230969,0.03741883839733139,11.459798564226714,0.7234450162528623,0.14790791986585938,0.016317766216401308,0.250093599231542,0.007402152772958197,-0.10218567936568258,0.015086682222543706,2.204317574399083,0.14156592738866616,0.5807291666666666,0.01926907368092284,0.5364583333333334,0.009830513587592122,0.044270833333333336,0.013718299157360336,13.461668625473976,0.3266866591152089,0.5265571743460253,0.023800479715961567,0.5111709172937656,0.01301845785237605,0.015386257052259655,0.011555784054762411,-0.04511422251821964,0.01814033172654172,-0.028957423016174627,0.008515463906385324,9.041928254699924,0.33142963523826213,13.461668625473976,0.3266866591152089,5.392794996440081,0.18157480747497898,0.10141690595508057,0.08025623630651094,0.025793650793650813,0.0891533410264324,0.004293858400980632,8.536796017920921e-05,0.00021841022151310356,4.995625106982282e-05,236.28320821126303,50.61479866950636,0.00021841022151310356,4.995625106982282e-05,0.03591854342556378,0.0031577118785712645,0.0012967891913528244,0.00022384288938246476,-0.0005659958483082641,9.798638347381293e-05,4.823005688456063e-06,3.1325765876300184e-07,3.6159094961027223,0.1678830387470133,0.4763989386351972,0.04054150145534139,0.03591854342556378,0.0031577118785712645,0.0007844060698213676,0.0001475283495039469,4.39803352492163e-06,4.794577888281803e-07,0.0006425143025505046,2.7354431329798605e-05,0.05482708258107603,0.015015184545285831,3.0586282480705616,0.791655431270921,46744.68112964954,1869.4076902861234,2696985.3437793558,83879.33419479616,0.8210784313725492,0.12149052677836988,0.5699109339076959,0.18753856182481088,0.4274909800354809,0.3298058971949432,1.1295337172274731e+17,83065193.79875563,3.388601151682419e+17,3488105820422144.0,91092219029551.78,1.0464317461266432e+16,0.0,0.0,0.0,4779041375928320.0,223047366448227.34,3832507489320960.0,0.0,1878465902417237.2,8407404375020.643,3.561926336847326e+16,1.8629782899593964e+16,1.0685779010541978e+17,1.4857263509122058e+17,1.8629782982658536e+16,4.457179052736617e+17,654.6499632447958,25.050711610161308,1963.9498897343874,64.0,0.0,0.0,1.0,0.0,1.0,1.0,0.0,0.0,0.0,1.0
setting_2_medqa_medmcqa_reference_coverage_gamma_v1,SAFE,SAFE-(T_K),greedy_marginal,low_rank,sgd,none,adamw,T_K,"truthfulqa,mmlu_non_medical",reference,none,1.0,1.0,0.0,0.0002,0.0,,3,3,"42,43,44",0.45703125,0.014084184669781208,0.40625,0.03197403426512676,0.05078125,0.0358013726168425,0.5520833333333334,0.03157384284630766,0.5338541666666666,0.029318568357285683,0.018229166666666668,0.052746429949294515,0.5249343832020997,0.050775701108013396,0.573490813648294,0.012655709660095719,-0.0485564304461942,0.059229837776360914,12.135188467337807,0.3335758390779981,0.15213475562717715,0.015287120875318683,0.250093599231542,0.007402152772958197,-0.09795884360436484,0.018021281253526887,2.2891499251363494,0.1330880559208782,0.6080729166666666,0.01578692142315383,0.5364583333333334,0.009830513587592122,0.07161458333333333,0.022211877746395808,14.128633382419745,0.2035056430455797,0.5289170640724351,0.020814536539078877,0.5111709172937656,0.01301845785237605,0.017746146778669463,0.01149180343024901,-0.024966896905741897,0.031469850718995274,-0.013172130135515747,0.020059330300007287,9.517657258297968,0.20925121358017665,14.128633382419745,0.2035056430455797,5.668020035451594,0.12577873063498768,0.08556146149168757,0.05688060593799508,0.011904761904761937,0.06628290908130978,0.004293858400980632,8.536796017920921e-05,0.002184102215131035,0.0004995625106982282,236.28320821126303,50.61479866950636,0.002184102215131035,0.0004995625106982282,1168.4593051979216,975.5680680958843,1999785.8515625,1758065.680046159,0.00033143824395776895,0.0003498878441637992,1.7050200179139518e-06,5.134944433454051e-07,0.8694868666319536,0.1513570503349346,0.8156289297393488,0.05173403463673931,1168.4593051979216,975.5680680958843,0.0018526639711732666,0.00019513764145885992,7.516019195463741e-06,4.521733254408752e-07,0.0006457369308918715,2.2297322089748356e-05,0.005502572246105036,0.0014684662506174821,0.30835750376434595,0.08504760947680781,46655.70692847054,1831.7296684087662,2715673.685999826,88798.66143883367,0.9248366013071897,0.06074938380725917,0.11969747440993465,0.3554093266554554,0.41039134083406165,0.35909242322980395,1.1295337172274731e+17,83065193.79875563,3.388601151682419e+17,3697511877754880.0,31038948313703.316,1.109253563326464e+16,0.0,0.0,0.0,4779041375928320.0,223047366448227.34,3832507489320960.0,0.0,1878465902417237.2,8407404375020.643,3.5828669425805996e+16,1.8585277646765276e+16,1.0748600827741798e+17,1.487820411485533e+17,1.8585277729828944e+16,4.463461234456599e+17,672.3782597811272,24.103585440458147,2017.1347793433815,64.0,0.0,0.6666666666666666,1.0,0.6666666666666666,1.0,1.0,0.0,1.0,0.0,1.0
setting_2_medqa_medmcqa_reference_coverage_gamma_v1,SAFE,SAFE-(T_K),greedy_marginal,low_rank,sgd,none,adamw,T_K,"truthfulqa,mmlu_non_medical",reference,none,2.0,0.01,0.0,0.0002,0.0,,3,3,"42,43,44",0.4322916666666667,0.005966895436140417,0.40625,0.03197403426512676,0.026041666666666668,0.026009094212810127,0.5026041666666666,0.01761425684696443,0.5338541666666666,0.029318568357285683,-0.03125,0.015625,0.46981627296587924,0.012655709660095719,0.573490813648294,0.012655709660095719,-0.10367454068241468,0.025311419320191438,11.31577474822731,0.4645160145747782,0.15242074714264978,0.00897335232746487,0.250093599231542,0.007402152772958197,-0.0976728520888922,0.0059234646162967496,2.105614685483612,0.05462276898490583,0.5729166666666666,0.009830513587592122,0.5364583333333334,0.009830513587592122,0.036458333333333336,0.0022552744890219755,13.290401422315172,0.12739559740598932,0.5365435568180871,0.01884227900683377,0.5111709172937656,0.01301845785237605,0.025372639524321432,0.007647171380854675,-0.05496301981265785,0.009499063036756574,-0.030607259377779434,0.0033399894534303573,8.903930285342033,0.17634301904702288,13.290401422315172,0.12739559740598932,5.296323967585317,0.14848744772884825,0.07703912428633657,0.10693171881860503,-0.051190476190476154,0.08045188418510933,0.008587716801961263,0.00017073592035841842,8.736408860524142e-05,1.998250042792913e-05,236.28320821126303,50.61479866950636,8.736408860524142e-05,1.998250042792913e-05,0.03833259728869248,0.005387569135002413,0.0014887386156866949,0.00040344535275478756,-0.0004523241690505083,2.1911677859463575e-05,3.304084218551203e-05,1.2809864611952204e-06,6.343255178986726,1.087406002448368,0.10415982858712414,0.005800644193498108,0.03833259728869248,0.005387569135002413,0.0005396882576557497,3.998316527430273e-05,3.843314667998736e-06,2.885915047815442e-07,0.0006448457133956254,3.06134679066825e-05,0.13798473921676765,0.03581829963898833,7.691189436444222,2.103063516882703,11786.743810080754,403.6921729314546,668812.8621734919,25498.939301409384,0.9223856209150328,0.056814832191874894,0.42229530961845,0.5110618531427501,0.2583019051180789,0.22635365734231166,1.1295337172274731e+17,83065193.79875563,3.388601151682419e+17,3297321024241664.0,120325272007078.7,9891963072724992.0,0.0,0.0,0.0,4779041375928320.0,223047366448227.34,3832507489320960.0,0.0,1878465902417237.2,8407404375020.643,3.542847857229278e+16,1.867496419036384e+16,1.0628543571687834e+17,1.483818502950401e+17,1.867496427342791e+16,4.4514555088512026e+17,664.4291439695904,9.859395427874833,1993.2874319087714,64.0,0.0,0.0,1.0,0.0,1.0,1.0,0.0,0.0,0.0,1.0
setting_2_medqa_medmcqa_reference_coverage_gamma_v1,SAFE,SAFE-(T_K),greedy_marginal,low_rank,sgd,none,adamw,T_K,"truthfulqa,mmlu_non_medical",reference,none,2.0,0.1,0.0,0.0002,0.0,,3,3,"42,43,44",0.4505208333333333,0.013718299157360336,0.40625,0.03197403426512676,0.044270833333333336,0.026009094212810127,0.5481770833333334,0.018460217290049253,0.5338541666666666,0.029318568357285683,0.014322916666666666,0.039127550003428956,0.5078740157480315,0.02755905511811022,0.573490813648294,0.012655709660095719,-0.06561679790026248,0.01591122789105268,11.93522790222969,0.4577915978165728,0.1528372375719114,0.012687875915626638,0.250093599231542,0.007402152772958197,-0.09725636165963059,0.016250983528528485,2.300789484309138,0.13855176096294328,0.6002604166666666,0.0022552744890219755,0.5364583333333334,0.009830513587592122,0.06380208333333333,0.011933790872280834,13.940963470273546,0.5054423743675501,0.5264822375767727,0.0233807875633083,0.5111709172937656,0.01301845785237605,0.015311320283007098,0.011141294369648022,-0.03302369207551991,0.00587381310890072,-0.01672713916314862,0.013505834557853922,9.39232695227079,0.3602041010307241,13.940963470273546,0.5054423743675501,5.618510621892501,0.46450781833643445,0.020136113877074886,0.10401764820705364,0.011904761904761937,0.06628290908130978,0.008623358408610027,0.0001260075602590025,0.0011713779352609142,0.0003345739209050763,316.4954783121745,97.41106766020214,0.0011713779352609142,0.0003345739209050763,0.07449244948168245,0.006599990088806988,0.00557816494256258,0.0009841582699513993,-0.0006424736332765396,5.690674087083532e-05,3.028059476270617e-05,1.2241732647729962e-06,1.5825443414782503,0.17956053333356167,0.18553541604225743,0.03108240645449853,0.07449244948168245,0.006599990088806988,0.0018138515685374539,0.0002920378598962751,6.905852994047261e-06,1.2106397703262817e-06,0.0006416548082294563,2.3630235175666585e-05,0.010252678846627446,0.0024417438186079,0.5728134341236627,0.1314977265589716,11566.098937728646,311.62954658817796,660013.7104222547,16985.791194342662,0.9648692810457518,0.014975737565215159,0.5060616154865359,0.4401672396247151,-0.06530489263190009,0.3389966017103832,1.1295337172274731e+17,83065193.79875563,3.388601151682419e+17,3542861195476992.0,90940691958017.73,1.0628583586430976e+16,0.0,0.0,0.0,4779041375928320.0,223047366448227.34,3832507489320960.0,0.0,1878465902417237.2,8407404375020.643,3.5674018743528108e+16,1.863997836530704e+16,1.0702205623058432e+17,1.4862739046627542e+17,1.8639978448371308e+16,4.4588217139882624e+17,682.6727207507938,6.981064046388455,2048.0181622523814,64.0,0.0,0.0,1.0,0.0,1.0,1.0,0.0,1.0,0.0,1.0
setting_2_medqa_medmcqa_reference_coverage_gamma_v1,SAFE,SAFE-(T_K),greedy_marginal,low_rank,sgd,none,adamw,T_K,"truthfulqa,mmlu_non_medical",reference,none,2.0,1.0,0.0,0.0002,0.0,,3,3,"42,43,44",0.4270833333333333,0.030341615098257925,0.40625,0.03197403426512676,0.020833333333333332,0.03252603124165832,0.59375,0.04115489747208101,0.5338541666666666,0.029318568357285683,0.059895833333333336,0.05245634655855127,0.589238845144357,0.06935543444474442,0.573490813648294,0.012655709660095719,0.015748031496063002,0.05678033504667702,11.951455510924598,0.4438682287668389,0.18029801542440085,0.03961023932792185,0.250093599231542,0.007402152772958197,-0.0697955838071411,0.03752555629514776,2.1092312259165054,0.18746560372224452,0.58984375,0.02376079113397742,0.5364583333333334,0.009830513587592122,0.053385416666666664,0.014788823817188212,13.92096271034744,0.38222105027173536,0.5247516604581781,0.01710505634403084,0.5111709172937656,0.01301845785237605,0.013580743164412434,0.004232287227065807,-0.00022071188147047664,0.010111172373978367,-0.008205083570237215,0.014524615973629636,9.327216482396182,0.33565100520474944,13.92096271034744,0.38222105027173536,5.491854499053452,0.0858981083426412,-0.01740532015810788,0.08502418609736548,-0.017857142857142832,0.07017753644375953,0.008623358408610027,0.0001260075602590025,0.011713779352609144,0.0033457392090507623,316.4954783121745,97.41106766020214,0.011713779352609144,0.0033457392090507623,4931.537127014632,227.41008621959958,24354535.333333332,2230464.2853758796,0.007449782197057033,0.0017051393480804623,2.43162273402369e-05,1.1447070922654827e-06,0.3577469519181851,0.0350771153989952,0.34626197074873266,0.01593956247929251,4931.537127014632,227.41008621959958,0.004263997155552109,0.001655716087602796,1.2870220416516531e-05,5.039058889458385e-07,0.0006236415162372092,2.4789050838530738e-05,0.0010338970715229605,0.0002294055897415916,0.05569708969567718,0.012917819920444306,11657.873374110733,337.25442868306294,628013.6162060377,8040.999287198438,0.8529411764705884,0.10859253880821433,0.12418744878236211,0.7258555065213683,-0.2222953096184501,1.0479721437304943,1.1295337172274731e+17,83065193.79875563,3.388601151682419e+17,3442245422792704.0,21769646112492.46,1.0326736268378112e+16,0.0,0.0,0.0,4779041375928320.0,223047366448227.34,3832507489320960.0,0.0,1878465902417237.2,8407404375020.643,3.557340297084382e+16,1.8576178155946416e+16,1.0672020891253146e+17,1.4852677469359114e+17,1.857617823900999e+16,4.455803240807734e+17,672.9934568467239,24.448089415668353,2018.9803705401719,64.0,0.0,1.0,1.0,1.0,1.0,1.0,0.0,1.0,0.0,1.0
