experiment_id,run_status,seed,method_family,method_variant,selector_solver,selector_feature_method,selector_preconditioner,adam_selection_mode,training_optimizer,reference_composition,included_references,safe_geometry,safe_training_constraint_mode,safe_epsilon_multiplier,safe_cost_gamma,kl_regularization_lambda,learning_rate,weight_decay,sgd_momentum,selection_method_raw,summary_path,target_medqa_accuracy,base_target_medqa_accuracy,medqa_gain,ood_mcq_ood_accuracy,base_ood_mcq_ood_accuracy,ood_mcq_ood_accuracy_delta,bbq_score,bbq_base_score,bbq_score_delta,bbq_heldout_kl,truthfulqa_score,truthfulqa_base_score,truthfulqa_score_delta,truthfulqa_heldout_kl,mmlu_non_medical_score,mmlu_non_medical_base_score,mmlu_non_medical_score_delta,mmlu_non_medical_heldout_kl,ifeval_score,ifeval_base_score,ifeval_score_delta,mean_reference_score_delta,included_reference_score_delta,mean_reference_kl,worst_reference_kl,realized_heldout_kl,reference_performance_degradation,instruction_performance_degradation,safe_epsilon,safe_rho,safe_reference_curvature_q0,safe_effective_cost_c,safe_approximation_error,safe_approximation_error_squared,safe_selected_reference_budget_gap,safe_selected_epsilon_budget_gap,safe_trace_max_reference_budget_ratio,safe_trace_max_norm_budget_ratio,safe_trace_final_approximation_error,selected_predicted_fisher_cost,selected_predicted_norm_cost,trained_lora_fisher_cost,max_incremental_reference_budget_ratio,max_cumulative_reference_budget_ratio,max_incremental_norm_budget_ratio,max_cumulative_norm_budget_ratio,trajectory_spearman_predicted_fisher_vs_realized_kl,trajectory_spearman_realized_kl_vs_medqa_accuracy,trajectory_spearman_realized_kl_vs_reference_degradation,estimated_selection_flops,estimated_sft_flops,estimated_kl_regularization_flops,estimated_trajectory_diagnostic_flops,estimated_trajectory_generation_flops,estimated_extra_eval_kl_flops,estimated_total_flops,estimated_total_flops_including_selection,train_wallclock_seconds,completed_steps,safe_selected_reference_budget_satisfied,safe_selected_epsilon_budget_satisfied,safe_trace_all_reference_budget_satisfied,safe_trace_all_norm_budget_satisfied,all_incremental_reference_constraints_satisfied,all_incremental_norm_constraints_satisfied,all_cumulative_reference_constraints_satisfied,all_cumulative_norm_constraints_satisfied,flops_accounting_complete
setting_2_medqa_medmcqa_reference_coverage_gamma_v1,derived_from_base_evaluation,42,Base,Base model,none,none,none,none,none,all,"bbq,truthfulqa,mmlu_non_medical",none,none,,,0.0,,,,base_model,/workspace/safe-drift/outputs/setting_2_medqa_medmcqa_reference_coverage_gamma_v1/repeat_00/olmo7b_instruct/KR64_KT16/pct25.6/baseline_less_no_reference/training_runs/less_random_sketch_sgd_pct25.6_seed42/summary.json,0.4140625,0.4140625,0.0,0.5,0.5,0.0,0.5826771653543307,0.5826771653543307,0.0,0.0,0.24156189185351593,0.24156189185351593,0.0,0.0,0.53515625,0.53515625,0.0,0.0,0.5234375,0.5234375,0.0,0.0,0.0,0.0,0.0,0.0,0.0,0.0,,,,,,,,,,,,,,,,,,,,,,0.0,0.0,0.0,0.0,0.0,0.0,,,0.0,0.0,,,,,,,,,
setting_2_medqa_medmcqa_reference_coverage_gamma_v1,derived_from_base_evaluation,43,Base,Base model,none,none,none,none,none,all,"bbq,truthfulqa,mmlu_non_medical",none,none,,,0.0,,,,base_model,/workspace/safe-drift/outputs/setting_2_medqa_medmcqa_reference_coverage_gamma_v1/repeat_01/olmo7b_instruct/KR64_KT16/pct25.6/baseline_less_no_reference/training_runs/less_random_sketch_sgd_pct25.6_seed43/summary.json,0.37109375,0.37109375,0.0,0.55078125,0.55078125,0.0,0.5590551181102362,0.5590551181102362,0.0,0.0,0.2548059308998715,0.2548059308998715,0.0,0.0,0.52734375,0.52734375,0.0,0.0,0.5125628140703518,0.5125628140703518,0.0,0.0,0.0,0.0,0.0,0.0,0.0,0.0,,,,,,,,,,,,,,,,,,,,,,0.0,0.0,0.0,0.0,0.0,0.0,,,0.0,0.0,,,,,,,,,
setting_2_medqa_medmcqa_reference_coverage_gamma_v1,derived_from_base_evaluation,44,Base,Base model,none,none,none,none,none,all,"bbq,truthfulqa,mmlu_non_medical",none,none,,,0.0,,,,base_model,/workspace/safe-drift/outputs/setting_2_medqa_medmcqa_reference_coverage_gamma_v1/repeat_02/olmo7b_instruct/KR64_KT16/pct25.6/baseline_less_no_reference/training_runs/less_random_sketch_sgd_pct25.6_seed44/summary.json,0.43359375,0.43359375,0.0,0.55078125,0.55078125,0.0,0.5787401574803149,0.5787401574803149,0.0,0.0,0.2539129749412385,0.2539129749412385,0.0,0.0,0.546875,0.546875,0.0,0.0,0.4975124378109453,0.4975124378109453,0.0,0.0,0.0,0.0,0.0,0.0,0.0,0.0,,,,,,,,,,,,,,,,,,,,,,0.0,0.0,0.0,0.0,0.0,0.0,3.0252009834676224e+16,3.0252009834676224e+16,0.0,0.0,,,,,,,,,
setting_2_medqa_medmcqa_reference_coverage_gamma_v1,complete,42,LESS,LESS,cosine_topk,random_sketch,sgd,none,adamw,,"bbq,truthfulqa,mmlu_non_medical",,none,,,0.0,0.0002,0.0,,less_random_sketch_sgd,/workspace/safe-drift/outputs/setting_2_medqa_medmcqa_reference_coverage_gamma_v1/repeat_00/olmo7b_instruct/KR64_KT16/pct25.6/baseline_less_no_reference/training_runs/less_random_sketch_sgd_pct25.6_seed42/summary.json,0.4296875,0.4140625,0.015625,0.58203125,0.5,0.08203125,0.610236220472441,0.5826771653543307,0.0275590551181103,11.722868621505777,0.18703903819688256,0.24156189185351593,-0.05452285365663337,2.0879136019507802,0.578125,0.53515625,0.04296875,13.889920632044474,0.5208333333333334,0.5234375,-0.0026041666666666297,0.00533498382049231,0.00533498382049231,9.233567618500343,13.889920632044474,5.2816601734535364,0.053600134677515676,-0.050000000000000044,,,,,,,,,,,,,,0.0011286340886726975,,,,,0.9681372549019609,0.7905694150420948,0.6668859288553503,1.1295337162683187e+17,3466464146374656.0,0.0,4994557534576640.0,3832507489320960.0,1874263187226624.0,1.416779235749888e+16,1.2712116398433075e+17,693.5179660599679,64.0,,,,,True,True,True,True,True
setting_2_medqa_medmcqa_reference_coverage_gamma_v1,complete,43,LESS,LESS,cosine_topk,random_sketch,sgd,none,adamw,,"bbq,truthfulqa,mmlu_non_medical",,none,,,0.0,0.0002,0.0,,less_random_sketch_sgd,/workspace/safe-drift/outputs/setting_2_medqa_medmcqa_reference_coverage_gamma_v1/repeat_01/olmo7b_instruct/KR64_KT16/pct25.6/baseline_less_no_reference/training_runs/less_random_sketch_sgd_pct25.6_seed43/summary.json,0.390625,0.37109375,0.01953125,0.56640625,0.55078125,0.015625,0.547244094488189,0.5590551181102362,-0.011811023622047223,11.57765195250824,0.22919710823888392,0.2548059308998715,-0.0256088226609876,1.9704844679829396,0.546875,0.52734375,0.01953125,13.790105412403742,0.5452261306532663,0.5125628140703518,0.03266331658291455,-0.005962865427678275,-0.005962865427678275,9.112747277631641,13.790105412403742,5.590003763635953,-0.010814076463395328,0.08333333333333337,,,,,,,,,,,,,,0.0010980252409353852,,,,,0.9779411764705884,0.22360679774997896,-0.7826237921249264,1.1295337162683187e+17,3493149078650880.0,0.0,4793409119838208.0,3832507489320960.0,1888146002460672.0,1.400721169027072e+16,1.269605833171026e+17,659.791976550594,64.0,,,,,True,True,True,True,True
setting_2_medqa_medmcqa_reference_coverage_gamma_v1,complete,44,LESS,LESS,cosine_topk,random_sketch,sgd,none,adamw,,"bbq,truthfulqa,mmlu_non_medical",,none,,,0.0,0.0002,0.0,,less_random_sketch_sgd,/workspace/safe-drift/outputs/setting_2_medqa_medmcqa_reference_coverage_gamma_v1/repeat_02/olmo7b_instruct/KR64_KT16/pct25.6/baseline_less_no_reference/training_runs/less_random_sketch_sgd_pct25.6_seed44/summary.json,0.43359375,0.43359375,0.0,0.63671875,0.55078125,0.0859375,0.6299212598425197,0.5787401574803149,0.051181102362204745,11.889568436489956,0.1443900309493467,0.2539129749412385,-0.1095229439918918,2.244100844183049,0.58984375,0.546875,0.04296875,13.350073404610157,0.4925373134328358,0.4975124378109453,-0.004975124378109486,-0.005124363876562353,-0.005124363876562353,9.161247561761053,13.350073404610157,5.328156480422387,0.008096890854243755,-0.09523809523809523,,,,,,,,,,,,,,0.001102117239497602,,,,,0.8750000000000001,0.8944271909999159,0.7826237921249264,1.1295337170877445e+17,3469373718429696.0,0.0,4549157473370112.0,3832507489320960.0,1872988517564416.0,4.618574136926208e+16,1.5913911307803654e+17,664.7381874229759,64.0,,,,,True,True,True,True,True
setting_2_medqa_medmcqa_reference_coverage_gamma_v1,complete,42,SAFE,SAFE-(B_K),constrained_greedy,low_rank,adam,post_projection,adamw,B_K,"bbq,mmlu_non_medical",reference,none,0.5,0.01,0.0,0.0002,0.0,,safe_low_rank_adam_reference_constrained_greedy_eta0.0002_metricFplusAlpha_swaps1_feastol1e-06_gamma0.01_epsm0.5_caln64_calseed42,/workspace/safe-drift/outputs/setting_2_medqa_medmcqa_reference_coverage_gamma_v1/repeat_00/olmo7b_instruct/KR64_KT16/pct25.6/safe_reference_hard_constrained_precondadam_refB_K_gamma0.01_epsm0.5/training_runs/safe_low_rank_adam_reference_constrained_greedy_eta0.0002_metricFplusAlpha_swaps1_feastol1e-06_gamma0.01_epsm0.5_caln64_calseed42_pct25.6_seed42/summary.json,0.46875,0.4140625,0.0546875,0.53515625,0.5,0.03515625,0.5433070866141733,0.5826771653543307,-0.03937007874015741,9.077723495603546,0.22978339100520084,0.24156189185351593,-0.011778500848315082,1.216956816988471,0.58203125,0.53515625,0.046875,11.35338701059421,0.5390625,0.5234375,0.015625,-0.001424526529490831,0.003752460629921295,7.2160224410620755,11.35338701059421,3.959610999799242,0.11944285541937605,0.04999999999999999,0.10454075317382813,0.014282104843543824,261.36712646484375,0.014282104843543824,0.39910137742908103,0.1592819094657898,0.00194767145930415,0.00531089765823165,0.9998699532362192,0.02868666387848509,0.39910137742908103,0.012334433384239674,0.00015348687884397805,0.0001531237649032846,0.0019047832718151827,0.010721372415390416,65.21574752648618,430.01537280612064,0.9999999999999998,,,1.2194647633115659e+17,266932453392384.0,0.0,881392506101760.0,1533002995728384.0,1874263187226624.0,3.701730531302605e+16,1.5896378164418266e+17,107.83662445656955,6.0,True,True,True,True,True,False,True,False,True
setting_2_medqa_medmcqa_reference_coverage_gamma_v1,complete,42,SAFE,SAFE-(B_K),constrained_greedy,low_rank,adam,post_projection,adamw,B_K,"bbq,mmlu_non_medical",reference,none,0.5,0.1,0.0,0.0002,0.0,,safe_low_rank_adam_reference_constrained_greedy_eta0.0002_metricFplusAlpha_swaps1_feastol1e-06_gamma0.1_epsm0.5_caln64_calseed42,/workspace/safe-drift/outputs/setting_2_medqa_medmcqa_reference_coverage_gamma_v1/repeat_00/olmo7b_instruct/KR64_KT16/pct25.6/safe_reference_hard_constrained_precondadam_refB_K_gamma0.1_epsm0.5/training_runs/safe_low_rank_adam_reference_constrained_greedy_eta0.0002_metricFplusAlpha_swaps1_feastol1e-06_gamma0.1_epsm0.5_caln64_calseed42_pct25.6_seed42/summary.json,0.4296875,0.4140625,0.015625,0.5,0.5,0.0,0.5118110236220472,0.5826771653543307,-0.07086614173228345,9.702676845660672,0.18863146604222883,0.24156189185351593,-0.052930425811287096,1.5153157154515324,0.54296875,0.53515625,0.0078125,11.94929285099109,0.5338541666666666,0.5234375,0.01041666666666663,-0.03866135584785685,-0.031526820866141725,7.722428470701099,11.94929285099109,4.297385122261796,0.17617604051552566,0.04999999999999999,0.10454075317382813,0.14282104843543825,261.36712646484375,0.14282104843543825,0.8101462235745363,0.6563369035720825,0.0065094428627377465,0.0048209313255520355,0.9999759701194724,0.12052160170422671,0.8101462603608852,0.1363116055727005,0.0006434532115235925,0.00031802471494302154,0.0001921429793782085,0.00222673561374102,65.81961112991661,951.8568888836098,0.9999999999999998,,,1.2194647633115659e+17,505434231275520.0,0.0,1175190008135680.0,1533002995728384.0,1874263187226624.0,3.75496045929431e+16,1.594960809240997e+17,138.0870929788798,10.0,True,True,True,True,True,False,True,False,True
setting_2_medqa_medmcqa_reference_coverage_gamma_v1,complete,42,SAFE,SAFE-(B_K),constrained_greedy,low_rank,adam,post_projection,adamw,B_K,"bbq,mmlu_non_medical",reference,none,0.5,1.0,0.0,0.0002,0.0,,safe_low_rank_adam_reference_constrained_greedy_eta0.0002_metricFplusAlpha_swaps1_feastol1e-06_gamma1_epsm0.5_caln64_calseed42,/workspace/safe-drift/outputs/setting_2_medqa_medmcqa_reference_coverage_gamma_v1/repeat_00/olmo7b_instruct/KR64_KT16/pct25.6/safe_reference_hard_constrained_precondadam_refB_K_gamma1_epsm0.5/training_runs/safe_low_rank_adam_reference_constrained_greedy_eta0.0002_metricFplusAlpha_swaps1_feastol1e-06_gamma1_epsm0.5_caln64_calseed42_pct25.6_seed42/summary.json,0.484375,0.4140625,0.0703125,0.5625,0.5,0.0625,0.5551181102362205,0.5826771653543307,-0.027559055118110187,11.640869218220548,0.13731383033288697,0.24156189185351593,-0.10424806152062896,2.2303866330189264,0.61328125,0.53515625,0.078125,13.707321770489216,0.5390625,0.5234375,0.015625,-0.017894038879579716,0.025282972440944906,9.192859207242897,13.707321770489216,5.378180354249244,0.18865551506396572,-0.09999999999999998,0.10454075317382813,1.4282104843543824,261.36712646484375,1.4282104843543824,1.5279577245606089,2.3346548080444336,0.03431235489118656,0.0001487021519588124,0.9936476242529689,0.9855880611091219,1.527957490504463,1.3938981294631958,0.005315682385116816,0.0008815315086394548,1.8930760811178028e-05,0.000617228005463038,69.44986103230703,2829.16408939317,0.9999999999999999,,0.9999999999999998,1.2194647633115659e+17,2049003771789312.0,0.0,2644177518305280.0,2299504493592576.0,1874263187226624.0,4.132866314149069e+16,1.632751394726473e+17,327.3320782314986,32.0,True,True,True,True,True,False,True,False,True
setting_2_medqa_medmcqa_reference_coverage_gamma_v1,complete,42,SAFE,SAFE-(B_K),constrained_greedy,low_rank,adam,post_projection,adamw,B_K,"bbq,mmlu_non_medical",reference,none,1.0,0.01,0.0,0.0002,0.0,,safe_low_rank_adam_reference_constrained_greedy_eta0.0002_metricFplusAlpha_swaps1_feastol1e-06_gamma0.01_epsm1_caln64_calseed42,/workspace/safe-drift/outputs/setting_2_medqa_medmcqa_reference_coverage_gamma_v1/repeat_00/olmo7b_instruct/KR64_KT16/pct25.6/safe_reference_hard_constrained_precondadam_refB_K_gamma0.01_epsm1/training_runs/safe_low_rank_adam_reference_constrained_greedy_eta0.0002_metricFplusAlpha_swaps1_feastol1e-06_gamma0.01_epsm1_caln64_calseed42_pct25.6_seed42/summary.json,0.43359375,0.4140625,0.01953125,0.5390625,0.5,0.0390625,0.547244094488189,0.5826771653543307,-0.03543307086614167,9.767626351884656,0.19320158118341937,0.24156189185351593,-0.04836031067009655,1.5142464082770453,0.58203125,0.53515625,0.046875,12.015184817214807,0.5286458333333334,0.5234375,0.00520833333333337,-0.012306127178746074,0.005720964566929165,7.765685859125504,12.015184817214807,4.321388113732431,0.10732217932295474,0.04999999999999999,0.20908150634765627,0.057128419374175295,261.36712646484375,0.057128419374175295,0.8075778863977916,0.6521820425987244,0.004785613362736925,0.021407109514817522,0.9999605938240664,0.02092658892307292,0.8075779233011321,0.05234280601143837,0.0004504286334849894,0.0003083790361415595,0.0004760267456455008,0.005397996995536711,16.391899085377172,229.83098595401472,0.9999999999999998,,,1.2194647633115659e+17,440509209133056.0,0.0,1175190008135680.0,1533002995728384.0,1874263187226624.0,3.748467957080064e+16,1.5943115590195725e+17,138.80518341995776,10.0,True,True,True,True,True,False,True,False,True
setting_2_medqa_medmcqa_reference_coverage_gamma_v1,complete,42,SAFE,SAFE-(B_K),constrained_greedy,low_rank,adam,post_projection,adamw,B_K,"bbq,mmlu_non_medical",reference,none,1.0,0.1,0.0,0.0002,0.0,,safe_low_rank_adam_reference_constrained_greedy_eta0.0002_metricFplusAlpha_swaps1_feastol1e-06_gamma0.1_epsm1_caln64_calseed42,/workspace/safe-drift/outputs/setting_2_medqa_medmcqa_reference_coverage_gamma_v1/repeat_00/olmo7b_instruct/KR64_KT16/pct25.6/safe_reference_hard_constrained_precondadam_refB_K_gamma0.1_epsm1/training_runs/safe_low_rank_adam_reference_constrained_greedy_eta0.0002_metricFplusAlpha_swaps1_feastol1e-06_gamma0.1_epsm1_caln64_calseed42_pct25.6_seed42/summary.json,0.44921875,0.4140625,0.03515625,0.53515625,0.5,0.03515625,0.5511811023622047,0.5826771653543307,-0.03149606299212593,10.624001225148598,0.16308079962336394,0.24156189185351593,-0.07848109223015198,1.9017893568287672,0.578125,0.53515625,0.04296875,12.878738686442375,0.5416666666666666,0.5234375,0.01822916666666663,-0.02233613507409264,0.005736343503937036,8.46817642280658,12.878738686442375,4.862291985867071,0.10799422233370748,-0.050000000000000044,0.20908150634765627,0.571284193741753,261.36712646484375,0.571284193741753,1.640786662538278,2.692180871963501,0.013480980145408994,0.019311336921069698,0.9999684580362206,0.11799150424884067,1.640786662538278,0.557803213596344,0.002546201227232814,0.0005715984152629972,4.823661611975735e-05,0.0010005500266324298,16.5849092643649,439.06015563800463,1.0,,0.9999999999999998,1.2194647633115659e+17,958080512409600.0,0.0,1762785012203520.0,2299504493592576.0,1874263187226624.0,3.935634737600922e+16,1.6130282370716582e+17,237.3347859121859,18.0,True,True,True,True,True,False,True,False,True
setting_2_medqa_medmcqa_reference_coverage_gamma_v1,complete,42,SAFE,SAFE-(B_K),constrained_greedy,low_rank,adam,post_projection,adamw,B_K,"bbq,mmlu_non_medical",reference,none,1.0,1.0,0.0,0.0002,0.0,,safe_low_rank_adam_reference_constrained_greedy_eta0.0002_metricFplusAlpha_swaps1_feastol1e-06_gamma1_epsm1_caln64_calseed42,/workspace/safe-drift/outputs/setting_2_medqa_medmcqa_reference_coverage_gamma_v1/repeat_00/olmo7b_instruct/KR64_KT16/pct25.6/safe_reference_hard_constrained_precondadam_refB_K_gamma1_epsm1/training_runs/safe_low_rank_adam_reference_constrained_greedy_eta0.0002_metricFplusAlpha_swaps1_feastol1e-06_gamma1_epsm1_caln64_calseed42_pct25.6_seed42/summary.json,0.421875,0.4140625,0.0078125,0.4921875,0.5,-0.0078125,0.5275590551181102,0.5826771653543307,-0.055118110236220486,11.968696771957116,0.1900952111364154,0.24156189185351593,-0.05146668071710053,2.1268437825422644,0.5390625,0.53515625,0.00390625,13.699721445639929,0.5364583333333334,0.5234375,0.01302083333333337,-0.03422618031777367,-0.025605930118110243,9.26508733337977,13.699721445639929,5.337437779295678,0.10095640720765708,-0.09999999999999998,0.20908150634765627,5.712841937417529,261.36712646484375,5.712841937417529,3.9985625545239887,15.988502502441406,0.9128794168181642,0.0025613111252970264,0.8480423335322987,0.8881575093704519,3.9985625545239887,4.799962520599365,0.019296227023005486,0.0011298512108623981,3.803164402570319e-06,0.00019777393165075797,19.80136471533355,1015.2155708052725,0.8725490196078433,-0.5773502691896257,0.0,1.2194647633115659e+17,3551839303532544.0,0.0,4994557534576640.0,3832507489320960.0,1874263187226624.0,4.671488168523366e+16,1.6866135801639027e+17,684.9286770503968,62.0,True,True,True,True,True,False,True,False,True
setting_2_medqa_medmcqa_reference_coverage_gamma_v1,complete,42,SAFE,SAFE-(B_K),constrained_greedy,low_rank,adam,post_projection,adamw,B_K,"bbq,mmlu_non_medical",reference,none,2.0,0.01,0.0,0.0002,0.0,,safe_low_rank_adam_reference_constrained_greedy_eta0.0002_metricFplusAlpha_swaps1_feastol1e-06_gamma0.01_epsm2_caln64_calseed42,/workspace/safe-drift/outputs/setting_2_medqa_medmcqa_reference_coverage_gamma_v1/repeat_00/olmo7b_instruct/KR64_KT16/pct25.6/safe_reference_hard_constrained_precondadam_refB_K_gamma0.01_epsm2/training_runs/safe_low_rank_adam_reference_constrained_greedy_eta0.0002_metricFplusAlpha_swaps1_feastol1e-06_gamma0.01_epsm2_caln64_calseed42_pct25.6_seed42/summary.json,0.41796875,0.4140625,0.00390625,0.50390625,0.5,0.00390625,0.515748031496063,0.5826771653543307,-0.06692913385826771,10.592526007824995,0.17232174537216252,0.24156189185351593,-0.0692401464813534,1.824850723629615,0.5703125,0.53515625,0.03515625,12.613574236631393,0.5390625,0.5234375,0.015625,-0.033671010113207035,-0.015886441929133854,8.343650322695334,12.613574236631393,4.74819042635899,0.21784270718219234,-0.09999999999999998,0.41816301269531253,0.22851367749670118,261.36712646484375,0.22851367749670118,1.628331657078224,2.6514639854431152,0.010771502632885871,0.08587257495897979,0.9998440000319291,0.018074318651980403,1.628331657078224,0.2177421748638153,0.001557577634230256,0.0005087199970148504,0.0001198731183106676,0.002226212463900303,4.1229373684388015,96.5865874375795,0.9999999999999998,,,1.2194647633115659e+17,840450670755840.0,0.0,1468987510169600.0,1533002995728384.0,1874263187226624.0,3.817841853445734e+16,1.6012489486561395e+17,177.39855205267668,16.0,True,True,True,True,True,False,True,False,True
setting_2_medqa_medmcqa_reference_coverage_gamma_v1,complete,42,SAFE,SAFE-(B_K),constrained_greedy,low_rank,adam,post_projection,adamw,B_K,"bbq,mmlu_non_medical",reference,none,2.0,0.1,0.0,0.0002,0.0,,safe_low_rank_adam_reference_constrained_greedy_eta0.0002_metricFplusAlpha_swaps1_feastol1e-06_gamma0.1_epsm2_caln64_calseed42,/workspace/safe-drift/outputs/setting_2_medqa_medmcqa_reference_coverage_gamma_v1/repeat_00/olmo7b_instruct/KR64_KT16/pct25.6/safe_reference_hard_constrained_precondadam_refB_K_gamma0.1_epsm2/training_runs/safe_low_rank_adam_reference_constrained_greedy_eta0.0002_metricFplusAlpha_swaps1_feastol1e-06_gamma0.1_epsm2_caln64_calseed42_pct25.6_seed42/summary.json,0.46875,0.4140625,0.0546875,0.54296875,0.5,0.04296875,0.5551181102362205,0.5826771653543307,-0.027559055118110187,11.794300081848785,0.17104120353183083,0.24156189185351593,-0.0705206883216851,2.1439171409576376,0.59375,0.53515625,0.05859375,13.79285159210364,0.5390625,0.5234375,0.015625,-0.013161997813265094,0.015517347440944906,9.24368960497002,13.79285159210364,5.367576187732173,0.09284270718219234,-0.050000000000000044,0.41816301269531253,2.285136774967012,261.36712646484375,2.285136774967012,3.2896442397222816,10.821759223937988,0.02578432936459496,0.07723704680617124,0.9999956893380084,0.11731561215750609,3.2896442397222816,2.259352445602417,0.010193105787038803,0.0008671118412166834,9.616025742701294e-06,0.00037945730457609084,4.994646107279365,178.92200256047468,1.0,,0.19999999999999996,1.2194647633115659e+17,1981834222632960.0,0.0,2937975020339200.0,3066005991456768.0,1874263187226624.0,4.232179259223245e+16,1.6426826892338906e+17,440.6207893528044,36.0,True,True,True,True,True,False,True,False,True
setting_2_medqa_medmcqa_reference_coverage_gamma_v1,complete,42,SAFE,SAFE-(B_K),constrained_greedy,low_rank,adam,post_projection,adamw,B_K,"bbq,mmlu_non_medical",reference,none,2.0,1.0,0.0,0.0002,0.0,,safe_low_rank_adam_reference_constrained_greedy_eta0.0002_metricFplusAlpha_swaps1_feastol1e-06_gamma1_epsm2_caln64_calseed42,/workspace/safe-drift/outputs/setting_2_medqa_medmcqa_reference_coverage_gamma_v1/repeat_00/olmo7b_instruct/KR64_KT16/pct25.6/safe_reference_hard_constrained_precondadam_refB_K_gamma1_epsm2/training_runs/safe_low_rank_adam_reference_constrained_greedy_eta0.0002_metricFplusAlpha_swaps1_feastol1e-06_gamma1_epsm2_caln64_calseed42_pct25.6_seed42/summary.json,0.44921875,0.4140625,0.03515625,0.5859375,0.5,0.0859375,0.6377952755905512,0.5826771653543307,0.055118110236220486,11.905448205201958,0.16382825194347292,0.24156189185351593,-0.077733639910043,2.1651629403935377,0.58203125,0.53515625,0.046875,14.012510843575,0.5338541666666666,0.5234375,0.01041666666666663,0.008086490108725827,0.05099655511811024,9.361040663056832,14.012510843575,5.414919460521025,0.08038804472752992,-0.0,0.41816301269531253,22.851367749670118,261.36712646484375,22.851367749670118,13.842820801561386,191.62368774414062,14.618772305944532,0.05525851949866087,0.3618580101167327,0.36901592661985594,13.842820801561386,8.232595443725586,0.03217163309454918,0.0011744865914806724,9.574162834200661e-07,5.13967743352092e-05,4.964610000036907,266.27077108105703,0.9509803921568629,-0.7905694150420948,0.051298917604257706,1.2194647633115659e+17,3476107299471360.0,0.0,4994557534576640.0,3832507489320960.0,1874263187226624.0,4.663914968117248e+16,1.685856260123291e+17,687.1549022290856,64.0,True,True,True,True,True,False,True,False,True
setting_2_medqa_medmcqa_reference_coverage_gamma_v1,complete,42,SAFE,SAFE-(B_K),greedy_marginal,low_rank,sgd,none,adamw,B_K,"bbq,mmlu_non_medical",reference,none,0.5,0.01,0.0,0.0002,0.0,,safe_low_rank_sgd_reference_greedy_marginal_eta0.0002_metricFplusAlpha_gamma0.01_epsm0.5_caln64_calseed42,/workspace/safe-drift/outputs/setting_2_medqa_medmcqa_reference_coverage_gamma_v1/repeat_00/olmo7b_instruct/KR64_KT16/pct25.6/safe_reference_precondsgd_refB_K_gamma0.01_epsm0.5/training_runs/safe_low_rank_sgd_reference_greedy_marginal_eta0.0002_metricFplusAlpha_gamma0.01_epsm0.5_caln64_calseed42_pct25.6_seed42/summary.json,0.3984375,0.4140625,-0.015625,0.390625,0.5,-0.109375,0.35826771653543305,0.5826771653543307,-0.22440944881889763,12.128660307155819,0.13560031488602609,0.24156189185351593,-0.10596157696748984,2.2426442281056276,0.5,0.53515625,-0.03515625,14.111951005955538,0.5494791666666666,0.5234375,0.02604166666666663,-0.12184242526212914,-0.1297828494094488,9.494418513738994,14.111951005955538,5.5521459766462735,0.2348344705171147,-0.09999999999999998,0.0021359737396240237,9.847034148103791e-06,431.66180419921875,9.847034148103791e-06,0.03814045049224244,0.0014546939637511969,-0.0007543428941563002,-1.1009417192014365e-06,77.60600067801387,1.4826168790327552,0.03814045049224244,0.000764189928304404,3.382133627383155e-06,0.0012340596877038479,2.2143709455982514,125.32298244761205,190591.9886176264,11110224.795302104,0.9803921568627453,-0.20519567041703082,0.0,1.1295337162683187e+17,3145413652758528.0,0.0,4994557534576640.0,3832507489320960.0,1874263187226624.0,1.3846741863882752e+16,1.2680011349071462e+17,704.9689887166023,64.0,False,False,False,False,False,False,False,False,True
setting_2_medqa_medmcqa_reference_coverage_gamma_v1,complete,43,SAFE,SAFE-(B_K),greedy_marginal,low_rank,sgd,none,adamw,B_K,"bbq,mmlu_non_medical",reference,none,0.5,0.01,0.0,0.0002,0.0,,safe_low_rank_sgd_reference_greedy_marginal_eta0.0002_metricFplusAlpha_gamma0.01_epsm0.5_caln64_calseed43,/workspace/safe-drift/outputs/setting_2_medqa_medmcqa_reference_coverage_gamma_v1/repeat_01/olmo7b_instruct/KR64_KT16/pct25.6/safe_reference_precondsgd_refB_K_gamma0.01_epsm0.5/training_runs/safe_low_rank_sgd_reference_greedy_marginal_eta0.0002_metricFplusAlpha_gamma0.01_epsm0.5_caln64_calseed43_pct25.6_seed43/summary.json,0.41015625,0.37109375,0.0390625,0.5,0.55078125,-0.05078125,0.46062992125984253,0.5590551181102362,-0.09842519685039369,11.605407196705736,0.16805152056886738,0.2548059308998715,-0.08675441033100414,2.062387202439893,0.56640625,0.52734375,0.0390625,13.650043422977129,0.5376884422110553,0.5125628140703518,0.025125628140703515,-0.04870570239379928,-0.029681348425196846,9.105945940707587,13.650043422977129,5.688068290551503,0.018029447478167815,0.04166666666666674,0.0021583358764648442,6.468232662640082e-06,277.7010803222656,6.468232662640082e-06,0.02784647692185636,0.0007754262769594789,-0.00038941574801016645,-1.1731599027768233e-06,61.20432826114047,1.5036735525510827,0.02784647692185636,0.0003958839806728065,3.502366780594457e-06,0.0011546547757461667,3.1834358574718675,178.51163307951904,182899.59563507757,10465716.825220665,0.931372549019608,0.28867513459481287,0.15389675281277312,1.1295337162683187e+17,3201526828105728.0,0.0,4793409119838208.0,3832507489320960.0,1888146002460672.0,1.3715589439725568e+16,1.2666896106655744e+17,649.2508641593158,64.0,False,False,False,False,False,False,False,False,True
setting_2_medqa_medmcqa_reference_coverage_gamma_v1,complete,44,SAFE,SAFE-(B_K),greedy_marginal,low_rank,sgd,none,adamw,B_K,"bbq,mmlu_non_medical",reference,none,0.5,0.01,0.0,0.0002,0.0,,safe_low_rank_sgd_reference_greedy_marginal_eta0.0002_metricFplusAlpha_gamma0.01_epsm0.5_caln64_calseed44,/workspace/safe-drift/outputs/setting_2_medqa_medmcqa_reference_coverage_gamma_v1/repeat_02/olmo7b_instruct/KR64_KT16/pct25.6/safe_reference_precondsgd_refB_K_gamma0.01_epsm0.5/training_runs/safe_low_rank_sgd_reference_greedy_marginal_eta0.0002_metricFplusAlpha_gamma0.01_epsm0.5_caln64_calseed44_pct25.6_seed44/summary.json,0.44921875,0.43359375,0.015625,0.46484375,0.55078125,-0.0859375,0.4448818897637795,0.5787401574803149,-0.13385826771653542,12.547727574826538,0.12642589264506884,0.2539129749412385,-0.12748708229616965,2.340110669287163,0.56640625,0.546875,0.01953125,14.368232433994612,0.5,0.4975124378109453,0.002487562189054715,-0.08060470000423502,-0.05716350885826771,9.752023559369437,14.368232433994612,5.60968843790201,0.12627870903606195,-0.1428571428571428,0.0021919071197509764,5.716016657280233e-06,237.94642639160156,5.716016657280233e-06,0.027361828711346774,0.0007486696704290807,-0.0003686765023492254,-1.1052038005284709e-06,65.49883496545928,1.4600744023991274,0.027361828711346774,0.0003743925190065056,3.5074322113359813e-06,0.0011544631561264396,3.6394842377442043,201.96987261330875,181290.26358874032,10371902.152267266,0.9779411764705884,0.9746794344808964,0.6668859288553503,1.1295337177070501e+17,3224637143285760.0,0.0,4549157473370112.0,3832507489320960.0,1872988517564416.0,4.594100479411814e+16,1.5889437656482317e+17,692.0859771240503,64.0,False,False,False,False,False,False,False,False,True
setting_2_medqa_medmcqa_reference_coverage_gamma_v1,complete,42,SAFE,SAFE-(B_K),greedy_marginal,low_rank,sgd,none,adamw,B_K,"bbq,mmlu_non_medical",reference,none,0.5,0.1,0.0,0.0002,0.0,,safe_low_rank_sgd_reference_greedy_marginal_eta0.0002_metricFplusAlpha_gamma0.1_epsm0.5_caln64_calseed42,/workspace/safe-drift/outputs/setting_2_medqa_medmcqa_reference_coverage_gamma_v1/repeat_00/olmo7b_instruct/KR64_KT16/pct25.6/safe_reference_precondsgd_refB_K_gamma0.1_epsm0.5/training_runs/safe_low_rank_sgd_reference_greedy_marginal_eta0.0002_metricFplusAlpha_gamma0.1_epsm0.5_caln64_calseed42_pct25.6_seed42/summary.json,0.4453125,0.4140625,0.03125,0.49609375,0.5,-0.00390625,0.484251968503937,0.5826771653543307,-0.09842519685039369,11.569885446643578,0.13267776695762695,0.24156189185351593,-0.10888412489588897,2.2871006532037765,0.578125,0.53515625,0.04296875,13.861498611668745,0.5494791666666666,0.5234375,0.02604166666666663,-0.05478019058209422,-0.027728223425196846,9.2394949038387,13.861498611668745,5.421747955621457,0.1723344705171147,-0.0,0.0021418948173522953,6.561483018684653e-05,286.0458984375,6.561483018684653e-05,0.03077991076342021,0.0009474029066041112,-0.0005211471464053962,-1.4150945218442523e-06,8.942531336487388,1.6169062431804757,0.03077991076342021,0.0005867619765922427,3.7089512261445634e-06,0.0012196620227769017,0.32819898810944387,18.58820664937728,189303.22426634163,11061571.9777489,0.8897058823529413,-0.22360679774997896,0.22360679774997896,1.1295337162683187e+17,3300369147346944.0,0.0,4994557534576640.0,3832507489320960.0,1874263187226624.0,1.4001697358471168e+16,1.2695506898530304e+17,682.6448745187372,64.0,False,False,False,False,True,False,False,False,True
setting_2_medqa_medmcqa_reference_coverage_gamma_v1,complete,43,SAFE,SAFE-(B_K),greedy_marginal,low_rank,sgd,none,adamw,B_K,"bbq,mmlu_non_medical",reference,none,0.5,0.1,0.0,0.0002,0.0,,safe_low_rank_sgd_reference_greedy_marginal_eta0.0002_metricFplusAlpha_gamma0.1_epsm0.5_caln64_calseed43,/workspace/safe-drift/outputs/setting_2_medqa_medmcqa_reference_coverage_gamma_v1/repeat_01/olmo7b_instruct/KR64_KT16/pct25.6/safe_reference_precondsgd_refB_K_gamma0.1_epsm0.5/training_runs/safe_low_rank_sgd_reference_greedy_marginal_eta0.0002_metricFplusAlpha_gamma0.1_epsm0.5_caln64_calseed43_pct25.6_seed43/summary.json,0.41796875,0.37109375,0.046875,0.5,0.55078125,-0.05078125,0.4448818897637795,0.5590551181102362,-0.11417322834645671,12.10460071113166,0.15785728216015238,0.2548059308998715,-0.09694864873971915,2.288016397675874,0.5625,0.52734375,0.03515625,14.479276202619076,0.5251256281407035,0.5125628140703518,0.012562814070351758,-0.058655209028725286,-0.039508489173228356,9.623964437142204,14.479276202619076,6.016416072845459,0.10390453825521934,0.04166666666666674,0.0021303730964660644,6.023337930917549e-05,265.43359375,6.023337930917549e-05,0.03078258843404528,0.0009475677506998181,-0.0005140048697915693,-1.3290746160529992e-06,9.53356200731869,1.5856902862614402,0.03078258843404528,0.0005742382491007447,3.5983193811262026e-06,0.0011781507637351751,0.34401709989430185,19.55976532028487,187644.79828188365,11334017.467467051,0.9926470588235295,0.6324555320336759,0.4472135954999579,1.1295337162683187e+17,3410766624178176.0,0.0,4793409119838208.0,3832507489320960.0,1888146002460672.0,1.3924829235798016e+16,1.2687820086262989e+17,630.2614730857313,64.0,False,False,False,False,True,False,False,False,True
setting_2_medqa_medmcqa_reference_coverage_gamma_v1,complete,44,SAFE,SAFE-(B_K),greedy_marginal,low_rank,sgd,none,adamw,B_K,"bbq,mmlu_non_medical",reference,none,0.5,0.1,0.0,0.0002,0.0,,safe_low_rank_sgd_reference_greedy_marginal_eta0.0002_metricFplusAlpha_gamma0.1_epsm0.5_caln64_calseed44,/workspace/safe-drift/outputs/setting_2_medqa_medmcqa_reference_coverage_gamma_v1/repeat_02/olmo7b_instruct/KR64_KT16/pct25.6/safe_reference_precondsgd_refB_K_gamma0.1_epsm0.5/training_runs/safe_low_rank_sgd_reference_greedy_marginal_eta0.0002_metricFplusAlpha_gamma0.1_epsm0.5_caln64_calseed44_pct25.6_seed44/summary.json,0.4765625,0.43359375,0.04296875,0.50390625,0.55078125,-0.046875,0.4645669291338583,0.5787401574803149,-0.11417322834645666,11.88841610255204,0.14335470516108856,0.2539129749412385,-0.11055826978014993,2.0924930243346997,0.58203125,0.546875,0.03515625,13.518704379598299,0.5,0.4975124378109453,0.002487562189054715,-0.06319174937553552,-0.03950848917322833,9.166537835495012,13.518704379598299,5.231067208143381,0.008096890854243755,-0.1428571428571428,0.0021919071197509764,5.716016657280233e-05,237.94642639160156,5.716016657280233e-05,0.03186454964526652,0.0010153495240956545,-0.0005042857266813288,-1.2961456193291093e-06,9.82233492956443,1.5395596911175524,0.03186454964526652,0.0005614458932541311,3.6983740301366197e-06,0.001119454624131322,0.35592182228293223,19.584523475898603,177628.66071969442,9892779.968438663,0.9240196078431374,0.35909242322980395,0.6324555320336759,1.1295337177070501e+17,3467627975196672.0,0.0,4549157473370112.0,3832507489320960.0,1872988517564416.0,4.618399562602906e+16,1.5913736739673408e+17,669.9552536588162,64.0,False,False,False,False,True,False,False,False,True
setting_2_medqa_medmcqa_reference_coverage_gamma_v1,complete,42,SAFE,SAFE-(B_K),greedy_marginal,low_rank,sgd,none,adamw,B_K,"bbq,mmlu_non_medical",reference,none,0.5,1.0,0.0,0.0002,0.0,,safe_low_rank_sgd_reference_greedy_marginal_eta0.0002_metricFplusAlpha_gamma1_epsm0.5_caln64_calseed42,/workspace/safe-drift/outputs/setting_2_medqa_medmcqa_reference_coverage_gamma_v1/repeat_00/olmo7b_instruct/KR64_KT16/pct25.6/safe_reference_precondsgd_refB_K_gamma1_epsm0.5/training_runs/safe_low_rank_sgd_reference_greedy_marginal_eta0.0002_metricFplusAlpha_gamma1_epsm0.5_caln64_calseed42_pct25.6_seed42/summary.json,0.46484375,0.4140625,0.05078125,0.53125,0.5,0.03125,0.5196850393700787,0.5826771653543307,-0.06299212598425197,11.731749877529195,0.14951490639931536,0.24156189185351593,-0.09204698545420056,2.2743261228651237,0.59765625,0.53515625,0.0625,13.608310749133429,0.5520833333333334,0.5234375,0.02864583333333337,-0.030846370479484176,-0.0002460629921259838,9.204795583175915,13.608310749133429,5.438883959078321,0.20284260935941917,-0.050000000000000044,0.0021584694862365724,0.0006726727522415848,288.7633056640625,0.0006726727522415848,1392.352505653651,1938645.5,-0.00046989590120783136,-2.4920126389804452e-06,1.6985482706751425,2.0697650603367657,1392.352505653651,0.0011425686534494162,4.8215079004876316e-06,0.0011839134385809302,0.030511591031415593,1.760013966130945,179406.62281778848,10617976.387098862,0.9338235294117648,0.22360679774997896,0.15389675281277312,1.1295337162683187e+17,3640955339046912.0,0.0,4994557534576640.0,3832507489320960.0,1874263187226624.0,1.4342283550171136e+16,1.27295655177003e+17,690.646022984758,64.0,False,False,False,False,True,False,False,False,True
setting_2_medqa_medmcqa_reference_coverage_gamma_v1,complete,43,SAFE,SAFE-(B_K),greedy_marginal,low_rank,sgd,none,adamw,B_K,"bbq,mmlu_non_medical",reference,none,0.5,1.0,0.0,0.0002,0.0,,safe_low_rank_sgd_reference_greedy_marginal_eta0.0002_metricFplusAlpha_gamma1_epsm0.5_caln64_calseed43,/workspace/safe-drift/outputs/setting_2_medqa_medmcqa_reference_coverage_gamma_v1/repeat_01/olmo7b_instruct/KR64_KT16/pct25.6/safe_reference_precondsgd_refB_K_gamma1_epsm0.5/training_runs/safe_low_rank_sgd_reference_greedy_marginal_eta0.0002_metricFplusAlpha_gamma1_epsm0.5_caln64_calseed43_pct25.6_seed43/summary.json,0.4296875,0.37109375,0.05859375,0.5546875,0.55078125,0.00390625,0.5118110236220472,0.5590551181102362,-0.047244094488189003,11.843206197883827,0.15893091181020896,0.2548059308998715,-0.09587501908966256,2.1538829194021747,0.6015625,0.52734375,0.07421875,14.3369563271602,0.5201005025125628,0.5125628140703518,0.007537688442211032,-0.022966787859283855,0.013487327755905498,9.4446818148154,14.3369563271602,5.860500946640968,0.02057120492188602,0.08333333333333337,0.0021583358764648442,0.0006468232662640082,277.7010803222656,0.0006468232662640082,1390.9347576360294,1934699.5,-0.00046382430594046247,-2.3871461547457137e-06,1.7170789902114825,2.02487510984098,1390.9347576360294,0.0011106475722044706,4.716353032563347e-06,0.0011583507293835282,0.03235888247988088,1.7908303392889,185729.8226827358,10411202.94453269,0.9926470588235295,0.7905694150420948,0.7826237921249264,1.1295337162683187e+17,3667557140692992.0,0.0,4793409119838208.0,3832507489320960.0,1888146002460672.0,1.4181619752312832e+16,1.271349913791447e+17,632.8981098011136,64.0,False,False,False,False,True,False,False,False,True
setting_2_medqa_medmcqa_reference_coverage_gamma_v1,complete,44,SAFE,SAFE-(B_K),greedy_marginal,low_rank,sgd,none,adamw,B_K,"bbq,mmlu_non_medical",reference,none,0.5,1.0,0.0,0.0002,0.0,,safe_low_rank_sgd_reference_greedy_marginal_eta0.0002_metricFplusAlpha_gamma1_epsm0.5_caln64_calseed44,/workspace/safe-drift/outputs/setting_2_medqa_medmcqa_reference_coverage_gamma_v1/repeat_02/olmo7b_instruct/KR64_KT16/pct25.6/safe_reference_precondsgd_refB_K_gamma1_epsm0.5/training_runs/safe_low_rank_sgd_reference_greedy_marginal_eta0.0002_metricFplusAlpha_gamma1_epsm0.5_caln64_calseed44_pct25.6_seed44/summary.json,0.4765625,0.43359375,0.04296875,0.515625,0.55078125,-0.03515625,0.4645669291338583,0.5787401574803149,-0.11417322834645666,12.081774105862996,0.12619431037880655,0.2539129749412385,-0.12771866456243194,2.24823800366165,0.58984375,0.546875,0.04296875,13.48156063258648,0.5,0.4975124378109453,0.002487562189054715,-0.06630771430296287,-0.03560223917322833,9.270524247370375,13.48156063258648,5.364163499612075,0.026278709036061942,-0.09523809523809523,0.0021919071197509764,0.0005716016657280233,237.94642639160156,0.0005716016657280233,1409.9711876488825,1988018.75,-0.0004329447493327353,-2.2624212122020987e-06,1.7574208212838007,1.9418010385788356,1409.9711876488825,0.0010045464150607586,4.664649623009609e-06,0.001161830616183579,0.03508772600199403,2.0325878769156622,174179.7606956562,10419504.317019189,0.9093137254901962,0.09999999999999998,0.7826237921249264,1.1295337177070501e+17,3679029167652864.0,0.0,4549157473370112.0,3832507489320960.0,1872988517564416.0,4.639539681848525e+16,1.5934876858919027e+17,684.733931530267,64.0,False,False,False,False,True,False,False,False,True
setting_2_medqa_medmcqa_reference_coverage_gamma_v1,complete,42,SAFE,SAFE-(B_K),greedy_marginal,low_rank,sgd,none,adamw,B_K,"bbq,mmlu_non_medical",reference,none,1.0,0.01,0.0,0.0002,0.0,,safe_low_rank_sgd_reference_greedy_marginal_eta0.0002_metricFplusAlpha_gamma0.01_epsm1_caln64_calseed42,/workspace/safe-drift/outputs/setting_2_medqa_medmcqa_reference_coverage_gamma_v1/repeat_00/olmo7b_instruct/KR64_KT16/pct25.6/safe_reference_precondsgd_refB_K_gamma0.01_epsm1/training_runs/safe_low_rank_sgd_reference_greedy_marginal_eta0.0002_metricFplusAlpha_gamma0.01_epsm1_caln64_calseed42_pct25.6_seed42/summary.json,0.41015625,0.4140625,-0.00390625,0.49609375,0.5,-0.00390625,0.452755905511811,0.5826771653543307,-0.12992125984251968,12.10570139647156,0.12674011022253115,0.24156189185351593,-0.11482178163098478,2.428067843832293,0.55859375,0.53515625,0.0234375,14.227448150515556,0.5546875,0.5234375,0.03125,-0.07376851382450149,-0.05324187992125984,9.58707246360647,14.227448150515556,5.716974221023858,0.17432570906749306,-0.09999999999999998,0.004283789634704591,2.6245932074738613e-05,286.0458984375,2.6245932074738613e-05,0.028899408308871707,0.0008351758006028831,-0.00040623771610808564,5.519696947267678e-06,16.478121140878986,0.398426137853352,0.028899408308871707,0.00043248364818282425,3.655729869933566e-06,0.0011831785086542368,0.809228314536876,45.080453050209314,46689.589374292846,2669703.218381518,0.9583333333333335,-0.20519567041703082,0.051298917604257706,1.1295337162683187e+17,3110665049358336.0,0.0,4994557534576640.0,3832507489320960.0,1874263187226624.0,1.381199326048256e+16,1.2676536488731443e+17,681.1989012714475,64.0,False,True,False,True,True,False,False,False,True
setting_2_medqa_medmcqa_reference_coverage_gamma_v1,complete,43,SAFE,SAFE-(B_K),greedy_marginal,low_rank,sgd,none,adamw,B_K,"bbq,mmlu_non_medical",reference,none,1.0,0.01,0.0,0.0002,0.0,,safe_low_rank_sgd_reference_greedy_marginal_eta0.0002_metricFplusAlpha_gamma0.01_epsm1_caln64_calseed43,/workspace/safe-drift/outputs/setting_2_medqa_medmcqa_reference_coverage_gamma_v1/repeat_01/olmo7b_instruct/KR64_KT16/pct25.6/safe_reference_precondsgd_refB_K_gamma0.01_epsm1/training_runs/safe_low_rank_sgd_reference_greedy_marginal_eta0.0002_metricFplusAlpha_gamma0.01_epsm1_caln64_calseed43_pct25.6_seed43/summary.json,0.39453125,0.37109375,0.0234375,0.453125,0.55078125,-0.09765625,0.42913385826771655,0.5590551181102362,-0.12992125984251968,11.558788146872534,0.14382745690683948,0.2548059308998715,-0.11097847399303204,2.3400262000856293,0.546875,0.52734375,0.01953125,13.887234960993132,0.5376884422110553,0.5125628140703518,0.025125628140703515,-0.07378949461185057,-0.05519500492125984,9.262016435983766,13.887234960993132,5.844090297818184,0.018029447478167815,0.04166666666666674,0.0043166717529296884,2.5872930650560328e-05,277.7010803222656,2.5872930650560328e-05,0.030255496954180155,0.0009153950959444046,-0.00042974575981594794,5.706612848939844e-06,17.609857901775037,0.3874939895542154,0.030255496954180155,0.00045561869046650827,3.6102146623306908e-06,0.0011600842699408531,0.7914713867784899,44.83776057722047,45813.18156663582,2697207.7454888215,0.9338235294117648,-0.051298917604257706,0.20519567041703082,1.1295337162683187e+17,3244754755780608.0,0.0,4793409119838208.0,3832507489320960.0,1888146002460672.0,1.3758817367400448e+16,1.2671218899423232e+17,648.7470905818045,64.0,False,True,False,True,True,False,False,False,True
setting_2_medqa_medmcqa_reference_coverage_gamma_v1,complete,44,SAFE,SAFE-(B_K),greedy_marginal,low_rank,sgd,none,adamw,B_K,"bbq,mmlu_non_medical",reference,none,1.0,0.01,0.0,0.0002,0.0,,safe_low_rank_sgd_reference_greedy_marginal_eta0.0002_metricFplusAlpha_gamma0.01_epsm1_caln64_calseed44,/workspace/safe-drift/outputs/setting_2_medqa_medmcqa_reference_coverage_gamma_v1/repeat_02/olmo7b_instruct/KR64_KT16/pct25.6/safe_reference_precondsgd_refB_K_gamma0.01_epsm1/training_runs/safe_low_rank_sgd_reference_greedy_marginal_eta0.0002_metricFplusAlpha_gamma0.01_epsm1_caln64_calseed44_pct25.6_seed44/summary.json,0.4765625,0.43359375,0.04296875,0.51171875,0.55078125,-0.0390625,0.48031496062992124,0.5787401574803149,-0.09842519685039369,12.243947847621648,0.1501903401158544,0.2539129749412385,-0.1037226348253841,2.066286789948266,0.578125,0.546875,0.03125,13.700324666996798,0.5024875621890548,0.4975124378109453,0.004975124378109486,-0.056965943891925934,-0.033587598425196846,9.336853101522237,13.700324666996798,5.308445389454182,0.008096890854243755,-0.19047619047619047,0.004383814239501953,2.2864066629120932e-05,237.94642639160156,2.2864066629120932e-05,0.030143652828698318,0.0009086398058570921,-0.0004110436901856122,6.013783405275606e-06,18.977705542173368,0.37414533748956985,0.030143652828698318,0.00043390775681473315,3.595130237954436e-06,0.0011454815976321697,0.8951630963931676,50.09964396155238,44271.76794022092,2534042.3224387965,0.9509803921568629,0.6999999999999998,0.5642880936468347,1.1295337177070501e+17,3284906850140160.0,0.0,4549157473370112.0,3832507489320960.0,1872988517564416.0,4.600127450097254e+16,1.5895464627167757e+17,662.1989987976849,64.0,False,True,False,True,True,False,False,False,True
setting_2_medqa_medmcqa_reference_coverage_gamma_v1,complete,42,SAFE,SAFE-(B_K),greedy_marginal,low_rank,sgd,none,adamw,B_K,"bbq,mmlu_non_medical",reference,none,1.0,0.1,0.0,0.0002,0.0,,safe_low_rank_sgd_reference_greedy_marginal_eta0.0002_metricFplusAlpha_gamma0.1_epsm1_caln64_calseed42,/workspace/safe-drift/outputs/setting_2_medqa_medmcqa_reference_coverage_gamma_v1/repeat_00/olmo7b_instruct/KR64_KT16/pct25.6/safe_reference_precondsgd_refB_K_gamma0.1_epsm1/training_runs/safe_low_rank_sgd_reference_greedy_marginal_eta0.0002_metricFplusAlpha_gamma0.1_epsm1_caln64_calseed42_pct25.6_seed42/summary.json,0.44921875,0.4140625,0.03515625,0.53515625,0.5,0.03515625,0.5433070866141733,0.5826771653543307,-0.03937007874015741,10.869015075403249,0.14168007067379917,0.24156189185351593,-0.09988182117971675,2.2972045804934025,0.59375,0.53515625,0.05859375,13.084902554750443,0.5520833333333334,0.5234375,0.02864583333333337,-0.026886049973291387,0.009611835629921295,8.750374070215697,13.084902554750443,5.208672673094506,0.17812437953283017,-0.0,0.004283789634704591,0.0002624593207473861,286.0458984375,0.0002624593207473861,0.0365935635401115,0.0013390888925641775,-0.0006397991792437626,4.462896390869449e-06,3.43771019256798,0.5136034018054809,0.0365935635401115,0.0009022584999911487,4.712530426331796e-06,0.0012236322509124875,0.08187942164720588,4.662178685169343,46855.526183171125,2757340.3040490923,0.681372549019608,0.7181848464596079,0.051298917604257706,1.1295337162683187e+17,3406277570150400.0,0.0,4994557534576640.0,3832507489320960.0,1874263187226624.0,1.4107605781274624e+16,1.270609774081065e+17,673.014962496236,64.0,False,True,False,True,True,False,False,False,True
setting_2_medqa_medmcqa_reference_coverage_gamma_v1,complete,43,SAFE,SAFE-(B_K),greedy_marginal,low_rank,sgd,none,adamw,B_K,"bbq,mmlu_non_medical",reference,none,1.0,0.1,0.0,0.0002,0.0,,safe_low_rank_sgd_reference_greedy_marginal_eta0.0002_metricFplusAlpha_gamma0.1_epsm1_caln64_calseed43,/workspace/safe-drift/outputs/setting_2_medqa_medmcqa_reference_coverage_gamma_v1/repeat_01/olmo7b_instruct/KR64_KT16/pct25.6/safe_reference_precondsgd_refB_K_gamma0.1_epsm1/training_runs/safe_low_rank_sgd_reference_greedy_marginal_eta0.0002_metricFplusAlpha_gamma0.1_epsm1_caln64_calseed43_pct25.6_seed43/summary.json,0.4296875,0.37109375,0.05859375,0.515625,0.55078125,-0.03515625,0.4645669291338583,0.5590551181102362,-0.09448818897637795,12.10742236560411,0.16944847624127413,0.2548059308998715,-0.0853574546585974,2.198296724563236,0.59375,0.52734375,0.06640625,14.172054221232733,0.5326633165829145,0.5125628140703518,0.02010050251256279,-0.03781313121165845,-0.014040969488188976,9.492591103800025,14.172054221232733,5.912423719962438,0.018029447478167815,0.125,0.0043166717529296884,0.0002587293065056033,277.7010803222656,0.0002587293065056033,0.03815969026288649,0.0014561619609594345,-0.0006596017256476157,4.628829340277011e-06,3.5493877253511066,0.5031753743774335,0.03815969026288649,0.000918331032153219,4.687998170993524e-06,0.0011603015009313822,0.08029825208298974,4.484615664929529,45587.13458727256,2609397.0458988636,0.931372549019608,0.6324555320336759,0.8944271909999159,1.1295337162683187e+17,3459979957223424.0,0.0,4793409119838208.0,3832507489320960.0,1888146002460672.0,1.3974042568843264e+16,1.2692741419567514e+17,673.5990967061371,64.0,False,True,False,True,True,False,False,False,True
setting_2_medqa_medmcqa_reference_coverage_gamma_v1,complete,44,SAFE,SAFE-(B_K),greedy_marginal,low_rank,sgd,none,adamw,B_K,"bbq,mmlu_non_medical",reference,none,1.0,0.1,0.0,0.0002,0.0,,safe_low_rank_sgd_reference_greedy_marginal_eta0.0002_metricFplusAlpha_gamma0.1_epsm1_caln64_calseed44,/workspace/safe-drift/outputs/setting_2_medqa_medmcqa_reference_coverage_gamma_v1/repeat_02/olmo7b_instruct/KR64_KT16/pct25.6/safe_reference_precondsgd_refB_K_gamma0.1_epsm1/training_runs/safe_low_rank_sgd_reference_greedy_marginal_eta0.0002_metricFplusAlpha_gamma0.1_epsm1_caln64_calseed44_pct25.6_seed44/summary.json,0.484375,0.43359375,0.05078125,0.5078125,0.55078125,-0.04296875,0.4645669291338583,0.5787401574803149,-0.11417322834645666,12.26666254008536,0.13562119788053312,0.2539129749412385,-0.11829177706070537,2.274364048910246,0.58984375,0.546875,0.04296875,13.666165915628275,0.5049751243781094,0.4975124378109453,0.007462686567164145,-0.063165418469054,-0.03560223917322833,9.402397501541293,13.666165915628275,5.398002037635217,0.10809689085424376,-0.04761904761904756,0.004383814239501953,0.00022864066629120933,237.94642639160156,0.00022864066629120933,0.038684161659512675,0.0014964643632993102,-0.0006033648540600218,4.973542018912556e-06,3.638914739152481,0.4824032972325999,0.038684161659512675,0.0008320055203512311,4.635371624317486e-06,0.0011639059521257877,0.09018570756351986,5.090546537523527,44822.31721573081,2601205.2586421617,0.9019607843137256,0.35909242322980395,0.6668859288553503,1.1295337177070501e+17,3586255384412160.0,0.0,4549157473370112.0,3832507489320960.0,1872988517564416.0,4.630262303524454e+16,1.5925599480594957e+17,682.7058255076408,64.0,False,True,False,True,True,False,False,False,True
setting_2_medqa_medmcqa_reference_coverage_gamma_v1,complete,42,SAFE,SAFE-(B_K),greedy_marginal,low_rank,sgd,none,adamw,B_K,"bbq,mmlu_non_medical",reference,none,1.0,1.0,0.0,0.0002,0.0,,safe_low_rank_sgd_reference_greedy_marginal_eta0.0002_metricFplusAlpha_gamma1_epsm1_caln64_calseed42,/workspace/safe-drift/outputs/setting_2_medqa_medmcqa_reference_coverage_gamma_v1/repeat_00/olmo7b_instruct/KR64_KT16/pct25.6/safe_reference_precondsgd_refB_K_gamma1_epsm1/training_runs/safe_low_rank_sgd_reference_greedy_marginal_eta0.0002_metricFplusAlpha_gamma1_epsm1_caln64_calseed42_pct25.6_seed42/summary.json,0.47265625,0.4140625,0.05859375,0.5703125,0.5,0.0703125,0.5393700787401575,0.5826771653543307,-0.04330708661417315,12.379393081965409,0.15601020675018543,0.24156189185351593,-0.0855516851033305,2.3483887502529117,0.625,0.53515625,0.08984375,14.357789049545923,0.5390625,0.5234375,0.015625,-0.013005007239167884,0.023268331692913424,9.695190293921415,14.357789049545923,5.683050987767238,0.1098344705171147,-0.0,0.004283789634704591,0.002624593207473861,286.0458984375,0.002624593207473861,1638.753565976288,2685513.25,0.0005488784498078694,1.1667411629973714e-06,0.7908713054072762,0.8728406660265577,1638.753565976288,0.0020757147576659918,8.008685654203873e-06,0.0012025096220895648,0.008319732259282477,0.4581699055934712,47134.420719937756,2669351.076879182,0.9142156862745099,-0.28867513459481287,0.0,1.1295337162683187e+17,3667307748802560.0,0.0,4994557534576640.0,3832507489320960.0,1874263187226624.0,1.4368635959926784e+16,1.2732200758675866e+17,693.5752962231636,64.0,True,True,True,True,True,False,True,False,True
setting_2_medqa_medmcqa_reference_coverage_gamma_v1,complete,43,SAFE,SAFE-(B_K),greedy_marginal,low_rank,sgd,none,adamw,B_K,"bbq,mmlu_non_medical",reference,none,1.0,1.0,0.0,0.0002,0.0,,safe_low_rank_sgd_reference_greedy_marginal_eta0.0002_metricFplusAlpha_gamma1_epsm1_caln64_calseed43,/workspace/safe-drift/outputs/setting_2_medqa_medmcqa_reference_coverage_gamma_v1/repeat_01/olmo7b_instruct/KR64_KT16/pct25.6/safe_reference_precondsgd_refB_K_gamma1_epsm1/training_runs/safe_low_rank_sgd_reference_greedy_marginal_eta0.0002_metricFplusAlpha_gamma1_epsm1_caln64_calseed43_pct25.6_seed43/summary.json,0.44921875,0.37109375,0.078125,0.56640625,0.55078125,0.015625,0.5551181102362205,0.5590551181102362,-0.003937007874015741,12.009259426687645,0.16422279848919463,0.2548059308998715,-0.09058313241067689,2.1787676028739815,0.578125,0.52734375,0.05078125,14.260727296272913,0.5376884422110553,0.5125628140703518,0.025125628140703515,-0.014579630094897544,0.02342212106299213,9.482918108611512,14.260727296272913,5.924485504627228,-0.003238318887637759,0.08333333333333337,0.0043166717529296884,0.0025872930650560327,277.7010803222656,0.0025872930650560327,1700.4421483837666,2891503.5,0.0005310792707799144,1.4332283013802993e-06,0.7947351067005504,0.8461677754958404,1700.4421483837666,0.0020562137942761183,7.883599209890235e-06,0.001159951207228005,0.008042754248144905,0.4483261764561194,46024.55582047884,2619091.39593904,0.8700980392156864,0.7071067811865475,0.11180339887498948,1.1295337162683187e+17,3672129325350912.0,0.0,4793409119838208.0,3832507489320960.0,1888146002460672.0,1.4186191936970752e+16,1.2713956356380262e+17,682.4264708738774,64.0,True,True,True,True,True,False,True,False,True
setting_2_medqa_medmcqa_reference_coverage_gamma_v1,complete,44,SAFE,SAFE-(B_K),greedy_marginal,low_rank,sgd,none,adamw,B_K,"bbq,mmlu_non_medical",reference,none,1.0,1.0,0.0,0.0002,0.0,,safe_low_rank_sgd_reference_greedy_marginal_eta0.0002_metricFplusAlpha_gamma1_epsm1_caln64_calseed44,/workspace/safe-drift/outputs/setting_2_medqa_medmcqa_reference_coverage_gamma_v1/repeat_02/olmo7b_instruct/KR64_KT16/pct25.6/safe_reference_precondsgd_refB_K_gamma1_epsm1/training_runs/safe_low_rank_sgd_reference_greedy_marginal_eta0.0002_metricFplusAlpha_gamma1_epsm1_caln64_calseed44_pct25.6_seed44/summary.json,0.4453125,0.43359375,0.01171875,0.515625,0.55078125,-0.03515625,0.468503937007874,0.5787401574803149,-0.11023622047244092,12.271051119005898,0.13528288498117405,0.2539129749412385,-0.11863008996006444,2.3823332072875325,0.59375,0.546875,0.046875,14.059114476044973,0.5049751243781094,0.4975124378109453,0.007462686567164145,-0.060663770144168454,-0.03168061023622046,9.570832934112802,14.059114476044973,5.5354012342599725,0.12627870903606195,-0.04761904761904756,0.004383814239501953,0.002286406662912093,237.94642639160156,0.002286406662912093,1819.794287824863,3311651.25,0.000517610191033207,2.189492789536305e-06,0.7736145753546506,0.7721394040127615,1819.794287824863,0.0017687964718788862,7.419420853693737e-06,0.0011837545316666365,0.009070954061662395,0.5177357776586172,44632.15318050252,2659614.6384622143,0.8700980392156864,0.35909242322980395,0.6668859288553503,1.1295337177070501e+17,3729323198889984.0,0.0,4549157473370112.0,3832507489320960.0,1872988517564416.0,4.644569084972237e+16,1.593990626204274e+17,658.1920362487435,64.0,True,True,True,True,True,False,True,False,True
setting_2_medqa_medmcqa_reference_coverage_gamma_v1,complete,42,SAFE,SAFE-(B_K),greedy_marginal,low_rank,sgd,none,adamw,B_K,"bbq,mmlu_non_medical",reference,none,2.0,0.01,0.0,0.0002,0.0,,safe_low_rank_sgd_reference_greedy_marginal_eta0.0002_metricFplusAlpha_gamma0.01_epsm2_caln64_calseed42,/workspace/safe-drift/outputs/setting_2_medqa_medmcqa_reference_coverage_gamma_v1/repeat_00/olmo7b_instruct/KR64_KT16/pct25.6/safe_reference_precondsgd_refB_K_gamma0.01_epsm2/training_runs/safe_low_rank_sgd_reference_greedy_marginal_eta0.0002_metricFplusAlpha_gamma0.01_epsm2_caln64_calseed42_pct25.6_seed42/summary.json,0.43359375,0.4140625,0.01953125,0.484375,0.5,-0.015625,0.46062992125984253,0.5826771653543307,-0.12204724409448814,11.353537662135647,0.145027835826,0.24156189185351593,-0.09653405602751591,2.1534471013766763,0.57421875,0.53515625,0.0390625,13.413802745441595,0.5494791666666666,0.5234375,0.02604166666666663,-0.05983960004066802,-0.04149237204724407,8.973595836317973,13.413802745441595,5.25179947123808,0.20022111309001,-0.09999999999999998,0.008567579269409181,0.00010498372829895445,286.0458984375,0.00010498372829895445,0.03962184414655539,0.0015698905335739255,-0.000458873417308517,3.264958777552421e-05,5.370905364217621,0.11040683921330587,0.03962184414655539,0.0005638571456074715,4.05211949328077e-06,0.0012116892030462623,0.20839799905858802,11.54168577053983,11933.123053518222,669138.8046248959,0.8700980392156864,-0.15389675281277312,0.22360679774997896,1.1295337162683187e+17,3163452999499776.0,0.0,4994557534576640.0,3832507489320960.0,1874263187226624.0,1.3864781210624e+16,1.2681815283745587e+17,690.8459031656384,64.0,False,True,False,True,True,False,False,False,True
setting_2_medqa_medmcqa_reference_coverage_gamma_v1,complete,43,SAFE,SAFE-(B_K),greedy_marginal,low_rank,sgd,none,adamw,B_K,"bbq,mmlu_non_medical",reference,none,2.0,0.01,0.0,0.0002,0.0,,safe_low_rank_sgd_reference_greedy_marginal_eta0.0002_metricFplusAlpha_gamma0.01_epsm2_caln64_calseed43,/workspace/safe-drift/outputs/setting_2_medqa_medmcqa_reference_coverage_gamma_v1/repeat_01/olmo7b_instruct/KR64_KT16/pct25.6/safe_reference_precondsgd_refB_K_gamma0.01_epsm2/training_runs/safe_low_rank_sgd_reference_greedy_marginal_eta0.0002_metricFplusAlpha_gamma0.01_epsm2_caln64_calseed43_pct25.6_seed43/summary.json,0.39453125,0.37109375,0.0234375,0.4921875,0.55078125,-0.05859375,0.4566929133858268,0.5590551181102362,-0.10236220472440943,12.164963126495442,0.1615799710317256,0.2548059308998715,-0.09322595986814591,2.203088558401599,0.52734375,0.52734375,0.0,14.560541634758314,0.5301507537688442,0.5125628140703518,0.017587939698492483,-0.06519605486418512,-0.05118110236220472,9.642864439885118,14.560541634758314,6.027446006735166,0.02057120492188602,0.04166666666666674,0.008633343505859377,0.00010349172260224131,277.7010803222656,0.00010349172260224131,0.04268667444307709,0.0018221521750092506,-0.000504133975137181,3.326985982357759e-05,5.871251490376745,0.1072642542933431,0.04268667444307709,0.0006076256977394223,3.9974502215045504e-06,0.0011719902977347374,0.2002763988633107,11.324483429840559,11561.815822838053,676298.8856788512,0.9754901960784315,-0.15389675281277312,0.7071067811865475,1.1295337162683187e+17,3311508651786240.0,0.0,4793409119838208.0,3832507489320960.0,1888146002460672.0,1.382557126340608e+16,1.2677894289023795e+17,644.6507496479899,64.0,False,True,False,True,True,False,False,False,True
setting_2_medqa_medmcqa_reference_coverage_gamma_v1,complete,44,SAFE,SAFE-(B_K),greedy_marginal,low_rank,sgd,none,adamw,B_K,"bbq,mmlu_non_medical",reference,none,2.0,0.01,0.0,0.0002,0.0,,safe_low_rank_sgd_reference_greedy_marginal_eta0.0002_metricFplusAlpha_gamma0.01_epsm2_caln64_calseed44,/workspace/safe-drift/outputs/setting_2_medqa_medmcqa_reference_coverage_gamma_v1/repeat_02/olmo7b_instruct/KR64_KT16/pct25.6/safe_reference_precondsgd_refB_K_gamma0.01_epsm2/training_runs/safe_low_rank_sgd_reference_greedy_marginal_eta0.0002_metricFplusAlpha_gamma0.01_epsm2_caln64_calseed44_pct25.6_seed44/summary.json,0.4375,0.43359375,0.00390625,0.50390625,0.55078125,-0.046875,0.4645669291338583,0.5787401574803149,-0.11417322834645666,11.760256647125004,0.14982993799893768,0.2539129749412385,-0.10408303694230081,2.0460938165507274,0.58203125,0.546875,0.03515625,13.298045719663302,0.5149253731343284,0.4975124378109453,0.017412935323383116,-0.061033338429585825,-0.03950848917322833,9.034798727779679,13.298045719663302,5.175192704567542,0.008096890854243755,-0.09523809523809523,0.008767628479003906,9.145626651648373e-05,237.94642639160156,9.145626651648373e-05,0.04295857943113977,0.0018454395467415452,-0.00047021442472409514,3.4471830189529564e-05,6.141423042475935,0.10312883772723136,0.04295857943113977,0.0005616706912405789,3.963824383390602e-06,0.001156039535999298,0.22879833056809823,12.640353472016463,11330.282472337833,643152.5140898513,0.9828431372549021,0.8207826816681233,0.4999999999999999,1.1295337177070501e+17,3396468155793408.0,0.0,4549157473370112.0,3832507489320960.0,1872988517564416.0,4.611283580662579e+16,1.590662075773308e+17,679.8074348270893,64.0,False,True,False,True,True,False,False,False,True
setting_2_medqa_medmcqa_reference_coverage_gamma_v1,complete,42,SAFE,SAFE-(B_K),greedy_marginal,low_rank,sgd,none,adamw,B_K,"bbq,mmlu_non_medical",reference,none,2.0,0.1,0.0,0.0002,0.0,,safe_low_rank_sgd_reference_greedy_marginal_eta0.0002_metricFplusAlpha_gamma0.1_epsm2_caln64_calseed42,/workspace/safe-drift/outputs/setting_2_medqa_medmcqa_reference_coverage_gamma_v1/repeat_00/olmo7b_instruct/KR64_KT16/pct25.6/safe_reference_precondsgd_refB_K_gamma0.1_epsm2/training_runs/safe_low_rank_sgd_reference_greedy_marginal_eta0.0002_metricFplusAlpha_gamma0.1_epsm2_caln64_calseed42_pct25.6_seed42/summary.json,0.46484375,0.4140625,0.05078125,0.5546875,0.5,0.0546875,0.5196850393700787,0.5826771653543307,-0.06299212598425197,11.420466931160353,0.15745320202115126,0.24156189185351593,-0.08410868983236466,2.1658540966800297,0.6015625,0.53515625,0.06640625,13.473208534220854,0.5442708333333334,0.5234375,0.02083333333333337,-0.026898188605538876,0.0017070620078740162,9.019843187353745,13.473208534220854,5.27470454047708,0.12519109420790397,-0.0,0.008567579269409181,0.0010498372829895444,286.0458984375,0.0010498372829895444,0.06791980971019267,0.004613100551068783,-0.0006973419113639764,2.8871628184135272e-05,1.664237091714169,0.2133437288712988,0.06791980971019267,0.0017471791943535209,7.830079084669705e-06,0.00120284513104707,0.020932154781941225,1.1457443458493077,11854.298359616321,656887.0243033573,0.9485294117647061,0.0,0.19999999999999996,1.1295337162683187e+17,3449339236564992.0,0.0,4994557534576640.0,3832507489320960.0,1874263187226624.0,1.4150667447689216e+16,1.2710403907452109e+17,674.9401755984873,64.0,False,True,False,True,True,False,False,False,True
setting_2_medqa_medmcqa_reference_coverage_gamma_v1,complete,43,SAFE,SAFE-(B_K),greedy_marginal,low_rank,sgd,none,adamw,B_K,"bbq,mmlu_non_medical",reference,none,2.0,0.1,0.0,0.0002,0.0,,safe_low_rank_sgd_reference_greedy_marginal_eta0.0002_metricFplusAlpha_gamma0.1_epsm2_caln64_calseed43,/workspace/safe-drift/outputs/setting_2_medqa_medmcqa_reference_coverage_gamma_v1/repeat_01/olmo7b_instruct/KR64_KT16/pct25.6/safe_reference_precondsgd_refB_K_gamma0.1_epsm2/training_runs/safe_low_rank_sgd_reference_greedy_marginal_eta0.0002_metricFplusAlpha_gamma0.1_epsm2_caln64_calseed43_pct25.6_seed43/summary.json,0.4375,0.37109375,0.06640625,0.52734375,0.55078125,-0.0234375,0.4763779527559055,0.5590551181102362,-0.08267716535433073,12.296718925315878,0.16257092671811263,0.2548059308998715,-0.0922350041817589,2.4426945433374696,0.6015625,0.52734375,0.07421875,14.477125545342764,0.535175879396985,0.5125628140703518,0.022613065326633208,-0.03356447317869654,-0.004229207677165364,9.738846337998703,14.477125545342764,6.146946335832278,0.018029447478167815,0.08333333333333337,0.008534867477416993,0.001549733857628361,425.4941101074219,0.001549733857628361,0.08111945402749682,0.00658036582171917,-0.0005837268577847325,3.0886538377049805e-05,1.376662497293178,0.15198083229894102,0.08111945402749682,0.0021334607154130936,5.535443051485345e-06,0.0011584180174395442,0.013218269761440403,0.7474948112783262,11608.597174856217,678345.6246174093,0.9779411764705884,0.7181848464596079,0.051298917604257706,1.1295337177070501e+17,3548264686436352.0,0.0,4793409119838208.0,3832507489320960.0,1888146002460672.0,4.652404146863309e+16,1.594774132393381e+17,667.6346479766071,64.0,False,True,False,True,True,False,True,False,True
setting_2_medqa_medmcqa_reference_coverage_gamma_v1,complete,44,SAFE,SAFE-(B_K),greedy_marginal,low_rank,sgd,none,adamw,B_K,"bbq,mmlu_non_medical",reference,none,2.0,0.1,0.0,0.0002,0.0,,safe_low_rank_sgd_reference_greedy_marginal_eta0.0002_metricFplusAlpha_gamma0.1_epsm2_caln64_calseed44,/workspace/safe-drift/outputs/setting_2_medqa_medmcqa_reference_coverage_gamma_v1/repeat_02/olmo7b_instruct/KR64_KT16/pct25.6/safe_reference_precondsgd_refB_K_gamma0.1_epsm2/training_runs/safe_low_rank_sgd_reference_greedy_marginal_eta0.0002_metricFplusAlpha_gamma0.1_epsm2_caln64_calseed44_pct25.6_seed44/summary.json,0.44921875,0.43359375,0.015625,0.5625,0.55078125,0.01171875,0.5275590551181102,0.5787401574803149,-0.051181102362204745,12.088497850212837,0.13848758397647032,0.2539129749412385,-0.11542539096476817,2.293819812909914,0.59765625,0.546875,0.05078125,13.872556331257025,0.5,0.4975124378109453,0.002487562189054715,-0.0386084144423243,-0.00019992618110237226,9.418291331459924,13.872556331257025,5.433880989368145,-0.08281220005484713,-0.04761904761904756,0.008767628479003906,0.0009145626651648373,237.94642639160156,0.0009145626651648373,0.07443808470735788,0.005541028454899788,-0.0006463521306809097,3.1083617726933435e-05,1.7067334354274037,0.19128168695653247,0.07443808470735788,0.001560914795845747,7.352036845986731e-06,0.0011648263316601515,0.022468351946695227,1.2736429946549452,11235.401278713398,644808.4823459975,0.9681372549019609,0.7999999999999998,-0.4472135954999579,1.1295337177070501e+17,3630979663429632.0,0.0,4549157473370112.0,3832507489320960.0,1872988517564416.0,4.634734731426202e+16,1.5930071908496704e+17,674.4412972033024,64.0,False,True,False,True,True,False,False,False,True
setting_2_medqa_medmcqa_reference_coverage_gamma_v1,complete,42,SAFE,SAFE-(B_K),greedy_marginal,low_rank,sgd,none,adamw,B_K,"bbq,mmlu_non_medical",reference,none,2.0,1.0,0.0,0.0002,0.0,,safe_low_rank_sgd_reference_greedy_marginal_eta0.0002_metricFplusAlpha_gamma1_epsm2_caln64_calseed42,/workspace/safe-drift/outputs/setting_2_medqa_medmcqa_reference_coverage_gamma_v1/repeat_00/olmo7b_instruct/KR64_KT16/pct25.6/safe_reference_precondsgd_refB_K_gamma1_epsm2/training_runs/safe_low_rank_sgd_reference_greedy_marginal_eta0.0002_metricFplusAlpha_gamma1_epsm2_caln64_calseed42_pct25.6_seed42/summary.json,0.4609375,0.4140625,0.046875,0.59765625,0.5,0.09765625,0.6456692913385826,0.5826771653543307,0.06299212598425197,11.843990621291434,0.16607826226981207,0.24156189185351593,-0.07548362958370386,2.1320778456531784,0.578125,0.53515625,0.04296875,13.870564542710781,0.5416666666666666,0.5234375,0.01822916666666663,0.010159082133516037,0.052980437992125984,9.282211003218464,13.870564542710781,5.4061148587395165,0.07522111309001,-0.0,0.008567579269409181,0.010498372829895445,286.0458984375,0.010498372829895445,4687.44706636779,21972160.0,0.007007536470334955,2.332560861876301e-05,0.33251164669497596,0.3644543985944526,4687.44706636779,0.0034908363595604897,1.3376098650041968e-05,0.0011748997494578362,0.00209084921261309,0.11191255716430269,11844.36254889054,634524.4278680343,0.9534313725490198,-0.7071067811865475,0.9746794344808964,1.1295337162683187e+17,3422571173658624.0,0.0,4994557534576640.0,3832507489320960.0,1874263187226624.0,1.4123899384782848e+16,1.2707727101161472e+17,725.2106405999511,64.0,True,True,True,True,True,False,True,False,True
setting_2_medqa_medmcqa_reference_coverage_gamma_v1,complete,43,SAFE,SAFE-(B_K),greedy_marginal,low_rank,sgd,none,adamw,B_K,"bbq,mmlu_non_medical",reference,none,2.0,1.0,0.0,0.0002,0.0,,safe_low_rank_sgd_reference_greedy_marginal_eta0.0002_metricFplusAlpha_gamma1_epsm2_caln64_calseed43,/workspace/safe-drift/outputs/setting_2_medqa_medmcqa_reference_coverage_gamma_v1/repeat_01/olmo7b_instruct/KR64_KT16/pct25.6/safe_reference_precondsgd_refB_K_gamma1_epsm2/training_runs/safe_low_rank_sgd_reference_greedy_marginal_eta0.0002_metricFplusAlpha_gamma1_epsm2_caln64_calseed43_pct25.6_seed43/summary.json,0.40234375,0.37109375,0.03125,0.55078125,0.55078125,0.0,0.5118110236220472,0.5590551181102362,-0.047244094488189003,11.571186253404992,0.22505520299175363,0.2548059308998715,-0.02975072790811789,1.911389363983463,0.57421875,0.52734375,0.046875,13.566440910100937,0.5251256281407035,0.5125628140703518,0.012562814070351758,-0.010039940798768965,-0.00018454724409450174,9.016338842496465,13.566440910100937,5.491538435220718,-0.035533964418577424,0.04166666666666674,0.008534867477416993,0.01549733857628361,425.4941101074219,0.01549733857628361,4969.734801777656,24698264.0,0.00933247487064854,2.405367112016022e-05,0.3978015969384527,0.3395836751123282,4969.734801777656,0.006164863705635071,1.236831030837493e-05,0.0011156720574945211,0.001358994372643985,0.07199120365105094,11860.697850342478,619025.4389542314,0.7377450980392158,0.6324555320336759,-0.9746794344808964,1.1295337177070501e+17,3438532254646272.0,0.0,4793409119838208.0,3832507489320960.0,1888146002460672.0,4.641430903684301e+16,1.5936768080754803e+17,686.6466090753675,64.0,True,True,True,True,True,False,True,False,True
setting_2_medqa_medmcqa_reference_coverage_gamma_v1,complete,44,SAFE,SAFE-(B_K),greedy_marginal,low_rank,sgd,none,adamw,B_K,"bbq,mmlu_non_medical",reference,none,2.0,1.0,0.0,0.0002,0.0,,safe_low_rank_sgd_reference_greedy_marginal_eta0.0002_metricFplusAlpha_gamma1_epsm2_caln64_calseed44,/workspace/safe-drift/outputs/setting_2_medqa_medmcqa_reference_coverage_gamma_v1/repeat_02/olmo7b_instruct/KR64_KT16/pct25.6/safe_reference_precondsgd_refB_K_gamma1_epsm2/training_runs/safe_low_rank_sgd_reference_greedy_marginal_eta0.0002_metricFplusAlpha_gamma1_epsm2_caln64_calseed44_pct25.6_seed44/summary.json,0.41796875,0.43359375,-0.015625,0.6328125,0.55078125,0.08203125,0.610236220472441,0.5787401574803149,0.03149606299212604,12.43918965807737,0.14976058101163695,0.2539129749412385,-0.10415239392960154,2.284226468112875,0.6171875,0.546875,0.0703125,14.325882678230604,0.5074626865671642,0.4975124378109453,0.009950248756218916,-0.0007812769791585017,0.05090428149606302,9.683099601473616,14.325882678230604,5.57791020320012,-0.09190310914575622,-0.09523809523809523,0.008767628479003906,0.009145626651648373,237.94642639160156,0.009145626651648373,5137.4295128984495,26393182.0,0.006009335250187606,2.556940228178747e-05,0.3429276121211267,0.3347478385394173,5137.4295128984495,0.003136291401460767,1.2866252291132696e-05,0.0011327710235491395,0.0022579866555548877,0.12385931185425912,11268.559723099183,630490.9817958473,0.8676470588235295,0.4472135954999579,-0.6668859288553503,1.1295337177070501e+17,3465632840073216.0,0.0,4549157473370112.0,3832507489320960.0,1872988517564416.0,4.61820004909056e+16,1.5913537226161062e+17,672.0128357801586,64.0,True,True,True,True,True,False,True,False,True
setting_2_medqa_medmcqa_reference_coverage_gamma_v1,complete,42,SAFE,SAFE-(B_T),constrained_greedy,low_rank,adam,post_projection,adamw,B_T,"bbq,truthfulqa",reference,none,0.5,0.01,0.0,0.0002,0.0,,safe_low_rank_adam_reference_constrained_greedy_eta0.0002_metricFplusAlpha_swaps1_feastol1e-06_gamma0.01_epsm0.5_caln64_calseed42,/workspace/safe-drift/outputs/setting_2_medqa_medmcqa_reference_coverage_gamma_v1/repeat_00/olmo7b_instruct/KR64_KT16/pct25.6/safe_reference_hard_constrained_precondadam_refB_T_gamma0.01_epsm0.5/training_runs/safe_low_rank_adam_reference_constrained_greedy_eta0.0002_metricFplusAlpha_swaps1_feastol1e-06_gamma0.01_epsm0.5_caln64_calseed42_pct25.6_seed42/summary.json,0.46875,0.4140625,0.0546875,0.53515625,0.5,0.03515625,0.5433070866141733,0.5826771653543307,-0.03937007874015741,9.077723495603546,0.22978339100520084,0.24156189185351593,-0.011778500848315082,1.216956816988471,0.58203125,0.53515625,0.046875,11.35338701059421,0.5390625,0.5234375,0.015625,-0.001424526529490831,-0.025574289794236246,7.2160224410620755,11.35338701059421,3.959610999799242,0.11944285541937605,0.04999999999999999,0.10454075317382813,0.014282104843543824,261.36712646484375,0.014282104843543824,0.39910137742908103,0.1592819094657898,0.00194767145930415,0.00531089765823165,0.9998699532362192,0.02868666387848509,0.39910137742908103,0.012334433384239674,0.00015348687884397805,7.716174877714366e-05,0.0009694301763791502,0.0054026874625573386,65.21574752648618,430.01537280612064,0.9999999999999998,,,1.2194647633115659e+17,266932453392384.0,0.0,881392506101760.0,1533002995728384.0,1874263187226624.0,3.701730531302605e+16,1.5896378164418266e+17,109.70101583003998,6.0,True,True,True,True,True,False,True,False,True
setting_2_medqa_medmcqa_reference_coverage_gamma_v1,complete,42,SAFE,SAFE-(B_T),constrained_greedy,low_rank,adam,post_projection,adamw,B_T,"bbq,truthfulqa",reference,none,0.5,0.1,0.0,0.0002,0.0,,safe_low_rank_adam_reference_constrained_greedy_eta0.0002_metricFplusAlpha_swaps1_feastol1e-06_gamma0.1_epsm0.5_caln64_calseed42,/workspace/safe-drift/outputs/setting_2_medqa_medmcqa_reference_coverage_gamma_v1/repeat_00/olmo7b_instruct/KR64_KT16/pct25.6/safe_reference_hard_constrained_precondadam_refB_T_gamma0.1_epsm0.5/training_runs/safe_low_rank_adam_reference_constrained_greedy_eta0.0002_metricFplusAlpha_swaps1_feastol1e-06_gamma0.1_epsm0.5_caln64_calseed42_pct25.6_seed42/summary.json,0.4296875,0.4140625,0.015625,0.5,0.5,0.0,0.5118110236220472,0.5826771653543307,-0.07086614173228345,9.702676845660672,0.18863146604222883,0.24156189185351593,-0.052930425811287096,1.5153157154515324,0.54296875,0.53515625,0.0078125,11.94929285099109,0.5338541666666666,0.5234375,0.01041666666666663,-0.03866135584785685,-0.06189828377178527,7.722428470701099,11.94929285099109,4.297385122261796,0.17617604051552566,0.04999999999999999,0.10454075317382813,0.14282104843543825,261.36712646484375,0.14282104843543825,0.8101462235745363,0.6563369035720825,0.0065094428627377465,0.0048209313255520355,0.9999759701194724,0.12052160170422671,0.8101462603608852,0.1363116055727005,0.0006434532115235925,0.00015887338668107986,9.784857019475665e-05,0.0011123947654879318,65.81961112991661,951.8568888836098,0.9999999999999998,,,1.2194647633115659e+17,505434231275520.0,0.0,1175190008135680.0,1533002995728384.0,1874263187226624.0,3.75496045929431e+16,1.594960809240997e+17,134.44057244248688,10.0,True,True,True,True,True,False,True,False,True
setting_2_medqa_medmcqa_reference_coverage_gamma_v1,complete,42,SAFE,SAFE-(B_T),constrained_greedy,low_rank,adam,post_projection,adamw,B_T,"bbq,truthfulqa",reference,none,0.5,1.0,0.0,0.0002,0.0,,safe_low_rank_adam_reference_constrained_greedy_eta0.0002_metricFplusAlpha_swaps1_feastol1e-06_gamma1_epsm0.5_caln64_calseed42,/workspace/safe-drift/outputs/setting_2_medqa_medmcqa_reference_coverage_gamma_v1/repeat_00/olmo7b_instruct/KR64_KT16/pct25.6/safe_reference_hard_constrained_precondadam_refB_T_gamma1_epsm0.5/training_runs/safe_low_rank_adam_reference_constrained_greedy_eta0.0002_metricFplusAlpha_swaps1_feastol1e-06_gamma1_epsm0.5_caln64_calseed42_pct25.6_seed42/summary.json,0.484375,0.4140625,0.0703125,0.5625,0.5,0.0625,0.5551181102362205,0.5826771653543307,-0.027559055118110187,11.640869218220548,0.13731383033288697,0.24156189185351593,-0.10424806152062896,2.2303866330189264,0.61328125,0.53515625,0.078125,13.707321770489216,0.5390625,0.5234375,0.015625,-0.017894038879579716,-0.06590355831936957,9.192859207242897,13.707321770489216,5.378180354249244,0.18865551506396572,-0.09999999999999998,0.10454075317382813,1.4282104843543824,261.36712646484375,1.4282104843543824,1.5279577245606089,2.3346548080444336,0.03431235489118656,0.0001487021519588124,0.9936476242529689,0.9855880611091219,1.527957490504463,1.3938981294631958,0.005315682385116816,0.0004422110796440393,9.654973188695525e-06,0.00030962598614723045,69.44986103230703,2829.16408939317,0.9999999999999999,,0.9999999999999998,1.2194647633115659e+17,2049003771789312.0,0.0,2644177518305280.0,2299504493592576.0,1874263187226624.0,4.132866314149069e+16,1.632751394726473e+17,319.54170148447156,32.0,True,True,True,True,True,False,True,False,True
setting_2_medqa_medmcqa_reference_coverage_gamma_v1,complete,42,SAFE,SAFE-(B_T),constrained_greedy,low_rank,adam,post_projection,adamw,B_T,"bbq,truthfulqa",reference,none,1.0,0.01,0.0,0.0002,0.0,,safe_low_rank_adam_reference_constrained_greedy_eta0.0002_metricFplusAlpha_swaps1_feastol1e-06_gamma0.01_epsm1_caln64_calseed42,/workspace/safe-drift/outputs/setting_2_medqa_medmcqa_reference_coverage_gamma_v1/repeat_00/olmo7b_instruct/KR64_KT16/pct25.6/safe_reference_hard_constrained_precondadam_refB_T_gamma0.01_epsm1/training_runs/safe_low_rank_adam_reference_constrained_greedy_eta0.0002_metricFplusAlpha_swaps1_feastol1e-06_gamma0.01_epsm1_caln64_calseed42_pct25.6_seed42/summary.json,0.43359375,0.4140625,0.01953125,0.5390625,0.5,0.0390625,0.547244094488189,0.5826771653543307,-0.03543307086614167,9.767626351884656,0.19320158118341937,0.24156189185351593,-0.04836031067009655,1.5142464082770453,0.58203125,0.53515625,0.046875,12.015184817214807,0.5286458333333334,0.5234375,0.00520833333333337,-0.012306127178746074,-0.04189669076811911,7.765685859125504,12.015184817214807,4.321388113732431,0.10732217932295474,0.04999999999999999,0.20908150634765627,0.057128419374175295,261.36712646484375,0.057128419374175295,0.8075778863977916,0.6521820425987244,0.004785613362736925,0.021407109514817522,0.9999605938240664,0.02092658892307292,0.8075779233011321,0.05234280601143837,0.0004504286334849894,0.00015414475637953728,0.00024200927424391578,0.0026982149702047924,16.391899085377172,229.83098595401472,0.9999999999999998,,,1.2194647633115659e+17,440509209133056.0,0.0,1175190008135680.0,1533002995728384.0,1874263187226624.0,3.748467957080064e+16,1.5943115590195725e+17,138.96301221475005,10.0,True,True,True,True,True,False,True,False,True
setting_2_medqa_medmcqa_reference_coverage_gamma_v1,complete,42,SAFE,SAFE-(B_T),constrained_greedy,low_rank,adam,post_projection,adamw,B_T,"bbq,truthfulqa",reference,none,1.0,0.1,0.0,0.0002,0.0,,safe_low_rank_adam_reference_constrained_greedy_eta0.0002_metricFplusAlpha_swaps1_feastol1e-06_gamma0.1_epsm1_caln64_calseed42,/workspace/safe-drift/outputs/setting_2_medqa_medmcqa_reference_coverage_gamma_v1/repeat_00/olmo7b_instruct/KR64_KT16/pct25.6/safe_reference_hard_constrained_precondadam_refB_T_gamma0.1_epsm1/training_runs/safe_low_rank_adam_reference_constrained_greedy_eta0.0002_metricFplusAlpha_swaps1_feastol1e-06_gamma0.1_epsm1_caln64_calseed42_pct25.6_seed42/summary.json,0.44921875,0.4140625,0.03515625,0.53515625,0.5,0.03515625,0.5511811023622047,0.5826771653543307,-0.03149606299212593,10.624001225148598,0.16308079962336394,0.24156189185351593,-0.07848109223015198,1.9017893568287672,0.578125,0.53515625,0.04296875,12.878738686442375,0.5416666666666666,0.5234375,0.01822916666666663,-0.02233613507409264,-0.054988577611138956,8.46817642280658,12.878738686442375,4.862291985867071,0.10799422233370748,-0.050000000000000044,0.20908150634765627,0.571284193741753,261.36712646484375,0.571284193741753,1.640786662538278,2.692180871963501,0.013480980145408994,0.019311336921069698,0.9999684580362206,0.11799150424884067,1.640786662538278,0.557803213596344,0.002546201227232814,0.0002859964733943343,2.455689309012491e-05,0.0005006203156455927,16.5849092643649,439.06015563800463,1.0,,0.9999999999999998,1.2194647633115659e+17,958080512409600.0,0.0,1762785012203520.0,2299504493592576.0,1874263187226624.0,3.935634737600922e+16,1.6130282370716582e+17,249.30106902122498,18.0,True,True,True,True,True,False,True,False,True
setting_2_medqa_medmcqa_reference_coverage_gamma_v1,complete,42,SAFE,SAFE-(B_T),constrained_greedy,low_rank,adam,post_projection,adamw,B_T,"bbq,truthfulqa",reference,none,1.0,1.0,0.0,0.0002,0.0,,safe_low_rank_adam_reference_constrained_greedy_eta0.0002_metricFplusAlpha_swaps1_feastol1e-06_gamma1_epsm1_caln64_calseed42,/workspace/safe-drift/outputs/setting_2_medqa_medmcqa_reference_coverage_gamma_v1/repeat_00/olmo7b_instruct/KR64_KT16/pct25.6/safe_reference_hard_constrained_precondadam_refB_T_gamma1_epsm1/training_runs/safe_low_rank_adam_reference_constrained_greedy_eta0.0002_metricFplusAlpha_swaps1_feastol1e-06_gamma1_epsm1_caln64_calseed42_pct25.6_seed42/summary.json,0.421875,0.4140625,0.0078125,0.4921875,0.5,-0.0078125,0.5275590551181102,0.5826771653543307,-0.055118110236220486,11.968696771957116,0.1900952111364154,0.24156189185351593,-0.05146668071710053,2.1268437825422644,0.5390625,0.53515625,0.00390625,13.699721445639929,0.5364583333333334,0.5234375,0.01302083333333337,-0.03422618031777367,-0.05329239547666051,9.26508733337977,13.699721445639929,5.337437779295678,0.10095640720765708,-0.09999999999999998,0.20908150634765627,5.712841937417529,261.36712646484375,5.712841937417529,3.9985625545239887,15.988502502441406,0.9128794168181642,0.0025613111252970264,0.8480423335322987,0.8881575093704519,3.9985625545239887,4.799962520599365,0.019296227023005486,0.0005670154932886362,1.8945703173430325e-06,9.925278862956842e-05,19.80136471533355,1015.2155708052725,0.8725490196078433,-0.5773502691896257,0.0,1.2194647633115659e+17,3551839303532544.0,0.0,4994557534576640.0,3832507489320960.0,1874263187226624.0,4.671488168523366e+16,1.6866135801639027e+17,660.9730425719172,62.0,True,True,True,True,True,False,True,False,True
setting_2_medqa_medmcqa_reference_coverage_gamma_v1,complete,42,SAFE,SAFE-(B_T),constrained_greedy,low_rank,adam,post_projection,adamw,B_T,"bbq,truthfulqa",reference,none,2.0,0.01,0.0,0.0002,0.0,,safe_low_rank_adam_reference_constrained_greedy_eta0.0002_metricFplusAlpha_swaps1_feastol1e-06_gamma0.01_epsm2_caln64_calseed42,/workspace/safe-drift/outputs/setting_2_medqa_medmcqa_reference_coverage_gamma_v1/repeat_00/olmo7b_instruct/KR64_KT16/pct25.6/safe_reference_hard_constrained_precondadam_refB_T_gamma0.01_epsm2/training_runs/safe_low_rank_adam_reference_constrained_greedy_eta0.0002_metricFplusAlpha_swaps1_feastol1e-06_gamma0.01_epsm2_caln64_calseed42_pct25.6_seed42/summary.json,0.41796875,0.4140625,0.00390625,0.50390625,0.5,0.00390625,0.515748031496063,0.5826771653543307,-0.06692913385826771,10.592526007824995,0.17232174537216252,0.24156189185351593,-0.0692401464813534,1.824850723629615,0.5703125,0.53515625,0.03515625,12.613574236631393,0.5390625,0.5234375,0.015625,-0.033671010113207035,-0.06808464016981056,8.343650322695334,12.613574236631393,4.74819042635899,0.21784270718219234,-0.09999999999999998,0.41816301269531253,0.22851367749670118,261.36712646484375,0.22851367749670118,1.628331657078224,2.6514639854431152,0.010771502632885871,0.08587257495897979,0.9998440000319291,0.018074318651980403,1.628331657078224,0.2177421748638153,0.001557577634230256,0.0002536874089855701,6.097067034719828e-05,0.0011101629091292897,4.1229373684388015,96.5865874375795,0.9999999999999998,,,1.2194647633115659e+17,840450670755840.0,0.0,1468987510169600.0,1533002995728384.0,1874263187226624.0,3.817841853445734e+16,1.6012489486561395e+17,177.50540435127914,16.0,True,True,True,True,True,False,True,False,True
setting_2_medqa_medmcqa_reference_coverage_gamma_v1,complete,42,SAFE,SAFE-(B_T),constrained_greedy,low_rank,adam,post_projection,adamw,B_T,"bbq,truthfulqa",reference,none,2.0,0.1,0.0,0.0002,0.0,,safe_low_rank_adam_reference_constrained_greedy_eta0.0002_metricFplusAlpha_swaps1_feastol1e-06_gamma0.1_epsm2_caln64_calseed42,/workspace/safe-drift/outputs/setting_2_medqa_medmcqa_reference_coverage_gamma_v1/repeat_00/olmo7b_instruct/KR64_KT16/pct25.6/safe_reference_hard_constrained_precondadam_refB_T_gamma0.1_epsm2/training_runs/safe_low_rank_adam_reference_constrained_greedy_eta0.0002_metricFplusAlpha_swaps1_feastol1e-06_gamma0.1_epsm2_caln64_calseed42_pct25.6_seed42/summary.json,0.46875,0.4140625,0.0546875,0.54296875,0.5,0.04296875,0.5551181102362205,0.5826771653543307,-0.027559055118110187,11.794300081848785,0.17104120353183083,0.24156189185351593,-0.0705206883216851,2.1439171409576376,0.59375,0.53515625,0.05859375,13.79285159210364,0.5390625,0.5234375,0.015625,-0.013161997813265094,-0.04903987171989764,9.24368960497002,13.79285159210364,5.367576187732173,0.09284270718219234,-0.050000000000000044,0.41816301269531253,2.285136774967012,261.36712646484375,2.285136774967012,3.2896442397222816,10.821759223937988,0.02578432936459496,0.07723704680617124,0.9999956893380084,0.11731561215750609,3.2896442397222816,2.259352445602417,0.010193105787038803,0.00043675373308360577,4.789385465105789e-06,0.00019112804881883305,4.994646107279365,178.92200256047468,1.0,,0.19999999999999996,1.2194647633115659e+17,1981834222632960.0,0.0,2937975020339200.0,3066005991456768.0,1874263187226624.0,4.232179259223245e+16,1.6426826892338906e+17,433.1110387519002,36.0,True,True,True,True,True,False,True,False,True
setting_2_medqa_medmcqa_reference_coverage_gamma_v1,complete,42,SAFE,SAFE-(B_T),constrained_greedy,low_rank,adam,post_projection,adamw,B_T,"bbq,truthfulqa",reference,none,2.0,1.0,0.0,0.0002,0.0,,safe_low_rank_adam_reference_constrained_greedy_eta0.0002_metricFplusAlpha_swaps1_feastol1e-06_gamma1_epsm2_caln64_calseed42,/workspace/safe-drift/outputs/setting_2_medqa_medmcqa_reference_coverage_gamma_v1/repeat_00/olmo7b_instruct/KR64_KT16/pct25.6/safe_reference_hard_constrained_precondadam_refB_T_gamma1_epsm2/training_runs/safe_low_rank_adam_reference_constrained_greedy_eta0.0002_metricFplusAlpha_swaps1_feastol1e-06_gamma1_epsm2_caln64_calseed42_pct25.6_seed42/summary.json,0.44921875,0.4140625,0.03515625,0.5859375,0.5,0.0859375,0.6377952755905512,0.5826771653543307,0.055118110236220486,11.905448205201958,0.16382825194347292,0.24156189185351593,-0.077733639910043,2.1651629403935377,0.58203125,0.53515625,0.046875,14.012510843575,0.5338541666666666,0.5234375,0.01041666666666663,0.008086490108725827,-0.01130776483691126,9.361040663056832,14.012510843575,5.414919460521025,0.08038804472752992,-0.0,0.41816301269531253,22.851367749670118,261.36712646484375,22.851367749670118,13.842820801561386,191.62368774414062,14.618772305944532,0.05525851949866087,0.3618580101167327,0.36901592661985594,13.842820801561386,8.232595443725586,0.03217163309454918,0.0005881066317670047,4.774556215730181e-07,2.5736167664427642e-05,4.964610000036907,266.27077108105703,0.9509803921568629,-0.7905694150420948,0.051298917604257706,1.2194647633115659e+17,3476107299471360.0,0.0,4994557534576640.0,3832507489320960.0,1874263187226624.0,4.663914968117248e+16,1.685856260123291e+17,685.8298059552908,64.0,True,True,True,True,True,False,True,False,True
setting_2_medqa_medmcqa_reference_coverage_gamma_v1,complete,42,SAFE,SAFE-(B_T),greedy_marginal,low_rank,sgd,none,adamw,B_T,"bbq,truthfulqa",reference,none,0.5,0.01,0.0,0.0002,0.0,,safe_low_rank_sgd_reference_greedy_marginal_eta0.0002_metricFplusAlpha_gamma0.01_epsm0.5_caln64_calseed42,/workspace/safe-drift/outputs/setting_2_medqa_medmcqa_reference_coverage_gamma_v1/repeat_00/olmo7b_instruct/KR64_KT16/pct25.6/safe_reference_precondsgd_refB_T_gamma0.01_epsm0.5/training_runs/safe_low_rank_sgd_reference_greedy_marginal_eta0.0002_metricFplusAlpha_gamma0.01_epsm0.5_caln64_calseed42_pct25.6_seed42/summary.json,0.44140625,0.4140625,0.02734375,0.46875,0.5,-0.03125,0.4566929133858268,0.5826771653543307,-0.12598425196850388,11.281318952405234,0.12407980732433983,0.24156189185351593,-0.11748208452917609,2.249056737570379,0.55078125,0.53515625,0.015625,13.421603615085283,0.5494791666666666,0.5234375,0.02604166666666663,-0.07594711216589332,-0.12173316824883998,8.983993101686965,13.421603615085283,5.28283010744581,0.17850145343931584,-0.0,0.0021487361907958982,6.800055289743834e-06,294.5616760253906,6.800055289743834e-06,,,-0.0003846469300146118,-1.2412110245285298e-06,,,,0.0003914469853043556,3.549744633346563e-06,0.0006167665706016123,,,,,0.9901960784313727,0.22360679774997896,0.35909242322980395,1.1295337162683187e+17,3086972819767296.0,0.0,4994557534576640.0,3832507489320960.0,1874263187226624.0,1.378830103089152e+16,1.267416726577234e+17,647.0754407681525,64.0,False,False,,,False,False,,,True
setting_2_medqa_medmcqa_reference_coverage_gamma_v1,complete,43,SAFE,SAFE-(B_T),greedy_marginal,low_rank,sgd,none,adamw,B_T,"bbq,truthfulqa",reference,none,0.5,0.01,0.0,0.0002,0.0,,safe_low_rank_sgd_reference_greedy_marginal_eta0.0002_metricFplusAlpha_gamma0.01_epsm0.5_caln64_calseed43,/workspace/safe-drift/outputs/setting_2_medqa_medmcqa_reference_coverage_gamma_v1/repeat_01/olmo7b_instruct/KR64_KT16/pct25.6/safe_reference_precondsgd_refB_T_gamma0.01_epsm0.5/training_runs/safe_low_rank_sgd_reference_greedy_marginal_eta0.0002_metricFplusAlpha_gamma0.01_epsm0.5_caln64_calseed43_pct25.6_seed43/summary.json,0.41015625,0.37109375,0.0390625,0.5,0.55078125,-0.05078125,0.46062992125984253,0.5590551181102362,-0.09842519685039369,11.605407196705736,0.16805152056886738,0.2548059308998715,-0.08675441033100414,2.062387202439893,0.56640625,0.52734375,0.0390625,13.650043422977129,0.5376884422110553,0.5125628140703518,0.025125628140703515,-0.04870570239379928,-0.09258980359069892,9.105945940707587,13.650043422977129,5.688068290551503,0.018029447478167815,0.04166666666666674,0.0021583358764648442,6.468232662640082e-06,277.7010803222656,6.468232662640082e-06,0.02784647692185636,0.0007754262769594789,-0.00038941574801016645,-1.1731599027768233e-06,61.20432826114047,1.5036735525510827,0.02784647692185636,0.0003958839806728065,3.502366780594457e-06,0.0006028121570125222,1.6480315956328941,93.19580609620151,182899.59563507757,10465716.825220665,0.931372549019608,0.28867513459481287,0.15389675281277312,1.1295337162683187e+17,3201526828105728.0,0.0,4793409119838208.0,3832507489320960.0,1888146002460672.0,1.3715589439725568e+16,1.2666896106655744e+17,654.3426188286394,64.0,False,False,False,False,False,False,False,False,True
setting_2_medqa_medmcqa_reference_coverage_gamma_v1,complete,44,SAFE,SAFE-(B_T),greedy_marginal,low_rank,sgd,none,adamw,B_T,"bbq,truthfulqa",reference,none,0.5,0.01,0.0,0.0002,0.0,,safe_low_rank_sgd_reference_greedy_marginal_eta0.0002_metricFplusAlpha_gamma0.01_epsm0.5_caln64_calseed44,/workspace/safe-drift/outputs/setting_2_medqa_medmcqa_reference_coverage_gamma_v1/repeat_02/olmo7b_instruct/KR64_KT16/pct25.6/safe_reference_precondsgd_refB_T_gamma0.01_epsm0.5/training_runs/safe_low_rank_sgd_reference_greedy_marginal_eta0.0002_metricFplusAlpha_gamma0.01_epsm0.5_caln64_calseed44_pct25.6_seed44/summary.json,0.44921875,0.43359375,0.015625,0.46484375,0.55078125,-0.0859375,0.4448818897637795,0.5787401574803149,-0.13385826771653542,12.547727574826538,0.12642589264506884,0.2539129749412385,-0.12748708229616965,2.340110669287163,0.56640625,0.546875,0.01953125,14.368232433994612,0.5,0.4975124378109453,0.002487562189054715,-0.08060470000423502,-0.13067267500635255,9.752023559369437,14.368232433994612,5.60968843790201,0.12627870903606195,-0.1428571428571428,0.0021919071197509764,5.716016657280233e-06,237.94642639160156,5.716016657280233e-06,0.027361828711346774,0.0007486696704290807,-0.0003686765023492254,-1.1052038005284709e-06,65.49883496545928,1.4600744023991274,0.027361828711346774,0.0003743925190065056,3.5074322113359813e-06,0.0005615138215944171,1.7516309337851996,98.2351618726027,181290.26358874032,10371902.152267266,0.9779411764705884,0.9746794344808964,0.6668859288553503,1.1295337177070501e+17,3224637143285760.0,0.0,4549157473370112.0,3832507489320960.0,1872988517564416.0,4.594100479411814e+16,1.5889437656482317e+17,634.5068092308939,64.0,False,False,False,False,False,False,False,False,True
setting_2_medqa_medmcqa_reference_coverage_gamma_v1,complete,42,SAFE,SAFE-(B_T),greedy_marginal,low_rank,sgd,none,adamw,B_T,"bbq,truthfulqa",reference,none,0.5,0.1,0.0,0.0002,0.0,,safe_low_rank_sgd_reference_greedy_marginal_eta0.0002_metricFplusAlpha_gamma0.1_epsm0.5_caln64_calseed42,/workspace/safe-drift/outputs/setting_2_medqa_medmcqa_reference_coverage_gamma_v1/repeat_00/olmo7b_instruct/KR64_KT16/pct25.6/safe_reference_precondsgd_refB_T_gamma0.1_epsm0.5/training_runs/safe_low_rank_sgd_reference_greedy_marginal_eta0.0002_metricFplusAlpha_gamma0.1_epsm0.5_caln64_calseed42_pct25.6_seed42/summary.json,0.4453125,0.4140625,0.03125,0.49609375,0.5,-0.00390625,0.484251968503937,0.5826771653543307,-0.09842519685039369,11.569885446643578,0.13267776695762695,0.24156189185351593,-0.10888412489588897,2.2871006532037765,0.578125,0.53515625,0.04296875,13.861498611668745,0.5494791666666666,0.5234375,0.02604166666666663,-0.05478019058209422,-0.10365466087314133,9.2394949038387,13.861498611668745,5.421747955621457,0.1723344705171147,-0.0,0.0021418948173522953,6.561483018684653e-05,286.0458984375,6.561483018684653e-05,0.03077991076342021,0.0009474029066041112,-0.0005211471464053962,-1.4150945218442523e-06,8.942531336487388,1.6169062431804757,0.03077991076342021,0.0005867619765922427,3.7089512261445634e-06,0.0006104627391323447,0.16343788917840502,9.303731144224177,189303.22426634163,11061571.9777489,0.8897058823529413,-0.22360679774997896,0.22360679774997896,1.1295337162683187e+17,3300369147346944.0,0.0,4994557534576640.0,3832507489320960.0,1874263187226624.0,1.4001697358471168e+16,1.2695506898530304e+17,666.2595624104142,64.0,False,False,False,False,True,False,False,False,True
setting_2_medqa_medmcqa_reference_coverage_gamma_v1,complete,43,SAFE,SAFE-(B_T),greedy_marginal,low_rank,sgd,none,adamw,B_T,"bbq,truthfulqa",reference,none,0.5,0.1,0.0,0.0002,0.0,,safe_low_rank_sgd_reference_greedy_marginal_eta0.0002_metricFplusAlpha_gamma0.1_epsm0.5_caln64_calseed43,/workspace/safe-drift/outputs/setting_2_medqa_medmcqa_reference_coverage_gamma_v1/repeat_01/olmo7b_instruct/KR64_KT16/pct25.6/safe_reference_precondsgd_refB_T_gamma0.1_epsm0.5/training_runs/safe_low_rank_sgd_reference_greedy_marginal_eta0.0002_metricFplusAlpha_gamma0.1_epsm0.5_caln64_calseed43_pct25.6_seed43/summary.json,0.41796875,0.37109375,0.046875,0.5,0.55078125,-0.05078125,0.4448818897637795,0.5590551181102362,-0.11417322834645671,12.10460071113166,0.15785728216015238,0.2548059308998715,-0.09694864873971915,2.288016397675874,0.5625,0.52734375,0.03515625,14.479276202619076,0.5251256281407035,0.5125628140703518,0.012562814070351758,-0.058655209028725286,-0.10556093854308793,9.623964437142204,14.479276202619076,6.016416072845459,0.10390453825521934,0.04166666666666674,0.0021303730964660644,6.023337930917549e-05,265.43359375,6.023337930917549e-05,0.03078258843404528,0.0009475677506998181,-0.0005140048697915693,-1.3290746160529992e-06,9.53356200731869,1.5856902862614402,0.03078258843404528,0.0005742382491007447,3.5983193811262026e-06,0.0006125211948528886,0.17742915436489326,10.16913216356071,187644.79828188365,11334017.467467051,0.9926470588235295,0.6324555320336759,0.4472135954999579,1.1295337162683187e+17,3410766624178176.0,0.0,4793409119838208.0,3832507489320960.0,1888146002460672.0,1.3924829235798016e+16,1.2687820086262989e+17,651.2909442540258,64.0,False,False,False,False,True,False,False,False,True
setting_2_medqa_medmcqa_reference_coverage_gamma_v1,complete,44,SAFE,SAFE-(B_T),greedy_marginal,low_rank,sgd,none,adamw,B_T,"bbq,truthfulqa",reference,none,0.5,0.1,0.0,0.0002,0.0,,safe_low_rank_sgd_reference_greedy_marginal_eta0.0002_metricFplusAlpha_gamma0.1_epsm0.5_caln64_calseed44,/workspace/safe-drift/outputs/setting_2_medqa_medmcqa_reference_coverage_gamma_v1/repeat_02/olmo7b_instruct/KR64_KT16/pct25.6/safe_reference_precondsgd_refB_T_gamma0.1_epsm0.5/training_runs/safe_low_rank_sgd_reference_greedy_marginal_eta0.0002_metricFplusAlpha_gamma0.1_epsm0.5_caln64_calseed44_pct25.6_seed44/summary.json,0.4765625,0.43359375,0.04296875,0.50390625,0.55078125,-0.046875,0.4645669291338583,0.5787401574803149,-0.11417322834645666,11.88841610255204,0.14335470516108856,0.2539129749412385,-0.11055826978014993,2.0924930243346997,0.58203125,0.546875,0.03515625,13.518704379598299,0.5,0.4975124378109453,0.002487562189054715,-0.06319174937553552,-0.1123657490633033,9.166537835495012,13.518704379598299,5.231067208143381,0.008096890854243755,-0.1428571428571428,0.0021919071197509764,5.716016657280233e-05,237.94642639160156,5.716016657280233e-05,0.03186454964526652,0.0010153495240956545,-0.0005042857266813288,-1.2961456193291093e-06,9.82233492956443,1.5395596911175524,0.03186454964526652,0.0005614458932541311,3.6983740301366197e-06,0.0005436025676317513,0.17082411937686995,9.510164161949898,177628.66071969442,9892779.968438663,0.9240196078431374,0.35909242322980395,0.6324555320336759,1.1295337177070501e+17,3467627975196672.0,0.0,4549157473370112.0,3832507489320960.0,1872988517564416.0,4.618399562602906e+16,1.5913736739673408e+17,688.6482770312577,64.0,False,False,False,False,True,False,False,False,True
setting_2_medqa_medmcqa_reference_coverage_gamma_v1,complete,42,SAFE,SAFE-(B_T),greedy_marginal,low_rank,sgd,none,adamw,B_T,"bbq,truthfulqa",reference,none,0.5,1.0,0.0,0.0002,0.0,,safe_low_rank_sgd_reference_greedy_marginal_eta0.0002_metricFplusAlpha_gamma1_epsm0.5_caln64_calseed42,/workspace/safe-drift/outputs/setting_2_medqa_medmcqa_reference_coverage_gamma_v1/repeat_00/olmo7b_instruct/KR64_KT16/pct25.6/safe_reference_precondsgd_refB_T_gamma1_epsm0.5/training_runs/safe_low_rank_sgd_reference_greedy_marginal_eta0.0002_metricFplusAlpha_gamma1_epsm0.5_caln64_calseed42_pct25.6_seed42/summary.json,0.46484375,0.4140625,0.05078125,0.53125,0.5,0.03125,0.5196850393700787,0.5826771653543307,-0.06299212598425197,11.731749877529195,0.14951490639931536,0.24156189185351593,-0.09204698545420056,2.2743261228651237,0.59765625,0.53515625,0.0625,13.608310749133429,0.5520833333333334,0.5234375,0.02864583333333337,-0.030846370479484176,-0.07751955571922627,9.204795583175915,13.608310749133429,5.438883959078321,0.20284260935941917,-0.050000000000000044,0.0021584694862365724,0.0006726727522415848,288.7633056640625,0.0006726727522415848,1392.352505653651,1938645.5,-0.00046989590120783136,-2.4920126389804452e-06,1.6985482706751425,2.0697650603367657,1392.352505653651,0.0011425686534494162,4.8215079004876316e-06,0.0005923991557210684,0.015212740480125123,0.8806647121456663,179406.62281778848,10617976.387098862,0.9338235294117648,0.22360679774997896,0.15389675281277312,1.1295337162683187e+17,3640955339046912.0,0.0,4994557534576640.0,3832507489320960.0,1874263187226624.0,1.4342283550171136e+16,1.27295655177003e+17,694.0235664341599,64.0,False,False,False,False,True,False,True,False,True
setting_2_medqa_medmcqa_reference_coverage_gamma_v1,complete,43,SAFE,SAFE-(B_T),greedy_marginal,low_rank,sgd,none,adamw,B_T,"bbq,truthfulqa",reference,none,0.5,1.0,0.0,0.0002,0.0,,safe_low_rank_sgd_reference_greedy_marginal_eta0.0002_metricFplusAlpha_gamma1_epsm0.5_caln64_calseed43,/workspace/safe-drift/outputs/setting_2_medqa_medmcqa_reference_coverage_gamma_v1/repeat_01/olmo7b_instruct/KR64_KT16/pct25.6/safe_reference_precondsgd_refB_T_gamma1_epsm0.5/training_runs/safe_low_rank_sgd_reference_greedy_marginal_eta0.0002_metricFplusAlpha_gamma1_epsm0.5_caln64_calseed43_pct25.6_seed43/summary.json,0.4296875,0.37109375,0.05859375,0.5546875,0.55078125,0.00390625,0.5118110236220472,0.5590551181102362,-0.047244094488189003,11.843206197883827,0.15893091181020896,0.2548059308998715,-0.09587501908966256,2.1538829194021747,0.6015625,0.52734375,0.07421875,14.3369563271602,0.5201005025125628,0.5125628140703518,0.007537688442211032,-0.022966787859283855,-0.07155955678892578,9.4446818148154,14.3369563271602,5.860500946640968,0.02057120492188602,0.08333333333333337,0.0021583358764648442,0.0006468232662640082,277.7010803222656,0.0006468232662640082,1390.9347576360294,1934699.5,-0.00046382430594046247,-2.3871461547457137e-06,1.7170789902114825,2.02487510984098,1390.9347576360294,0.0011106475722044706,4.716353032563347e-06,0.0006011162768118083,0.016677773820990602,0.929336200727288,185729.8226827358,10411202.94453269,0.9926470588235295,0.7905694150420948,0.7826237921249264,1.1295337162683187e+17,3667557140692992.0,0.0,4793409119838208.0,3832507489320960.0,1888146002460672.0,1.4181619752312832e+16,1.271349913791447e+17,676.7416342552751,64.0,False,False,False,False,True,False,True,False,True
setting_2_medqa_medmcqa_reference_coverage_gamma_v1,complete,44,SAFE,SAFE-(B_T),greedy_marginal,low_rank,sgd,none,adamw,B_T,"bbq,truthfulqa",reference,none,0.5,1.0,0.0,0.0002,0.0,,safe_low_rank_sgd_reference_greedy_marginal_eta0.0002_metricFplusAlpha_gamma1_epsm0.5_caln64_calseed44,/workspace/safe-drift/outputs/setting_2_medqa_medmcqa_reference_coverage_gamma_v1/repeat_02/olmo7b_instruct/KR64_KT16/pct25.6/safe_reference_precondsgd_refB_T_gamma1_epsm0.5/training_runs/safe_low_rank_sgd_reference_greedy_marginal_eta0.0002_metricFplusAlpha_gamma1_epsm0.5_caln64_calseed44_pct25.6_seed44/summary.json,0.4765625,0.43359375,0.04296875,0.515625,0.55078125,-0.03515625,0.4645669291338583,0.5787401574803149,-0.11417322834645666,12.081774105862996,0.12619431037880655,0.2539129749412385,-0.12771866456243194,2.24823800366165,0.58984375,0.546875,0.04296875,13.48156063258648,0.5,0.4975124378109453,0.002487562189054715,-0.06630771430296287,-0.1209459464544443,9.270524247370375,13.48156063258648,5.364163499612075,0.026278709036061942,-0.09523809523809523,0.0021919071197509764,0.0005716016657280233,237.94642639160156,0.0005716016657280233,1409.9711876488825,1988018.75,-0.0004329447493327353,-2.2624212122020987e-06,1.7574208212838007,1.9418010385788356,1409.9711876488825,0.0010045464150607586,4.664649623009609e-06,0.0005611089873127639,0.01688408666257885,0.9816433732713229,174179.7606956562,10419504.317019189,0.9093137254901962,0.09999999999999998,0.7826237921249264,1.1295337177070501e+17,3679029167652864.0,0.0,4549157473370112.0,3832507489320960.0,1872988517564416.0,4.639539681848525e+16,1.5934876858919027e+17,668.4948785193264,64.0,False,False,False,False,True,False,True,False,True
setting_2_medqa_medmcqa_reference_coverage_gamma_v1,complete,42,SAFE,SAFE-(B_T),greedy_marginal,low_rank,sgd,none,adamw,B_T,"bbq,truthfulqa",reference,none,1.0,0.01,0.0,0.0002,0.0,,safe_low_rank_sgd_reference_greedy_marginal_eta0.0002_metricFplusAlpha_gamma0.01_epsm1_caln64_calseed42,/workspace/safe-drift/outputs/setting_2_medqa_medmcqa_reference_coverage_gamma_v1/repeat_00/olmo7b_instruct/KR64_KT16/pct25.6/safe_reference_precondsgd_refB_T_gamma0.01_epsm1/training_runs/safe_low_rank_sgd_reference_greedy_marginal_eta0.0002_metricFplusAlpha_gamma0.01_epsm1_caln64_calseed42_pct25.6_seed42/summary.json,0.41015625,0.4140625,-0.00390625,0.49609375,0.5,-0.00390625,0.452755905511811,0.5826771653543307,-0.12992125984251968,12.10570139647156,0.12674011022253115,0.24156189185351593,-0.11482178163098478,2.428067843832293,0.55859375,0.53515625,0.0234375,14.227448150515556,0.5546875,0.5234375,0.03125,-0.07376851382450149,-0.12237152073675223,9.58707246360647,14.227448150515556,5.716974221023858,0.17432570906749306,-0.09999999999999998,0.004283789634704591,2.6245932074738613e-05,286.0458984375,2.6245932074738613e-05,0.028899408308871707,0.0008351758006028831,-0.00040623771610808564,5.519696947267678e-06,16.478121140878986,0.398426137853352,0.028899408308871707,0.00043248364818282425,3.655729869933566e-06,0.0005907879676669836,0.40317790319306207,22.509696587823214,46689.589374292846,2669703.218381518,0.9583333333333335,-0.20519567041703082,0.051298917604257706,1.1295337162683187e+17,3110665049358336.0,0.0,4994557534576640.0,3832507489320960.0,1874263187226624.0,1.381199326048256e+16,1.2676536488731443e+17,639.276371108368,64.0,False,True,False,True,True,False,False,False,True
setting_2_medqa_medmcqa_reference_coverage_gamma_v1,complete,43,SAFE,SAFE-(B_T),greedy_marginal,low_rank,sgd,none,adamw,B_T,"bbq,truthfulqa",reference,none,1.0,0.01,0.0,0.0002,0.0,,safe_low_rank_sgd_reference_greedy_marginal_eta0.0002_metricFplusAlpha_gamma0.01_epsm1_caln64_calseed43,/workspace/safe-drift/outputs/setting_2_medqa_medmcqa_reference_coverage_gamma_v1/repeat_01/olmo7b_instruct/KR64_KT16/pct25.6/safe_reference_precondsgd_refB_T_gamma0.01_epsm1/training_runs/safe_low_rank_sgd_reference_greedy_marginal_eta0.0002_metricFplusAlpha_gamma0.01_epsm1_caln64_calseed43_pct25.6_seed43/summary.json,0.39453125,0.37109375,0.0234375,0.453125,0.55078125,-0.09765625,0.42913385826771655,0.5590551181102362,-0.12992125984251968,11.558788146872534,0.14382745690683948,0.2548059308998715,-0.11097847399303204,2.3400262000856293,0.546875,0.52734375,0.01953125,13.887234960993132,0.5376884422110553,0.5125628140703518,0.025125628140703515,-0.07378949461185057,-0.12044986691777586,9.262016435983766,13.887234960993132,5.844090297818184,0.018029447478167815,0.04166666666666674,0.0043166717529296884,2.5872930650560328e-05,277.7010803222656,2.5872930650560328e-05,0.030255496954180155,0.0009153950959444046,-0.00042974575981594794,5.706612848939844e-06,17.609857901775037,0.3874939895542154,0.030255496954180155,0.00045561869046650827,3.6102146623306908e-06,0.0006023482419550419,0.40837092976852946,23.28102100571266,45813.18156663582,2697207.7454888215,0.9338235294117648,-0.051298917604257706,0.20519567041703082,1.1295337162683187e+17,3244754755780608.0,0.0,4793409119838208.0,3832507489320960.0,1888146002460672.0,1.3758817367400448e+16,1.2671218899423232e+17,647.4921248387545,64.0,False,True,False,True,True,False,False,False,True
setting_2_medqa_medmcqa_reference_coverage_gamma_v1,complete,44,SAFE,SAFE-(B_T),greedy_marginal,low_rank,sgd,none,adamw,B_T,"bbq,truthfulqa",reference,none,1.0,0.01,0.0,0.0002,0.0,,safe_low_rank_sgd_reference_greedy_marginal_eta0.0002_metricFplusAlpha_gamma0.01_epsm1_caln64_calseed44,/workspace/safe-drift/outputs/setting_2_medqa_medmcqa_reference_coverage_gamma_v1/repeat_02/olmo7b_instruct/KR64_KT16/pct25.6/safe_reference_precondsgd_refB_T_gamma0.01_epsm1/training_runs/safe_low_rank_sgd_reference_greedy_marginal_eta0.0002_metricFplusAlpha_gamma0.01_epsm1_caln64_calseed44_pct25.6_seed44/summary.json,0.4765625,0.43359375,0.04296875,0.51171875,0.55078125,-0.0390625,0.48031496062992124,0.5787401574803149,-0.09842519685039369,12.243947847621648,0.1501903401158544,0.2539129749412385,-0.1037226348253841,2.066286789948266,0.578125,0.546875,0.03125,13.700324666996798,0.5024875621890548,0.4975124378109453,0.004975124378109486,-0.056965943891925934,-0.1010739158378889,9.336853101522237,13.700324666996798,5.308445389454182,0.008096890854243755,-0.19047619047619047,0.004383814239501953,2.2864066629120932e-05,237.94642639160156,2.2864066629120932e-05,0.030143652828698318,0.0009086398058570921,-0.0004110436901856122,6.013783405275606e-06,18.977705542173368,0.37414533748956985,0.030143652828698318,0.00043390775681473315,3.595130237954436e-06,0.0005572355003096163,0.43226724386000115,24.371670593362012,44271.76794022092,2534042.3224387965,0.9509803921568629,0.6999999999999998,0.5642880936468347,1.1295337177070501e+17,3284906850140160.0,0.0,4549157473370112.0,3832507489320960.0,1872988517564416.0,4.600127450097254e+16,1.5895464627167757e+17,664.6471779718995,64.0,False,True,False,True,True,False,False,False,True
setting_2_medqa_medmcqa_reference_coverage_gamma_v1,complete,42,SAFE,SAFE-(B_T),greedy_marginal,low_rank,sgd,none,adamw,B_T,"bbq,truthfulqa",reference,none,1.0,0.1,0.0,0.0002,0.0,,safe_low_rank_sgd_reference_greedy_marginal_eta0.0002_metricFplusAlpha_gamma0.1_epsm1_caln64_calseed42,/workspace/safe-drift/outputs/setting_2_medqa_medmcqa_reference_coverage_gamma_v1/repeat_00/olmo7b_instruct/KR64_KT16/pct25.6/safe_reference_precondsgd_refB_T_gamma0.1_epsm1/training_runs/safe_low_rank_sgd_reference_greedy_marginal_eta0.0002_metricFplusAlpha_gamma0.1_epsm1_caln64_calseed42_pct25.6_seed42/summary.json,0.44921875,0.4140625,0.03515625,0.53515625,0.5,0.03515625,0.5433070866141733,0.5826771653543307,-0.03937007874015741,10.869015075403249,0.14168007067379917,0.24156189185351593,-0.09988182117971675,2.2972045804934025,0.59375,0.53515625,0.05859375,13.084902554750443,0.5520833333333334,0.5234375,0.02864583333333337,-0.026886049973291387,-0.06962594995993708,8.750374070215697,13.084902554750443,5.208672673094506,0.17812437953283017,-0.0,0.004283789634704591,0.0002624593207473861,286.0458984375,0.0002624593207473861,0.0365935635401115,0.0013390888925641775,-0.0006397991792437626,4.462896390869449e-06,3.43771019256798,0.5136034018054809,0.0365935635401115,0.0009022584999911487,4.712530426331796e-06,0.0006123018101789057,0.04073124658574142,2.3329398568711484,46855.526183171125,2757340.3040490923,0.681372549019608,0.7181848464596079,0.051298917604257706,1.1295337162683187e+17,3406277570150400.0,0.0,4994557534576640.0,3832507489320960.0,1874263187226624.0,1.4107605781274624e+16,1.270609774081065e+17,639.2636670544744,64.0,False,True,False,True,True,False,False,False,True
setting_2_medqa_medmcqa_reference_coverage_gamma_v1,complete,43,SAFE,SAFE-(B_T),greedy_marginal,low_rank,sgd,none,adamw,B_T,"bbq,truthfulqa",reference,none,1.0,0.1,0.0,0.0002,0.0,,safe_low_rank_sgd_reference_greedy_marginal_eta0.0002_metricFplusAlpha_gamma0.1_epsm1_caln64_calseed43,/workspace/safe-drift/outputs/setting_2_medqa_medmcqa_reference_coverage_gamma_v1/repeat_01/olmo7b_instruct/KR64_KT16/pct25.6/safe_reference_precondsgd_refB_T_gamma0.1_epsm1/training_runs/safe_low_rank_sgd_reference_greedy_marginal_eta0.0002_metricFplusAlpha_gamma0.1_epsm1_caln64_calseed43_pct25.6_seed43/summary.json,0.4296875,0.37109375,0.05859375,0.515625,0.55078125,-0.03515625,0.4645669291338583,0.5590551181102362,-0.09448818897637795,12.10742236560411,0.16944847624127413,0.2548059308998715,-0.0853574546585974,2.198296724563236,0.59375,0.52734375,0.06640625,14.172054221232733,0.5326633165829145,0.5125628140703518,0.02010050251256279,-0.03781313121165845,-0.08992282181748767,9.492591103800025,14.172054221232733,5.912423719962438,0.018029447478167815,0.125,0.0043166717529296884,0.0002587293065056033,277.7010803222656,0.0002587293065056033,0.03815969026288649,0.0014561619609594345,-0.0006596017256476157,4.628829340277011e-06,3.5493877253511066,0.5031753743774335,0.03815969026288649,0.000918331032153219,4.687998170993524e-06,0.0006082014297135174,0.04160237402378562,2.350724925320146,45587.13458727256,2609397.0458988636,0.931372549019608,0.6324555320336759,0.8944271909999159,1.1295337162683187e+17,3459979957223424.0,0.0,4793409119838208.0,3832507489320960.0,1888146002460672.0,1.3974042568843264e+16,1.2692741419567514e+17,669.7966098766774,64.0,False,True,False,True,True,False,False,False,True
setting_2_medqa_medmcqa_reference_coverage_gamma_v1,complete,44,SAFE,SAFE-(B_T),greedy_marginal,low_rank,sgd,none,adamw,B_T,"bbq,truthfulqa",reference,none,1.0,0.1,0.0,0.0002,0.0,,safe_low_rank_sgd_reference_greedy_marginal_eta0.0002_metricFplusAlpha_gamma0.1_epsm1_caln64_calseed44,/workspace/safe-drift/outputs/setting_2_medqa_medmcqa_reference_coverage_gamma_v1/repeat_02/olmo7b_instruct/KR64_KT16/pct25.6/safe_reference_precondsgd_refB_T_gamma0.1_epsm1/training_runs/safe_low_rank_sgd_reference_greedy_marginal_eta0.0002_metricFplusAlpha_gamma0.1_epsm1_caln64_calseed44_pct25.6_seed44/summary.json,0.484375,0.43359375,0.05078125,0.5078125,0.55078125,-0.04296875,0.4645669291338583,0.5787401574803149,-0.11417322834645666,12.26666254008536,0.13562119788053312,0.2539129749412385,-0.11829177706070537,2.274364048910246,0.58984375,0.546875,0.04296875,13.666165915628275,0.5049751243781094,0.4975124378109453,0.007462686567164145,-0.063165418469054,-0.11623250270358101,9.402397501541293,13.666165915628275,5.398002037635217,0.10809689085424376,-0.04761904761904756,0.004383814239501953,0.00022864066629120933,237.94642639160156,0.00022864066629120933,0.038684161659512675,0.0014964643632993102,-0.0006033648540600218,4.973542018912556e-06,3.638914739152481,0.4824032972325999,0.038684161659512675,0.0008320055203512311,4.635371624317486e-06,0.000562648696359247,0.043313827025297694,2.460842620370195,44822.31721573081,2601205.2586421617,0.9019607843137256,0.35909242322980395,0.6668859288553503,1.1295337177070501e+17,3586255384412160.0,0.0,4549157473370112.0,3832507489320960.0,1872988517564416.0,4.630262303524454e+16,1.5925599480594957e+17,670.019974226132,64.0,False,True,False,True,True,False,False,False,True
setting_2_medqa_medmcqa_reference_coverage_gamma_v1,complete,42,SAFE,SAFE-(B_T),greedy_marginal,low_rank,sgd,none,adamw,B_T,"bbq,truthfulqa",reference,none,1.0,1.0,0.0,0.0002,0.0,,safe_low_rank_sgd_reference_greedy_marginal_eta0.0002_metricFplusAlpha_gamma1_epsm1_caln64_calseed42,/workspace/safe-drift/outputs/setting_2_medqa_medmcqa_reference_coverage_gamma_v1/repeat_00/olmo7b_instruct/KR64_KT16/pct25.6/safe_reference_precondsgd_refB_T_gamma1_epsm1/training_runs/safe_low_rank_sgd_reference_greedy_marginal_eta0.0002_metricFplusAlpha_gamma1_epsm1_caln64_calseed42_pct25.6_seed42/summary.json,0.47265625,0.4140625,0.05859375,0.5703125,0.5,0.0703125,0.5393700787401575,0.5826771653543307,-0.04330708661417315,12.379393081965409,0.15601020675018543,0.24156189185351593,-0.0855516851033305,2.3483887502529117,0.625,0.53515625,0.08984375,14.357789049545923,0.5390625,0.5234375,0.015625,-0.013005007239167884,-0.06442938585875183,9.695190293921415,14.357789049545923,5.683050987767238,0.1098344705171147,-0.0,0.004283789634704591,0.002624593207473861,286.0458984375,0.002624593207473861,1638.753565976288,2685513.25,0.0005488784498078694,1.1667411629973714e-06,0.7908713054072762,0.8728406660265577,1638.753565976288,0.0020757147576659918,8.008685654203873e-06,0.0006063005421310663,0.004151905344813963,0.23100743399188448,47134.420719937756,2669351.076879182,0.9142156862745099,-0.28867513459481287,0.0,1.1295337162683187e+17,3667307748802560.0,0.0,4994557534576640.0,3832507489320960.0,1874263187226624.0,1.4368635959926784e+16,1.2732200758675866e+17,694.2046394087374,64.0,True,True,True,True,True,False,True,False,True
setting_2_medqa_medmcqa_reference_coverage_gamma_v1,complete,43,SAFE,SAFE-(B_T),greedy_marginal,low_rank,sgd,none,adamw,B_T,"bbq,truthfulqa",reference,none,1.0,1.0,0.0,0.0002,0.0,,safe_low_rank_sgd_reference_greedy_marginal_eta0.0002_metricFplusAlpha_gamma1_epsm1_caln64_calseed43,/workspace/safe-drift/outputs/setting_2_medqa_medmcqa_reference_coverage_gamma_v1/repeat_01/olmo7b_instruct/KR64_KT16/pct25.6/safe_reference_precondsgd_refB_T_gamma1_epsm1/training_runs/safe_low_rank_sgd_reference_greedy_marginal_eta0.0002_metricFplusAlpha_gamma1_epsm1_caln64_calseed43_pct25.6_seed43/summary.json,0.44921875,0.37109375,0.078125,0.56640625,0.55078125,0.015625,0.5551181102362205,0.5590551181102362,-0.003937007874015741,12.009259426687645,0.16422279848919463,0.2548059308998715,-0.09058313241067689,2.1787676028739815,0.578125,0.52734375,0.05078125,14.260727296272913,0.5376884422110553,0.5125628140703518,0.025125628140703515,-0.014579630094897544,-0.04726007014234632,9.482918108611512,14.260727296272913,5.924485504627228,-0.003238318887637759,0.08333333333333337,0.0043166717529296884,0.0025872930650560327,277.7010803222656,0.0025872930650560327,1700.4421483837666,2891503.5,0.0005310792707799144,1.4332283013802993e-06,0.7947351067005504,0.8461677754958404,1700.4421483837666,0.0020562137942761183,7.883599209890235e-06,0.0005998116685077548,0.004146531495266196,0.23182981340954692,46024.55582047884,2619091.39593904,0.8700980392156864,0.7071067811865475,0.11180339887498948,1.1295337162683187e+17,3672129325350912.0,0.0,4793409119838208.0,3832507489320960.0,1888146002460672.0,1.4186191936970752e+16,1.2713956356380262e+17,671.2818617206067,64.0,True,True,True,True,True,False,True,False,True
setting_2_medqa_medmcqa_reference_coverage_gamma_v1,complete,44,SAFE,SAFE-(B_T),greedy_marginal,low_rank,sgd,none,adamw,B_T,"bbq,truthfulqa",reference,none,1.0,1.0,0.0,0.0002,0.0,,safe_low_rank_sgd_reference_greedy_marginal_eta0.0002_metricFplusAlpha_gamma1_epsm1_caln64_calseed44,/workspace/safe-drift/outputs/setting_2_medqa_medmcqa_reference_coverage_gamma_v1/repeat_02/olmo7b_instruct/KR64_KT16/pct25.6/safe_reference_precondsgd_refB_T_gamma1_epsm1/training_runs/safe_low_rank_sgd_reference_greedy_marginal_eta0.0002_metricFplusAlpha_gamma1_epsm1_caln64_calseed44_pct25.6_seed44/summary.json,0.4453125,0.43359375,0.01171875,0.515625,0.55078125,-0.03515625,0.468503937007874,0.5787401574803149,-0.11023622047244092,12.271051119005898,0.13528288498117405,0.2539129749412385,-0.11863008996006444,2.3823332072875325,0.59375,0.546875,0.046875,14.059114476044973,0.5049751243781094,0.4975124378109453,0.007462686567164145,-0.060663770144168454,-0.11443315521625268,9.570832934112802,14.059114476044973,5.5354012342599725,0.12627870903606195,-0.04761904761904756,0.004383814239501953,0.002286406662912093,237.94642639160156,0.002286406662912093,1819.794287824863,3311651.25,0.000517610191033207,2.189492789536305e-06,0.7736145753546506,0.7721394040127615,1819.794287824863,0.0017687964718788862,7.419420853693737e-06,0.0005711513222195208,0.004359863598867476,0.24980303437887602,44632.15318050252,2659614.6384622143,0.8700980392156864,0.35909242322980395,0.6668859288553503,1.1295337177070501e+17,3729323198889984.0,0.0,4549157473370112.0,3832507489320960.0,1872988517564416.0,4.644569084972237e+16,1.593990626204274e+17,691.6319052223116,64.0,True,True,True,True,True,False,True,False,True
setting_2_medqa_medmcqa_reference_coverage_gamma_v1,complete,42,SAFE,SAFE-(B_T),greedy_marginal,low_rank,sgd,none,adamw,B_T,"bbq,truthfulqa",reference,none,2.0,0.01,0.0,0.0002,0.0,,safe_low_rank_sgd_reference_greedy_marginal_eta0.0002_metricFplusAlpha_gamma0.01_epsm2_caln64_calseed42,/workspace/safe-drift/outputs/setting_2_medqa_medmcqa_reference_coverage_gamma_v1/repeat_00/olmo7b_instruct/KR64_KT16/pct25.6/safe_reference_precondsgd_refB_T_gamma0.01_epsm2/training_runs/safe_low_rank_sgd_reference_greedy_marginal_eta0.0002_metricFplusAlpha_gamma0.01_epsm2_caln64_calseed42_pct25.6_seed42/summary.json,0.43359375,0.4140625,0.01953125,0.484375,0.5,-0.015625,0.46062992125984253,0.5826771653543307,-0.12204724409448814,11.353537662135647,0.145027835826,0.24156189185351593,-0.09653405602751591,2.1534471013766763,0.57421875,0.53515625,0.0390625,13.413802745441595,0.5494791666666666,0.5234375,0.02604166666666663,-0.05983960004066802,-0.10929065006100203,8.973595836317973,13.413802745441595,5.25179947123808,0.20022111309001,-0.09999999999999998,0.008567579269409181,0.00010498372829895445,286.0458984375,0.00010498372829895445,0.03962184414655539,0.0015698905335739255,-0.000458873417308517,3.264958777552421e-05,5.370905364217621,0.11040683921330587,0.03962184414655539,0.0005638571456074715,4.05211949328077e-06,0.0006044328329153359,0.10381002199181014,5.757395386017697,11933.123053518222,669138.8046248959,0.8700980392156864,-0.15389675281277312,0.22360679774997896,1.1295337162683187e+17,3163452999499776.0,0.0,4994557534576640.0,3832507489320960.0,1874263187226624.0,1.3864781210624e+16,1.2681815283745587e+17,684.069491174072,64.0,False,True,False,True,True,False,False,False,True
setting_2_medqa_medmcqa_reference_coverage_gamma_v1,complete,43,SAFE,SAFE-(B_T),greedy_marginal,low_rank,sgd,none,adamw,B_T,"bbq,truthfulqa",reference,none,2.0,0.01,0.0,0.0002,0.0,,safe_low_rank_sgd_reference_greedy_marginal_eta0.0002_metricFplusAlpha_gamma0.01_epsm2_caln64_calseed43,/workspace/safe-drift/outputs/setting_2_medqa_medmcqa_reference_coverage_gamma_v1/repeat_01/olmo7b_instruct/KR64_KT16/pct25.6/safe_reference_precondsgd_refB_T_gamma0.01_epsm2/training_runs/safe_low_rank_sgd_reference_greedy_marginal_eta0.0002_metricFplusAlpha_gamma0.01_epsm2_caln64_calseed43_pct25.6_seed43/summary.json,0.39453125,0.37109375,0.0234375,0.4921875,0.55078125,-0.05859375,0.4566929133858268,0.5590551181102362,-0.10236220472440943,12.164963126495442,0.1615799710317256,0.2548059308998715,-0.09322595986814591,2.203088558401599,0.52734375,0.52734375,0.0,14.560541634758314,0.5301507537688442,0.5125628140703518,0.017587939698492483,-0.06519605486418512,-0.09779408229627767,9.642864439885118,14.560541634758314,6.027446006735166,0.02057120492188602,0.04166666666666674,0.008633343505859377,0.00010349172260224131,277.7010803222656,0.00010349172260224131,0.04268667444307709,0.0018221521750092506,-0.000504133975137181,3.326985982357759e-05,5.871251490376745,0.1072642542933431,0.04268667444307709,0.0006076256977394223,3.9974502215045504e-06,0.0006078693550080061,0.10325345474624507,5.873603605423431,11561.815822838053,676298.8856788512,0.9754901960784315,-0.15389675281277312,0.7071067811865475,1.1295337162683187e+17,3311508651786240.0,0.0,4793409119838208.0,3832507489320960.0,1888146002460672.0,1.382557126340608e+16,1.2677894289023795e+17,638.1303607411683,64.0,False,True,False,True,True,False,False,False,True
setting_2_medqa_medmcqa_reference_coverage_gamma_v1,complete,44,SAFE,SAFE-(B_T),greedy_marginal,low_rank,sgd,none,adamw,B_T,"bbq,truthfulqa",reference,none,2.0,0.01,0.0,0.0002,0.0,,safe_low_rank_sgd_reference_greedy_marginal_eta0.0002_metricFplusAlpha_gamma0.01_epsm2_caln64_calseed44,/workspace/safe-drift/outputs/setting_2_medqa_medmcqa_reference_coverage_gamma_v1/repeat_02/olmo7b_instruct/KR64_KT16/pct25.6/safe_reference_precondsgd_refB_T_gamma0.01_epsm2/training_runs/safe_low_rank_sgd_reference_greedy_marginal_eta0.0002_metricFplusAlpha_gamma0.01_epsm2_caln64_calseed44_pct25.6_seed44/summary.json,0.4375,0.43359375,0.00390625,0.50390625,0.55078125,-0.046875,0.4645669291338583,0.5787401574803149,-0.11417322834645666,11.760256647125004,0.14982993799893768,0.2539129749412385,-0.10408303694230081,2.0460938165507274,0.58203125,0.546875,0.03515625,13.298045719663302,0.5149253731343284,0.4975124378109453,0.017412935323383116,-0.061033338429585825,-0.10912813264437873,9.034798727779679,13.298045719663302,5.175192704567542,0.008096890854243755,-0.09523809523809523,0.008767628479003906,9.145626651648373e-05,237.94642639160156,9.145626651648373e-05,0.04295857943113977,0.0018454395467415452,-0.00047021442472409514,3.4471830189529564e-05,6.141423042475935,0.10312883772723136,0.04295857943113977,0.0005616706912405789,3.963824383390602e-06,0.0005589122301898897,0.10996092641450163,6.111251327859021,11330.282472337833,643152.5140898513,0.9828431372549021,0.8207826816681233,0.4999999999999999,1.1295337177070501e+17,3396468155793408.0,0.0,4549157473370112.0,3832507489320960.0,1872988517564416.0,4.611283580662579e+16,1.590662075773308e+17,632.6348171569407,64.0,False,True,False,True,True,False,False,False,True
setting_2_medqa_medmcqa_reference_coverage_gamma_v1,complete,42,SAFE,SAFE-(B_T),greedy_marginal,low_rank,sgd,none,adamw,B_T,"bbq,truthfulqa",reference,none,2.0,0.1,0.0,0.0002,0.0,,safe_low_rank_sgd_reference_greedy_marginal_eta0.0002_metricFplusAlpha_gamma0.1_epsm2_caln64_calseed42,/workspace/safe-drift/outputs/setting_2_medqa_medmcqa_reference_coverage_gamma_v1/repeat_00/olmo7b_instruct/KR64_KT16/pct25.6/safe_reference_precondsgd_refB_T_gamma0.1_epsm2/training_runs/safe_low_rank_sgd_reference_greedy_marginal_eta0.0002_metricFplusAlpha_gamma0.1_epsm2_caln64_calseed42_pct25.6_seed42/summary.json,0.46484375,0.4140625,0.05078125,0.5546875,0.5,0.0546875,0.5196850393700787,0.5826771653543307,-0.06299212598425197,11.420466931160353,0.15745320202115126,0.24156189185351593,-0.08410868983236466,2.1658540966800297,0.6015625,0.53515625,0.06640625,13.473208534220854,0.5442708333333334,0.5234375,0.02083333333333337,-0.026898188605538876,-0.07355040790830832,9.019843187353745,13.473208534220854,5.27470454047708,0.12519109420790397,-0.0,0.008567579269409181,0.0010498372829895444,286.0458984375,0.0010498372829895444,0.06791980971019267,0.004613100551068783,-0.0006973419113639764,2.8871628184135272e-05,1.664237091714169,0.2133437288712988,0.06791980971019267,0.0017471791943535209,7.830079084669705e-06,0.0006024194299243391,0.01043583763613005,0.5738217147412346,11854.298359616321,656887.0243033573,0.9485294117647061,0.0,0.19999999999999996,1.1295337162683187e+17,3449339236564992.0,0.0,4994557534576640.0,3832507489320960.0,1874263187226624.0,1.4150667447689216e+16,1.2710403907452109e+17,672.0776143465191,64.0,False,True,False,True,True,False,True,False,True
setting_2_medqa_medmcqa_reference_coverage_gamma_v1,complete,43,SAFE,SAFE-(B_T),greedy_marginal,low_rank,sgd,none,adamw,B_T,"bbq,truthfulqa",reference,none,2.0,0.1,0.0,0.0002,0.0,,safe_low_rank_sgd_reference_greedy_marginal_eta0.0002_metricFplusAlpha_gamma0.1_epsm2_caln64_calseed43,/workspace/safe-drift/outputs/setting_2_medqa_medmcqa_reference_coverage_gamma_v1/repeat_01/olmo7b_instruct/KR64_KT16/pct25.6/safe_reference_precondsgd_refB_T_gamma0.1_epsm2/training_runs/safe_low_rank_sgd_reference_greedy_marginal_eta0.0002_metricFplusAlpha_gamma0.1_epsm2_caln64_calseed43_pct25.6_seed43/summary.json,0.4375,0.37109375,0.06640625,0.5625,0.55078125,0.01171875,0.5236220472440944,0.5590551181102362,-0.03543307086614178,11.749784609777095,0.16528788676379075,0.2548059308998715,-0.08951804413608078,2.287813323387827,0.58984375,0.52734375,0.0625,14.104642306764921,0.5301507537688442,0.5125628140703518,0.017587939698492483,-0.020817038334074184,-0.06247555750111128,9.38074674664328,14.104642306764921,5.95595583319664,0.02057120492188602,0.08333333333333337,0.008633343505859377,0.0010349172260224132,277.7010803222656,0.0010349172260224132,0.07219809843986762,0.005212565418332815,-0.0007201571390420885,2.9652976746093498e-05,1.6958604377638844,0.20431668638755004,0.07219809843986762,0.0017550743650645018,7.61433329898864e-06,0.0006095893913879991,0.010167557053862063,0.5890223643594055,11325.719929757357,685157.6676637634,0.8823529411764707,0.5773502691896257,0.7071067811865475,1.1295337162683187e+17,3524406195585024.0,0.0,4793409119838208.0,3832507489320960.0,1888146002460672.0,1.4038468807204864e+16,1.2699184043403674e+17,643.0462012887001,64.0,False,True,False,True,True,False,True,False,True
setting_2_medqa_medmcqa_reference_coverage_gamma_v1,complete,44,SAFE,SAFE-(B_T),greedy_marginal,low_rank,sgd,none,adamw,B_T,"bbq,truthfulqa",reference,none,2.0,0.1,0.0,0.0002,0.0,,safe_low_rank_sgd_reference_greedy_marginal_eta0.0002_metricFplusAlpha_gamma0.1_epsm2_caln64_calseed44,/workspace/safe-drift/outputs/setting_2_medqa_medmcqa_reference_coverage_gamma_v1/repeat_02/olmo7b_instruct/KR64_KT16/pct25.6/safe_reference_precondsgd_refB_T_gamma0.1_epsm2/training_runs/safe_low_rank_sgd_reference_greedy_marginal_eta0.0002_metricFplusAlpha_gamma0.1_epsm2_caln64_calseed44_pct25.6_seed44/summary.json,0.44921875,0.43359375,0.015625,0.5625,0.55078125,0.01171875,0.5275590551181102,0.5787401574803149,-0.051181102362204745,12.088497850212837,0.13848758397647032,0.2539129749412385,-0.11542539096476817,2.293819812909914,0.59765625,0.546875,0.05078125,13.872556331257025,0.5,0.4975124378109453,0.002487562189054715,-0.0386084144423243,-0.08330324666348646,9.418291331459924,13.872556331257025,5.433880989368145,-0.08281220005484713,-0.04761904761904756,0.008767628479003906,0.0009145626651648373,237.94642639160156,0.0009145626651648373,0.07443808470735788,0.005541028454899788,-0.0006463521306809097,3.1083617726933435e-05,1.7067334354274037,0.19128168695653247,0.07443808470735788,0.001560914795845747,7.352036845986731e-06,0.0005598321440629661,0.010778175935372638,0.6121309838971658,11235.401278713398,644808.4823459975,0.9681372549019609,0.7999999999999998,-0.4472135954999579,1.1295337177070501e+17,3630979663429632.0,0.0,4549157473370112.0,3832507489320960.0,1872988517564416.0,4.634734731426202e+16,1.5930071908496704e+17,657.2699914760888,64.0,False,True,False,True,True,False,True,False,True
setting_2_medqa_medmcqa_reference_coverage_gamma_v1,complete,42,SAFE,SAFE-(B_T),greedy_marginal,low_rank,sgd,none,adamw,B_T,"bbq,truthfulqa",reference,none,2.0,1.0,0.0,0.0002,0.0,,safe_low_rank_sgd_reference_greedy_marginal_eta0.0002_metricFplusAlpha_gamma1_epsm2_caln64_calseed42,/workspace/safe-drift/outputs/setting_2_medqa_medmcqa_reference_coverage_gamma_v1/repeat_00/olmo7b_instruct/KR64_KT16/pct25.6/safe_reference_precondsgd_refB_T_gamma1_epsm2/training_runs/safe_low_rank_sgd_reference_greedy_marginal_eta0.0002_metricFplusAlpha_gamma1_epsm2_caln64_calseed42_pct25.6_seed42/summary.json,0.4609375,0.4140625,0.046875,0.59765625,0.5,0.09765625,0.6456692913385826,0.5826771653543307,0.06299212598425197,11.843990621291434,0.16607826226981207,0.24156189185351593,-0.07548362958370386,2.1320778456531784,0.578125,0.53515625,0.04296875,13.870564542710781,0.5416666666666666,0.5234375,0.01822916666666663,0.010159082133516037,-0.006245751799725946,9.282211003218464,13.870564542710781,5.4061148587395165,0.07522111309001,-0.0,0.008567579269409181,0.010498372829895445,286.0458984375,0.010498372829895445,4687.44706636779,21972160.0,0.007007536470334955,2.332560861876301e-05,0.33251164669497596,0.3644543985944526,4687.44706636779,0.0034908363595604897,1.3376098650041968e-05,0.000585462898015976,0.0010427476784873352,0.05576701337456756,11844.36254889054,634524.4278680343,0.9534313725490198,-0.7071067811865475,0.9746794344808964,1.1295337162683187e+17,3422571173658624.0,0.0,4994557534576640.0,3832507489320960.0,1874263187226624.0,1.4123899384782848e+16,1.2707727101161472e+17,695.0790841821581,64.0,True,True,True,True,True,False,True,False,True
setting_2_medqa_medmcqa_reference_coverage_gamma_v1,complete,43,SAFE,SAFE-(B_T),greedy_marginal,low_rank,sgd,none,adamw,B_T,"bbq,truthfulqa",reference,none,2.0,1.0,0.0,0.0002,0.0,,safe_low_rank_sgd_reference_greedy_marginal_eta0.0002_metricFplusAlpha_gamma1_epsm2_caln64_calseed43,/workspace/safe-drift/outputs/setting_2_medqa_medmcqa_reference_coverage_gamma_v1/repeat_01/olmo7b_instruct/KR64_KT16/pct25.6/safe_reference_precondsgd_refB_T_gamma1_epsm2/training_runs/safe_low_rank_sgd_reference_greedy_marginal_eta0.0002_metricFplusAlpha_gamma1_epsm2_caln64_calseed43_pct25.6_seed43/summary.json,0.41796875,0.37109375,0.046875,0.55859375,0.55078125,0.0078125,0.562992125984252,0.5590551181102362,0.003937007874015741,11.403064397376353,0.20215268028172206,0.2548059308998715,-0.05265325061814946,1.985546398943789,0.54296875,0.52734375,0.015625,13.688081142803034,0.5477386934673367,0.5125628140703518,0.035175879396984966,-0.011030414248044573,-0.02435812137206686,9.025563979707725,13.688081142803034,5.578718925515811,0.012995447346128453,0.08333333333333337,0.008633343505859377,0.01034917226022413,277.7010803222656,0.01034917226022413,4862.000411353335,23639048.0,0.006918558477967289,2.4312908617958908e-05,0.3314862169872177,0.3476076328410163,4862.000411353335,0.0034306137822568417,1.295440142712323e-05,0.000601130654104054,0.0010744803706379674,0.05808490176692019,11789.24306840188,626095.1461016244,0.9166666666666667,0.11180339887498948,0.10540925533894598,1.1295337162683187e+17,3399543989108736.0,0.0,4793409119838208.0,3832507489320960.0,1888146002460672.0,1.3913606600728576e+16,1.2686697822756045e+17,688.5912242140621,64.0,True,True,True,True,True,False,True,False,True
setting_2_medqa_medmcqa_reference_coverage_gamma_v1,complete,44,SAFE,SAFE-(B_T),greedy_marginal,low_rank,sgd,none,adamw,B_T,"bbq,truthfulqa",reference,none,2.0,1.0,0.0,0.0002,0.0,,safe_low_rank_sgd_reference_greedy_marginal_eta0.0002_metricFplusAlpha_gamma1_epsm2_caln64_calseed44,/workspace/safe-drift/outputs/setting_2_medqa_medmcqa_reference_coverage_gamma_v1/repeat_02/olmo7b_instruct/KR64_KT16/pct25.6/safe_reference_precondsgd_refB_T_gamma1_epsm2/training_runs/safe_low_rank_sgd_reference_greedy_marginal_eta0.0002_metricFplusAlpha_gamma1_epsm2_caln64_calseed44_pct25.6_seed44/summary.json,0.41796875,0.43359375,-0.015625,0.6328125,0.55078125,0.08203125,0.610236220472441,0.5787401574803149,0.03149606299212604,12.43918965807737,0.14976058101163695,0.2539129749412385,-0.10415239392960154,2.284226468112875,0.6171875,0.546875,0.0703125,14.325882678230604,0.5074626865671642,0.4975124378109453,0.009950248756218916,-0.0007812769791585017,-0.03632816546873775,9.683099601473616,14.325882678230604,5.57791020320012,-0.09190310914575622,-0.09523809523809523,0.008767628479003906,0.009145626651648373,237.94642639160156,0.009145626651648373,5137.4295128984495,26393182.0,0.006009335250187606,2.556940228178747e-05,0.3429276121211267,0.3347478385394173,5137.4295128984495,0.003136291401460767,1.2866252291132696e-05,0.000548278447240591,0.0010835355315588332,0.059949795473202644,11268.559723099183,630490.9817958473,0.8676470588235295,0.4472135954999579,-0.6668859288553503,1.1295337177070501e+17,3465632840073216.0,0.0,4549157473370112.0,3832507489320960.0,1872988517564416.0,4.61820004909056e+16,1.5913537226161062e+17,678.6952673904598,64.0,True,True,True,True,True,False,True,False,True
setting_2_medqa_medmcqa_reference_coverage_gamma_v1,complete,42,SAFE,SAFE-(B_T_K),constrained_greedy,low_rank,adam,post_projection,adamw,B_T_K,"bbq,truthfulqa,mmlu_non_medical",reference,none,0.5,0.01,0.0,0.0002,0.0,,safe_low_rank_adam_reference_constrained_greedy_eta0.0002_metricFplusAlpha_swaps1_feastol1e-06_gamma0.01_epsm0.5_caln64_calseed42,/workspace/safe-drift/outputs/setting_2_medqa_medmcqa_reference_coverage_gamma_v1/repeat_00/olmo7b_instruct/KR64_KT16/pct25.6/safe_reference_hard_constrained_precondadam_refB_T_K_gamma0.01_epsm0.5/training_runs/safe_low_rank_adam_reference_constrained_greedy_eta0.0002_metricFplusAlpha_swaps1_feastol1e-06_gamma0.01_epsm0.5_caln64_calseed42_pct25.6_seed42/summary.json,0.46875,0.4140625,0.0546875,0.53515625,0.5,0.03515625,0.5433070866141733,0.5826771653543307,-0.03937007874015741,9.077723495603546,0.22978339100520084,0.24156189185351593,-0.011778500848315082,1.216956816988471,0.58203125,0.53515625,0.046875,11.35338701059421,0.5390625,0.5234375,0.015625,-0.001424526529490831,-0.001424526529490831,7.2160224410620755,11.35338701059421,3.959610999799242,0.11944285541937605,0.04999999999999999,0.10454075317382813,0.014282104843543824,261.36712646484375,0.014282104843543824,0.39910137742908103,0.1592819094657898,0.00194767145930415,0.00531089765823165,0.9998699532362192,0.02868666387848509,0.39910137742908103,0.012334433384239674,0.00015348687884397805,0.00010600954556139186,0.0013237651062666066,0.007422543576223158,65.21574752648618,430.01537280612064,0.9999999999999998,,,1.2194647633115659e+17,266932453392384.0,0.0,881392506101760.0,1533002995728384.0,1874263187226624.0,3.701730531302605e+16,1.5896378164418266e+17,108.28747086971998,6.0,True,True,True,True,True,False,True,False,True
setting_2_medqa_medmcqa_reference_coverage_gamma_v1,complete,42,SAFE,SAFE-(B_T_K),constrained_greedy,low_rank,adam,post_projection,adamw,B_T_K,"bbq,truthfulqa,mmlu_non_medical",reference,none,0.5,0.1,0.0,0.0002,0.0,,safe_low_rank_adam_reference_constrained_greedy_eta0.0002_metricFplusAlpha_swaps1_feastol1e-06_gamma0.1_epsm0.5_caln64_calseed42,/workspace/safe-drift/outputs/setting_2_medqa_medmcqa_reference_coverage_gamma_v1/repeat_00/olmo7b_instruct/KR64_KT16/pct25.6/safe_reference_hard_constrained_precondadam_refB_T_K_gamma0.1_epsm0.5/training_runs/safe_low_rank_adam_reference_constrained_greedy_eta0.0002_metricFplusAlpha_swaps1_feastol1e-06_gamma0.1_epsm0.5_caln64_calseed42_pct25.6_seed42/summary.json,0.4296875,0.4140625,0.015625,0.5,0.5,0.0,0.5118110236220472,0.5826771653543307,-0.07086614173228345,9.702676845660672,0.18863146604222883,0.24156189185351593,-0.052930425811287096,1.5153157154515324,0.54296875,0.53515625,0.0078125,11.94929285099109,0.5338541666666666,0.5234375,0.01041666666666663,-0.03866135584785685,-0.03866135584785685,7.722428470701099,11.94929285099109,4.297385122261796,0.17617604051552566,0.04999999999999999,0.10454075317382813,0.14282104843543825,261.36712646484375,0.14282104843543825,0.8101462235745363,0.6563369035720825,0.0065094428627377465,0.0048209313255520355,0.9999759701194724,0.12052160170422671,0.8101462603608852,0.1363116055727005,0.0006434532115235925,0.0002200061862822622,0.00013348567591364992,0.0015404325111204825,65.81961112991661,951.8568888836098,0.9999999999999998,,,1.2194647633115659e+17,505434231275520.0,0.0,1175190008135680.0,1533002995728384.0,1874263187226624.0,3.75496045929431e+16,1.594960809240997e+17,140.23302526772022,10.0,True,True,True,True,True,False,True,False,True
setting_2_medqa_medmcqa_reference_coverage_gamma_v1,complete,42,SAFE,SAFE-(B_T_K),constrained_greedy,low_rank,adam,post_projection,adamw,B_T_K,"bbq,truthfulqa,mmlu_non_medical",reference,none,0.5,1.0,0.0,0.0002,0.0,,safe_low_rank_adam_reference_constrained_greedy_eta0.0002_metricFplusAlpha_swaps1_feastol1e-06_gamma1_epsm0.5_caln64_calseed42,/workspace/safe-drift/outputs/setting_2_medqa_medmcqa_reference_coverage_gamma_v1/repeat_00/olmo7b_instruct/KR64_KT16/pct25.6/safe_reference_hard_constrained_precondadam_refB_T_K_gamma1_epsm0.5/training_runs/safe_low_rank_adam_reference_constrained_greedy_eta0.0002_metricFplusAlpha_swaps1_feastol1e-06_gamma1_epsm0.5_caln64_calseed42_pct25.6_seed42/summary.json,0.484375,0.4140625,0.0703125,0.5625,0.5,0.0625,0.5551181102362205,0.5826771653543307,-0.027559055118110187,11.640869218220548,0.13731383033288697,0.24156189185351593,-0.10424806152062896,2.2303866330189264,0.61328125,0.53515625,0.078125,13.707321770489216,0.5390625,0.5234375,0.015625,-0.017894038879579716,-0.017894038879579716,9.192859207242897,13.707321770489216,5.378180354249244,0.18865551506396572,-0.09999999999999998,0.10454075317382813,1.4282104843543824,261.36712646484375,1.4282104843543824,1.5279577245606089,2.3346548080444336,0.03431235489118656,0.0001487021519588124,0.9936476242529689,0.9855880611091219,1.527957490504463,1.3938981294631958,0.005315682385116816,0.0006085069617256522,1.3147177318301909e-05,0.0004260625225704919,69.44986103230703,2829.16408939317,0.9999999999999999,,0.9999999999999998,1.2194647633115659e+17,2049003771789312.0,0.0,2644177518305280.0,2299504493592576.0,1874263187226624.0,4.132866314149069e+16,1.632751394726473e+17,332.78624406829476,32.0,True,True,True,True,True,False,True,False,True
setting_2_medqa_medmcqa_reference_coverage_gamma_v1,complete,42,SAFE,SAFE-(B_T_K),constrained_greedy,low_rank,adam,post_projection,adamw,B_T_K,"bbq,truthfulqa,mmlu_non_medical",reference,none,1.0,0.01,0.0,0.0002,0.0,,safe_low_rank_adam_reference_constrained_greedy_eta0.0002_metricFplusAlpha_swaps1_feastol1e-06_gamma0.01_epsm1_caln64_calseed42,/workspace/safe-drift/outputs/setting_2_medqa_medmcqa_reference_coverage_gamma_v1/repeat_00/olmo7b_instruct/KR64_KT16/pct25.6/safe_reference_hard_constrained_precondadam_refB_T_K_gamma0.01_epsm1/training_runs/safe_low_rank_adam_reference_constrained_greedy_eta0.0002_metricFplusAlpha_swaps1_feastol1e-06_gamma0.01_epsm1_caln64_calseed42_pct25.6_seed42/summary.json,0.43359375,0.4140625,0.01953125,0.5390625,0.5,0.0390625,0.547244094488189,0.5826771653543307,-0.03543307086614167,9.767626351884656,0.19320158118341937,0.24156189185351593,-0.04836031067009655,1.5142464082770453,0.58203125,0.53515625,0.046875,12.015184817214807,0.5286458333333334,0.5234375,0.00520833333333337,-0.012306127178746074,-0.012306127178746074,7.765685859125504,12.015184817214807,4.321388113732431,0.10732217932295474,0.04999999999999999,0.20908150634765627,0.057128419374175295,261.36712646484375,0.057128419374175295,0.8075778863977916,0.6521820425987244,0.004785613362736925,0.021407109514817522,0.9999605938240664,0.02092658892307292,0.8075779233011321,0.05234280601143837,0.0004504286334849894,0.00021330801246222109,0.00033096534787834106,0.003733833612043645,16.391899085377172,229.83098595401472,0.9999999999999998,,,1.2194647633115659e+17,440509209133056.0,0.0,1175190008135680.0,1533002995728384.0,1874263187226624.0,3.748467957080064e+16,1.5943115590195725e+17,138.319854458794,10.0,True,True,True,True,True,False,True,False,True
setting_2_medqa_medmcqa_reference_coverage_gamma_v1,complete,42,SAFE,SAFE-(B_T_K),constrained_greedy,low_rank,adam,post_projection,adamw,B_T_K,"bbq,truthfulqa,mmlu_non_medical",reference,none,1.0,0.1,0.0,0.0002,0.0,,safe_low_rank_adam_reference_constrained_greedy_eta0.0002_metricFplusAlpha_swaps1_feastol1e-06_gamma0.1_epsm1_caln64_calseed42,/workspace/safe-drift/outputs/setting_2_medqa_medmcqa_reference_coverage_gamma_v1/repeat_00/olmo7b_instruct/KR64_KT16/pct25.6/safe_reference_hard_constrained_precondadam_refB_T_K_gamma0.1_epsm1/training_runs/safe_low_rank_adam_reference_constrained_greedy_eta0.0002_metricFplusAlpha_swaps1_feastol1e-06_gamma0.1_epsm1_caln64_calseed42_pct25.6_seed42/summary.json,0.44921875,0.4140625,0.03515625,0.53515625,0.5,0.03515625,0.5511811023622047,0.5826771653543307,-0.03149606299212593,10.624001225148598,0.16308079962336394,0.24156189185351593,-0.07848109223015198,1.9017893568287672,0.578125,0.53515625,0.04296875,12.878738686442375,0.5416666666666666,0.5234375,0.01822916666666663,-0.02233613507409264,-0.02233613507409264,8.46817642280658,12.878738686442375,4.862291985867071,0.10799422233370748,-0.050000000000000044,0.20908150634765627,0.571284193741753,261.36712646484375,0.571284193741753,1.640786662538278,2.692180871963501,0.013480980145408994,0.019311336921069698,0.9999684580362206,0.11799150424884067,1.640786662538278,0.557803213596344,0.002546201227232814,0.0003946158685721457,3.351098482567215e-05,0.0006907522961339456,16.5849092643649,439.06015563800463,1.0,,0.9999999999999998,1.2194647633115659e+17,958080512409600.0,0.0,1762785012203520.0,2299504493592576.0,1874263187226624.0,3.935634737600922e+16,1.6130282370716582e+17,241.74939646199346,18.0,True,True,True,True,True,False,True,False,True
setting_2_medqa_medmcqa_reference_coverage_gamma_v1,complete,42,SAFE,SAFE-(B_T_K),constrained_greedy,low_rank,adam,post_projection,adamw,B_T_K,"bbq,truthfulqa,mmlu_non_medical",reference,none,1.0,1.0,0.0,0.0002,0.0,,safe_low_rank_adam_reference_constrained_greedy_eta0.0002_metricFplusAlpha_swaps1_feastol1e-06_gamma1_epsm1_caln64_calseed42,/workspace/safe-drift/outputs/setting_2_medqa_medmcqa_reference_coverage_gamma_v1/repeat_00/olmo7b_instruct/KR64_KT16/pct25.6/safe_reference_hard_constrained_precondadam_refB_T_K_gamma1_epsm1/training_runs/safe_low_rank_adam_reference_constrained_greedy_eta0.0002_metricFplusAlpha_swaps1_feastol1e-06_gamma1_epsm1_caln64_calseed42_pct25.6_seed42/summary.json,0.421875,0.4140625,0.0078125,0.4921875,0.5,-0.0078125,0.5275590551181102,0.5826771653543307,-0.055118110236220486,11.968696771957116,0.1900952111364154,0.24156189185351593,-0.05146668071710053,2.1268437825422644,0.5390625,0.53515625,0.00390625,13.699721445639929,0.5364583333333334,0.5234375,0.01302083333333337,-0.03422618031777367,-0.03422618031777367,9.26508733337977,13.699721445639929,5.337437779295678,0.10095640720765708,-0.09999999999999998,0.20908150634765627,5.712841937417529,261.36712646484375,5.712841937417529,3.9985625545239887,15.988502502441406,0.9128794168181642,0.0025613111252970264,0.8480423335322987,0.8881575093704519,3.9985625545239887,4.799962520599365,0.019296227023005486,0.0007814497803337872,2.629701967468372e-06,0.0001367882726135845,19.80136471533355,1015.2155708052725,0.8725490196078433,-0.5773502691896257,0.0,1.2194647633115659e+17,3551839303532544.0,0.0,4994557534576640.0,3832507489320960.0,1874263187226624.0,4.671488168523366e+16,1.6866135801639027e+17,647.2913043182343,62.0,True,True,True,True,True,False,True,False,True
setting_2_medqa_medmcqa_reference_coverage_gamma_v1,complete,42,SAFE,SAFE-(B_T_K),constrained_greedy,low_rank,adam,post_projection,adamw,B_T_K,"bbq,truthfulqa,mmlu_non_medical",reference,none,2.0,0.01,0.0,0.0002,0.0,,safe_low_rank_adam_reference_constrained_greedy_eta0.0002_metricFplusAlpha_swaps1_feastol1e-06_gamma0.01_epsm2_caln64_calseed42,/workspace/safe-drift/outputs/setting_2_medqa_medmcqa_reference_coverage_gamma_v1/repeat_00/olmo7b_instruct/KR64_KT16/pct25.6/safe_reference_hard_constrained_precondadam_refB_T_K_gamma0.01_epsm2/training_runs/safe_low_rank_adam_reference_constrained_greedy_eta0.0002_metricFplusAlpha_swaps1_feastol1e-06_gamma0.01_epsm2_caln64_calseed42_pct25.6_seed42/summary.json,0.41796875,0.4140625,0.00390625,0.50390625,0.5,0.00390625,0.515748031496063,0.5826771653543307,-0.06692913385826771,10.592526007824995,0.17232174537216252,0.24156189185351593,-0.0692401464813534,1.824850723629615,0.5703125,0.53515625,0.03515625,12.613574236631393,0.5390625,0.5234375,0.015625,-0.033671010113207035,-0.033671010113207035,8.343650322695334,12.613574236631393,4.74819042635899,0.21784270718219234,-0.09999999999999998,0.41816301269531253,0.22851367749670118,261.36712646484375,0.22851367749670118,1.628331657078224,2.6514639854431152,0.010771502632885871,0.08587257495897979,0.9998440000319291,0.018074318651980403,1.628331657078224,0.2177421748638153,0.001557577634230256,0.00035175582161173224,8.330529341488067e-05,0.001539320645771018,4.1229373684388015,96.5865874375795,0.9999999999999998,,,1.2194647633115659e+17,840450670755840.0,0.0,1468987510169600.0,1533002995728384.0,1874263187226624.0,3.817841853445734e+16,1.6012489486561395e+17,165.78562653809786,16.0,True,True,True,True,True,False,True,False,True
setting_2_medqa_medmcqa_reference_coverage_gamma_v1,complete,42,SAFE,SAFE-(B_T_K),constrained_greedy,low_rank,adam,post_projection,adamw,B_T_K,"bbq,truthfulqa,mmlu_non_medical",reference,none,2.0,0.1,0.0,0.0002,0.0,,safe_low_rank_adam_reference_constrained_greedy_eta0.0002_metricFplusAlpha_swaps1_feastol1e-06_gamma0.1_epsm2_caln64_calseed42,/workspace/safe-drift/outputs/setting_2_medqa_medmcqa_reference_coverage_gamma_v1/repeat_00/olmo7b_instruct/KR64_KT16/pct25.6/safe_reference_hard_constrained_precondadam_refB_T_K_gamma0.1_epsm2/training_runs/safe_low_rank_adam_reference_constrained_greedy_eta0.0002_metricFplusAlpha_swaps1_feastol1e-06_gamma0.1_epsm2_caln64_calseed42_pct25.6_seed42/summary.json,0.46875,0.4140625,0.0546875,0.54296875,0.5,0.04296875,0.5551181102362205,0.5826771653543307,-0.027559055118110187,11.794300081848785,0.17104120353183083,0.24156189185351593,-0.0705206883216851,2.1439171409576376,0.59375,0.53515625,0.05859375,13.79285159210364,0.5390625,0.5234375,0.015625,-0.013161997813265094,-0.013161997813265094,9.24368960497002,13.79285159210364,5.367576187732173,0.09284270718219234,-0.050000000000000044,0.41816301269531253,2.285136774967012,261.36712646484375,2.285136774967012,3.2896442397222816,10.821759223937988,0.02578432936459496,0.07723704680617124,0.9999956893380084,0.11731561215750609,3.2896442397222816,2.259352445602417,0.010193105787038803,0.0005992670776322484,6.6507310838464204e-06,0.000262245605688482,4.994646107279365,178.92200256047468,1.0,,0.19999999999999996,1.2194647633115659e+17,1981834222632960.0,0.0,2937975020339200.0,3066005991456768.0,1874263187226624.0,4.232179259223245e+16,1.6426826892338906e+17,440.6141044907272,36.0,True,True,True,True,True,False,True,False,True
setting_2_medqa_medmcqa_reference_coverage_gamma_v1,complete,42,SAFE,SAFE-(B_T_K),constrained_greedy,low_rank,adam,post_projection,adamw,B_T_K,"bbq,truthfulqa,mmlu_non_medical",reference,none,2.0,1.0,0.0,0.0002,0.0,,safe_low_rank_adam_reference_constrained_greedy_eta0.0002_metricFplusAlpha_swaps1_feastol1e-06_gamma1_epsm2_caln64_calseed42,/workspace/safe-drift/outputs/setting_2_medqa_medmcqa_reference_coverage_gamma_v1/repeat_00/olmo7b_instruct/KR64_KT16/pct25.6/safe_reference_hard_constrained_precondadam_refB_T_K_gamma1_epsm2/training_runs/safe_low_rank_adam_reference_constrained_greedy_eta0.0002_metricFplusAlpha_swaps1_feastol1e-06_gamma1_epsm2_caln64_calseed42_pct25.6_seed42/summary.json,0.44921875,0.4140625,0.03515625,0.5859375,0.5,0.0859375,0.6377952755905512,0.5826771653543307,0.055118110236220486,11.905448205201958,0.16382825194347292,0.24156189185351593,-0.077733639910043,2.1651629403935377,0.58203125,0.53515625,0.046875,14.012510843575,0.5338541666666666,0.5234375,0.01041666666666663,0.008086490108725827,0.008086490108725827,9.361040663056832,14.012510843575,5.414919460521025,0.08038804472752992,-0.0,0.41816301269531253,22.851367749670118,261.36712646484375,22.851367749670118,13.842820801561386,191.62368774414062,14.618772305944532,0.05525851949866087,0.3618580101167327,0.36901592661985594,13.842820801561386,8.232595443725586,0.03217163309454918,0.0008122524595819414,6.617176519120869e-07,3.554502594680211e-05,4.964610000036907,266.27077108105703,0.9509803921568629,-0.7905694150420948,0.051298917604257706,1.2194647633115659e+17,3476107299471360.0,0.0,4994557534576640.0,3832507489320960.0,1874263187226624.0,4.663914968117248e+16,1.685856260123291e+17,656.7936251424253,64.0,True,True,True,True,True,False,True,False,True
setting_2_medqa_medmcqa_reference_coverage_gamma_v1,complete,42,SAFE,SAFE-(B_T_K),greedy_marginal,low_rank,sgd,none,adamw,B_T_K,"bbq,truthfulqa,mmlu_non_medical",reference,none,0.5,0.01,0.0,0.0002,0.0,,safe_low_rank_sgd_reference_greedy_marginal_eta0.0002_metricFplusAlpha_gamma0.01_epsm0.5_caln64_calseed42,/workspace/safe-drift/outputs/setting_2_medqa_medmcqa_reference_coverage_gamma_v1/repeat_00/olmo7b_instruct/KR64_KT16/pct25.6/safe_reference_precondsgd_refB_T_K_gamma0.01_epsm0.5/training_runs/safe_low_rank_sgd_reference_greedy_marginal_eta0.0002_metricFplusAlpha_gamma0.01_epsm0.5_caln64_calseed42_pct25.6_seed42/summary.json,0.3984375,0.4140625,-0.015625,0.390625,0.5,-0.109375,0.35826771653543305,0.5826771653543307,-0.22440944881889763,12.128660307155819,0.13560031488602609,0.24156189185351593,-0.10596157696748984,2.2426442281056276,0.5,0.53515625,-0.03515625,14.111951005955538,0.5494791666666666,0.5234375,0.02604166666666663,-0.12184242526212914,-0.12184242526212914,9.494418513738994,14.111951005955538,5.5521459766462735,0.2348344705171147,-0.09999999999999998,0.0021359737396240237,9.847034148103791e-06,431.66180419921875,9.847034148103791e-06,0.03814045049224244,0.0014546939637511969,-0.0007543428941563002,-1.1009417192014365e-06,77.60600067801387,1.4826168790327552,0.03814045049224244,0.000764189928304404,3.382133627383155e-06,0.0008545349701307714,1.5341170795618848,86.7809491952789,190591.9886176264,11110224.795302104,0.9803921568627453,-0.20519567041703082,0.0,1.1295337162683187e+17,3145413652758528.0,0.0,4994557534576640.0,3832507489320960.0,1874263187226624.0,1.3846741863882752e+16,1.2680011349071462e+17,693.192570084706,64.0,False,False,False,False,False,False,False,False,True
setting_2_medqa_medmcqa_reference_coverage_gamma_v1,complete,43,SAFE,SAFE-(B_T_K),greedy_marginal,low_rank,sgd,none,adamw,B_T_K,"bbq,truthfulqa,mmlu_non_medical",reference,none,0.5,0.01,0.0,0.0002,0.0,,safe_low_rank_sgd_reference_greedy_marginal_eta0.0002_metricFplusAlpha_gamma0.01_epsm0.5_caln64_calseed43,/workspace/safe-drift/outputs/setting_2_medqa_medmcqa_reference_coverage_gamma_v1/repeat_01/olmo7b_instruct/KR64_KT16/pct25.6/safe_reference_precondsgd_refB_T_K_gamma0.01_epsm0.5/training_runs/safe_low_rank_sgd_reference_greedy_marginal_eta0.0002_metricFplusAlpha_gamma0.01_epsm0.5_caln64_calseed43_pct25.6_seed43/summary.json,0.40234375,0.37109375,0.03125,0.49609375,0.55078125,-0.0546875,0.452755905511811,0.5590551181102362,-0.10629921259842523,11.747029319522888,0.17299184516656618,0.2548059308998715,-0.08181408573330534,2.1125621471025275,0.55859375,0.52734375,0.03125,13.819471172988415,0.5452261306532663,0.5125628140703518,0.03266331658291455,-0.05228776611057686,-0.05228776611057686,9.22635421320461,13.819471172988415,5.744726891318957,0.02057120492188602,0.08333333333333337,0.002156809139251709,4.734489689787188e-06,203.55404663085938,4.734489689787188e-06,0.03031149037728442,0.000918786448892206,-0.00047621640763690574,-9.35781187294701e-07,101.58439210035354,1.4023285716425935,0.03031149037728442,0.00048095089732669294,3.2616940188745502e-06,0.0008647402282804251,3.1541633094110413,182.64697674720136,185785.6841368719,11202702.29570287,0.9436274509803922,0.33541019662496846,0.20519567041703082,1.1295337177070501e+17,3241928314355712.0,0.0,4793409119838208.0,3832507489320960.0,1888146002460672.0,4.621770509655245e+16,1.5917107686725747e+17,630.9972283486277,64.0,False,False,False,False,False,False,False,False,True
setting_2_medqa_medmcqa_reference_coverage_gamma_v1,complete,44,SAFE,SAFE-(B_T_K),greedy_marginal,low_rank,sgd,none,adamw,B_T_K,"bbq,truthfulqa,mmlu_non_medical",reference,none,0.5,0.01,0.0,0.0002,0.0,,safe_low_rank_sgd_reference_greedy_marginal_eta0.0002_metricFplusAlpha_gamma0.01_epsm0.5_caln64_calseed44,/workspace/safe-drift/outputs/setting_2_medqa_medmcqa_reference_coverage_gamma_v1/repeat_02/olmo7b_instruct/KR64_KT16/pct25.6/safe_reference_precondsgd_refB_T_K_gamma0.01_epsm0.5/training_runs/safe_low_rank_sgd_reference_greedy_marginal_eta0.0002_metricFplusAlpha_gamma0.01_epsm0.5_caln64_calseed44_pct25.6_seed44/summary.json,0.44921875,0.43359375,0.015625,0.46484375,0.55078125,-0.0859375,0.4448818897637795,0.5787401574803149,-0.13385826771653542,12.547727574826538,0.12642589264506884,0.2539129749412385,-0.12748708229616965,2.340110669287163,0.56640625,0.546875,0.01953125,14.368232433994612,0.5,0.4975124378109453,0.002487562189054715,-0.08060470000423502,-0.08060470000423502,9.752023559369437,14.368232433994612,5.60968843790201,0.12627870903606195,-0.1428571428571428,0.0021919071197509764,5.716016657280233e-06,237.94642639160156,5.716016657280233e-06,0.027361828711346774,0.0007486696704290807,-0.0003686765023492254,-1.1052038005284709e-06,65.49883496545928,1.4600744023991274,0.027361828711346774,0.0003743925190065056,3.5074322113359813e-06,0.0007919046911410987,2.496827287560548,138.54135469190513,181290.26358874032,10371902.152267266,0.9779411764705884,0.9746794344808964,0.6668859288553503,1.1295337177070501e+17,3224637143285760.0,0.0,4549157473370112.0,3832507489320960.0,1872988517564416.0,4.594100479411814e+16,1.5889437656482317e+17,683.6458415593952,64.0,False,False,False,False,False,False,False,False,True
setting_2_medqa_medmcqa_reference_coverage_gamma_v1,complete,42,SAFE,SAFE-(B_T_K),greedy_marginal,low_rank,sgd,none,adamw,B_T_K,"bbq,truthfulqa,mmlu_non_medical",reference,none,0.5,0.1,0.0,0.0002,0.0,,safe_low_rank_sgd_reference_greedy_marginal_eta0.0002_metricFplusAlpha_gamma0.1_epsm0.5_caln64_calseed42,/workspace/safe-drift/outputs/setting_2_medqa_medmcqa_reference_coverage_gamma_v1/repeat_00/olmo7b_instruct/KR64_KT16/pct25.6/safe_reference_precondsgd_refB_T_K_gamma0.1_epsm0.5/training_runs/safe_low_rank_sgd_reference_greedy_marginal_eta0.0002_metricFplusAlpha_gamma0.1_epsm0.5_caln64_calseed42_pct25.6_seed42/summary.json,0.4453125,0.4140625,0.03125,0.49609375,0.5,-0.00390625,0.484251968503937,0.5826771653543307,-0.09842519685039369,11.569885446643578,0.13267776695762695,0.24156189185351593,-0.10888412489588897,2.2871006532037765,0.578125,0.53515625,0.04296875,13.861498611668745,0.5494791666666666,0.5234375,0.02604166666666663,-0.05478019058209422,-0.05478019058209422,9.2394949038387,13.861498611668745,5.421747955621457,0.1723344705171147,-0.0,0.0021418948173522953,6.561483018684653e-05,286.0458984375,6.561483018684653e-05,0.03077991076342021,0.0009474029066041112,-0.0005211471464053962,-1.4150945218442523e-06,8.942531336487388,1.6169062431804757,0.03077991076342021,0.0005867619765922427,3.7089512261445634e-06,0.0008439728990197182,0.22738133306175087,12.862532702079676,189303.22426634163,11061571.9777489,0.8897058823529413,-0.22360679774997896,0.22360679774997896,1.1295337162683187e+17,3300369147346944.0,0.0,4994557534576640.0,3832507489320960.0,1874263187226624.0,1.4001697358471168e+16,1.2695506898530304e+17,653.2467595115304,64.0,False,False,False,False,True,False,False,False,True
setting_2_medqa_medmcqa_reference_coverage_gamma_v1,complete,43,SAFE,SAFE-(B_T_K),greedy_marginal,low_rank,sgd,none,adamw,B_T_K,"bbq,truthfulqa,mmlu_non_medical",reference,none,0.5,0.1,0.0,0.0002,0.0,,safe_low_rank_sgd_reference_greedy_marginal_eta0.0002_metricFplusAlpha_gamma0.1_epsm0.5_caln64_calseed43,/workspace/safe-drift/outputs/setting_2_medqa_medmcqa_reference_coverage_gamma_v1/repeat_01/olmo7b_instruct/KR64_KT16/pct25.6/safe_reference_precondsgd_refB_T_K_gamma0.1_epsm0.5/training_runs/safe_low_rank_sgd_reference_greedy_marginal_eta0.0002_metricFplusAlpha_gamma0.1_epsm0.5_caln64_calseed43_pct25.6_seed43/summary.json,0.43359375,0.37109375,0.0625,0.52734375,0.55078125,-0.0234375,0.4881889763779528,0.5590551181102362,-0.07086614173228345,11.736900317074433,0.16152769023894303,0.2548059308998715,-0.09327824066092849,2.214228825762093,0.58984375,0.52734375,0.0625,14.106196363766989,0.550251256281407,0.5125628140703518,0.03768844221105527,-0.033881460797737316,-0.033881460797737316,9.352441835534504,14.106196363766989,5.844280123710632,0.02057120492188602,0.04166666666666674,0.002106985664367676,4.10326693751788e-05,184.8572998046875,4.10326693751788e-05,0.029679326332941833,0.0008808624115772545,-0.0004791630261964226,-1.2035766873135979e-06,12.677595366753122,1.5422263282223834,0.029679326332941833,0.0005201956955716014,3.423270982239046e-06,0.0008629922522231936,0.37154874620075157,21.031833058007894,196258.68580528768,11589150.368692951,0.9779411764705884,0.6324555320336759,0.4472135954999579,1.1295337177070501e+17,3391397187354624.0,0.0,4793409119838208.0,3832507489320960.0,1888146002460672.0,4.636717396955136e+16,1.593205457402564e+17,672.6588703822345,64.0,False,False,False,False,True,False,False,False,True
setting_2_medqa_medmcqa_reference_coverage_gamma_v1,complete,44,SAFE,SAFE-(B_T_K),greedy_marginal,low_rank,sgd,none,adamw,B_T_K,"bbq,truthfulqa,mmlu_non_medical",reference,none,0.5,0.1,0.0,0.0002,0.0,,safe_low_rank_sgd_reference_greedy_marginal_eta0.0002_metricFplusAlpha_gamma0.1_epsm0.5_caln64_calseed44,/workspace/safe-drift/outputs/setting_2_medqa_medmcqa_reference_coverage_gamma_v1/repeat_02/olmo7b_instruct/KR64_KT16/pct25.6/safe_reference_precondsgd_refB_T_K_gamma0.1_epsm0.5/training_runs/safe_low_rank_sgd_reference_greedy_marginal_eta0.0002_metricFplusAlpha_gamma0.1_epsm0.5_caln64_calseed44_pct25.6_seed44/summary.json,0.4765625,0.43359375,0.04296875,0.50390625,0.55078125,-0.046875,0.4645669291338583,0.5787401574803149,-0.11417322834645666,11.88841610255204,0.14335470516108856,0.2539129749412385,-0.11055826978014993,2.0924930243346997,0.58203125,0.546875,0.03515625,13.518704379598299,0.5,0.4975124378109453,0.002487562189054715,-0.06319174937553552,-0.06319174937553552,9.166537835495012,13.518704379598299,5.231067208143381,0.008096890854243755,-0.1428571428571428,0.0021919071197509764,5.716016657280233e-05,237.94642639160156,5.716016657280233e-05,0.03186454964526652,0.0010153495240956545,-0.0005042857266813288,-1.2961456193291093e-06,9.82233492956443,1.5395596911175524,0.03186454964526652,0.0005614458932541311,3.6983740301366197e-06,0.0007673912332393229,0.24410653688458483,13.425279862715781,177628.66071969442,9892779.968438663,0.9240196078431374,0.35909242322980395,0.6324555320336759,1.1295337177070501e+17,3467627975196672.0,0.0,4549157473370112.0,3832507489320960.0,1872988517564416.0,4.618399562602906e+16,1.5913736739673408e+17,649.4596772454679,64.0,False,False,False,False,True,False,False,False,True
setting_2_medqa_medmcqa_reference_coverage_gamma_v1,complete,42,SAFE,SAFE-(B_T_K),greedy_marginal,low_rank,sgd,none,adamw,B_T_K,"bbq,truthfulqa,mmlu_non_medical",reference,none,0.5,1.0,0.0,0.0002,0.0,,safe_low_rank_sgd_reference_greedy_marginal_eta0.0002_metricFplusAlpha_gamma1_epsm0.5_caln64_calseed42,/workspace/safe-drift/outputs/setting_2_medqa_medmcqa_reference_coverage_gamma_v1/repeat_00/olmo7b_instruct/KR64_KT16/pct25.6/safe_reference_precondsgd_refB_T_K_gamma1_epsm0.5/training_runs/safe_low_rank_sgd_reference_greedy_marginal_eta0.0002_metricFplusAlpha_gamma1_epsm0.5_caln64_calseed42_pct25.6_seed42/summary.json,0.46484375,0.4140625,0.05078125,0.53125,0.5,0.03125,0.5196850393700787,0.5826771653543307,-0.06299212598425197,11.731749877529195,0.14951490639931536,0.24156189185351593,-0.09204698545420056,2.2743261228651237,0.59765625,0.53515625,0.0625,13.608310749133429,0.5520833333333334,0.5234375,0.02864583333333337,-0.030846370479484176,-0.030846370479484176,9.204795583175915,13.608310749133429,5.438883959078321,0.20284260935941917,-0.050000000000000044,0.0021584694862365724,0.0006726727522415848,288.7633056640625,0.0006726727522415848,1392.352505653651,1938645.5,-0.00046989590120783136,-2.4920126389804452e-06,1.6985482706751425,2.0697650603367657,1392.352505653651,0.0011425686534494162,4.8215079004876316e-06,0.000820571556687355,0.021156098478287012,1.2198673931015027,179406.62281778848,10617976.387098862,0.9338235294117648,0.22360679774997896,0.15389675281277312,1.1295337162683187e+17,3640955339046912.0,0.0,4994557534576640.0,3832507489320960.0,1874263187226624.0,1.4342283550171136e+16,1.27295655177003e+17,714.4245968796313,64.0,False,False,False,False,True,False,False,False,True
setting_2_medqa_medmcqa_reference_coverage_gamma_v1,complete,43,SAFE,SAFE-(B_T_K),greedy_marginal,low_rank,sgd,none,adamw,B_T_K,"bbq,truthfulqa,mmlu_non_medical",reference,none,0.5,1.0,0.0,0.0002,0.0,,safe_low_rank_sgd_reference_greedy_marginal_eta0.0002_metricFplusAlpha_gamma1_epsm0.5_caln64_calseed43,/workspace/safe-drift/outputs/setting_2_medqa_medmcqa_reference_coverage_gamma_v1/repeat_01/olmo7b_instruct/KR64_KT16/pct25.6/safe_reference_precondsgd_refB_T_K_gamma1_epsm0.5/training_runs/safe_low_rank_sgd_reference_greedy_marginal_eta0.0002_metricFplusAlpha_gamma1_epsm0.5_caln64_calseed43_pct25.6_seed43/summary.json,0.44921875,0.37109375,0.078125,0.54296875,0.55078125,-0.0078125,0.4881889763779528,0.5590551181102362,-0.07086614173228345,11.998590379249393,0.16597401490554184,0.2548059308998715,-0.08883191599432969,2.1755401822490117,0.59765625,0.52734375,0.0703125,14.170874066650867,0.5402010050251256,0.5125628140703518,0.027638190954773822,-0.029795185908871046,-0.029795185908871046,9.448334876049758,14.170874066650867,5.910155579447746,0.018029447478167815,0.08333333333333337,0.002106985664367676,0.00041032669375178803,184.8572998046875,0.00041032669375178803,35.93120529110978,1291.051513671875,-0.0005461871669768036,-2.161629538587858e-06,2.331103180206939,1.9738411021417073,35.93120529110978,0.0009565138607285917,4.3813238335133065e-06,0.00083466328214854,0.03570560941185243,2.034143268908161,188565.83499566457,10950280.166791555,0.9730392156862746,0.7905694150420948,0.5642880936468347,1.1295337177070501e+17,3679195428913152.0,0.0,4793409119838208.0,3832507489320960.0,1888146002460672.0,4.665497221110989e+16,1.596083439818149e+17,660.4662718754262,64.0,False,False,False,False,True,False,False,False,True
setting_2_medqa_medmcqa_reference_coverage_gamma_v1,complete,44,SAFE,SAFE-(B_T_K),greedy_marginal,low_rank,sgd,none,adamw,B_T_K,"bbq,truthfulqa,mmlu_non_medical",reference,none,0.5,1.0,0.0,0.0002,0.0,,safe_low_rank_sgd_reference_greedy_marginal_eta0.0002_metricFplusAlpha_gamma1_epsm0.5_caln64_calseed44,/workspace/safe-drift/outputs/setting_2_medqa_medmcqa_reference_coverage_gamma_v1/repeat_02/olmo7b_instruct/KR64_KT16/pct25.6/safe_reference_precondsgd_refB_T_K_gamma1_epsm0.5/training_runs/safe_low_rank_sgd_reference_greedy_marginal_eta0.0002_metricFplusAlpha_gamma1_epsm0.5_caln64_calseed44_pct25.6_seed44/summary.json,0.4765625,0.43359375,0.04296875,0.515625,0.55078125,-0.03515625,0.4645669291338583,0.5787401574803149,-0.11417322834645666,12.081774105862996,0.12619431037880655,0.2539129749412385,-0.12771866456243194,2.24823800366165,0.58984375,0.546875,0.04296875,13.48156063258648,0.5,0.4975124378109453,0.002487562189054715,-0.06630771430296287,-0.06630771430296287,9.270524247370375,13.48156063258648,5.364163499612075,0.026278709036061942,-0.09523809523809523,0.0021919071197509764,0.0005716016657280233,237.94642639160156,0.0005716016657280233,1409.9711876488825,1988018.75,-0.0004329447493327353,-2.2624212122020987e-06,1.7574208212838007,1.9418010385788356,1409.9711876488825,0.0010045464150607586,4.664649623009609e-06,0.0007963961106725037,0.024058300301836193,1.3932711509127074,174179.7606956562,10419504.317019189,0.9093137254901962,0.09999999999999998,0.7826237921249264,1.1295337177070501e+17,3679029167652864.0,0.0,4549157473370112.0,3832507489320960.0,1872988517564416.0,4.639539681848525e+16,1.5934876858919027e+17,672.1793618761003,64.0,False,False,False,False,True,False,False,False,True
setting_2_medqa_medmcqa_reference_coverage_gamma_v1,complete,42,SAFE,SAFE-(B_T_K),greedy_marginal,low_rank,sgd,none,adamw,B_T_K,"bbq,truthfulqa,mmlu_non_medical",reference,none,1.0,0.01,0.0,0.0002,0.0,,safe_low_rank_sgd_reference_greedy_marginal_eta0.0002_metricFplusAlpha_gamma0.01_epsm1_caln64_calseed42,/workspace/safe-drift/outputs/setting_2_medqa_medmcqa_reference_coverage_gamma_v1/repeat_00/olmo7b_instruct/KR64_KT16/pct25.6/safe_reference_precondsgd_refB_T_K_gamma0.01_epsm1/training_runs/safe_low_rank_sgd_reference_greedy_marginal_eta0.0002_metricFplusAlpha_gamma0.01_epsm1_caln64_calseed42_pct25.6_seed42/summary.json,0.41015625,0.4140625,-0.00390625,0.49609375,0.5,-0.00390625,0.452755905511811,0.5826771653543307,-0.12992125984251968,12.10570139647156,0.12674011022253115,0.24156189185351593,-0.11482178163098478,2.428067843832293,0.55859375,0.53515625,0.0234375,14.227448150515556,0.5546875,0.5234375,0.03125,-0.07376851382450149,-0.07376851382450149,9.58707246360647,14.227448150515556,5.716974221023858,0.17432570906749306,-0.09999999999999998,0.004283789634704591,2.6245932074738613e-05,286.0458984375,2.6245932074738613e-05,0.028899408308871707,0.0008351758006028831,-0.00040623771610808564,5.519696947267678e-06,16.478121140878986,0.398426137853352,0.028899408308871707,0.00043248364818282425,3.655729869933566e-06,0.0008198078139685094,0.560841813270335,31.23561440431999,46689.589374292846,2669703.218381518,0.9583333333333335,-0.20519567041703082,0.051298917604257706,1.1295337162683187e+17,3110665049358336.0,0.0,4994557534576640.0,3832507489320960.0,1874263187226624.0,1.381199326048256e+16,1.2676536488731443e+17,689.6171390917152,64.0,False,True,False,True,True,False,False,False,True
setting_2_medqa_medmcqa_reference_coverage_gamma_v1,complete,43,SAFE,SAFE-(B_T_K),greedy_marginal,low_rank,sgd,none,adamw,B_T_K,"bbq,truthfulqa,mmlu_non_medical",reference,none,1.0,0.01,0.0,0.0002,0.0,,safe_low_rank_sgd_reference_greedy_marginal_eta0.0002_metricFplusAlpha_gamma0.01_epsm1_caln64_calseed43,/workspace/safe-drift/outputs/setting_2_medqa_medmcqa_reference_coverage_gamma_v1/repeat_01/olmo7b_instruct/KR64_KT16/pct25.6/safe_reference_precondsgd_refB_T_K_gamma0.01_epsm1/training_runs/safe_low_rank_sgd_reference_greedy_marginal_eta0.0002_metricFplusAlpha_gamma0.01_epsm1_caln64_calseed43_pct25.6_seed43/summary.json,0.39453125,0.37109375,0.0234375,0.50390625,0.55078125,-0.046875,0.468503937007874,0.5590551181102362,-0.09055118110236221,12.333743385755485,0.18281557894118472,0.2548059308998715,-0.0719903519586868,2.1954411198561514,0.546875,0.52734375,0.01953125,13.795088772972425,0.5251256281407035,0.5125628140703518,0.012562814070351758,-0.047670094353683,-0.047670094353683,9.441424426194688,13.795088772972425,5.837075124184291,0.022799368914755924,0.04166666666666674,0.004213971328735352,1.641306775007152e-05,184.8572998046875,1.641306775007152e-05,0.02919071553723864,0.0008520978735759854,-0.00043827843288574614,5.507472678358973e-06,27.703019122532215,0.37970369490183,0.02919071553723864,0.00045469150063581765,3.37130450134282e-06,0.0008122624130919576,0.9003793588086207,49.488762579952066,48160.845261418115,2749853.941531621,0.7132352941176472,0.35355339059327373,0.15389675281277312,1.1295337177070501e+17,3284906850140160.0,0.0,4793409119838208.0,3832507489320960.0,1888146002460672.0,4.62606836323369e+16,1.5921405540304192e+17,676.3840816039592,64.0,False,True,False,True,True,False,False,False,True
setting_2_medqa_medmcqa_reference_coverage_gamma_v1,complete,44,SAFE,SAFE-(B_T_K),greedy_marginal,low_rank,sgd,none,adamw,B_T_K,"bbq,truthfulqa,mmlu_non_medical",reference,none,1.0,0.01,0.0,0.0002,0.0,,safe_low_rank_sgd_reference_greedy_marginal_eta0.0002_metricFplusAlpha_gamma0.01_epsm1_caln64_calseed44,/workspace/safe-drift/outputs/setting_2_medqa_medmcqa_reference_coverage_gamma_v1/repeat_02/olmo7b_instruct/KR64_KT16/pct25.6/safe_reference_precondsgd_refB_T_K_gamma0.01_epsm1/training_runs/safe_low_rank_sgd_reference_greedy_marginal_eta0.0002_metricFplusAlpha_gamma0.01_epsm1_caln64_calseed44_pct25.6_seed44/summary.json,0.4765625,0.43359375,0.04296875,0.51171875,0.55078125,-0.0390625,0.48031496062992124,0.5787401574803149,-0.09842519685039369,12.243947847621648,0.1501903401158544,0.2539129749412385,-0.1037226348253841,2.066286789948266,0.578125,0.546875,0.03125,13.700324666996798,0.5024875621890548,0.4975124378109453,0.004975124378109486,-0.056965943891925934,-0.056965943891925934,9.336853101522237,13.700324666996798,5.308445389454182,0.008096890854243755,-0.19047619047619047,0.004383814239501953,2.2864066629120932e-05,237.94642639160156,2.2864066629120932e-05,0.030143652828698318,0.0009086398058570921,-0.0004110436901856122,6.013783405275606e-06,18.977705542173368,0.37414533748956985,0.030143652828698318,0.00043390775681473315,3.595130237954436e-06,0.0007865358493290842,0.6146161438782793,34.40052297290408,44271.76794022092,2534042.3224387965,0.9509803921568629,0.6999999999999998,0.5642880936468347,1.1295337177070501e+17,3284906850140160.0,0.0,4549157473370112.0,3832507489320960.0,1872988517564416.0,4.600127450097254e+16,1.5895464627167757e+17,657.2178021110594,64.0,False,True,False,True,True,False,False,False,True
setting_2_medqa_medmcqa_reference_coverage_gamma_v1,complete,42,SAFE,SAFE-(B_T_K),greedy_marginal,low_rank,sgd,none,adamw,B_T_K,"bbq,truthfulqa,mmlu_non_medical",reference,none,1.0,0.1,0.0,0.0002,0.0,,safe_low_rank_sgd_reference_greedy_marginal_eta0.0002_metricFplusAlpha_gamma0.1_epsm1_caln64_calseed42,/workspace/safe-drift/outputs/setting_2_medqa_medmcqa_reference_coverage_gamma_v1/repeat_00/olmo7b_instruct/KR64_KT16/pct25.6/safe_reference_precondsgd_refB_T_K_gamma0.1_epsm1/training_runs/safe_low_rank_sgd_reference_greedy_marginal_eta0.0002_metricFplusAlpha_gamma0.1_epsm1_caln64_calseed42_pct25.6_seed42/summary.json,0.44921875,0.4140625,0.03515625,0.53515625,0.5,0.03515625,0.5433070866141733,0.5826771653543307,-0.03937007874015741,10.869015075403249,0.14168007067379917,0.24156189185351593,-0.09988182117971675,2.2972045804934025,0.59375,0.53515625,0.05859375,13.084902554750443,0.5520833333333334,0.5234375,0.02864583333333337,-0.026886049973291387,-0.026886049973291387,8.750374070215697,13.084902554750443,5.208672673094506,0.17812437953283017,-0.0,0.004283789634704591,0.0002624593207473861,286.0458984375,0.0002624593207473861,0.0365935635401115,0.0013390888925641775,-0.0006397991792437626,4.462896390869449e-06,3.43771019256798,0.5136034018054809,0.0365935635401115,0.0009022584999911487,4.712530426331796e-06,0.0008472488261759281,0.05671645608417658,3.2281148322844087,46855.526183171125,2757340.3040490923,0.681372549019608,0.7181848464596079,0.051298917604257706,1.1295337162683187e+17,3406277570150400.0,0.0,4994557534576640.0,3832507489320960.0,1874263187226624.0,1.4107605781274624e+16,1.270609774081065e+17,671.9390959534794,64.0,False,True,False,True,True,False,False,False,True
setting_2_medqa_medmcqa_reference_coverage_gamma_v1,complete,43,SAFE,SAFE-(B_T_K),greedy_marginal,low_rank,sgd,none,adamw,B_T_K,"bbq,truthfulqa,mmlu_non_medical",reference,none,1.0,0.1,0.0,0.0002,0.0,,safe_low_rank_sgd_reference_greedy_marginal_eta0.0002_metricFplusAlpha_gamma0.1_epsm1_caln64_calseed43,/workspace/safe-drift/outputs/setting_2_medqa_medmcqa_reference_coverage_gamma_v1/repeat_01/olmo7b_instruct/KR64_KT16/pct25.6/safe_reference_precondsgd_refB_T_K_gamma0.1_epsm1/training_runs/safe_low_rank_sgd_reference_greedy_marginal_eta0.0002_metricFplusAlpha_gamma0.1_epsm1_caln64_calseed43_pct25.6_seed43/summary.json,0.421875,0.37109375,0.05078125,0.51953125,0.55078125,-0.03125,0.48031496062992124,0.5590551181102362,-0.07874015748031499,11.24371807719153,0.16642249104324588,0.2548059308998715,-0.08838343985662564,2.0413840937936008,0.55859375,0.52734375,0.03125,13.633937406043211,0.5226130653266332,0.5125628140703518,0.01005025125628145,-0.045291199112313545,-0.045291199112313545,8.973013192342782,13.633937406043211,5.57171027859052,0.018029447478167815,0.125,0.004213971328735352,0.0001641306775007152,184.8572998046875,0.0001641306775007152,0.032477905077067167,0.0010548143181949854,-0.00045482351162100796,5.032578655586186e-06,3.7711035565877054,0.43319011686751074,0.032477905077067167,0.0006189541891217232,3.846198524115607e-06,0.0008290910627692938,0.09155110539301164,5.051408276589128,48556.199990046705,2732410.4686468136,0.8799019607843138,0.6324555320336759,0.5642880936468347,1.1295337177070501e+17,3471784506703872.0,0.0,4793409119838208.0,3832507489320960.0,1888146002460672.0,4.644756128890061e+16,1.5940093305960563e+17,637.9707962088287,64.0,False,True,False,True,True,False,False,False,True
setting_2_medqa_medmcqa_reference_coverage_gamma_v1,complete,44,SAFE,SAFE-(B_T_K),greedy_marginal,low_rank,sgd,none,adamw,B_T_K,"bbq,truthfulqa,mmlu_non_medical",reference,none,1.0,0.1,0.0,0.0002,0.0,,safe_low_rank_sgd_reference_greedy_marginal_eta0.0002_metricFplusAlpha_gamma0.1_epsm1_caln64_calseed44,/workspace/safe-drift/outputs/setting_2_medqa_medmcqa_reference_coverage_gamma_v1/repeat_02/olmo7b_instruct/KR64_KT16/pct25.6/safe_reference_precondsgd_refB_T_K_gamma0.1_epsm1/training_runs/safe_low_rank_sgd_reference_greedy_marginal_eta0.0002_metricFplusAlpha_gamma0.1_epsm1_caln64_calseed44_pct25.6_seed44/summary.json,0.484375,0.43359375,0.05078125,0.5078125,0.55078125,-0.04296875,0.4645669291338583,0.5787401574803149,-0.11417322834645666,12.26666254008536,0.13562119788053312,0.2539129749412385,-0.11829177706070537,2.274364048910246,0.58984375,0.546875,0.04296875,13.666165915628275,0.5049751243781094,0.4975124378109453,0.007462686567164145,-0.063165418469054,-0.063165418469054,9.402397501541293,13.666165915628275,5.398002037635217,0.10809689085424376,-0.04761904761904756,0.004383814239501953,0.00022864066629120933,237.94642639160156,0.00022864066629120933,0.038684161659512675,0.0014964643632993102,-0.0006033648540600218,4.973542018912556e-06,3.638914739152481,0.4824032972325999,0.038684161659512675,0.0008320055203512311,4.635371624317486e-06,0.0007972043822519481,0.06180424912950654,3.4867129946016897,44822.31721573081,2601205.2586421617,0.9019607843137256,0.35909242322980395,0.6668859288553503,1.1295337177070501e+17,3586255384412160.0,0.0,4549157473370112.0,3832507489320960.0,1872988517564416.0,4.630262303524454e+16,1.5925599480594957e+17,677.9064461030066,64.0,False,True,False,True,True,False,False,False,True
setting_2_medqa_medmcqa_reference_coverage_gamma_v1,complete,42,SAFE,SAFE-(B_T_K),greedy_marginal,low_rank,sgd,none,adamw,B_T_K,"bbq,truthfulqa,mmlu_non_medical",reference,none,1.0,1.0,0.0,0.0002,0.0,,safe_low_rank_sgd_reference_greedy_marginal_eta0.0002_metricFplusAlpha_gamma1_epsm1_caln64_calseed42,/workspace/safe-drift/outputs/setting_2_medqa_medmcqa_reference_coverage_gamma_v1/repeat_00/olmo7b_instruct/KR64_KT16/pct25.6/safe_reference_precondsgd_refB_T_K_gamma1_epsm1/training_runs/safe_low_rank_sgd_reference_greedy_marginal_eta0.0002_metricFplusAlpha_gamma1_epsm1_caln64_calseed42_pct25.6_seed42/summary.json,0.47265625,0.4140625,0.05859375,0.5703125,0.5,0.0703125,0.5393700787401575,0.5826771653543307,-0.04330708661417315,12.379393081965409,0.15601020675018543,0.24156189185351593,-0.0855516851033305,2.3483887502529117,0.625,0.53515625,0.08984375,14.357789049545923,0.5390625,0.5234375,0.015625,-0.013005007239167884,-0.013005007239167884,9.695190293921415,14.357789049545923,5.683050987767238,0.1098344705171147,-0.0,0.004283789634704591,0.002624593207473861,286.0458984375,0.002624593207473861,1638.753565976288,2685513.25,0.0005488784498078694,1.1667411629973714e-06,0.7908713054072762,0.8728406660265577,1638.753565976288,0.0020757147576659918,8.008685654203873e-06,0.0008311897981911898,0.005751004303149704,0.31669281007977607,47134.420719937756,2669351.076879182,0.9142156862745099,-0.28867513459481287,0.0,1.1295337162683187e+17,3667307748802560.0,0.0,4994557534576640.0,3832507489320960.0,1874263187226624.0,1.4368635959926784e+16,1.2732200758675866e+17,695.3553565330803,64.0,True,True,True,True,True,False,True,False,True
setting_2_medqa_medmcqa_reference_coverage_gamma_v1,complete,43,SAFE,SAFE-(B_T_K),greedy_marginal,low_rank,sgd,none,adamw,B_T_K,"bbq,truthfulqa,mmlu_non_medical",reference,none,1.0,1.0,0.0,0.0002,0.0,,safe_low_rank_sgd_reference_greedy_marginal_eta0.0002_metricFplusAlpha_gamma1_epsm1_caln64_calseed43,/workspace/safe-drift/outputs/setting_2_medqa_medmcqa_reference_coverage_gamma_v1/repeat_01/olmo7b_instruct/KR64_KT16/pct25.6/safe_reference_precondsgd_refB_T_K_gamma1_epsm1/training_runs/safe_low_rank_sgd_reference_greedy_marginal_eta0.0002_metricFplusAlpha_gamma1_epsm1_caln64_calseed43_pct25.6_seed43/summary.json,0.453125,0.37109375,0.08203125,0.5703125,0.55078125,0.01953125,0.5669291338582677,0.5590551181102362,0.007874015748031482,11.755121201042115,0.16511117515017198,0.2548059308998715,-0.08969475574969954,2.1367278178686044,0.60546875,0.52734375,0.078125,13.968996621668339,0.542713567839196,0.5125628140703518,0.03015075376884424,-0.0012319133338893524,-0.0012319133338893524,9.286948546859685,13.968996621668339,5.785607884327571,0.02057120492188602,0.08333333333333337,0.004213971328735352,0.0016413067750071521,184.8572998046875,0.0016413067750071521,46.83006179261351,2193.0546875,-7.217390896776957e-05,1.7588261012081792e-06,1.043974719133934,0.8019067191787268,46.83006179261351,0.0017134806839749217,7.119951078493614e-06,0.000846042821649462,0.009127258937518609,0.5154690363389107,48200.54688497136,2818055.342658082,0.9901960784313727,0.28867513459481287,0.5642880936468347,1.1295337177070501e+17,3695904685572096.0,0.0,4793409119838208.0,3832507489320960.0,1888146002460672.0,4.667168146776883e+16,1.5962505323847386e+17,666.6970953457057,64.0,False,True,False,True,True,False,True,False,True
setting_2_medqa_medmcqa_reference_coverage_gamma_v1,complete,44,SAFE,SAFE-(B_T_K),greedy_marginal,low_rank,sgd,none,adamw,B_T_K,"bbq,truthfulqa,mmlu_non_medical",reference,none,1.0,1.0,0.0,0.0002,0.0,,safe_low_rank_sgd_reference_greedy_marginal_eta0.0002_metricFplusAlpha_gamma1_epsm1_caln64_calseed44,/workspace/safe-drift/outputs/setting_2_medqa_medmcqa_reference_coverage_gamma_v1/repeat_02/olmo7b_instruct/KR64_KT16/pct25.6/safe_reference_precondsgd_refB_T_K_gamma1_epsm1/training_runs/safe_low_rank_sgd_reference_greedy_marginal_eta0.0002_metricFplusAlpha_gamma1_epsm1_caln64_calseed44_pct25.6_seed44/summary.json,0.4453125,0.43359375,0.01171875,0.515625,0.55078125,-0.03515625,0.468503937007874,0.5787401574803149,-0.11023622047244092,12.271051119005898,0.13528288498117405,0.2539129749412385,-0.11863008996006444,2.3823332072875325,0.59375,0.546875,0.046875,14.059114476044973,0.5049751243781094,0.4975124378109453,0.007462686567164145,-0.060663770144168454,-0.060663770144168454,9.570832934112802,14.059114476044973,5.5354012342599725,0.12627870903606195,-0.04761904761904756,0.004383814239501953,0.002286406662912093,237.94642639160156,0.002286406662912093,1819.794287824863,3311651.25,0.000517610191033207,2.189492789536305e-06,0.7736145753546506,0.7721394040127615,1819.794287824863,0.0017687964718788862,7.419420853693737e-06,0.0008111390634439886,0.006217347569397842,0.3547658763427838,44632.15318050252,2659614.6384622143,0.8700980392156864,0.35909242322980395,0.6668859288553503,1.1295337177070501e+17,3729323198889984.0,0.0,4549157473370112.0,3832507489320960.0,1872988517564416.0,4.644569084972237e+16,1.593990626204274e+17,667.4080980215222,64.0,True,True,True,True,True,False,True,False,True
setting_2_medqa_medmcqa_reference_coverage_gamma_v1,complete,42,SAFE,SAFE-(B_T_K),greedy_marginal,low_rank,sgd,none,adamw,B_T_K,"bbq,truthfulqa,mmlu_non_medical",reference,none,2.0,0.01,0.0,0.0002,0.0,,safe_low_rank_sgd_reference_greedy_marginal_eta0.0002_metricFplusAlpha_gamma0.01_epsm2_caln64_calseed42,/workspace/safe-drift/outputs/setting_2_medqa_medmcqa_reference_coverage_gamma_v1/repeat_00/olmo7b_instruct/KR64_KT16/pct25.6/safe_reference_precondsgd_refB_T_K_gamma0.01_epsm2/training_runs/safe_low_rank_sgd_reference_greedy_marginal_eta0.0002_metricFplusAlpha_gamma0.01_epsm2_caln64_calseed42_pct25.6_seed42/summary.json,0.43359375,0.4140625,0.01953125,0.484375,0.5,-0.015625,0.46062992125984253,0.5826771653543307,-0.12204724409448814,11.353537662135647,0.145027835826,0.24156189185351593,-0.09653405602751591,2.1534471013766763,0.57421875,0.53515625,0.0390625,13.413802745441595,0.5494791666666666,0.5234375,0.02604166666666663,-0.05983960004066802,-0.05983960004066802,8.973595836317973,13.413802745441595,5.25179947123808,0.20022111309001,-0.09999999999999998,0.008567579269409181,0.00010498372829895445,286.0458984375,0.00010498372829895445,0.03962184414655539,0.0015698905335739255,-0.000458873417308517,3.264958777552421e-05,5.370905364217621,0.11040683921330587,0.03962184414655539,0.0005638571456074715,4.05211949328077e-06,0.000839501793961972,0.1443577335548763,7.996494385981268,11933.123053518222,669138.8046248959,0.8700980392156864,-0.15389675281277312,0.22360679774997896,1.1295337162683187e+17,3163452999499776.0,0.0,4994557534576640.0,3832507489320960.0,1874263187226624.0,1.3864781210624e+16,1.2681815283745587e+17,685.7882062159479,64.0,False,True,False,True,True,False,False,False,True
setting_2_medqa_medmcqa_reference_coverage_gamma_v1,complete,43,SAFE,SAFE-(B_T_K),greedy_marginal,low_rank,sgd,none,adamw,B_T_K,"bbq,truthfulqa,mmlu_non_medical",reference,none,2.0,0.01,0.0,0.0002,0.0,,safe_low_rank_sgd_reference_greedy_marginal_eta0.0002_metricFplusAlpha_gamma0.01_epsm2_caln64_calseed43,/workspace/safe-drift/outputs/setting_2_medqa_medmcqa_reference_coverage_gamma_v1/repeat_01/olmo7b_instruct/KR64_KT16/pct25.6/safe_reference_precondsgd_refB_T_K_gamma0.01_epsm2/training_runs/safe_low_rank_sgd_reference_greedy_marginal_eta0.0002_metricFplusAlpha_gamma0.01_epsm2_caln64_calseed43_pct25.6_seed43/summary.json,0.42578125,0.37109375,0.0546875,0.51953125,0.55078125,-0.03125,0.484251968503937,0.5590551181102362,-0.07480314960629925,10.83352993542128,0.16240446760301164,0.2548059308998715,-0.09240146329685989,2.1173031385234324,0.5625,0.52734375,0.03515625,13.159355801840624,0.5452261306532663,0.5125628140703518,0.03266331658291455,-0.04401612096771971,-0.04401612096771971,8.703396291928446,13.159355801840624,5.461979726950328,0.022799368914755924,0.04166666666666674,0.008427942657470704,6.565227100028608e-05,184.8572998046875,6.565227100028608e-05,0.03241736828838229,0.0010508857667446136,-0.0004278846651189127,3.200110859148234e-05,7.517437130266619,0.09894380882083521,0.03241736828838229,0.0004935369361191988,3.5140001273248345e-06,0.0008448247099295259,0.22747583247660372,12.868171916335452,12096.825904386207,694147.2678057284,0.9142156862745099,0.5999999999999999,0.051298917604257706,1.1295337177070501e+17,3332041917431808.0,0.0,4793409119838208.0,3832507489320960.0,1888146002460672.0,4.630781869962854e+16,1.5926119047033357e+17,660.5231695659459,64.0,False,True,False,True,True,False,False,False,True
setting_2_medqa_medmcqa_reference_coverage_gamma_v1,complete,44,SAFE,SAFE-(B_T_K),greedy_marginal,low_rank,sgd,none,adamw,B_T_K,"bbq,truthfulqa,mmlu_non_medical",reference,none,2.0,0.01,0.0,0.0002,0.0,,safe_low_rank_sgd_reference_greedy_marginal_eta0.0002_metricFplusAlpha_gamma0.01_epsm2_caln64_calseed44,/workspace/safe-drift/outputs/setting_2_medqa_medmcqa_reference_coverage_gamma_v1/repeat_02/olmo7b_instruct/KR64_KT16/pct25.6/safe_reference_precondsgd_refB_T_K_gamma0.01_epsm2/training_runs/safe_low_rank_sgd_reference_greedy_marginal_eta0.0002_metricFplusAlpha_gamma0.01_epsm2_caln64_calseed44_pct25.6_seed44/summary.json,0.4375,0.43359375,0.00390625,0.50390625,0.55078125,-0.046875,0.4645669291338583,0.5787401574803149,-0.11417322834645666,11.760256647125004,0.14982993799893768,0.2539129749412385,-0.10408303694230081,2.0460938165507274,0.58203125,0.546875,0.03515625,13.298045719663302,0.5149253731343284,0.4975124378109453,0.017412935323383116,-0.061033338429585825,-0.061033338429585825,9.034798727779679,13.298045719663302,5.175192704567542,0.008096890854243755,-0.09523809523809523,0.008767628479003906,9.145626651648373e-05,237.94642639160156,9.145626651648373e-05,0.04295857943113977,0.0018454395467415452,-0.00047021442472409514,3.4471830189529564e-05,6.141423042475935,0.10312883772723136,0.04295857943113977,0.0005616706912405789,3.963824383390602e-06,0.0007933569722808897,0.1569367437870941,8.674714183066921,11330.282472337833,643152.5140898513,0.9828431372549021,0.8207826816681233,0.4999999999999999,1.1295337177070501e+17,3396468155793408.0,0.0,4549157473370112.0,3832507489320960.0,1872988517564416.0,4.611283580662579e+16,1.590662075773308e+17,653.485612751916,64.0,False,True,False,True,True,False,False,False,True
setting_2_medqa_medmcqa_reference_coverage_gamma_v1,complete,42,SAFE,SAFE-(B_T_K),greedy_marginal,low_rank,sgd,none,adamw,B_T_K,"bbq,truthfulqa,mmlu_non_medical",reference,none,2.0,0.1,0.0,0.0002,0.0,,safe_low_rank_sgd_reference_greedy_marginal_eta0.0002_metricFplusAlpha_gamma0.1_epsm2_caln64_calseed42,/workspace/safe-drift/outputs/setting_2_medqa_medmcqa_reference_coverage_gamma_v1/repeat_00/olmo7b_instruct/KR64_KT16/pct25.6/safe_reference_precondsgd_refB_T_K_gamma0.1_epsm2/training_runs/safe_low_rank_sgd_reference_greedy_marginal_eta0.0002_metricFplusAlpha_gamma0.1_epsm2_caln64_calseed42_pct25.6_seed42/summary.json,0.46484375,0.4140625,0.05078125,0.5546875,0.5,0.0546875,0.5196850393700787,0.5826771653543307,-0.06299212598425197,11.420466931160353,0.15745320202115126,0.24156189185351593,-0.08410868983236466,2.1658540966800297,0.6015625,0.53515625,0.06640625,13.473208534220854,0.5442708333333334,0.5234375,0.02083333333333337,-0.026898188605538876,-0.026898188605538876,9.019843187353745,13.473208534220854,5.27470454047708,0.12519109420790397,-0.0,0.008567579269409181,0.0010498372829895444,286.0458984375,0.0010498372829895444,0.06791980971019267,0.004613100551068783,-0.0006973419113639764,2.8871628184135272e-05,1.664237091714169,0.2133437288712988,0.06791980971019267,0.0017471791943535209,7.830079084669705e-06,0.0008324863738380373,0.014481354765587219,0.7929670505389436,11854.298359616321,656887.0243033573,0.9485294117647061,0.0,0.19999999999999996,1.1295337162683187e+17,3449339236564992.0,0.0,4994557534576640.0,3832507489320960.0,1874263187226624.0,1.4150667447689216e+16,1.2710403907452109e+17,696.617811486125,64.0,False,True,False,True,True,False,True,False,True
setting_2_medqa_medmcqa_reference_coverage_gamma_v1,complete,43,SAFE,SAFE-(B_T_K),greedy_marginal,low_rank,sgd,none,adamw,B_T_K,"bbq,truthfulqa,mmlu_non_medical",reference,none,2.0,0.1,0.0,0.0002,0.0,,safe_low_rank_sgd_reference_greedy_marginal_eta0.0002_metricFplusAlpha_gamma0.1_epsm2_caln64_calseed43,/workspace/safe-drift/outputs/setting_2_medqa_medmcqa_reference_coverage_gamma_v1/repeat_01/olmo7b_instruct/KR64_KT16/pct25.6/safe_reference_precondsgd_refB_T_K_gamma0.1_epsm2/training_runs/safe_low_rank_sgd_reference_greedy_marginal_eta0.0002_metricFplusAlpha_gamma0.1_epsm2_caln64_calseed43_pct25.6_seed43/summary.json,0.4375,0.37109375,0.06640625,0.52734375,0.55078125,-0.0234375,0.4763779527559055,0.5590551181102362,-0.08267716535433073,12.296718925315878,0.16257092671811263,0.2548059308998715,-0.0922350041817589,2.4426945433374696,0.6015625,0.52734375,0.07421875,14.477125545342764,0.535175879396985,0.5125628140703518,0.022613065326633208,-0.03356447317869654,-0.03356447317869654,9.738846337998703,14.477125545342764,6.146946335832278,0.018029447478167815,0.08333333333333337,0.008534867477416993,0.001549733857628361,425.4941101074219,0.001549733857628361,0.08111945402749682,0.00658036582171917,-0.0005837268577847325,3.0886538377049805e-05,1.376662497293178,0.15198083229894102,0.08111945402749682,0.0021334607154130936,5.535443051485345e-06,0.0008331146091222763,0.009460700871260224,0.5375856022125214,11608.597174856217,678345.6246174093,0.9779411764705884,0.7181848464596079,0.051298917604257706,1.1295337177070501e+17,3548264686436352.0,0.0,4793409119838208.0,3832507489320960.0,1888146002460672.0,4.652404146863309e+16,1.594774132393381e+17,663.4624067135155,64.0,False,True,False,True,True,False,True,False,True
setting_2_medqa_medmcqa_reference_coverage_gamma_v1,complete,44,SAFE,SAFE-(B_T_K),greedy_marginal,low_rank,sgd,none,adamw,B_T_K,"bbq,truthfulqa,mmlu_non_medical",reference,none,2.0,0.1,0.0,0.0002,0.0,,safe_low_rank_sgd_reference_greedy_marginal_eta0.0002_metricFplusAlpha_gamma0.1_epsm2_caln64_calseed44,/workspace/safe-drift/outputs/setting_2_medqa_medmcqa_reference_coverage_gamma_v1/repeat_02/olmo7b_instruct/KR64_KT16/pct25.6/safe_reference_precondsgd_refB_T_K_gamma0.1_epsm2/training_runs/safe_low_rank_sgd_reference_greedy_marginal_eta0.0002_metricFplusAlpha_gamma0.1_epsm2_caln64_calseed44_pct25.6_seed44/summary.json,0.44921875,0.43359375,0.015625,0.5625,0.55078125,0.01171875,0.5275590551181102,0.5787401574803149,-0.051181102362204745,12.088497850212837,0.13848758397647032,0.2539129749412385,-0.11542539096476817,2.293819812909914,0.59765625,0.546875,0.05078125,13.872556331257025,0.5,0.4975124378109453,0.002487562189054715,-0.0386084144423243,-0.0386084144423243,9.418291331459924,13.872556331257025,5.433880989368145,-0.08281220005484713,-0.04761904761904756,0.008767628479003906,0.0009145626651648373,237.94642639160156,0.0009145626651648373,0.07443808470735788,0.005541028454899788,-0.0006463521306809097,3.1083617726933435e-05,1.7067334354274037,0.19128168695653247,0.07443808470735788,0.001560914795845747,7.352036845986731e-06,0.0007984948460943997,0.015413451858366102,0.8730892660597314,11235.401278713398,644808.4823459975,0.9681372549019609,0.7999999999999998,-0.4472135954999579,1.1295337177070501e+17,3630979663429632.0,0.0,4549157473370112.0,3832507489320960.0,1872988517564416.0,4.634734731426202e+16,1.5930071908496704e+17,675.056465992704,64.0,False,True,False,True,True,False,True,False,True
setting_2_medqa_medmcqa_reference_coverage_gamma_v1,complete,42,SAFE,SAFE-(B_T_K),greedy_marginal,low_rank,sgd,none,adamw,B_T_K,"bbq,truthfulqa,mmlu_non_medical",reference,none,2.0,1.0,0.0,0.0002,0.0,,safe_low_rank_sgd_reference_greedy_marginal_eta0.0002_metricFplusAlpha_gamma1_epsm2_caln64_calseed42,/workspace/safe-drift/outputs/setting_2_medqa_medmcqa_reference_coverage_gamma_v1/repeat_00/olmo7b_instruct/KR64_KT16/pct25.6/safe_reference_precondsgd_refB_T_K_gamma1_epsm2/training_runs/safe_low_rank_sgd_reference_greedy_marginal_eta0.0002_metricFplusAlpha_gamma1_epsm2_caln64_calseed42_pct25.6_seed42/summary.json,0.4609375,0.4140625,0.046875,0.59765625,0.5,0.09765625,0.6456692913385826,0.5826771653543307,0.06299212598425197,11.843990621291434,0.16607826226981207,0.24156189185351593,-0.07548362958370386,2.1320778456531784,0.578125,0.53515625,0.04296875,13.870564542710781,0.5416666666666666,0.5234375,0.01822916666666663,0.010159082133516037,0.010159082133516037,9.282211003218464,13.870564542710781,5.4061148587395165,0.07522111309001,-0.0,0.008567579269409181,0.010498372829895445,286.0458984375,0.010498372829895445,4687.44706636779,21972160.0,0.007007536470334955,2.332560861876301e-05,0.33251164669497596,0.3644543985944526,4687.44706636779,0.0034908363595604897,1.3376098650041968e-05,0.000813533493783325,0.0014451381837208893,0.07749138909095374,11844.36254889054,634524.4278680343,0.9534313725490198,-0.7071067811865475,0.9746794344808964,1.1295337162683187e+17,3422571173658624.0,0.0,4994557534576640.0,3832507489320960.0,1874263187226624.0,1.4123899384782848e+16,1.2707727101161472e+17,704.1651919465512,64.0,True,True,True,True,True,False,True,False,True
setting_2_medqa_medmcqa_reference_coverage_gamma_v1,complete,43,SAFE,SAFE-(B_T_K),greedy_marginal,low_rank,sgd,none,adamw,B_T_K,"bbq,truthfulqa,mmlu_non_medical",reference,none,2.0,1.0,0.0,0.0002,0.0,,safe_low_rank_sgd_reference_greedy_marginal_eta0.0002_metricFplusAlpha_gamma1_epsm2_caln64_calseed43,/workspace/safe-drift/outputs/setting_2_medqa_medmcqa_reference_coverage_gamma_v1/repeat_01/olmo7b_instruct/KR64_KT16/pct25.6/safe_reference_precondsgd_refB_T_K_gamma1_epsm2/training_runs/safe_low_rank_sgd_reference_greedy_marginal_eta0.0002_metricFplusAlpha_gamma1_epsm2_caln64_calseed43_pct25.6_seed43/summary.json,0.40234375,0.37109375,0.03125,0.55078125,0.55078125,0.0,0.5118110236220472,0.5590551181102362,-0.047244094488189003,11.571186253404992,0.22505520299175363,0.2548059308998715,-0.02975072790811789,1.911389363983463,0.57421875,0.52734375,0.046875,13.566440910100937,0.5251256281407035,0.5125628140703518,0.012562814070351758,-0.010039940798768965,-0.010039940798768965,9.016338842496465,13.566440910100937,5.491538435220718,-0.035533964418577424,0.04166666666666674,0.008534867477416993,0.01549733857628361,425.4941101074219,0.01549733857628361,4969.734801777656,24698264.0,0.00933247487064854,2.405367112016022e-05,0.3978015969384527,0.3395836751123282,4969.734801777656,0.006164863705635071,1.236831030837493e-05,0.0008067185408435762,0.000979252743216702,0.05205529561560589,11860.697850342478,619025.4389542314,0.7377450980392158,0.6324555320336759,-0.9746794344808964,1.1295337177070501e+17,3438532254646272.0,0.0,4793409119838208.0,3832507489320960.0,1888146002460672.0,4.641430903684301e+16,1.5936768080754803e+17,663.4320266395807,64.0,True,True,True,True,True,False,True,False,True
setting_2_medqa_medmcqa_reference_coverage_gamma_v1,complete,44,SAFE,SAFE-(B_T_K),greedy_marginal,low_rank,sgd,none,adamw,B_T_K,"bbq,truthfulqa,mmlu_non_medical",reference,none,2.0,1.0,0.0,0.0002,0.0,,safe_low_rank_sgd_reference_greedy_marginal_eta0.0002_metricFplusAlpha_gamma1_epsm2_caln64_calseed44,/workspace/safe-drift/outputs/setting_2_medqa_medmcqa_reference_coverage_gamma_v1/repeat_02/olmo7b_instruct/KR64_KT16/pct25.6/safe_reference_precondsgd_refB_T_K_gamma1_epsm2/training_runs/safe_low_rank_sgd_reference_greedy_marginal_eta0.0002_metricFplusAlpha_gamma1_epsm2_caln64_calseed44_pct25.6_seed44/summary.json,0.41796875,0.43359375,-0.015625,0.6328125,0.55078125,0.08203125,0.610236220472441,0.5787401574803149,0.03149606299212604,12.43918965807737,0.14976058101163695,0.2539129749412385,-0.10415239392960154,2.284226468112875,0.6171875,0.546875,0.0703125,14.325882678230604,0.5074626865671642,0.4975124378109453,0.009950248756218916,-0.0007812769791585017,-0.0007812769791585017,9.683099601473616,14.325882678230604,5.57791020320012,-0.09190310914575622,-0.09523809523809523,0.008767628479003906,0.009145626651648373,237.94642639160156,0.009145626651648373,5137.4295128984495,26393182.0,0.006009335250187606,2.556940228178747e-05,0.3429276121211267,0.3347478385394173,5137.4295128984495,0.003136291401460767,1.2866252291132696e-05,0.000775959575548768,0.0015473201914046294,0.08484487778745178,11268.559723099183,630490.9817958473,0.8676470588235295,0.4472135954999579,-0.6668859288553503,1.1295337177070501e+17,3465632840073216.0,0.0,4549157473370112.0,3832507489320960.0,1872988517564416.0,4.61820004909056e+16,1.5913537226161062e+17,653.4126134701073,64.0,True,True,True,True,True,False,True,False,True
setting_2_medqa_medmcqa_reference_coverage_gamma_v1,complete,42,SAFE,SAFE-(T_K),constrained_greedy,low_rank,adam,post_projection,adamw,T_K,"truthfulqa,mmlu_non_medical",reference,none,0.5,0.01,0.0,0.0002,0.0,,safe_low_rank_adam_reference_constrained_greedy_eta0.0002_metricFplusAlpha_swaps1_feastol1e-06_gamma0.01_epsm0.5_caln64_calseed42,/workspace/safe-drift/outputs/setting_2_medqa_medmcqa_reference_coverage_gamma_v1/repeat_00/olmo7b_instruct/KR64_KT16/pct25.6/safe_reference_hard_constrained_precondadam_refT_K_gamma0.01_epsm0.5/training_runs/safe_low_rank_adam_reference_constrained_greedy_eta0.0002_metricFplusAlpha_swaps1_feastol1e-06_gamma0.01_epsm0.5_caln64_calseed42_pct25.6_seed42/summary.json,0.46875,0.4140625,0.0546875,0.53515625,0.5,0.03515625,0.5433070866141733,0.5826771653543307,-0.03937007874015741,9.077723495603546,0.22978339100520084,0.24156189185351593,-0.011778500848315082,1.216956816988471,0.58203125,0.53515625,0.046875,11.35338701059421,0.5390625,0.5234375,0.015625,-0.001424526529490831,0.01754824957584246,7.2160224410620755,11.35338701059421,3.959610999799242,0.11944285541937605,0.04999999999999999,0.10454075317382813,0.014282104843543824,261.36712646484375,0.014282104843543824,0.39910137742908103,0.1592819094657898,0.00194767145930415,0.00531089765823165,0.9998699532362192,0.02868666387848509,0.39910137742908103,0.012334433384239674,0.00015348687884397805,8.297998283524066e-05,0.001032436707364815,0.005810066775469126,65.21574752648618,430.01537280612064,0.9999999999999998,,,1.2194647633115659e+17,266932453392384.0,0.0,881392506101760.0,1533002995728384.0,1874263187226624.0,3.701730531302605e+16,1.5896378164418266e+17,116.56085139140487,6.0,True,True,True,True,True,False,True,False,True
setting_2_medqa_medmcqa_reference_coverage_gamma_v1,complete,42,SAFE,SAFE-(T_K),constrained_greedy,low_rank,adam,post_projection,adamw,T_K,"truthfulqa,mmlu_non_medical",reference,none,0.5,0.1,0.0,0.0002,0.0,,safe_low_rank_adam_reference_constrained_greedy_eta0.0002_metricFplusAlpha_swaps1_feastol1e-06_gamma0.1_epsm0.5_caln64_calseed42,/workspace/safe-drift/outputs/setting_2_medqa_medmcqa_reference_coverage_gamma_v1/repeat_00/olmo7b_instruct/KR64_KT16/pct25.6/safe_reference_hard_constrained_precondadam_refT_K_gamma0.1_epsm0.5/training_runs/safe_low_rank_adam_reference_constrained_greedy_eta0.0002_metricFplusAlpha_swaps1_feastol1e-06_gamma0.1_epsm0.5_caln64_calseed42_pct25.6_seed42/summary.json,0.4296875,0.4140625,0.015625,0.5,0.5,0.0,0.5118110236220472,0.5826771653543307,-0.07086614173228345,9.702676845660672,0.18863146604222883,0.24156189185351593,-0.052930425811287096,1.5153157154515324,0.54296875,0.53515625,0.0078125,11.94929285099109,0.5338541666666666,0.5234375,0.01041666666666663,-0.03866135584785685,-0.022558962905643548,7.722428470701099,11.94929285099109,4.297385122261796,0.17617604051552566,0.04999999999999999,0.10454075317382813,0.14282104843543825,261.36712646484375,0.14282104843543825,0.8101462235745363,0.6563369035720825,0.0065094428627377465,0.0048209313255520355,0.9999759701194724,0.12052160170422671,0.8101462603608852,0.1363116055727005,0.0006434532115235925,0.00017295214638579637,0.0001040414118364707,0.0012109709897836158,65.81961112991661,951.8568888836098,0.9999999999999998,,,1.2194647633115659e+17,505434231275520.0,0.0,1175190008135680.0,1533002995728384.0,1874263187226624.0,3.75496045929431e+16,1.594960809240997e+17,134.52004692703485,10.0,True,True,True,True,True,False,True,False,True
setting_2_medqa_medmcqa_reference_coverage_gamma_v1,complete,42,SAFE,SAFE-(T_K),constrained_greedy,low_rank,adam,post_projection,adamw,T_K,"truthfulqa,mmlu_non_medical",reference,none,0.5,1.0,0.0,0.0002,0.0,,safe_low_rank_adam_reference_constrained_greedy_eta0.0002_metricFplusAlpha_swaps1_feastol1e-06_gamma1_epsm0.5_caln64_calseed42,/workspace/safe-drift/outputs/setting_2_medqa_medmcqa_reference_coverage_gamma_v1/repeat_00/olmo7b_instruct/KR64_KT16/pct25.6/safe_reference_hard_constrained_precondadam_refT_K_gamma1_epsm0.5/training_runs/safe_low_rank_adam_reference_constrained_greedy_eta0.0002_metricFplusAlpha_swaps1_feastol1e-06_gamma1_epsm0.5_caln64_calseed42_pct25.6_seed42/summary.json,0.484375,0.4140625,0.0703125,0.5625,0.5,0.0625,0.5551181102362205,0.5826771653543307,-0.027559055118110187,11.640869218220548,0.13731383033288697,0.24156189185351593,-0.10424806152062896,2.2303866330189264,0.61328125,0.53515625,0.078125,13.707321770489216,0.5390625,0.5234375,0.015625,-0.017894038879579716,-0.01306153076031448,9.192859207242897,13.707321770489216,5.378180354249244,0.18865551506396572,-0.09999999999999998,0.10454075317382813,1.4282104843543824,261.36712646484375,1.4282104843543824,1.5279577245606089,2.3346548080444336,0.03431235489118656,0.0001487021519588124,0.9936476242529689,0.9855880611091219,1.527957490504463,1.3938981294631958,0.005315682385116816,0.00047596043441444635,1.0219907133023806e-05,0.00033325650499590234,69.44986103230703,2829.16408939317,0.9999999999999999,,0.9999999999999998,1.2194647633115659e+17,2049003771789312.0,0.0,2644177518305280.0,2299504493592576.0,1874263187226624.0,4.132866314149069e+16,1.632751394726473e+17,328.69411263242364,32.0,True,True,True,True,True,False,True,False,True
setting_2_medqa_medmcqa_reference_coverage_gamma_v1,complete,42,SAFE,SAFE-(T_K),constrained_greedy,low_rank,adam,post_projection,adamw,T_K,"truthfulqa,mmlu_non_medical",reference,none,1.0,0.01,0.0,0.0002,0.0,,safe_low_rank_adam_reference_constrained_greedy_eta0.0002_metricFplusAlpha_swaps1_feastol1e-06_gamma0.01_epsm1_caln64_calseed42,/workspace/safe-drift/outputs/setting_2_medqa_medmcqa_reference_coverage_gamma_v1/repeat_00/olmo7b_instruct/KR64_KT16/pct25.6/safe_reference_hard_constrained_precondadam_refT_K_gamma0.01_epsm1/training_runs/safe_low_rank_adam_reference_constrained_greedy_eta0.0002_metricFplusAlpha_swaps1_feastol1e-06_gamma0.01_epsm1_caln64_calseed42_pct25.6_seed42/summary.json,0.43359375,0.4140625,0.01953125,0.5390625,0.5,0.0390625,0.547244094488189,0.5826771653543307,-0.03543307086614167,9.767626351884656,0.19320158118341937,0.24156189185351593,-0.04836031067009655,1.5142464082770453,0.58203125,0.53515625,0.046875,12.015184817214807,0.5286458333333334,0.5234375,0.00520833333333337,-0.012306127178746074,-0.0007426553350482756,7.765685859125504,12.015184817214807,4.321388113732431,0.10732217932295474,0.04999999999999999,0.20908150634765627,0.057128419374175295,261.36712646484375,0.057128419374175295,0.8075778863977916,0.6521820425987244,0.004785613362736925,0.021407109514817522,0.9999605938240664,0.02092658892307292,0.8075779233011321,0.05234280601143837,0.0004504286334849894,0.00016770142246969044,0.00025822743193593204,0.002935516583634017,16.391899085377172,229.83098595401472,0.9999999999999998,,,1.2194647633115659e+17,440509209133056.0,0.0,1175190008135680.0,1533002995728384.0,1874263187226624.0,3.748467957080064e+16,1.5943115590195725e+17,132.92766766436398,10.0,True,True,True,True,True,False,True,False,True
setting_2_medqa_medmcqa_reference_coverage_gamma_v1,complete,42,SAFE,SAFE-(T_K),constrained_greedy,low_rank,adam,post_projection,adamw,T_K,"truthfulqa,mmlu_non_medical",reference,none,1.0,0.1,0.0,0.0002,0.0,,safe_low_rank_adam_reference_constrained_greedy_eta0.0002_metricFplusAlpha_swaps1_feastol1e-06_gamma0.1_epsm1_caln64_calseed42,/workspace/safe-drift/outputs/setting_2_medqa_medmcqa_reference_coverage_gamma_v1/repeat_00/olmo7b_instruct/KR64_KT16/pct25.6/safe_reference_hard_constrained_precondadam_refT_K_gamma0.1_epsm1/training_runs/safe_low_rank_adam_reference_constrained_greedy_eta0.0002_metricFplusAlpha_swaps1_feastol1e-06_gamma0.1_epsm1_caln64_calseed42_pct25.6_seed42/summary.json,0.44921875,0.4140625,0.03515625,0.53515625,0.5,0.03515625,0.5511811023622047,0.5826771653543307,-0.03149606299212593,10.624001225148598,0.16308079962336394,0.24156189185351593,-0.07848109223015198,1.9017893568287672,0.578125,0.53515625,0.04296875,12.878738686442375,0.5416666666666666,0.5234375,0.01822916666666663,-0.02233613507409264,-0.01775617111507599,8.46817642280658,12.878738686442375,4.862291985867071,0.10799422233370748,-0.050000000000000044,0.20908150634765627,0.571284193741753,261.36712646484375,0.571284193741753,1.640786662538278,2.692180871963501,0.013480980145408994,0.019311336921069698,0.9999684580362206,0.11799150424884067,1.640786662538278,0.557803213596344,0.002546201227232814,0.0003094338462688029,2.6128026967287305e-05,0.0005416460837855447,16.5849092643649,439.06015563800463,1.0,,0.9999999999999998,1.2194647633115659e+17,958080512409600.0,0.0,1762785012203520.0,2299504493592576.0,1874263187226624.0,3.935634737600922e+16,1.6130282370716582e+17,253.7094150595367,18.0,True,True,True,True,True,False,True,False,True
setting_2_medqa_medmcqa_reference_coverage_gamma_v1,complete,42,SAFE,SAFE-(T_K),constrained_greedy,low_rank,adam,post_projection,adamw,T_K,"truthfulqa,mmlu_non_medical",reference,none,1.0,1.0,0.0,0.0002,0.0,,safe_low_rank_adam_reference_constrained_greedy_eta0.0002_metricFplusAlpha_swaps1_feastol1e-06_gamma1_epsm1_caln64_calseed42,/workspace/safe-drift/outputs/setting_2_medqa_medmcqa_reference_coverage_gamma_v1/repeat_00/olmo7b_instruct/KR64_KT16/pct25.6/safe_reference_hard_constrained_precondadam_refT_K_gamma1_epsm1/training_runs/safe_low_rank_adam_reference_constrained_greedy_eta0.0002_metricFplusAlpha_swaps1_feastol1e-06_gamma1_epsm1_caln64_calseed42_pct25.6_seed42/summary.json,0.421875,0.4140625,0.0078125,0.4921875,0.5,-0.0078125,0.5275590551181102,0.5826771653543307,-0.055118110236220486,11.968696771957116,0.1900952111364154,0.24156189185351593,-0.05146668071710053,2.1268437825422644,0.5390625,0.53515625,0.00390625,13.699721445639929,0.5364583333333334,0.5234375,0.01302083333333337,-0.03422618031777367,-0.023780215358550266,9.26508733337977,13.699721445639929,5.337437779295678,0.10095640720765708,-0.09999999999999998,0.20908150634765627,5.712841937417529,261.36712646484375,5.712841937417529,3.9985625545239887,15.988502502441406,0.9128794168181642,0.0025613111252970264,0.8480423335322987,0.8881575093704519,3.9985625545239887,4.799962520599365,0.019296227023005486,0.0006153613212518394,2.07117971630795e-06,0.00010771544670637455,19.80136471533355,1015.2155708052725,0.8725490196078433,-0.5773502691896257,0.0,1.2194647633115659e+17,3551839303532544.0,0.0,4994557534576640.0,3832507489320960.0,1874263187226624.0,4.671488168523366e+16,1.6866135801639027e+17,658.4582481328398,62.0,True,True,True,True,True,False,True,False,True
setting_2_medqa_medmcqa_reference_coverage_gamma_v1,complete,42,SAFE,SAFE-(T_K),constrained_greedy,low_rank,adam,post_projection,adamw,T_K,"truthfulqa,mmlu_non_medical",reference,none,2.0,0.01,0.0,0.0002,0.0,,safe_low_rank_adam_reference_constrained_greedy_eta0.0002_metricFplusAlpha_swaps1_feastol1e-06_gamma0.01_epsm2_caln64_calseed42,/workspace/safe-drift/outputs/setting_2_medqa_medmcqa_reference_coverage_gamma_v1/repeat_00/olmo7b_instruct/KR64_KT16/pct25.6/safe_reference_hard_constrained_precondadam_refT_K_gamma0.01_epsm2/training_runs/safe_low_rank_adam_reference_constrained_greedy_eta0.0002_metricFplusAlpha_swaps1_feastol1e-06_gamma0.01_epsm2_caln64_calseed42_pct25.6_seed42/summary.json,0.41796875,0.4140625,0.00390625,0.50390625,0.5,0.00390625,0.515748031496063,0.5826771653543307,-0.06692913385826771,10.592526007824995,0.17232174537216252,0.24156189185351593,-0.0692401464813534,1.824850723629615,0.5703125,0.53515625,0.03515625,12.613574236631393,0.5390625,0.5234375,0.015625,-0.033671010113207035,-0.017041948240676702,8.343650322695334,12.613574236631393,4.74819042635899,0.21784270718219234,-0.09999999999999998,0.41816301269531253,0.22851367749670118,261.36712646484375,0.22851367749670118,1.628331657078224,2.6514639854431152,0.010771502632885871,0.08587257495897979,0.9998440000319291,0.018074318651980403,1.628331657078224,0.2177421748638153,0.001557577634230256,0.0002763347583822906,6.498478843397253e-05,0.0012092701032579538,4.1229373684388015,96.5865874375795,0.9999999999999998,,,1.2194647633115659e+17,840450670755840.0,0.0,1468987510169600.0,1533002995728384.0,1874263187226624.0,3.817841853445734e+16,1.6012489486561395e+17,168.0709589459002,16.0,True,True,True,True,True,False,True,False,True
setting_2_medqa_medmcqa_reference_coverage_gamma_v1,complete,42,SAFE,SAFE-(T_K),constrained_greedy,low_rank,adam,post_projection,adamw,T_K,"truthfulqa,mmlu_non_medical",reference,none,2.0,0.1,0.0,0.0002,0.0,,safe_low_rank_adam_reference_constrained_greedy_eta0.0002_metricFplusAlpha_swaps1_feastol1e-06_gamma0.1_epsm2_caln64_calseed42,/workspace/safe-drift/outputs/setting_2_medqa_medmcqa_reference_coverage_gamma_v1/repeat_00/olmo7b_instruct/KR64_KT16/pct25.6/safe_reference_hard_constrained_precondadam_refT_K_gamma0.1_epsm2/training_runs/safe_low_rank_adam_reference_constrained_greedy_eta0.0002_metricFplusAlpha_swaps1_feastol1e-06_gamma0.1_epsm2_caln64_calseed42_pct25.6_seed42/summary.json,0.46875,0.4140625,0.0546875,0.54296875,0.5,0.04296875,0.5551181102362205,0.5826771653543307,-0.027559055118110187,11.794300081848785,0.17104120353183083,0.24156189185351593,-0.0705206883216851,2.1439171409576376,0.59375,0.53515625,0.05859375,13.79285159210364,0.5390625,0.5234375,0.015625,-0.013161997813265094,-0.005963469160842547,9.24368960497002,13.79285159210364,5.367576187732173,0.09284270718219234,-0.050000000000000044,0.41816301269531253,2.285136774967012,261.36712646484375,2.285136774967012,3.2896442397222816,10.821759223937988,0.02578432936459496,0.07723704680617124,0.9999956893380084,0.11731561215750609,3.2896442397222816,2.259352445602417,0.010193105787038803,0.00046852760715410113,5.2452080699100545e-06,0.00020503263186986466,4.994646107279365,178.92200256047468,1.0,,0.19999999999999996,1.2194647633115659e+17,1981834222632960.0,0.0,2937975020339200.0,3066005991456768.0,1874263187226624.0,4.232179259223245e+16,1.6426826892338906e+17,434.4974928293377,36.0,True,True,True,True,True,False,True,False,True
setting_2_medqa_medmcqa_reference_coverage_gamma_v1,complete,42,SAFE,SAFE-(T_K),constrained_greedy,low_rank,adam,post_projection,adamw,T_K,"truthfulqa,mmlu_non_medical",reference,none,2.0,1.0,0.0,0.0002,0.0,,safe_low_rank_adam_reference_constrained_greedy_eta0.0002_metricFplusAlpha_swaps1_feastol1e-06_gamma1_epsm2_caln64_calseed42,/workspace/safe-drift/outputs/setting_2_medqa_medmcqa_reference_coverage_gamma_v1/repeat_00/olmo7b_instruct/KR64_KT16/pct25.6/safe_reference_hard_constrained_precondadam_refT_K_gamma1_epsm2/training_runs/safe_low_rank_adam_reference_constrained_greedy_eta0.0002_metricFplusAlpha_swaps1_feastol1e-06_gamma1_epsm2_caln64_calseed42_pct25.6_seed42/summary.json,0.44921875,0.4140625,0.03515625,0.5859375,0.5,0.0859375,0.6377952755905512,0.5826771653543307,0.055118110236220486,11.905448205201958,0.16382825194347292,0.24156189185351593,-0.077733639910043,2.1651629403935377,0.58203125,0.53515625,0.046875,14.012510843575,0.5338541666666666,0.5234375,0.01041666666666663,0.008086490108725827,-0.015429319955021503,9.361040663056832,14.012510843575,5.414919460521025,0.08038804472752992,-0.0,0.41816301269531253,22.851367749670118,261.36712646484375,22.851367749670118,13.842820801561386,191.62368774414062,14.618772305944532,0.05525851949866087,0.3618580101167327,0.36901592661985594,13.842820801561386,8.232595443725586,0.03217163309454918,0.0006381108541972935,5.210991623713941e-07,2.7924405277951263e-05,4.964610000036907,266.27077108105703,0.9509803921568629,-0.7905694150420948,0.051298917604257706,1.2194647633115659e+17,3476107299471360.0,0.0,4994557534576640.0,3832507489320960.0,1874263187226624.0,4.663914968117248e+16,1.685856260123291e+17,689.334633005783,64.0,True,True,True,True,True,False,True,False,True
setting_2_medqa_medmcqa_reference_coverage_gamma_v1,complete,42,SAFE,SAFE-(T_K),greedy_marginal,low_rank,sgd,none,adamw,T_K,"truthfulqa,mmlu_non_medical",reference,none,0.5,0.01,0.0,0.0002,0.0,,safe_low_rank_sgd_reference_greedy_marginal_eta0.0002_metricFplusAlpha_gamma0.01_epsm0.5_caln64_calseed42,/workspace/safe-drift/outputs/setting_2_medqa_medmcqa_reference_coverage_gamma_v1/repeat_00/olmo7b_instruct/KR64_KT16/pct25.6/safe_reference_precondsgd_refT_K_gamma0.01_epsm0.5/training_runs/safe_low_rank_sgd_reference_greedy_marginal_eta0.0002_metricFplusAlpha_gamma0.01_epsm0.5_caln64_calseed42_pct25.6_seed42/summary.json,0.3984375,0.4140625,-0.015625,0.390625,0.5,-0.109375,0.35826771653543305,0.5826771653543307,-0.22440944881889763,12.128660307155819,0.13560031488602609,0.24156189185351593,-0.10596157696748984,2.2426442281056276,0.5,0.53515625,-0.03515625,14.111951005955538,0.5494791666666666,0.5234375,0.02604166666666663,-0.12184242526212914,-0.07055891348374492,9.494418513738994,14.111951005955538,5.5521459766462735,0.2348344705171147,-0.09999999999999998,0.0021359737396240237,9.847034148103791e-06,431.66180419921875,9.847034148103791e-06,0.03814045049224244,0.0014546939637511969,-0.0007543428941563002,-1.1009417192014365e-06,77.60600067801387,1.4826168790327552,0.03814045049224244,0.000764189928304404,3.382133627383155e-06,0.0006701453821733594,1.2065152130422039,68.05555582463447,190591.9886176264,11110224.795302104,0.9803921568627453,-0.20519567041703082,0.0,1.1295337162683187e+17,3145413652758528.0,0.0,4994557534576640.0,3832507489320960.0,1874263187226624.0,1.3846741863882752e+16,1.2680011349071462e+17,642.3763750195503,64.0,False,False,False,False,False,False,False,False,True
setting_2_medqa_medmcqa_reference_coverage_gamma_v1,complete,43,SAFE,SAFE-(T_K),greedy_marginal,low_rank,sgd,none,adamw,T_K,"truthfulqa,mmlu_non_medical",reference,none,0.5,0.01,0.0,0.0002,0.0,,safe_low_rank_sgd_reference_greedy_marginal_eta0.0002_metricFplusAlpha_gamma0.01_epsm0.5_caln64_calseed43,/workspace/safe-drift/outputs/setting_2_medqa_medmcqa_reference_coverage_gamma_v1/repeat_01/olmo7b_instruct/KR64_KT16/pct25.6/safe_reference_precondsgd_refT_K_gamma0.01_epsm0.5/training_runs/safe_low_rank_sgd_reference_greedy_marginal_eta0.0002_metricFplusAlpha_gamma0.01_epsm0.5_caln64_calseed43_pct25.6_seed43/summary.json,0.40234375,0.37109375,0.03125,0.49609375,0.55078125,-0.0546875,0.452755905511811,0.5590551181102362,-0.10629921259842523,11.747029319522888,0.17299184516656618,0.2548059308998715,-0.08181408573330534,2.1125621471025275,0.55859375,0.52734375,0.03125,13.819471172988415,0.5452261306532663,0.5125628140703518,0.03266331658291455,-0.05228776611057686,-0.02528204286665267,9.22635421320461,13.819471172988415,5.744726891318957,0.02057120492188602,0.08333333333333337,0.002156809139251709,4.734489689787188e-06,203.55404663085938,4.734489689787188e-06,0.03031149037728442,0.000918786448892206,-0.00047621640763690574,-9.35781187294701e-07,101.58439210035354,1.4023285716425935,0.03031149037728442,0.00048095089732669294,3.2616940188745502e-06,0.0006800960400141776,2.479470066768208,143.6471688767681,185785.6841368719,11202702.29570287,0.9436274509803922,0.33541019662496846,0.20519567041703082,1.1295337177070501e+17,3241928314355712.0,0.0,4793409119838208.0,3832507489320960.0,1888146002460672.0,4.621770509655245e+16,1.5917107686725747e+17,664.8008586820215,64.0,False,False,False,False,False,False,False,False,True
setting_2_medqa_medmcqa_reference_coverage_gamma_v1,complete,44,SAFE,SAFE-(T_K),greedy_marginal,low_rank,sgd,none,adamw,T_K,"truthfulqa,mmlu_non_medical",reference,none,0.5,0.01,0.0,0.0002,0.0,,safe_low_rank_sgd_reference_greedy_marginal_eta0.0002_metricFplusAlpha_gamma0.01_epsm0.5_caln64_calseed44,/workspace/safe-drift/outputs/setting_2_medqa_medmcqa_reference_coverage_gamma_v1/repeat_02/olmo7b_instruct/KR64_KT16/pct25.6/safe_reference_precondsgd_refT_K_gamma0.01_epsm0.5/training_runs/safe_low_rank_sgd_reference_greedy_marginal_eta0.0002_metricFplusAlpha_gamma0.01_epsm0.5_caln64_calseed44_pct25.6_seed44/summary.json,0.44921875,0.43359375,0.015625,0.46484375,0.55078125,-0.0859375,0.4448818897637795,0.5787401574803149,-0.13385826771653542,12.547727574826538,0.12642589264506884,0.2539129749412385,-0.12748708229616965,2.340110669287163,0.56640625,0.546875,0.01953125,14.368232433994612,0.5,0.4975124378109453,0.002487562189054715,-0.08060470000423502,-0.05397791614808482,9.752023559369437,14.368232433994612,5.60968843790201,0.12627870903606195,-0.1428571428571428,0.0021919071197509764,5.716016657280233e-06,237.94642639160156,5.716016657280233e-06,0.027361828711346774,0.0007486696704290807,-0.0003686765023492254,-1.1052038005284709e-06,65.49883496545928,1.4600744023991274,0.027361828711346774,0.0003743925190065056,3.5074322113359813e-06,0.0006059104343876243,1.9213501698862192,106.00221635391902,181290.26358874032,10371902.152267266,0.9779411764705884,0.9746794344808964,0.6668859288553503,1.1295337177070501e+17,3224637143285760.0,0.0,4549157473370112.0,3832507489320960.0,1872988517564416.0,4.594100479411814e+16,1.5889437656482317e+17,623.2815071251243,64.0,False,False,False,False,False,False,False,False,True
setting_2_medqa_medmcqa_reference_coverage_gamma_v1,complete,42,SAFE,SAFE-(T_K),greedy_marginal,low_rank,sgd,none,adamw,T_K,"truthfulqa,mmlu_non_medical",reference,none,0.5,0.1,0.0,0.0002,0.0,,safe_low_rank_sgd_reference_greedy_marginal_eta0.0002_metricFplusAlpha_gamma0.1_epsm0.5_caln64_calseed42,/workspace/safe-drift/outputs/setting_2_medqa_medmcqa_reference_coverage_gamma_v1/repeat_00/olmo7b_instruct/KR64_KT16/pct25.6/safe_reference_precondsgd_refT_K_gamma0.1_epsm0.5/training_runs/safe_low_rank_sgd_reference_greedy_marginal_eta0.0002_metricFplusAlpha_gamma0.1_epsm0.5_caln64_calseed42_pct25.6_seed42/summary.json,0.4453125,0.4140625,0.03125,0.49609375,0.5,-0.00390625,0.484251968503937,0.5826771653543307,-0.09842519685039369,11.569885446643578,0.13267776695762695,0.24156189185351593,-0.10888412489588897,2.2871006532037765,0.578125,0.53515625,0.04296875,13.861498611668745,0.5494791666666666,0.5234375,0.02604166666666663,-0.05478019058209422,-0.032957687447944486,9.2394949038387,13.861498611668745,5.421747955621457,0.1723344705171147,-0.0,0.0021418948173522953,6.561483018684653e-05,286.0458984375,6.561483018684653e-05,0.03077991076342021,0.0009474029066041112,-0.0005211471464053962,-1.4150945218442523e-06,8.942531336487388,1.6169062431804757,0.03077991076342021,0.0005867619765922427,3.7089512261445634e-06,0.0006634307210333645,0.17923534640995006,10.11098739635783,189303.22426634163,11061571.9777489,0.8897058823529413,-0.22360679774997896,0.22360679774997896,1.1295337162683187e+17,3300369147346944.0,0.0,4994557534576640.0,3832507489320960.0,1874263187226624.0,1.4001697358471168e+16,1.2695506898530304e+17,686.8543118499219,64.0,False,False,False,False,True,False,False,False,True
setting_2_medqa_medmcqa_reference_coverage_gamma_v1,complete,43,SAFE,SAFE-(T_K),greedy_marginal,low_rank,sgd,none,adamw,T_K,"truthfulqa,mmlu_non_medical",reference,none,0.5,0.1,0.0,0.0002,0.0,,safe_low_rank_sgd_reference_greedy_marginal_eta0.0002_metricFplusAlpha_gamma0.1_epsm0.5_caln64_calseed43,/workspace/safe-drift/outputs/setting_2_medqa_medmcqa_reference_coverage_gamma_v1/repeat_01/olmo7b_instruct/KR64_KT16/pct25.6/safe_reference_precondsgd_refT_K_gamma0.1_epsm0.5/training_runs/safe_low_rank_sgd_reference_greedy_marginal_eta0.0002_metricFplusAlpha_gamma0.1_epsm0.5_caln64_calseed43_pct25.6_seed43/summary.json,0.43359375,0.37109375,0.0625,0.52734375,0.55078125,-0.0234375,0.4881889763779528,0.5590551181102362,-0.07086614173228345,11.736900317074433,0.16152769023894303,0.2548059308998715,-0.09327824066092849,2.214228825762093,0.58984375,0.52734375,0.0625,14.106196363766989,0.550251256281407,0.5125628140703518,0.03768844221105527,-0.033881460797737316,-0.015389120330464245,9.352441835534504,14.106196363766989,5.844280123710632,0.02057120492188602,0.04166666666666674,0.002106985664367676,4.10326693751788e-05,184.8572998046875,4.10326693751788e-05,0.029679326332941833,0.0008808624115772545,-0.0004791630261964226,-1.2035766873135979e-06,12.677595366753122,1.5422263282223834,0.029679326332941833,0.0005201956955716014,3.423270982239046e-06,0.0006788388709537685,0.2931537185585124,16.54386325069085,196258.68580528768,11589150.368692951,0.9779411764705884,0.6324555320336759,0.4472135954999579,1.1295337177070501e+17,3391397187354624.0,0.0,4793409119838208.0,3832507489320960.0,1888146002460672.0,4.636717396955136e+16,1.593205457402564e+17,671.3186173755676,64.0,False,False,False,False,True,False,False,False,True
setting_2_medqa_medmcqa_reference_coverage_gamma_v1,complete,44,SAFE,SAFE-(T_K),greedy_marginal,low_rank,sgd,none,adamw,T_K,"truthfulqa,mmlu_non_medical",reference,none,0.5,0.1,0.0,0.0002,0.0,,safe_low_rank_sgd_reference_greedy_marginal_eta0.0002_metricFplusAlpha_gamma0.1_epsm0.5_caln64_calseed44,/workspace/safe-drift/outputs/setting_2_medqa_medmcqa_reference_coverage_gamma_v1/repeat_02/olmo7b_instruct/KR64_KT16/pct25.6/safe_reference_precondsgd_refT_K_gamma0.1_epsm0.5/training_runs/safe_low_rank_sgd_reference_greedy_marginal_eta0.0002_metricFplusAlpha_gamma0.1_epsm0.5_caln64_calseed44_pct25.6_seed44/summary.json,0.4765625,0.43359375,0.04296875,0.50390625,0.55078125,-0.046875,0.4645669291338583,0.5787401574803149,-0.11417322834645666,11.88841610255204,0.14335470516108856,0.2539129749412385,-0.11055826978014993,2.0924930243346997,0.58203125,0.546875,0.03515625,13.518704379598299,0.5,0.4975124378109453,0.002487562189054715,-0.06319174937553552,-0.037701009890074966,9.166537835495012,13.518704379598299,5.231067208143381,0.008096890854243755,-0.1428571428571428,0.0021919071197509764,5.716016657280233e-05,237.94642639160156,5.716016657280233e-05,0.03186454964526652,0.0010153495240956545,-0.0005042857266813288,-1.2961456193291093e-06,9.82233492956443,1.5395596911175524,0.03186454964526652,0.0005614458932541311,3.6983740301366197e-06,0.0005883129197172821,0.18826261113642123,10.292358385064787,177628.66071969442,9892779.968438663,0.9240196078431374,0.35909242322980395,0.6324555320336759,1.1295337177070501e+17,3467627975196672.0,0.0,4549157473370112.0,3832507489320960.0,1872988517564416.0,4.618399562602906e+16,1.5913736739673408e+17,649.5028775949031,64.0,False,False,False,False,True,False,False,False,True
setting_2_medqa_medmcqa_reference_coverage_gamma_v1,complete,42,SAFE,SAFE-(T_K),greedy_marginal,low_rank,sgd,none,adamw,T_K,"truthfulqa,mmlu_non_medical",reference,none,0.5,1.0,0.0,0.0002,0.0,,safe_low_rank_sgd_reference_greedy_marginal_eta0.0002_metricFplusAlpha_gamma1_epsm0.5_caln64_calseed42,/workspace/safe-drift/outputs/setting_2_medqa_medmcqa_reference_coverage_gamma_v1/repeat_00/olmo7b_instruct/KR64_KT16/pct25.6/safe_reference_precondsgd_refT_K_gamma1_epsm0.5/training_runs/safe_low_rank_sgd_reference_greedy_marginal_eta0.0002_metricFplusAlpha_gamma1_epsm0.5_caln64_calseed42_pct25.6_seed42/summary.json,0.46484375,0.4140625,0.05078125,0.53125,0.5,0.03125,0.5196850393700787,0.5826771653543307,-0.06299212598425197,11.731749877529195,0.14951490639931536,0.24156189185351593,-0.09204698545420056,2.2743261228651237,0.59765625,0.53515625,0.0625,13.608310749133429,0.5520833333333334,0.5234375,0.02864583333333337,-0.030846370479484176,-0.014773492727100282,9.204795583175915,13.608310749133429,5.438883959078321,0.20284260935941917,-0.050000000000000044,0.0021584694862365724,0.0006726727522415848,288.7633056640625,0.0006726727522415848,1392.352505653651,1938645.5,-0.00046989590120783136,-2.4920126389804452e-06,1.6985482706751425,2.0697650603367657,1392.352505653651,0.0011425686534494162,4.8215079004876316e-06,0.000643200590275228,0.016565894105656634,0.9561864786879727,179406.62281778848,10617976.387098862,0.9338235294117648,0.22360679774997896,0.15389675281277312,1.1295337162683187e+17,3640955339046912.0,0.0,4994557534576640.0,3832507489320960.0,1874263187226624.0,1.4342283550171136e+16,1.27295655177003e+17,687.8260878361762,64.0,False,False,False,False,True,False,True,False,True
setting_2_medqa_medmcqa_reference_coverage_gamma_v1,complete,43,SAFE,SAFE-(T_K),greedy_marginal,low_rank,sgd,none,adamw,T_K,"truthfulqa,mmlu_non_medical",reference,none,0.5,1.0,0.0,0.0002,0.0,,safe_low_rank_sgd_reference_greedy_marginal_eta0.0002_metricFplusAlpha_gamma1_epsm0.5_caln64_calseed43,/workspace/safe-drift/outputs/setting_2_medqa_medmcqa_reference_coverage_gamma_v1/repeat_01/olmo7b_instruct/KR64_KT16/pct25.6/safe_reference_precondsgd_refT_K_gamma1_epsm0.5/training_runs/safe_low_rank_sgd_reference_greedy_marginal_eta0.0002_metricFplusAlpha_gamma1_epsm0.5_caln64_calseed43_pct25.6_seed43/summary.json,0.44921875,0.37109375,0.078125,0.54296875,0.55078125,-0.0078125,0.4881889763779528,0.5590551181102362,-0.07086614173228345,11.998590379249393,0.16597401490554184,0.2548059308998715,-0.08883191599432969,2.1755401822490117,0.59765625,0.52734375,0.0703125,14.170874066650867,0.5402010050251256,0.5125628140703518,0.027638190954773822,-0.029795185908871046,-0.009259707997164843,9.448334876049758,14.170874066650867,5.910155579447746,0.018029447478167815,0.08333333333333337,0.002106985664367676,0.00041032669375178803,184.8572998046875,0.00041032669375178803,35.93120529110978,1291.051513671875,-0.0005461871669768036,-2.161629538587858e-06,2.331103180206939,1.9738411021417073,35.93120529110978,0.0009565138607285917,4.3813238335133065e-06,0.0006536798900924623,0.028042760565934036,1.5930718133777613,188565.83499566457,10950280.166791555,0.9730392156862746,0.7905694150420948,0.5642880936468347,1.1295337177070501e+17,3679195428913152.0,0.0,4793409119838208.0,3832507489320960.0,1888146002460672.0,4.665497221110989e+16,1.596083439818149e+17,656.4298233110458,64.0,False,False,False,False,True,False,False,False,True
setting_2_medqa_medmcqa_reference_coverage_gamma_v1,complete,44,SAFE,SAFE-(T_K),greedy_marginal,low_rank,sgd,none,adamw,T_K,"truthfulqa,mmlu_non_medical",reference,none,0.5,1.0,0.0,0.0002,0.0,,safe_low_rank_sgd_reference_greedy_marginal_eta0.0002_metricFplusAlpha_gamma1_epsm0.5_caln64_calseed44,/workspace/safe-drift/outputs/setting_2_medqa_medmcqa_reference_coverage_gamma_v1/repeat_02/olmo7b_instruct/KR64_KT16/pct25.6/safe_reference_precondsgd_refT_K_gamma1_epsm0.5/training_runs/safe_low_rank_sgd_reference_greedy_marginal_eta0.0002_metricFplusAlpha_gamma1_epsm0.5_caln64_calseed44_pct25.6_seed44/summary.json,0.4765625,0.43359375,0.04296875,0.515625,0.55078125,-0.03515625,0.4645669291338583,0.5787401574803149,-0.11417322834645666,12.081774105862996,0.12619431037880655,0.2539129749412385,-0.12771866456243194,2.24823800366165,0.58984375,0.546875,0.04296875,13.48156063258648,0.5,0.4975124378109453,0.002487562189054715,-0.06630771430296287,-0.04237495728121597,9.270524247370375,13.48156063258648,5.364163499612075,0.026278709036061942,-0.09523809523809523,0.0021919071197509764,0.0005716016657280233,237.94642639160156,0.0005716016657280233,1409.9711876488825,1988018.75,-0.0004329447493327353,-2.2624212122020987e-06,1.7574208212838007,1.9418010385788356,1409.9711876488825,0.0010045464150607586,4.664649623009609e-06,0.0006119562312960625,0.018551165226240625,1.070599104214718,174179.7606956562,10419504.317019189,0.9093137254901962,0.09999999999999998,0.7826237921249264,1.1295337177070501e+17,3679029167652864.0,0.0,4549157473370112.0,3832507489320960.0,1872988517564416.0,4.639539681848525e+16,1.5934876858919027e+17,666.5350380521268,64.0,False,False,False,False,True,False,False,False,True
setting_2_medqa_medmcqa_reference_coverage_gamma_v1,complete,42,SAFE,SAFE-(T_K),greedy_marginal,low_rank,sgd,none,adamw,T_K,"truthfulqa,mmlu_non_medical",reference,none,1.0,0.01,0.0,0.0002,0.0,,safe_low_rank_sgd_reference_greedy_marginal_eta0.0002_metricFplusAlpha_gamma0.01_epsm1_caln64_calseed42,/workspace/safe-drift/outputs/setting_2_medqa_medmcqa_reference_coverage_gamma_v1/repeat_00/olmo7b_instruct/KR64_KT16/pct25.6/safe_reference_precondsgd_refT_K_gamma0.01_epsm1/training_runs/safe_low_rank_sgd_reference_greedy_marginal_eta0.0002_metricFplusAlpha_gamma0.01_epsm1_caln64_calseed42_pct25.6_seed42/summary.json,0.41015625,0.4140625,-0.00390625,0.49609375,0.5,-0.00390625,0.452755905511811,0.5826771653543307,-0.12992125984251968,12.10570139647156,0.12674011022253115,0.24156189185351593,-0.11482178163098478,2.428067843832293,0.55859375,0.53515625,0.0234375,14.227448150515556,0.5546875,0.5234375,0.03125,-0.07376851382450149,-0.04569214081549239,9.58707246360647,14.227448150515556,5.716974221023858,0.17432570906749306,-0.09999999999999998,0.004283789634704591,2.6245932074738613e-05,286.0458984375,2.6245932074738613e-05,0.028899408308871707,0.0008351758006028831,-0.00040623771610808564,5.519696947267678e-06,16.478121140878986,0.398426137853352,0.028899408308871707,0.00043248364818282425,3.655729869933566e-06,0.0006445238832384348,0.4412049017020835,24.55709636842279,46689.589374292846,2669703.218381518,0.9583333333333335,-0.20519567041703082,0.051298917604257706,1.1295337162683187e+17,3110665049358336.0,0.0,4994557534576640.0,3832507489320960.0,1874263187226624.0,1.381199326048256e+16,1.2676536488731443e+17,696.7803576588631,64.0,False,True,False,True,True,False,False,False,True
setting_2_medqa_medmcqa_reference_coverage_gamma_v1,complete,43,SAFE,SAFE-(T_K),greedy_marginal,low_rank,sgd,none,adamw,T_K,"truthfulqa,mmlu_non_medical",reference,none,1.0,0.01,0.0,0.0002,0.0,,safe_low_rank_sgd_reference_greedy_marginal_eta0.0002_metricFplusAlpha_gamma0.01_epsm1_caln64_calseed43,/workspace/safe-drift/outputs/setting_2_medqa_medmcqa_reference_coverage_gamma_v1/repeat_01/olmo7b_instruct/KR64_KT16/pct25.6/safe_reference_precondsgd_refT_K_gamma0.01_epsm1/training_runs/safe_low_rank_sgd_reference_greedy_marginal_eta0.0002_metricFplusAlpha_gamma0.01_epsm1_caln64_calseed43_pct25.6_seed43/summary.json,0.39453125,0.37109375,0.0234375,0.50390625,0.55078125,-0.046875,0.468503937007874,0.5590551181102362,-0.09055118110236221,12.333743385755485,0.18281557894118472,0.2548059308998715,-0.0719903519586868,2.1954411198561514,0.546875,0.52734375,0.01953125,13.795088772972425,0.5251256281407035,0.5125628140703518,0.012562814070351758,-0.047670094353683,-0.026229550979343402,9.441424426194688,13.795088772972425,5.837075124184291,0.022799368914755924,0.04166666666666674,0.004213971328735352,1.641306775007152e-05,184.8572998046875,1.641306775007152e-05,0.02919071553723864,0.0008520978735759854,-0.00043827843288574614,5.507472678358973e-06,27.703019122532215,0.37970369490183,0.02919071553723864,0.00045469150063581765,3.37130450134282e-06,0.0006401261198334396,0.7106263437759949,39.00100393058148,48160.845261418115,2749853.941531621,0.7132352941176472,0.35355339059327373,0.15389675281277312,1.1295337177070501e+17,3284906850140160.0,0.0,4793409119838208.0,3832507489320960.0,1888146002460672.0,4.62606836323369e+16,1.5921405540304192e+17,667.3348127938807,64.0,False,True,False,True,True,False,False,False,True
setting_2_medqa_medmcqa_reference_coverage_gamma_v1,complete,44,SAFE,SAFE-(T_K),greedy_marginal,low_rank,sgd,none,adamw,T_K,"truthfulqa,mmlu_non_medical",reference,none,1.0,0.01,0.0,0.0002,0.0,,safe_low_rank_sgd_reference_greedy_marginal_eta0.0002_metricFplusAlpha_gamma0.01_epsm1_caln64_calseed44,/workspace/safe-drift/outputs/setting_2_medqa_medmcqa_reference_coverage_gamma_v1/repeat_02/olmo7b_instruct/KR64_KT16/pct25.6/safe_reference_precondsgd_refT_K_gamma0.01_epsm1/training_runs/safe_low_rank_sgd_reference_greedy_marginal_eta0.0002_metricFplusAlpha_gamma0.01_epsm1_caln64_calseed44_pct25.6_seed44/summary.json,0.4765625,0.43359375,0.04296875,0.51171875,0.55078125,-0.0390625,0.48031496062992124,0.5787401574803149,-0.09842519685039369,12.243947847621648,0.1501903401158544,0.2539129749412385,-0.1037226348253841,2.066286789948266,0.578125,0.546875,0.03125,13.700324666996798,0.5024875621890548,0.4975124378109453,0.004975124378109486,-0.056965943891925934,-0.03623631741269205,9.336853101522237,13.700324666996798,5.308445389454182,0.008096890854243755,-0.19047619047619047,0.004383814239501953,2.2864066629120932e-05,237.94642639160156,2.2864066629120932e-05,0.030143652828698318,0.0009086398058570921,-0.0004110436901856122,6.013783405275606e-06,18.977705542173368,0.37414533748956985,0.030143652828698318,0.00043390775681473315,3.595130237954436e-06,0.0006016256520524621,0.47207796717642314,26.31315162833713,44271.76794022092,2534042.3224387965,0.9509803921568629,0.6999999999999998,0.5642880936468347,1.1295337177070501e+17,3284906850140160.0,0.0,4549157473370112.0,3832507489320960.0,1872988517564416.0,4.600127450097254e+16,1.5895464627167757e+17,654.9925048574805,64.0,False,True,False,True,True,False,False,False,True
setting_2_medqa_medmcqa_reference_coverage_gamma_v1,complete,42,SAFE,SAFE-(T_K),greedy_marginal,low_rank,sgd,none,adamw,T_K,"truthfulqa,mmlu_non_medical",reference,none,1.0,0.1,0.0,0.0002,0.0,,safe_low_rank_sgd_reference_greedy_marginal_eta0.0002_metricFplusAlpha_gamma0.1_epsm1_caln64_calseed42,/workspace/safe-drift/outputs/setting_2_medqa_medmcqa_reference_coverage_gamma_v1/repeat_00/olmo7b_instruct/KR64_KT16/pct25.6/safe_reference_precondsgd_refT_K_gamma0.1_epsm1/training_runs/safe_low_rank_sgd_reference_greedy_marginal_eta0.0002_metricFplusAlpha_gamma0.1_epsm1_caln64_calseed42_pct25.6_seed42/summary.json,0.44921875,0.4140625,0.03515625,0.53515625,0.5,0.03515625,0.5433070866141733,0.5826771653543307,-0.03937007874015741,10.869015075403249,0.14168007067379917,0.24156189185351593,-0.09988182117971675,2.2972045804934025,0.59375,0.53515625,0.05859375,13.084902554750443,0.5520833333333334,0.5234375,0.02864583333333337,-0.026886049973291387,-0.020644035589858376,8.750374070215697,13.084902554750443,5.208672673094506,0.17812437953283017,-0.0,0.004283789634704591,0.0002624593207473861,286.0458984375,0.0002624593207473861,0.0365935635401115,0.0013390888925641775,-0.0006397991792437626,4.462896390869449e-06,3.43771019256798,0.5136034018054809,0.0365935635401115,0.0009022584999911487,4.712530426331796e-06,0.0006643047090619802,0.044765129041861376,2.5310768433381927,46855.526183171125,2757340.3040490923,0.681372549019608,0.7181848464596079,0.051298917604257706,1.1295337162683187e+17,3406277570150400.0,0.0,4994557534576640.0,3832507489320960.0,1874263187226624.0,1.4107605781274624e+16,1.270609774081065e+17,640.586353437975,64.0,False,True,False,True,True,False,False,False,True
setting_2_medqa_medmcqa_reference_coverage_gamma_v1,complete,43,SAFE,SAFE-(T_K),greedy_marginal,low_rank,sgd,none,adamw,T_K,"truthfulqa,mmlu_non_medical",reference,none,1.0,0.1,0.0,0.0002,0.0,,safe_low_rank_sgd_reference_greedy_marginal_eta0.0002_metricFplusAlpha_gamma0.1_epsm1_caln64_calseed43,/workspace/safe-drift/outputs/setting_2_medqa_medmcqa_reference_coverage_gamma_v1/repeat_01/olmo7b_instruct/KR64_KT16/pct25.6/safe_reference_precondsgd_refT_K_gamma0.1_epsm1/training_runs/safe_low_rank_sgd_reference_greedy_marginal_eta0.0002_metricFplusAlpha_gamma0.1_epsm1_caln64_calseed43_pct25.6_seed43/summary.json,0.421875,0.37109375,0.05078125,0.51953125,0.55078125,-0.03125,0.48031496062992124,0.5590551181102362,-0.07874015748031499,11.24371807719153,0.16642249104324588,0.2548059308998715,-0.08838343985662564,2.0413840937936008,0.55859375,0.52734375,0.03125,13.633937406043211,0.5226130653266332,0.5125628140703518,0.01005025125628145,-0.045291199112313545,-0.02856671992831282,8.973013192342782,13.633937406043211,5.57171027859052,0.018029447478167815,0.125,0.004213971328735352,0.0001641306775007152,184.8572998046875,0.0001641306775007152,0.032477905077067167,0.0010548143181949854,-0.00045482351162100796,5.032578655586186e-06,3.7711035565877054,0.43319011686751074,0.032477905077067167,0.0006189541891217232,3.846198524115607e-06,0.0006514218403026462,0.07208604304220032,3.9689218994408133,48556.199990046705,2732410.4686468136,0.8799019607843138,0.6324555320336759,0.5642880936468347,1.1295337177070501e+17,3471784506703872.0,0.0,4793409119838208.0,3832507489320960.0,1888146002460672.0,4.644756128890061e+16,1.5940093305960563e+17,683.5723896920681,64.0,False,True,False,True,True,False,False,False,True
setting_2_medqa_medmcqa_reference_coverage_gamma_v1,complete,44,SAFE,SAFE-(T_K),greedy_marginal,low_rank,sgd,none,adamw,T_K,"truthfulqa,mmlu_non_medical",reference,none,1.0,0.1,0.0,0.0002,0.0,,safe_low_rank_sgd_reference_greedy_marginal_eta0.0002_metricFplusAlpha_gamma0.1_epsm1_caln64_calseed44,/workspace/safe-drift/outputs/setting_2_medqa_medmcqa_reference_coverage_gamma_v1/repeat_02/olmo7b_instruct/KR64_KT16/pct25.6/safe_reference_precondsgd_refT_K_gamma0.1_epsm1/training_runs/safe_low_rank_sgd_reference_greedy_marginal_eta0.0002_metricFplusAlpha_gamma0.1_epsm1_caln64_calseed44_pct25.6_seed44/summary.json,0.484375,0.43359375,0.05078125,0.5078125,0.55078125,-0.04296875,0.4645669291338583,0.5787401574803149,-0.11417322834645666,12.26666254008536,0.13562119788053312,0.2539129749412385,-0.11829177706070537,2.274364048910246,0.58984375,0.546875,0.04296875,13.666165915628275,0.5049751243781094,0.4975124378109453,0.007462686567164145,-0.063165418469054,-0.037661513530352686,9.402397501541293,13.666165915628275,5.398002037635217,0.10809689085424376,-0.04761904761904756,0.004383814239501953,0.00022864066629120933,237.94642639160156,0.00022864066629120933,0.038684161659512675,0.0014964643632993102,-0.0006033648540600218,4.973542018912556e-06,3.638914739152481,0.4824032972325999,0.038684161659512675,0.0008320055203512311,4.635371624317486e-06,0.0006118163582868874,0.04763007565916639,2.6758860014326777,44822.31721573081,2601205.2586421617,0.9019607843137256,0.35909242322980395,0.6668859288553503,1.1295337177070501e+17,3586255384412160.0,0.0,4549157473370112.0,3832507489320960.0,1872988517564416.0,4.630262303524454e+16,1.5925599480594957e+17,639.7911466043442,64.0,False,True,False,True,True,False,False,False,True
setting_2_medqa_medmcqa_reference_coverage_gamma_v1,complete,42,SAFE,SAFE-(T_K),greedy_marginal,low_rank,sgd,none,adamw,T_K,"truthfulqa,mmlu_non_medical",reference,none,1.0,1.0,0.0,0.0002,0.0,,safe_low_rank_sgd_reference_greedy_marginal_eta0.0002_metricFplusAlpha_gamma1_epsm1_caln64_calseed42,/workspace/safe-drift/outputs/setting_2_medqa_medmcqa_reference_coverage_gamma_v1/repeat_00/olmo7b_instruct/KR64_KT16/pct25.6/safe_reference_precondsgd_refT_K_gamma1_epsm1/training_runs/safe_low_rank_sgd_reference_greedy_marginal_eta0.0002_metricFplusAlpha_gamma1_epsm1_caln64_calseed42_pct25.6_seed42/summary.json,0.47265625,0.4140625,0.05859375,0.5703125,0.5,0.0703125,0.5393700787401575,0.5826771653543307,-0.04330708661417315,12.379393081965409,0.15601020675018543,0.24156189185351593,-0.0855516851033305,2.3483887502529117,0.625,0.53515625,0.08984375,14.357789049545923,0.5390625,0.5234375,0.015625,-0.013005007239167884,0.0021460324483347504,9.695190293921415,14.357789049545923,5.683050987767238,0.1098344705171147,-0.0,0.004283789634704591,0.002624593207473861,286.0458984375,0.002624593207473861,1638.753565976288,2685513.25,0.0005488784498078694,1.1667411629973714e-06,0.7908713054072762,0.8728406660265577,1638.753565976288,0.0020757147576659918,8.008685654203873e-06,0.0006499218288809061,0.004526406333873858,0.24762764264960052,47134.420719937756,2669351.076879182,0.9142156862745099,-0.28867513459481287,0.0,1.1295337162683187e+17,3667307748802560.0,0.0,4994557534576640.0,3832507489320960.0,1874263187226624.0,1.4368635959926784e+16,1.2732200758675866e+17,699.8907724171877,64.0,True,True,True,True,True,False,True,False,True
setting_2_medqa_medmcqa_reference_coverage_gamma_v1,complete,43,SAFE,SAFE-(T_K),greedy_marginal,low_rank,sgd,none,adamw,T_K,"truthfulqa,mmlu_non_medical",reference,none,1.0,1.0,0.0,0.0002,0.0,,safe_low_rank_sgd_reference_greedy_marginal_eta0.0002_metricFplusAlpha_gamma1_epsm1_caln64_calseed43,/workspace/safe-drift/outputs/setting_2_medqa_medmcqa_reference_coverage_gamma_v1/repeat_01/olmo7b_instruct/KR64_KT16/pct25.6/safe_reference_precondsgd_refT_K_gamma1_epsm1/training_runs/safe_low_rank_sgd_reference_greedy_marginal_eta0.0002_metricFplusAlpha_gamma1_epsm1_caln64_calseed43_pct25.6_seed43/summary.json,0.453125,0.37109375,0.08203125,0.5703125,0.55078125,0.01953125,0.5669291338582677,0.5590551181102362,0.007874015748031482,11.755121201042115,0.16511117515017198,0.2548059308998715,-0.08969475574969954,2.1367278178686044,0.60546875,0.52734375,0.078125,13.968996621668339,0.542713567839196,0.5125628140703518,0.03015075376884424,-0.0012319133338893524,-0.00578487787484977,9.286948546859685,13.968996621668339,5.785607884327571,0.02057120492188602,0.08333333333333337,0.004213971328735352,0.0016413067750071521,184.8572998046875,0.0016413067750071521,46.83006179261351,2193.0546875,-7.217390896776957e-05,1.7588261012081792e-06,1.043974719133934,0.8019067191787268,46.83006179261351,0.0017134806839749217,7.119951078493614e-06,0.0006656452897004783,0.00719137091089232,0.4055581198082715,48200.54688497136,2818055.342658082,0.9901960784313727,0.28867513459481287,0.5642880936468347,1.1295337177070501e+17,3695904685572096.0,0.0,4793409119838208.0,3832507489320960.0,1888146002460672.0,4.667168146776883e+16,1.5962505323847386e+17,662.266048938036,64.0,False,True,False,True,True,False,True,False,True
setting_2_medqa_medmcqa_reference_coverage_gamma_v1,complete,44,SAFE,SAFE-(T_K),greedy_marginal,low_rank,sgd,none,adamw,T_K,"truthfulqa,mmlu_non_medical",reference,none,1.0,1.0,0.0,0.0002,0.0,,safe_low_rank_sgd_reference_greedy_marginal_eta0.0002_metricFplusAlpha_gamma1_epsm1_caln64_calseed44,/workspace/safe-drift/outputs/setting_2_medqa_medmcqa_reference_coverage_gamma_v1/repeat_02/olmo7b_instruct/KR64_KT16/pct25.6/safe_reference_precondsgd_refT_K_gamma1_epsm1/training_runs/safe_low_rank_sgd_reference_greedy_marginal_eta0.0002_metricFplusAlpha_gamma1_epsm1_caln64_calseed44_pct25.6_seed44/summary.json,0.4453125,0.43359375,0.01171875,0.515625,0.55078125,-0.03515625,0.468503937007874,0.5787401574803149,-0.11023622047244092,12.271051119005898,0.13528288498117405,0.2539129749412385,-0.11863008996006444,2.3823332072875325,0.59375,0.546875,0.046875,14.059114476044973,0.5049751243781094,0.4975124378109453,0.007462686567164145,-0.060663770144168454,-0.03587754498003222,9.570832934112802,14.059114476044973,5.5354012342599725,0.12627870903606195,-0.04761904761904756,0.004383814239501953,0.002286406662912093,237.94642639160156,0.002286406662912093,1819.794287824863,3311651.25,0.000517610191033207,2.189492789536305e-06,0.7736145753546506,0.7721394040127615,1819.794287824863,0.0017687964718788862,7.419420853693737e-06,0.0006216436740942299,0.00478993949354893,0.27188674883516584,44632.15318050252,2659614.6384622143,0.8700980392156864,0.35909242322980395,0.6668859288553503,1.1295337177070501e+17,3729323198889984.0,0.0,4549157473370112.0,3832507489320960.0,1872988517564416.0,4.644569084972237e+16,1.593990626204274e+17,654.9779579881579,64.0,True,True,True,True,True,False,True,False,True
setting_2_medqa_medmcqa_reference_coverage_gamma_v1,complete,42,SAFE,SAFE-(T_K),greedy_marginal,low_rank,sgd,none,adamw,T_K,"truthfulqa,mmlu_non_medical",reference,none,2.0,0.01,0.0,0.0002,0.0,,safe_low_rank_sgd_reference_greedy_marginal_eta0.0002_metricFplusAlpha_gamma0.01_epsm2_caln64_calseed42,/workspace/safe-drift/outputs/setting_2_medqa_medmcqa_reference_coverage_gamma_v1/repeat_00/olmo7b_instruct/KR64_KT16/pct25.6/safe_reference_precondsgd_refT_K_gamma0.01_epsm2/training_runs/safe_low_rank_sgd_reference_greedy_marginal_eta0.0002_metricFplusAlpha_gamma0.01_epsm2_caln64_calseed42_pct25.6_seed42/summary.json,0.43359375,0.4140625,0.01953125,0.484375,0.5,-0.015625,0.46062992125984253,0.5826771653543307,-0.12204724409448814,11.353537662135647,0.145027835826,0.24156189185351593,-0.09653405602751591,2.1534471013766763,0.57421875,0.53515625,0.0390625,13.413802745441595,0.5494791666666666,0.5234375,0.02604166666666663,-0.05983960004066802,-0.028735778013757957,8.973595836317973,13.413802745441595,5.25179947123808,0.20022111309001,-0.09999999999999998,0.008567579269409181,0.00010498372829895445,286.0458984375,0.00010498372829895445,0.03962184414655539,0.0015698905335739255,-0.000458873417308517,3.264958777552421e-05,5.370905364217621,0.11040683921330587,0.03962184414655539,0.0005638571456074715,4.05211949328077e-06,0.0006612413562834263,0.11385178466544392,6.298512798101986,11933.123053518222,669138.8046248959,0.8700980392156864,-0.15389675281277312,0.22360679774997896,1.1295337162683187e+17,3163452999499776.0,0.0,4994557534576640.0,3832507489320960.0,1874263187226624.0,1.3864781210624e+16,1.2681815283745587e+17,661.8536945674568,64.0,False,True,False,True,True,False,False,False,True
setting_2_medqa_medmcqa_reference_coverage_gamma_v1,complete,43,SAFE,SAFE-(T_K),greedy_marginal,low_rank,sgd,none,adamw,T_K,"truthfulqa,mmlu_non_medical",reference,none,2.0,0.01,0.0,0.0002,0.0,,safe_low_rank_sgd_reference_greedy_marginal_eta0.0002_metricFplusAlpha_gamma0.01_epsm2_caln64_calseed43,/workspace/safe-drift/outputs/setting_2_medqa_medmcqa_reference_coverage_gamma_v1/repeat_01/olmo7b_instruct/KR64_KT16/pct25.6/safe_reference_precondsgd_refT_K_gamma0.01_epsm2/training_runs/safe_low_rank_sgd_reference_greedy_marginal_eta0.0002_metricFplusAlpha_gamma0.01_epsm2_caln64_calseed43_pct25.6_seed43/summary.json,0.42578125,0.37109375,0.0546875,0.51953125,0.55078125,-0.03125,0.484251968503937,0.5590551181102362,-0.07480314960629925,10.83352993542128,0.16240446760301164,0.2548059308998715,-0.09240146329685989,2.1173031385234324,0.5625,0.52734375,0.03515625,13.159355801840624,0.5452261306532663,0.5125628140703518,0.03266331658291455,-0.04401612096771971,-0.028622606648429944,8.703396291928446,13.159355801840624,5.461979726950328,0.022799368914755924,0.04166666666666674,0.008427942657470704,6.565227100028608e-05,184.8572998046875,6.565227100028608e-05,0.03241736828838229,0.0010508857667446136,-0.0004278846651189127,3.200110859148234e-05,7.517437130266619,0.09894380882083521,0.03241736828838229,0.0004935369361191988,3.5140001273248345e-06,0.0006637693149968982,0.17913989070587827,10.110378588335593,12096.825904386207,694147.2678057284,0.9142156862745099,0.5999999999999999,0.051298917604257706,1.1295337177070501e+17,3332041917431808.0,0.0,4793409119838208.0,3832507489320960.0,1888146002460672.0,4.630781869962854e+16,1.5926119047033357e+17,656.1130687203258,64.0,False,True,False,True,True,False,False,False,True
setting_2_medqa_medmcqa_reference_coverage_gamma_v1,complete,44,SAFE,SAFE-(T_K),greedy_marginal,low_rank,sgd,none,adamw,T_K,"truthfulqa,mmlu_non_medical",reference,none,2.0,0.01,0.0,0.0002,0.0,,safe_low_rank_sgd_reference_greedy_marginal_eta0.0002_metricFplusAlpha_gamma0.01_epsm2_caln64_calseed44,/workspace/safe-drift/outputs/setting_2_medqa_medmcqa_reference_coverage_gamma_v1/repeat_02/olmo7b_instruct/KR64_KT16/pct25.6/safe_reference_precondsgd_refT_K_gamma0.01_epsm2/training_runs/safe_low_rank_sgd_reference_greedy_marginal_eta0.0002_metricFplusAlpha_gamma0.01_epsm2_caln64_calseed44_pct25.6_seed44/summary.json,0.4375,0.43359375,0.00390625,0.50390625,0.55078125,-0.046875,0.4645669291338583,0.5787401574803149,-0.11417322834645666,11.760256647125004,0.14982993799893768,0.2539129749412385,-0.10408303694230081,2.0460938165507274,0.58203125,0.546875,0.03515625,13.298045719663302,0.5149253731343284,0.4975124378109453,0.017412935323383116,-0.061033338429585825,-0.034463393471150405,9.034798727779679,13.298045719663302,5.175192704567542,0.008096890854243755,-0.09523809523809523,0.008767628479003906,9.145626651648373e-05,237.94642639160156,9.145626651648373e-05,0.04295857943113977,0.0018454395467415452,-0.00047021442472409514,3.4471830189529564e-05,6.141423042475935,0.10312883772723136,0.04295857943113977,0.0005616706912405789,3.963824383390602e-06,0.0006095264689065516,0.12096254227898073,6.664676922895086,11330.282472337833,643152.5140898513,0.9828431372549021,0.8207826816681233,0.4999999999999999,1.1295337177070501e+17,3396468155793408.0,0.0,4549157473370112.0,3832507489320960.0,1872988517564416.0,4.611283580662579e+16,1.590662075773308e+17,675.3206686209887,64.0,False,True,False,True,True,False,False,False,True
setting_2_medqa_medmcqa_reference_coverage_gamma_v1,complete,42,SAFE,SAFE-(T_K),greedy_marginal,low_rank,sgd,none,adamw,T_K,"truthfulqa,mmlu_non_medical",reference,none,2.0,0.1,0.0,0.0002,0.0,,safe_low_rank_sgd_reference_greedy_marginal_eta0.0002_metricFplusAlpha_gamma0.1_epsm2_caln64_calseed42,/workspace/safe-drift/outputs/setting_2_medqa_medmcqa_reference_coverage_gamma_v1/repeat_00/olmo7b_instruct/KR64_KT16/pct25.6/safe_reference_precondsgd_refT_K_gamma0.1_epsm2/training_runs/safe_low_rank_sgd_reference_greedy_marginal_eta0.0002_metricFplusAlpha_gamma0.1_epsm2_caln64_calseed42_pct25.6_seed42/summary.json,0.46484375,0.4140625,0.05078125,0.5546875,0.5,0.0546875,0.5196850393700787,0.5826771653543307,-0.06299212598425197,11.420466931160353,0.15745320202115126,0.24156189185351593,-0.08410868983236466,2.1658540966800297,0.6015625,0.53515625,0.06640625,13.473208534220854,0.5442708333333334,0.5234375,0.02083333333333337,-0.026898188605538876,-0.008851219916182332,9.019843187353745,13.473208534220854,5.27470454047708,0.12519109420790397,-0.0,0.008567579269409181,0.0010498372829895444,286.0458984375,0.0010498372829895444,0.06791980971019267,0.004613100551068783,-0.0006973419113639764,2.8871628184135272e-05,1.664237091714169,0.2133437288712988,0.06791980971019267,0.0017471791943535209,7.830079084669705e-06,0.0006540834438055754,0.011421893961012331,0.6230331637137043,11854.298359616321,656887.0243033573,0.9485294117647061,0.0,0.19999999999999996,1.1295337162683187e+17,3449339236564992.0,0.0,4994557534576640.0,3832507489320960.0,1874263187226624.0,1.4150667447689216e+16,1.2710403907452109e+17,689.319772798568,64.0,False,True,False,True,True,False,True,False,True
setting_2_medqa_medmcqa_reference_coverage_gamma_v1,complete,43,SAFE,SAFE-(T_K),greedy_marginal,low_rank,sgd,none,adamw,T_K,"truthfulqa,mmlu_non_medical",reference,none,2.0,0.1,0.0,0.0002,0.0,,safe_low_rank_sgd_reference_greedy_marginal_eta0.0002_metricFplusAlpha_gamma0.1_epsm2_caln64_calseed43,/workspace/safe-drift/outputs/setting_2_medqa_medmcqa_reference_coverage_gamma_v1/repeat_01/olmo7b_instruct/KR64_KT16/pct25.6/safe_reference_precondsgd_refT_K_gamma0.1_epsm2/training_runs/safe_low_rank_sgd_reference_greedy_marginal_eta0.0002_metricFplusAlpha_gamma0.1_epsm2_caln64_calseed43_pct25.6_seed43/summary.json,0.4375,0.37109375,0.06640625,0.52734375,0.55078125,-0.0234375,0.4763779527559055,0.5590551181102362,-0.08267716535433073,12.296718925315878,0.16257092671811263,0.2548059308998715,-0.0922350041817589,2.4426945433374696,0.6015625,0.52734375,0.07421875,14.477125545342764,0.535175879396985,0.5125628140703518,0.022613065326633208,-0.03356447317869654,-0.009008127090879448,9.738846337998703,14.477125545342764,6.146946335832278,0.018029447478167815,0.08333333333333337,0.008534867477416993,0.001549733857628361,425.4941101074219,0.001549733857628361,0.08111945402749682,0.00658036582171917,-0.0005837268577847325,3.0886538377049805e-05,1.376662497293178,0.15198083229894102,0.08111945402749682,0.0021334607154130936,5.535443051485345e-06,0.0006564770010299981,0.0074461768527143155,0.42360628426524743,11608.597174856217,678345.6246174093,0.9779411764705884,0.7181848464596079,0.051298917604257706,1.1295337177070501e+17,3548264686436352.0,0.0,4793409119838208.0,3832507489320960.0,1888146002460672.0,4.652404146863309e+16,1.594774132393381e+17,675.3997923005372,64.0,False,True,False,True,True,False,True,False,True
setting_2_medqa_medmcqa_reference_coverage_gamma_v1,complete,44,SAFE,SAFE-(T_K),greedy_marginal,low_rank,sgd,none,adamw,T_K,"truthfulqa,mmlu_non_medical",reference,none,2.0,0.1,0.0,0.0002,0.0,,safe_low_rank_sgd_reference_greedy_marginal_eta0.0002_metricFplusAlpha_gamma0.1_epsm2_caln64_calseed44,/workspace/safe-drift/outputs/setting_2_medqa_medmcqa_reference_coverage_gamma_v1/repeat_02/olmo7b_instruct/KR64_KT16/pct25.6/safe_reference_precondsgd_refT_K_gamma0.1_epsm2/training_runs/safe_low_rank_sgd_reference_greedy_marginal_eta0.0002_metricFplusAlpha_gamma0.1_epsm2_caln64_calseed44_pct25.6_seed44/summary.json,0.44921875,0.43359375,0.015625,0.5625,0.55078125,0.01171875,0.5275590551181102,0.5787401574803149,-0.051181102362204745,12.088497850212837,0.13848758397647032,0.2539129749412385,-0.11542539096476817,2.293819812909914,0.59765625,0.546875,0.05078125,13.872556331257025,0.5,0.4975124378109453,0.002487562189054715,-0.0386084144423243,-0.032322070482384085,9.418291331459924,13.872556331257025,5.433880989368145,-0.08281220005484713,-0.04761904761904756,0.008767628479003906,0.0009145626651648373,237.94642639160156,0.0009145626651648373,0.07443808470735788,0.005541028454899788,-0.0006463521306809097,3.1083617726933435e-05,1.7067334354274037,0.19128168695653247,0.07443808470735788,0.001560914795845747,7.352036845986731e-06,0.0006144039798527956,0.011889965726155692,0.6718008543920364,11235.401278713398,644808.4823459975,0.9681372549019609,0.7999999999999998,-0.4472135954999579,1.1295337177070501e+17,3630979663429632.0,0.0,4549157473370112.0,3832507489320960.0,1872988517564416.0,4.634734731426202e+16,1.5930071908496704e+17,683.2985971532762,64.0,False,True,False,True,True,False,True,False,True
setting_2_medqa_medmcqa_reference_coverage_gamma_v1,complete,42,SAFE,SAFE-(T_K),greedy_marginal,low_rank,sgd,none,adamw,T_K,"truthfulqa,mmlu_non_medical",reference,none,2.0,1.0,0.0,0.0002,0.0,,safe_low_rank_sgd_reference_greedy_marginal_eta0.0002_metricFplusAlpha_gamma1_epsm2_caln64_calseed42,/workspace/safe-drift/outputs/setting_2_medqa_medmcqa_reference_coverage_gamma_v1/repeat_00/olmo7b_instruct/KR64_KT16/pct25.6/safe_reference_precondsgd_refT_K_gamma1_epsm2/training_runs/safe_low_rank_sgd_reference_greedy_marginal_eta0.0002_metricFplusAlpha_gamma1_epsm2_caln64_calseed42_pct25.6_seed42/summary.json,0.4609375,0.4140625,0.046875,0.59765625,0.5,0.09765625,0.6456692913385826,0.5826771653543307,0.06299212598425197,11.843990621291434,0.16607826226981207,0.24156189185351593,-0.07548362958370386,2.1320778456531784,0.578125,0.53515625,0.04296875,13.870564542710781,0.5416666666666666,0.5234375,0.01822916666666663,0.010159082133516037,-0.01625743979185193,9.282211003218464,13.870564542710781,5.4061148587395165,0.07522111309001,-0.0,0.008567579269409181,0.010498372829895445,286.0458984375,0.010498372829895445,4687.44706636779,21972160.0,0.007007536470334955,2.332560861876301e-05,0.33251164669497596,0.3644543985944526,4687.44706636779,0.0034908363595604897,1.3376098650041968e-05,0.0006408564513549209,0.0011378138752803648,0.061043407558360005,11844.36254889054,634524.4278680343,0.9534313725490198,-0.7071067811865475,0.9746794344808964,1.1295337162683187e+17,3422571173658624.0,0.0,4994557534576640.0,3832507489320960.0,1874263187226624.0,1.4123899384782848e+16,1.2707727101161472e+17,655.9981716237962,64.0,True,True,True,True,True,False,True,False,True
setting_2_medqa_medmcqa_reference_coverage_gamma_v1,complete,43,SAFE,SAFE-(T_K),greedy_marginal,low_rank,sgd,none,adamw,T_K,"truthfulqa,mmlu_non_medical",reference,none,2.0,1.0,0.0,0.0002,0.0,,safe_low_rank_sgd_reference_greedy_marginal_eta0.0002_metricFplusAlpha_gamma1_epsm2_caln64_calseed43,/workspace/safe-drift/outputs/setting_2_medqa_medmcqa_reference_coverage_gamma_v1/repeat_01/olmo7b_instruct/KR64_KT16/pct25.6/safe_reference_precondsgd_refT_K_gamma1_epsm2/training_runs/safe_low_rank_sgd_reference_greedy_marginal_eta0.0002_metricFplusAlpha_gamma1_epsm2_caln64_calseed43_pct25.6_seed43/summary.json,0.40234375,0.37109375,0.03125,0.55078125,0.55078125,0.0,0.5118110236220472,0.5590551181102362,-0.047244094488189003,11.571186253404992,0.22505520299175363,0.2548059308998715,-0.02975072790811789,1.911389363983463,0.57421875,0.52734375,0.046875,13.566440910100937,0.5251256281407035,0.5125628140703518,0.012562814070351758,-0.010039940798768965,0.008562136045941054,9.016338842496465,13.566440910100937,5.491538435220718,-0.035533964418577424,0.04166666666666674,0.008534867477416993,0.01549733857628361,425.4941101074219,0.01549733857628361,4969.734801777656,24698264.0,0.00933247487064854,2.405367112016022e-05,0.3978015969384527,0.3395836751123282,4969.734801777656,0.006164863705635071,1.236831030837493e-05,0.0006348388851620257,0.0007709223242410615,0.040964381208884015,11860.697850342478,619025.4389542314,0.7377450980392158,0.6324555320336759,-0.9746794344808964,1.1295337177070501e+17,3438532254646272.0,0.0,4793409119838208.0,3832507489320960.0,1888146002460672.0,4.641430903684301e+16,1.5936768080754803e+17,701.0123516265303,64.0,True,True,True,True,True,False,True,False,True
setting_2_medqa_medmcqa_reference_coverage_gamma_v1,complete,44,SAFE,SAFE-(T_K),greedy_marginal,low_rank,sgd,none,adamw,T_K,"truthfulqa,mmlu_non_medical",reference,none,2.0,1.0,0.0,0.0002,0.0,,safe_low_rank_sgd_reference_greedy_marginal_eta0.0002_metricFplusAlpha_gamma1_epsm2_caln64_calseed44,/workspace/safe-drift/outputs/setting_2_medqa_medmcqa_reference_coverage_gamma_v1/repeat_02/olmo7b_instruct/KR64_KT16/pct25.6/safe_reference_precondsgd_refT_K_gamma1_epsm2/training_runs/safe_low_rank_sgd_reference_greedy_marginal_eta0.0002_metricFplusAlpha_gamma1_epsm2_caln64_calseed44_pct25.6_seed44/summary.json,0.41796875,0.43359375,-0.015625,0.6328125,0.55078125,0.08203125,0.610236220472441,0.5787401574803149,0.03149606299212604,12.43918965807737,0.14976058101163695,0.2539129749412385,-0.10415239392960154,2.284226468112875,0.6171875,0.546875,0.0703125,14.325882678230604,0.5074626865671642,0.4975124378109453,0.009950248756218916,-0.0007812769791585017,-0.016919946964800772,9.683099601473616,14.325882678230604,5.57791020320012,-0.09190310914575622,-0.09523809523809523,0.008767628479003906,0.009145626651648373,237.94642639160156,0.009145626651648373,5137.4295128984495,26393182.0,0.006009335250187606,2.556940228178747e-05,0.3429276121211267,0.3347478385394173,5137.4295128984495,0.003136291401460767,1.2866252291132696e-05,0.0005952292121946812,0.0011929550150474551,0.06508348031978753,11268.559723099183,630490.9817958473,0.8676470588235295,0.4472135954999579,-0.6668859288553503,1.1295337177070501e+17,3465632840073216.0,0.0,4549157473370112.0,3832507489320960.0,1872988517564416.0,4.61820004909056e+16,1.5913537226161062e+17,661.9698472898453,64.0,True,True,True,True,True,False,True,False,True
