base_target_medqa_accuracy,bbq_base_score,bbq_heldout_kl,bbq_included,bbq_loss,bbq_score,estimated_base_evaluation_flops,estimated_base_evaluation_flops_method,estimated_external_solver_flops,estimated_extra_eval_kl_flops,estimated_final_evaluation_flops,estimated_final_evaluation_flops_method,estimated_final_evaluation_flops_scope,estimated_kl_regularization_flops,estimated_selection_feature_flops,estimated_selection_feature_flops_method,estimated_selection_flops,estimated_selection_flops_method,estimated_selection_flops_scope,estimated_selector_algorithm_flops,estimated_selector_algorithm_flops_method,estimated_sft_flops,estimated_total_flops,estimated_total_flops_including_selection,estimated_trajectory_diagnostic_flops,estimated_trajectory_generation_flops,flops_accounting_complete,flops_estimation_method,ifeval_base_score,ifeval_loss,ifeval_score,included_references,learning_rate,mean_reference_kl,mean_reference_loss,medqa_gain,method,mmlu_non_medical_base_score,mmlu_non_medical_heldout_kl,mmlu_non_medical_included,mmlu_non_medical_loss,mmlu_non_medical_score,reference_composition,safe_beta,safe_epsilon,safe_rho,seed,sgd_momentum,summary_path,target_medqa_accuracy,training_optimizer,truthfulqa_base_score,truthfulqa_heldout_kl,truthfulqa_included,truthfulqa_loss,truthfulqa_score,weight_decay,worst_reference_kl,worst_reference_loss
0.4140625,0.5826771653543307,11.722868621505777,False,0.0,0.610236220472441,,,,1874263187226624.0,,,,0.0,,,1.1295337162683187e+17,6x_parameter_token_upper_bound_over_reference_target_candidate_and_adam_warmup_gradients,,,,3466464146374656.0,1.416779235749888e+16,1.2712116398433075e+17,4994557534576640.0,3832507489320960.0,True,transformers_floating_point_ops_with_6x_token_parameter_fallback;generation_uses_2x_parameter_token_upper_bound,0.5234375,0.0026041666666666297,0.5208333333333334,,,9.233567618500343,0.018174284552211123,0.015625,LESS,0.53515625,13.889920632044474,False,0.0,0.578125,,,,,42,,/workspace/safe-drift/outputs/setting_2_medqa_medmcqa_reference_coverage_gamma_v1/repeat_00/olmo7b_instruct/KR64_KT16/pct25.6/baseline_less_no_reference/training_runs/less_random_sketch_sgd_pct25.6_seed42/summary.json,0.4296875,adamw,0.24156189185351593,2.0879136019507802,False,0.05452285365663337,0.18703903819688256,,13.889920632044474,0.05452285365663337
,,9.077723495603546,True,,0.5433070866141733,,,0.0,1874263187226624.0,3.2461714170576896e+16,2x_parameter_count_x_(max_seq_length_plus_max_new_tokens)_x_examples_x_generation_samples,generation_evaluations;excludes_tokenization_scoring_and_bias_disentangle,0.0,1.2194647446336307e+17,6x_parameter_token_upper_bound_over_reference_target_candidate_and_adam_warmup_gradients,1.2194647633115659e+17,feature=[6x_parameter_token_upper_bound_over_reference_target_candidate_and_adam_warmup_gradients];algorithm=[analytical_safe_tensor_arithmetic_by_solver_and_geometry],floating_point_operations;excludes_integer_indexing_sorting_rng_and_io,1867793520.0,analytical_safe_tensor_arithmetic_by_solver_and_geometry,266932453392384.0,3.701730531302605e+16,1.5896378164418266e+17,881392506101760.0,1533002995728384.0,True,transformers_floating_point_ops_with_6x_token_parameter_fallback;generation_uses_2x_parameter_token_upper_bound;final_generation_uses_2x_parameter_token_upper_bound,,,0.5390625,"bbq,truthfulqa",0.0002,7.2160224410620755,,,SAFE-(B_T),,11.35338701059421,False,,0.58203125,B_T,,0.10454075317382813,0.014282104843543824,42,,/workspace/safe-drift/outputs/setting_2_medqa_medmcqa_reference_coverage_gamma_v1/repeat_00/olmo7b_instruct/KR64_KT16/pct25.6/safe_reference_hard_constrained_precondadam_refB_K_gamma0.01_epsm0.5/training_runs/safe_low_rank_adam_reference_constrained_greedy_eta0.0002_metricFplusAlpha_swaps1_feastol1e-06_gamma0.01_epsm0.5_caln64_calseed42_pct25.6_seed42/summary.json,0.46875,adamw,,1.216956816988471,True,,0.22978339100520084,0.0,11.35338701059421,
,,9.767626351884656,True,,0.547244094488189,,,0.0,1874263187226624.0,3.2461714170576896e+16,2x_parameter_count_x_(max_seq_length_plus_max_new_tokens)_x_examples_x_generation_samples,generation_evaluations;excludes_tokenization_scoring_and_bias_disentangle,0.0,1.2194647446336307e+17,6x_parameter_token_upper_bound_over_reference_target_candidate_and_adam_warmup_gradients,1.2194647633115659e+17,feature=[6x_parameter_token_upper_bound_over_reference_target_candidate_and_adam_warmup_gradients];algorithm=[analytical_safe_tensor_arithmetic_by_solver_and_geometry],floating_point_operations;excludes_integer_indexing_sorting_rng_and_io,1867793520.0,analytical_safe_tensor_arithmetic_by_solver_and_geometry,440509209133056.0,3.748467957080064e+16,1.5943115590195725e+17,1175190008135680.0,1533002995728384.0,True,transformers_floating_point_ops_with_6x_token_parameter_fallback;generation_uses_2x_parameter_token_upper_bound;final_generation_uses_2x_parameter_token_upper_bound,,,0.5286458333333334,"bbq,truthfulqa",0.0002,7.765685859125504,,,SAFE-(B_T),,12.015184817214807,False,,0.58203125,B_T,,0.20908150634765627,0.057128419374175295,42,,/workspace/safe-drift/outputs/setting_2_medqa_medmcqa_reference_coverage_gamma_v1/repeat_00/olmo7b_instruct/KR64_KT16/pct25.6/safe_reference_hard_constrained_precondadam_refB_K_gamma0.01_epsm1/training_runs/safe_low_rank_adam_reference_constrained_greedy_eta0.0002_metricFplusAlpha_swaps1_feastol1e-06_gamma0.01_epsm1_caln64_calseed42_pct25.6_seed42/summary.json,0.43359375,adamw,,1.5142464082770453,True,,0.19320158118341937,0.0,12.015184817214807,
,,10.592526007824995,True,,0.515748031496063,,,0.0,1874263187226624.0,3.2461714170576896e+16,2x_parameter_count_x_(max_seq_length_plus_max_new_tokens)_x_examples_x_generation_samples,generation_evaluations;excludes_tokenization_scoring_and_bias_disentangle,0.0,1.2194647446336307e+17,6x_parameter_token_upper_bound_over_reference_target_candidate_and_adam_warmup_gradients,1.2194647633115659e+17,feature=[6x_parameter_token_upper_bound_over_reference_target_candidate_and_adam_warmup_gradients];algorithm=[analytical_safe_tensor_arithmetic_by_solver_and_geometry],floating_point_operations;excludes_integer_indexing_sorting_rng_and_io,1867793520.0,analytical_safe_tensor_arithmetic_by_solver_and_geometry,840450670755840.0,3.817841853445734e+16,1.6012489486561395e+17,1468987510169600.0,1533002995728384.0,True,transformers_floating_point_ops_with_6x_token_parameter_fallback;generation_uses_2x_parameter_token_upper_bound;final_generation_uses_2x_parameter_token_upper_bound,,,0.5390625,"bbq,truthfulqa",0.0002,8.343650322695334,,,SAFE-(B_T),,12.613574236631393,False,,0.5703125,B_T,,0.41816301269531253,0.22851367749670118,42,,/workspace/safe-drift/outputs/setting_2_medqa_medmcqa_reference_coverage_gamma_v1/repeat_00/olmo7b_instruct/KR64_KT16/pct25.6/safe_reference_hard_constrained_precondadam_refB_K_gamma0.01_epsm2/training_runs/safe_low_rank_adam_reference_constrained_greedy_eta0.0002_metricFplusAlpha_swaps1_feastol1e-06_gamma0.01_epsm2_caln64_calseed42_pct25.6_seed42/summary.json,0.41796875,adamw,,1.824850723629615,True,,0.17232174537216252,0.0,12.613574236631393,
,,9.702676845660672,True,,0.5118110236220472,,,0.0,1874263187226624.0,3.2461714170576896e+16,2x_parameter_count_x_(max_seq_length_plus_max_new_tokens)_x_examples_x_generation_samples,generation_evaluations;excludes_tokenization_scoring_and_bias_disentangle,0.0,1.2194647446336307e+17,6x_parameter_token_upper_bound_over_reference_target_candidate_and_adam_warmup_gradients,1.2194647633115659e+17,feature=[6x_parameter_token_upper_bound_over_reference_target_candidate_and_adam_warmup_gradients];algorithm=[analytical_safe_tensor_arithmetic_by_solver_and_geometry],floating_point_operations;excludes_integer_indexing_sorting_rng_and_io,1867793520.0,analytical_safe_tensor_arithmetic_by_solver_and_geometry,505434231275520.0,3.75496045929431e+16,1.594960809240997e+17,1175190008135680.0,1533002995728384.0,True,transformers_floating_point_ops_with_6x_token_parameter_fallback;generation_uses_2x_parameter_token_upper_bound;final_generation_uses_2x_parameter_token_upper_bound,,,0.5338541666666666,"bbq,truthfulqa",0.0002,7.722428470701099,,,SAFE-(B_T),,11.94929285099109,False,,0.54296875,B_T,,0.10454075317382813,0.14282104843543825,42,,/workspace/safe-drift/outputs/setting_2_medqa_medmcqa_reference_coverage_gamma_v1/repeat_00/olmo7b_instruct/KR64_KT16/pct25.6/safe_reference_hard_constrained_precondadam_refB_K_gamma0.1_epsm0.5/training_runs/safe_low_rank_adam_reference_constrained_greedy_eta0.0002_metricFplusAlpha_swaps1_feastol1e-06_gamma0.1_epsm0.5_caln64_calseed42_pct25.6_seed42/summary.json,0.4296875,adamw,,1.5153157154515324,True,,0.18863146604222883,0.0,11.94929285099109,
,,10.624001225148598,True,,0.5511811023622047,,,0.0,1874263187226624.0,3.2461714170576896e+16,2x_parameter_count_x_(max_seq_length_plus_max_new_tokens)_x_examples_x_generation_samples,generation_evaluations;excludes_tokenization_scoring_and_bias_disentangle,0.0,1.2194647446336307e+17,6x_parameter_token_upper_bound_over_reference_target_candidate_and_adam_warmup_gradients,1.2194647633115659e+17,feature=[6x_parameter_token_upper_bound_over_reference_target_candidate_and_adam_warmup_gradients];algorithm=[analytical_safe_tensor_arithmetic_by_solver_and_geometry],floating_point_operations;excludes_integer_indexing_sorting_rng_and_io,1867793520.0,analytical_safe_tensor_arithmetic_by_solver_and_geometry,958080512409600.0,3.935634737600922e+16,1.6130282370716582e+17,1762785012203520.0,2299504493592576.0,True,transformers_floating_point_ops_with_6x_token_parameter_fallback;generation_uses_2x_parameter_token_upper_bound;final_generation_uses_2x_parameter_token_upper_bound,,,0.5416666666666666,"bbq,truthfulqa",0.0002,8.46817642280658,,,SAFE-(B_T),,12.878738686442375,False,,0.578125,B_T,,0.20908150634765627,0.571284193741753,42,,/workspace/safe-drift/outputs/setting_2_medqa_medmcqa_reference_coverage_gamma_v1/repeat_00/olmo7b_instruct/KR64_KT16/pct25.6/safe_reference_hard_constrained_precondadam_refB_K_gamma0.1_epsm1/training_runs/safe_low_rank_adam_reference_constrained_greedy_eta0.0002_metricFplusAlpha_swaps1_feastol1e-06_gamma0.1_epsm1_caln64_calseed42_pct25.6_seed42/summary.json,0.44921875,adamw,,1.9017893568287672,True,,0.16308079962336394,0.0,12.878738686442375,
,,11.794300081848785,True,,0.5551181102362205,,,0.0,1874263187226624.0,3.2461714170576896e+16,2x_parameter_count_x_(max_seq_length_plus_max_new_tokens)_x_examples_x_generation_samples,generation_evaluations;excludes_tokenization_scoring_and_bias_disentangle,0.0,1.2194647446336307e+17,6x_parameter_token_upper_bound_over_reference_target_candidate_and_adam_warmup_gradients,1.2194647633115659e+17,feature=[6x_parameter_token_upper_bound_over_reference_target_candidate_and_adam_warmup_gradients];algorithm=[analytical_safe_tensor_arithmetic_by_solver_and_geometry],floating_point_operations;excludes_integer_indexing_sorting_rng_and_io,1867793520.0,analytical_safe_tensor_arithmetic_by_solver_and_geometry,1981834222632960.0,4.232179259223245e+16,1.6426826892338906e+17,2937975020339200.0,3066005991456768.0,True,transformers_floating_point_ops_with_6x_token_parameter_fallback;generation_uses_2x_parameter_token_upper_bound;final_generation_uses_2x_parameter_token_upper_bound,,,0.5390625,"bbq,truthfulqa",0.0002,9.24368960497002,,,SAFE-(B_T),,13.79285159210364,False,,0.59375,B_T,,0.41816301269531253,2.285136774967012,42,,/workspace/safe-drift/outputs/setting_2_medqa_medmcqa_reference_coverage_gamma_v1/repeat_00/olmo7b_instruct/KR64_KT16/pct25.6/safe_reference_hard_constrained_precondadam_refB_K_gamma0.1_epsm2/training_runs/safe_low_rank_adam_reference_constrained_greedy_eta0.0002_metricFplusAlpha_swaps1_feastol1e-06_gamma0.1_epsm2_caln64_calseed42_pct25.6_seed42/summary.json,0.46875,adamw,,2.1439171409576376,True,,0.17104120353183083,0.0,13.79285159210364,
,,11.640869218220548,True,,0.5551181102362205,,,0.0,1874263187226624.0,3.2461714170576896e+16,2x_parameter_count_x_(max_seq_length_plus_max_new_tokens)_x_examples_x_generation_samples,generation_evaluations;excludes_tokenization_scoring_and_bias_disentangle,0.0,1.2194647446336307e+17,6x_parameter_token_upper_bound_over_reference_target_candidate_and_adam_warmup_gradients,1.2194647633115659e+17,feature=[6x_parameter_token_upper_bound_over_reference_target_candidate_and_adam_warmup_gradients];algorithm=[analytical_safe_tensor_arithmetic_by_solver_and_geometry],floating_point_operations;excludes_integer_indexing_sorting_rng_and_io,1867793520.0,analytical_safe_tensor_arithmetic_by_solver_and_geometry,2049003771789312.0,4.132866314149069e+16,1.632751394726473e+17,2644177518305280.0,2299504493592576.0,True,transformers_floating_point_ops_with_6x_token_parameter_fallback;generation_uses_2x_parameter_token_upper_bound;final_generation_uses_2x_parameter_token_upper_bound,,,0.5390625,"bbq,truthfulqa",0.0002,9.192859207242897,,,SAFE-(B_T),,13.707321770489216,False,,0.61328125,B_T,,0.10454075317382813,1.4282104843543824,42,,/workspace/safe-drift/outputs/setting_2_medqa_medmcqa_reference_coverage_gamma_v1/repeat_00/olmo7b_instruct/KR64_KT16/pct25.6/safe_reference_hard_constrained_precondadam_refB_K_gamma1_epsm0.5/training_runs/safe_low_rank_adam_reference_constrained_greedy_eta0.0002_metricFplusAlpha_swaps1_feastol1e-06_gamma1_epsm0.5_caln64_calseed42_pct25.6_seed42/summary.json,0.484375,adamw,,2.2303866330189264,True,,0.13731383033288697,0.0,13.707321770489216,
,,11.968696771957116,True,,0.5275590551181102,,,0.0,1874263187226624.0,3.2461714170576896e+16,2x_parameter_count_x_(max_seq_length_plus_max_new_tokens)_x_examples_x_generation_samples,generation_evaluations;excludes_tokenization_scoring_and_bias_disentangle,0.0,1.2194647446336307e+17,6x_parameter_token_upper_bound_over_reference_target_candidate_and_adam_warmup_gradients,1.2194647633115659e+17,feature=[6x_parameter_token_upper_bound_over_reference_target_candidate_and_adam_warmup_gradients];algorithm=[analytical_safe_tensor_arithmetic_by_solver_and_geometry],floating_point_operations;excludes_integer_indexing_sorting_rng_and_io,1867793520.0,analytical_safe_tensor_arithmetic_by_solver_and_geometry,3551839303532544.0,4.671488168523366e+16,1.6866135801639027e+17,4994557534576640.0,3832507489320960.0,True,transformers_floating_point_ops_with_6x_token_parameter_fallback;generation_uses_2x_parameter_token_upper_bound;final_generation_uses_2x_parameter_token_upper_bound,,,0.5364583333333334,"bbq,truthfulqa",0.0002,9.26508733337977,,,SAFE-(B_T),,13.699721445639929,False,,0.5390625,B_T,,0.20908150634765627,5.712841937417529,42,,/workspace/safe-drift/outputs/setting_2_medqa_medmcqa_reference_coverage_gamma_v1/repeat_00/olmo7b_instruct/KR64_KT16/pct25.6/safe_reference_hard_constrained_precondadam_refB_K_gamma1_epsm1/training_runs/safe_low_rank_adam_reference_constrained_greedy_eta0.0002_metricFplusAlpha_swaps1_feastol1e-06_gamma1_epsm1_caln64_calseed42_pct25.6_seed42/summary.json,0.421875,adamw,,2.1268437825422644,True,,0.1900952111364154,0.0,13.699721445639929,
,,11.905448205201958,True,,0.6377952755905512,,,0.0,1874263187226624.0,3.2461714170576896e+16,2x_parameter_count_x_(max_seq_length_plus_max_new_tokens)_x_examples_x_generation_samples,generation_evaluations;excludes_tokenization_scoring_and_bias_disentangle,0.0,1.2194647446336307e+17,6x_parameter_token_upper_bound_over_reference_target_candidate_and_adam_warmup_gradients,1.2194647633115659e+17,feature=[6x_parameter_token_upper_bound_over_reference_target_candidate_and_adam_warmup_gradients];algorithm=[analytical_safe_tensor_arithmetic_by_solver_and_geometry],floating_point_operations;excludes_integer_indexing_sorting_rng_and_io,1867793520.0,analytical_safe_tensor_arithmetic_by_solver_and_geometry,3476107299471360.0,4.663914968117248e+16,1.685856260123291e+17,4994557534576640.0,3832507489320960.0,True,transformers_floating_point_ops_with_6x_token_parameter_fallback;generation_uses_2x_parameter_token_upper_bound;final_generation_uses_2x_parameter_token_upper_bound,,,0.5338541666666666,"bbq,truthfulqa",0.0002,9.361040663056832,,,SAFE-(B_T),,14.012510843575,False,,0.58203125,B_T,,0.41816301269531253,22.851367749670118,42,,/workspace/safe-drift/outputs/setting_2_medqa_medmcqa_reference_coverage_gamma_v1/repeat_00/olmo7b_instruct/KR64_KT16/pct25.6/safe_reference_hard_constrained_precondadam_refB_K_gamma1_epsm2/training_runs/safe_low_rank_adam_reference_constrained_greedy_eta0.0002_metricFplusAlpha_swaps1_feastol1e-06_gamma1_epsm2_caln64_calseed42_pct25.6_seed42/summary.json,0.44921875,adamw,,2.1651629403935377,True,,0.16382825194347292,0.0,14.012510843575,
,,9.077723495603546,True,,0.5433070866141733,,,0.0,1874263187226624.0,3.2461714170576896e+16,2x_parameter_count_x_(max_seq_length_plus_max_new_tokens)_x_examples_x_generation_samples,generation_evaluations;excludes_tokenization_scoring_and_bias_disentangle,0.0,1.2194647446336307e+17,6x_parameter_token_upper_bound_over_reference_target_candidate_and_adam_warmup_gradients,1.2194647633115659e+17,feature=[6x_parameter_token_upper_bound_over_reference_target_candidate_and_adam_warmup_gradients];algorithm=[analytical_safe_tensor_arithmetic_by_solver_and_geometry],floating_point_operations;excludes_integer_indexing_sorting_rng_and_io,1867793520.0,analytical_safe_tensor_arithmetic_by_solver_and_geometry,266932453392384.0,3.701730531302605e+16,1.5896378164418266e+17,881392506101760.0,1533002995728384.0,True,transformers_floating_point_ops_with_6x_token_parameter_fallback;generation_uses_2x_parameter_token_upper_bound;final_generation_uses_2x_parameter_token_upper_bound,,,0.5390625,"bbq,truthfulqa",0.0002,7.2160224410620755,,,SAFE-(B_T),,11.35338701059421,False,,0.58203125,B_T,,0.10454075317382813,0.014282104843543824,42,,/workspace/safe-drift/outputs/setting_2_medqa_medmcqa_reference_coverage_gamma_v1/repeat_00/olmo7b_instruct/KR64_KT16/pct25.6/safe_reference_hard_constrained_precondadam_refB_T_K_gamma0.01_epsm0.5/training_runs/safe_low_rank_adam_reference_constrained_greedy_eta0.0002_metricFplusAlpha_swaps1_feastol1e-06_gamma0.01_epsm0.5_caln64_calseed42_pct25.6_seed42/summary.json,0.46875,adamw,,1.216956816988471,True,,0.22978339100520084,0.0,11.35338701059421,
,,9.767626351884656,True,,0.547244094488189,,,0.0,1874263187226624.0,3.2461714170576896e+16,2x_parameter_count_x_(max_seq_length_plus_max_new_tokens)_x_examples_x_generation_samples,generation_evaluations;excludes_tokenization_scoring_and_bias_disentangle,0.0,1.2194647446336307e+17,6x_parameter_token_upper_bound_over_reference_target_candidate_and_adam_warmup_gradients,1.2194647633115659e+17,feature=[6x_parameter_token_upper_bound_over_reference_target_candidate_and_adam_warmup_gradients];algorithm=[analytical_safe_tensor_arithmetic_by_solver_and_geometry],floating_point_operations;excludes_integer_indexing_sorting_rng_and_io,1867793520.0,analytical_safe_tensor_arithmetic_by_solver_and_geometry,440509209133056.0,3.748467957080064e+16,1.5943115590195725e+17,1175190008135680.0,1533002995728384.0,True,transformers_floating_point_ops_with_6x_token_parameter_fallback;generation_uses_2x_parameter_token_upper_bound;final_generation_uses_2x_parameter_token_upper_bound,,,0.5286458333333334,"bbq,truthfulqa",0.0002,7.765685859125504,,,SAFE-(B_T),,12.015184817214807,False,,0.58203125,B_T,,0.20908150634765627,0.057128419374175295,42,,/workspace/safe-drift/outputs/setting_2_medqa_medmcqa_reference_coverage_gamma_v1/repeat_00/olmo7b_instruct/KR64_KT16/pct25.6/safe_reference_hard_constrained_precondadam_refB_T_K_gamma0.01_epsm1/training_runs/safe_low_rank_adam_reference_constrained_greedy_eta0.0002_metricFplusAlpha_swaps1_feastol1e-06_gamma0.01_epsm1_caln64_calseed42_pct25.6_seed42/summary.json,0.43359375,adamw,,1.5142464082770453,True,,0.19320158118341937,0.0,12.015184817214807,
,,10.592526007824995,True,,0.515748031496063,,,0.0,1874263187226624.0,3.2461714170576896e+16,2x_parameter_count_x_(max_seq_length_plus_max_new_tokens)_x_examples_x_generation_samples,generation_evaluations;excludes_tokenization_scoring_and_bias_disentangle,0.0,1.2194647446336307e+17,6x_parameter_token_upper_bound_over_reference_target_candidate_and_adam_warmup_gradients,1.2194647633115659e+17,feature=[6x_parameter_token_upper_bound_over_reference_target_candidate_and_adam_warmup_gradients];algorithm=[analytical_safe_tensor_arithmetic_by_solver_and_geometry],floating_point_operations;excludes_integer_indexing_sorting_rng_and_io,1867793520.0,analytical_safe_tensor_arithmetic_by_solver_and_geometry,840450670755840.0,3.817841853445734e+16,1.6012489486561395e+17,1468987510169600.0,1533002995728384.0,True,transformers_floating_point_ops_with_6x_token_parameter_fallback;generation_uses_2x_parameter_token_upper_bound;final_generation_uses_2x_parameter_token_upper_bound,,,0.5390625,"bbq,truthfulqa",0.0002,8.343650322695334,,,SAFE-(B_T),,12.613574236631393,False,,0.5703125,B_T,,0.41816301269531253,0.22851367749670118,42,,/workspace/safe-drift/outputs/setting_2_medqa_medmcqa_reference_coverage_gamma_v1/repeat_00/olmo7b_instruct/KR64_KT16/pct25.6/safe_reference_hard_constrained_precondadam_refB_T_K_gamma0.01_epsm2/training_runs/safe_low_rank_adam_reference_constrained_greedy_eta0.0002_metricFplusAlpha_swaps1_feastol1e-06_gamma0.01_epsm2_caln64_calseed42_pct25.6_seed42/summary.json,0.41796875,adamw,,1.824850723629615,True,,0.17232174537216252,0.0,12.613574236631393,
,,9.702676845660672,True,,0.5118110236220472,,,0.0,1874263187226624.0,3.2461714170576896e+16,2x_parameter_count_x_(max_seq_length_plus_max_new_tokens)_x_examples_x_generation_samples,generation_evaluations;excludes_tokenization_scoring_and_bias_disentangle,0.0,1.2194647446336307e+17,6x_parameter_token_upper_bound_over_reference_target_candidate_and_adam_warmup_gradients,1.2194647633115659e+17,feature=[6x_parameter_token_upper_bound_over_reference_target_candidate_and_adam_warmup_gradients];algorithm=[analytical_safe_tensor_arithmetic_by_solver_and_geometry],floating_point_operations;excludes_integer_indexing_sorting_rng_and_io,1867793520.0,analytical_safe_tensor_arithmetic_by_solver_and_geometry,505434231275520.0,3.75496045929431e+16,1.594960809240997e+17,1175190008135680.0,1533002995728384.0,True,transformers_floating_point_ops_with_6x_token_parameter_fallback;generation_uses_2x_parameter_token_upper_bound;final_generation_uses_2x_parameter_token_upper_bound,,,0.5338541666666666,"bbq,truthfulqa",0.0002,7.722428470701099,,,SAFE-(B_T),,11.94929285099109,False,,0.54296875,B_T,,0.10454075317382813,0.14282104843543825,42,,/workspace/safe-drift/outputs/setting_2_medqa_medmcqa_reference_coverage_gamma_v1/repeat_00/olmo7b_instruct/KR64_KT16/pct25.6/safe_reference_hard_constrained_precondadam_refB_T_K_gamma0.1_epsm0.5/training_runs/safe_low_rank_adam_reference_constrained_greedy_eta0.0002_metricFplusAlpha_swaps1_feastol1e-06_gamma0.1_epsm0.5_caln64_calseed42_pct25.6_seed42/summary.json,0.4296875,adamw,,1.5153157154515324,True,,0.18863146604222883,0.0,11.94929285099109,
,,10.624001225148598,True,,0.5511811023622047,,,0.0,1874263187226624.0,3.2461714170576896e+16,2x_parameter_count_x_(max_seq_length_plus_max_new_tokens)_x_examples_x_generation_samples,generation_evaluations;excludes_tokenization_scoring_and_bias_disentangle,0.0,1.2194647446336307e+17,6x_parameter_token_upper_bound_over_reference_target_candidate_and_adam_warmup_gradients,1.2194647633115659e+17,feature=[6x_parameter_token_upper_bound_over_reference_target_candidate_and_adam_warmup_gradients];algorithm=[analytical_safe_tensor_arithmetic_by_solver_and_geometry],floating_point_operations;excludes_integer_indexing_sorting_rng_and_io,1867793520.0,analytical_safe_tensor_arithmetic_by_solver_and_geometry,958080512409600.0,3.935634737600922e+16,1.6130282370716582e+17,1762785012203520.0,2299504493592576.0,True,transformers_floating_point_ops_with_6x_token_parameter_fallback;generation_uses_2x_parameter_token_upper_bound;final_generation_uses_2x_parameter_token_upper_bound,,,0.5416666666666666,"bbq,truthfulqa",0.0002,8.46817642280658,,,SAFE-(B_T),,12.878738686442375,False,,0.578125,B_T,,0.20908150634765627,0.571284193741753,42,,/workspace/safe-drift/outputs/setting_2_medqa_medmcqa_reference_coverage_gamma_v1/repeat_00/olmo7b_instruct/KR64_KT16/pct25.6/safe_reference_hard_constrained_precondadam_refB_T_K_gamma0.1_epsm1/training_runs/safe_low_rank_adam_reference_constrained_greedy_eta0.0002_metricFplusAlpha_swaps1_feastol1e-06_gamma0.1_epsm1_caln64_calseed42_pct25.6_seed42/summary.json,0.44921875,adamw,,1.9017893568287672,True,,0.16308079962336394,0.0,12.878738686442375,
,,11.794300081848785,True,,0.5551181102362205,,,0.0,1874263187226624.0,3.2461714170576896e+16,2x_parameter_count_x_(max_seq_length_plus_max_new_tokens)_x_examples_x_generation_samples,generation_evaluations;excludes_tokenization_scoring_and_bias_disentangle,0.0,1.2194647446336307e+17,6x_parameter_token_upper_bound_over_reference_target_candidate_and_adam_warmup_gradients,1.2194647633115659e+17,feature=[6x_parameter_token_upper_bound_over_reference_target_candidate_and_adam_warmup_gradients];algorithm=[analytical_safe_tensor_arithmetic_by_solver_and_geometry],floating_point_operations;excludes_integer_indexing_sorting_rng_and_io,1867793520.0,analytical_safe_tensor_arithmetic_by_solver_and_geometry,1981834222632960.0,4.232179259223245e+16,1.6426826892338906e+17,2937975020339200.0,3066005991456768.0,True,transformers_floating_point_ops_with_6x_token_parameter_fallback;generation_uses_2x_parameter_token_upper_bound;final_generation_uses_2x_parameter_token_upper_bound,,,0.5390625,"bbq,truthfulqa",0.0002,9.24368960497002,,,SAFE-(B_T),,13.79285159210364,False,,0.59375,B_T,,0.41816301269531253,2.285136774967012,42,,/workspace/safe-drift/outputs/setting_2_medqa_medmcqa_reference_coverage_gamma_v1/repeat_00/olmo7b_instruct/KR64_KT16/pct25.6/safe_reference_hard_constrained_precondadam_refB_T_K_gamma0.1_epsm2/training_runs/safe_low_rank_adam_reference_constrained_greedy_eta0.0002_metricFplusAlpha_swaps1_feastol1e-06_gamma0.1_epsm2_caln64_calseed42_pct25.6_seed42/summary.json,0.46875,adamw,,2.1439171409576376,True,,0.17104120353183083,0.0,13.79285159210364,
,,11.640869218220548,True,,0.5551181102362205,,,0.0,1874263187226624.0,3.2461714170576896e+16,2x_parameter_count_x_(max_seq_length_plus_max_new_tokens)_x_examples_x_generation_samples,generation_evaluations;excludes_tokenization_scoring_and_bias_disentangle,0.0,1.2194647446336307e+17,6x_parameter_token_upper_bound_over_reference_target_candidate_and_adam_warmup_gradients,1.2194647633115659e+17,feature=[6x_parameter_token_upper_bound_over_reference_target_candidate_and_adam_warmup_gradients];algorithm=[analytical_safe_tensor_arithmetic_by_solver_and_geometry],floating_point_operations;excludes_integer_indexing_sorting_rng_and_io,1867793520.0,analytical_safe_tensor_arithmetic_by_solver_and_geometry,2049003771789312.0,4.132866314149069e+16,1.632751394726473e+17,2644177518305280.0,2299504493592576.0,True,transformers_floating_point_ops_with_6x_token_parameter_fallback;generation_uses_2x_parameter_token_upper_bound;final_generation_uses_2x_parameter_token_upper_bound,,,0.5390625,"bbq,truthfulqa",0.0002,9.192859207242897,,,SAFE-(B_T),,13.707321770489216,False,,0.61328125,B_T,,0.10454075317382813,1.4282104843543824,42,,/workspace/safe-drift/outputs/setting_2_medqa_medmcqa_reference_coverage_gamma_v1/repeat_00/olmo7b_instruct/KR64_KT16/pct25.6/safe_reference_hard_constrained_precondadam_refB_T_K_gamma1_epsm0.5/training_runs/safe_low_rank_adam_reference_constrained_greedy_eta0.0002_metricFplusAlpha_swaps1_feastol1e-06_gamma1_epsm0.5_caln64_calseed42_pct25.6_seed42/summary.json,0.484375,adamw,,2.2303866330189264,True,,0.13731383033288697,0.0,13.707321770489216,
,,11.968696771957116,True,,0.5275590551181102,,,0.0,1874263187226624.0,3.2461714170576896e+16,2x_parameter_count_x_(max_seq_length_plus_max_new_tokens)_x_examples_x_generation_samples,generation_evaluations;excludes_tokenization_scoring_and_bias_disentangle,0.0,1.2194647446336307e+17,6x_parameter_token_upper_bound_over_reference_target_candidate_and_adam_warmup_gradients,1.2194647633115659e+17,feature=[6x_parameter_token_upper_bound_over_reference_target_candidate_and_adam_warmup_gradients];algorithm=[analytical_safe_tensor_arithmetic_by_solver_and_geometry],floating_point_operations;excludes_integer_indexing_sorting_rng_and_io,1867793520.0,analytical_safe_tensor_arithmetic_by_solver_and_geometry,3551839303532544.0,4.671488168523366e+16,1.6866135801639027e+17,4994557534576640.0,3832507489320960.0,True,transformers_floating_point_ops_with_6x_token_parameter_fallback;generation_uses_2x_parameter_token_upper_bound;final_generation_uses_2x_parameter_token_upper_bound,,,0.5364583333333334,"bbq,truthfulqa",0.0002,9.26508733337977,,,SAFE-(B_T),,13.699721445639929,False,,0.5390625,B_T,,0.20908150634765627,5.712841937417529,42,,/workspace/safe-drift/outputs/setting_2_medqa_medmcqa_reference_coverage_gamma_v1/repeat_00/olmo7b_instruct/KR64_KT16/pct25.6/safe_reference_hard_constrained_precondadam_refB_T_K_gamma1_epsm1/training_runs/safe_low_rank_adam_reference_constrained_greedy_eta0.0002_metricFplusAlpha_swaps1_feastol1e-06_gamma1_epsm1_caln64_calseed42_pct25.6_seed42/summary.json,0.421875,adamw,,2.1268437825422644,True,,0.1900952111364154,0.0,13.699721445639929,
,,11.905448205201958,True,,0.6377952755905512,,,0.0,1874263187226624.0,3.2461714170576896e+16,2x_parameter_count_x_(max_seq_length_plus_max_new_tokens)_x_examples_x_generation_samples,generation_evaluations;excludes_tokenization_scoring_and_bias_disentangle,0.0,1.2194647446336307e+17,6x_parameter_token_upper_bound_over_reference_target_candidate_and_adam_warmup_gradients,1.2194647633115659e+17,feature=[6x_parameter_token_upper_bound_over_reference_target_candidate_and_adam_warmup_gradients];algorithm=[analytical_safe_tensor_arithmetic_by_solver_and_geometry],floating_point_operations;excludes_integer_indexing_sorting_rng_and_io,1867793520.0,analytical_safe_tensor_arithmetic_by_solver_and_geometry,3476107299471360.0,4.663914968117248e+16,1.685856260123291e+17,4994557534576640.0,3832507489320960.0,True,transformers_floating_point_ops_with_6x_token_parameter_fallback;generation_uses_2x_parameter_token_upper_bound;final_generation_uses_2x_parameter_token_upper_bound,,,0.5338541666666666,"bbq,truthfulqa",0.0002,9.361040663056832,,,SAFE-(B_T),,14.012510843575,False,,0.58203125,B_T,,0.41816301269531253,22.851367749670118,42,,/workspace/safe-drift/outputs/setting_2_medqa_medmcqa_reference_coverage_gamma_v1/repeat_00/olmo7b_instruct/KR64_KT16/pct25.6/safe_reference_hard_constrained_precondadam_refB_T_K_gamma1_epsm2/training_runs/safe_low_rank_adam_reference_constrained_greedy_eta0.0002_metricFplusAlpha_swaps1_feastol1e-06_gamma1_epsm2_caln64_calseed42_pct25.6_seed42/summary.json,0.44921875,adamw,,2.1651629403935377,True,,0.16382825194347292,0.0,14.012510843575,
0.4140625,0.5826771653543307,9.077723495603546,True,0.03937007874015741,0.5433070866141733,3.0252009834676224e+16,2x_parameter_count_x_(max_seq_length_plus_max_new_tokens)_x_examples_x_generation_samples,0.0,1874263187226624.0,3.2461714170576896e+16,2x_parameter_count_x_(max_seq_length_plus_max_new_tokens)_x_examples_x_generation_samples,generation_evaluations;excludes_tokenization_scoring_and_bias_disentangle,0.0,1.2194647446336307e+17,6x_parameter_token_upper_bound_over_reference_target_candidate_and_adam_warmup_gradients,1.2194647633115659e+17,feature=[6x_parameter_token_upper_bound_over_reference_target_candidate_and_adam_warmup_gradients];algorithm=[analytical_safe_tensor_arithmetic_by_solver_and_geometry],floating_point_operations;excludes_integer_indexing_sorting_rng_and_io,1867793520.0,analytical_safe_tensor_arithmetic_by_solver_and_geometry,266932453392384.0,3.701730531302605e+16,1.5896378164418266e+17,881392506101760.0,1533002995728384.0,True,transformers_floating_point_ops_with_6x_token_parameter_fallback;generation_uses_2x_parameter_token_upper_bound;final_generation_uses_2x_parameter_token_upper_bound,0.5234375,0.0,0.5390625,"bbq,truthfulqa",0.0002,7.2160224410620755,0.017049526529490832,0.0546875,SAFE-(B_T),0.53515625,11.35338701059421,False,0.0,0.58203125,B_T,,0.10454075317382813,0.014282104843543824,42,,/workspace/safe-drift/outputs/setting_2_medqa_medmcqa_reference_coverage_gamma_v1/repeat_00/olmo7b_instruct/KR64_KT16/pct25.6/safe_reference_hard_constrained_precondadam_refB_T_gamma0.01_epsm0.5/training_runs/safe_low_rank_adam_reference_constrained_greedy_eta0.0002_metricFplusAlpha_swaps1_feastol1e-06_gamma0.01_epsm0.5_caln64_calseed42_pct25.6_seed42/summary.json,0.46875,adamw,0.24156189185351593,1.216956816988471,True,0.011778500848315082,0.22978339100520084,0.0,11.35338701059421,0.03937007874015741
,,9.767626351884656,True,,0.547244094488189,,,0.0,1874263187226624.0,3.2461714170576896e+16,2x_parameter_count_x_(max_seq_length_plus_max_new_tokens)_x_examples_x_generation_samples,generation_evaluations;excludes_tokenization_scoring_and_bias_disentangle,0.0,1.2194647446336307e+17,6x_parameter_token_upper_bound_over_reference_target_candidate_and_adam_warmup_gradients,1.2194647633115659e+17,feature=[6x_parameter_token_upper_bound_over_reference_target_candidate_and_adam_warmup_gradients];algorithm=[analytical_safe_tensor_arithmetic_by_solver_and_geometry],floating_point_operations;excludes_integer_indexing_sorting_rng_and_io,1867793520.0,analytical_safe_tensor_arithmetic_by_solver_and_geometry,440509209133056.0,3.748467957080064e+16,1.5943115590195725e+17,1175190008135680.0,1533002995728384.0,True,transformers_floating_point_ops_with_6x_token_parameter_fallback;generation_uses_2x_parameter_token_upper_bound;final_generation_uses_2x_parameter_token_upper_bound,,,0.5286458333333334,"bbq,truthfulqa",0.0002,7.765685859125504,,,SAFE-(B_T),,12.015184817214807,False,,0.58203125,B_T,,0.20908150634765627,0.057128419374175295,42,,/workspace/safe-drift/outputs/setting_2_medqa_medmcqa_reference_coverage_gamma_v1/repeat_00/olmo7b_instruct/KR64_KT16/pct25.6/safe_reference_hard_constrained_precondadam_refB_T_gamma0.01_epsm1/training_runs/safe_low_rank_adam_reference_constrained_greedy_eta0.0002_metricFplusAlpha_swaps1_feastol1e-06_gamma0.01_epsm1_caln64_calseed42_pct25.6_seed42/summary.json,0.43359375,adamw,,1.5142464082770453,True,,0.19320158118341937,0.0,12.015184817214807,
,,10.592526007824995,True,,0.515748031496063,,,0.0,1874263187226624.0,3.2461714170576896e+16,2x_parameter_count_x_(max_seq_length_plus_max_new_tokens)_x_examples_x_generation_samples,generation_evaluations;excludes_tokenization_scoring_and_bias_disentangle,0.0,1.2194647446336307e+17,6x_parameter_token_upper_bound_over_reference_target_candidate_and_adam_warmup_gradients,1.2194647633115659e+17,feature=[6x_parameter_token_upper_bound_over_reference_target_candidate_and_adam_warmup_gradients];algorithm=[analytical_safe_tensor_arithmetic_by_solver_and_geometry],floating_point_operations;excludes_integer_indexing_sorting_rng_and_io,1867793520.0,analytical_safe_tensor_arithmetic_by_solver_and_geometry,840450670755840.0,3.817841853445734e+16,1.6012489486561395e+17,1468987510169600.0,1533002995728384.0,True,transformers_floating_point_ops_with_6x_token_parameter_fallback;generation_uses_2x_parameter_token_upper_bound;final_generation_uses_2x_parameter_token_upper_bound,,,0.5390625,"bbq,truthfulqa",0.0002,8.343650322695334,,,SAFE-(B_T),,12.613574236631393,False,,0.5703125,B_T,,0.41816301269531253,0.22851367749670118,42,,/workspace/safe-drift/outputs/setting_2_medqa_medmcqa_reference_coverage_gamma_v1/repeat_00/olmo7b_instruct/KR64_KT16/pct25.6/safe_reference_hard_constrained_precondadam_refB_T_gamma0.01_epsm2/training_runs/safe_low_rank_adam_reference_constrained_greedy_eta0.0002_metricFplusAlpha_swaps1_feastol1e-06_gamma0.01_epsm2_caln64_calseed42_pct25.6_seed42/summary.json,0.41796875,adamw,,1.824850723629615,True,,0.17232174537216252,0.0,12.613574236631393,
,,9.702676845660672,True,,0.5118110236220472,,,0.0,1874263187226624.0,3.2461714170576896e+16,2x_parameter_count_x_(max_seq_length_plus_max_new_tokens)_x_examples_x_generation_samples,generation_evaluations;excludes_tokenization_scoring_and_bias_disentangle,0.0,1.2194647446336307e+17,6x_parameter_token_upper_bound_over_reference_target_candidate_and_adam_warmup_gradients,1.2194647633115659e+17,feature=[6x_parameter_token_upper_bound_over_reference_target_candidate_and_adam_warmup_gradients];algorithm=[analytical_safe_tensor_arithmetic_by_solver_and_geometry],floating_point_operations;excludes_integer_indexing_sorting_rng_and_io,1867793520.0,analytical_safe_tensor_arithmetic_by_solver_and_geometry,505434231275520.0,3.75496045929431e+16,1.594960809240997e+17,1175190008135680.0,1533002995728384.0,True,transformers_floating_point_ops_with_6x_token_parameter_fallback;generation_uses_2x_parameter_token_upper_bound;final_generation_uses_2x_parameter_token_upper_bound,,,0.5338541666666666,"bbq,truthfulqa",0.0002,7.722428470701099,,,SAFE-(B_T),,11.94929285099109,False,,0.54296875,B_T,,0.10454075317382813,0.14282104843543825,42,,/workspace/safe-drift/outputs/setting_2_medqa_medmcqa_reference_coverage_gamma_v1/repeat_00/olmo7b_instruct/KR64_KT16/pct25.6/safe_reference_hard_constrained_precondadam_refB_T_gamma0.1_epsm0.5/training_runs/safe_low_rank_adam_reference_constrained_greedy_eta0.0002_metricFplusAlpha_swaps1_feastol1e-06_gamma0.1_epsm0.5_caln64_calseed42_pct25.6_seed42/summary.json,0.4296875,adamw,,1.5153157154515324,True,,0.18863146604222883,0.0,11.94929285099109,
,,10.624001225148598,True,,0.5511811023622047,,,0.0,1874263187226624.0,3.2461714170576896e+16,2x_parameter_count_x_(max_seq_length_plus_max_new_tokens)_x_examples_x_generation_samples,generation_evaluations;excludes_tokenization_scoring_and_bias_disentangle,0.0,1.2194647446336307e+17,6x_parameter_token_upper_bound_over_reference_target_candidate_and_adam_warmup_gradients,1.2194647633115659e+17,feature=[6x_parameter_token_upper_bound_over_reference_target_candidate_and_adam_warmup_gradients];algorithm=[analytical_safe_tensor_arithmetic_by_solver_and_geometry],floating_point_operations;excludes_integer_indexing_sorting_rng_and_io,1867793520.0,analytical_safe_tensor_arithmetic_by_solver_and_geometry,958080512409600.0,3.935634737600922e+16,1.6130282370716582e+17,1762785012203520.0,2299504493592576.0,True,transformers_floating_point_ops_with_6x_token_parameter_fallback;generation_uses_2x_parameter_token_upper_bound;final_generation_uses_2x_parameter_token_upper_bound,,,0.5416666666666666,"bbq,truthfulqa",0.0002,8.46817642280658,,,SAFE-(B_T),,12.878738686442375,False,,0.578125,B_T,,0.20908150634765627,0.571284193741753,42,,/workspace/safe-drift/outputs/setting_2_medqa_medmcqa_reference_coverage_gamma_v1/repeat_00/olmo7b_instruct/KR64_KT16/pct25.6/safe_reference_hard_constrained_precondadam_refB_T_gamma0.1_epsm1/training_runs/safe_low_rank_adam_reference_constrained_greedy_eta0.0002_metricFplusAlpha_swaps1_feastol1e-06_gamma0.1_epsm1_caln64_calseed42_pct25.6_seed42/summary.json,0.44921875,adamw,,1.9017893568287672,True,,0.16308079962336394,0.0,12.878738686442375,
,,11.794300081848785,True,,0.5551181102362205,,,0.0,1874263187226624.0,3.2461714170576896e+16,2x_parameter_count_x_(max_seq_length_plus_max_new_tokens)_x_examples_x_generation_samples,generation_evaluations;excludes_tokenization_scoring_and_bias_disentangle,0.0,1.2194647446336307e+17,6x_parameter_token_upper_bound_over_reference_target_candidate_and_adam_warmup_gradients,1.2194647633115659e+17,feature=[6x_parameter_token_upper_bound_over_reference_target_candidate_and_adam_warmup_gradients];algorithm=[analytical_safe_tensor_arithmetic_by_solver_and_geometry],floating_point_operations;excludes_integer_indexing_sorting_rng_and_io,1867793520.0,analytical_safe_tensor_arithmetic_by_solver_and_geometry,1981834222632960.0,4.232179259223245e+16,1.6426826892338906e+17,2937975020339200.0,3066005991456768.0,True,transformers_floating_point_ops_with_6x_token_parameter_fallback;generation_uses_2x_parameter_token_upper_bound;final_generation_uses_2x_parameter_token_upper_bound,,,0.5390625,"bbq,truthfulqa",0.0002,9.24368960497002,,,SAFE-(B_T),,13.79285159210364,False,,0.59375,B_T,,0.41816301269531253,2.285136774967012,42,,/workspace/safe-drift/outputs/setting_2_medqa_medmcqa_reference_coverage_gamma_v1/repeat_00/olmo7b_instruct/KR64_KT16/pct25.6/safe_reference_hard_constrained_precondadam_refB_T_gamma0.1_epsm2/training_runs/safe_low_rank_adam_reference_constrained_greedy_eta0.0002_metricFplusAlpha_swaps1_feastol1e-06_gamma0.1_epsm2_caln64_calseed42_pct25.6_seed42/summary.json,0.46875,adamw,,2.1439171409576376,True,,0.17104120353183083,0.0,13.79285159210364,
,,11.640869218220548,True,,0.5551181102362205,,,0.0,1874263187226624.0,3.2461714170576896e+16,2x_parameter_count_x_(max_seq_length_plus_max_new_tokens)_x_examples_x_generation_samples,generation_evaluations;excludes_tokenization_scoring_and_bias_disentangle,0.0,1.2194647446336307e+17,6x_parameter_token_upper_bound_over_reference_target_candidate_and_adam_warmup_gradients,1.2194647633115659e+17,feature=[6x_parameter_token_upper_bound_over_reference_target_candidate_and_adam_warmup_gradients];algorithm=[analytical_safe_tensor_arithmetic_by_solver_and_geometry],floating_point_operations;excludes_integer_indexing_sorting_rng_and_io,1867793520.0,analytical_safe_tensor_arithmetic_by_solver_and_geometry,2049003771789312.0,4.132866314149069e+16,1.632751394726473e+17,2644177518305280.0,2299504493592576.0,True,transformers_floating_point_ops_with_6x_token_parameter_fallback;generation_uses_2x_parameter_token_upper_bound;final_generation_uses_2x_parameter_token_upper_bound,,,0.5390625,"bbq,truthfulqa",0.0002,9.192859207242897,,,SAFE-(B_T),,13.707321770489216,False,,0.61328125,B_T,,0.10454075317382813,1.4282104843543824,42,,/workspace/safe-drift/outputs/setting_2_medqa_medmcqa_reference_coverage_gamma_v1/repeat_00/olmo7b_instruct/KR64_KT16/pct25.6/safe_reference_hard_constrained_precondadam_refB_T_gamma1_epsm0.5/training_runs/safe_low_rank_adam_reference_constrained_greedy_eta0.0002_metricFplusAlpha_swaps1_feastol1e-06_gamma1_epsm0.5_caln64_calseed42_pct25.6_seed42/summary.json,0.484375,adamw,,2.2303866330189264,True,,0.13731383033288697,0.0,13.707321770489216,
,,11.968696771957116,True,,0.5275590551181102,,,0.0,1874263187226624.0,3.2461714170576896e+16,2x_parameter_count_x_(max_seq_length_plus_max_new_tokens)_x_examples_x_generation_samples,generation_evaluations;excludes_tokenization_scoring_and_bias_disentangle,0.0,1.2194647446336307e+17,6x_parameter_token_upper_bound_over_reference_target_candidate_and_adam_warmup_gradients,1.2194647633115659e+17,feature=[6x_parameter_token_upper_bound_over_reference_target_candidate_and_adam_warmup_gradients];algorithm=[analytical_safe_tensor_arithmetic_by_solver_and_geometry],floating_point_operations;excludes_integer_indexing_sorting_rng_and_io,1867793520.0,analytical_safe_tensor_arithmetic_by_solver_and_geometry,3551839303532544.0,4.671488168523366e+16,1.6866135801639027e+17,4994557534576640.0,3832507489320960.0,True,transformers_floating_point_ops_with_6x_token_parameter_fallback;generation_uses_2x_parameter_token_upper_bound;final_generation_uses_2x_parameter_token_upper_bound,,,0.5364583333333334,"bbq,truthfulqa",0.0002,9.26508733337977,,,SAFE-(B_T),,13.699721445639929,False,,0.5390625,B_T,,0.20908150634765627,5.712841937417529,42,,/workspace/safe-drift/outputs/setting_2_medqa_medmcqa_reference_coverage_gamma_v1/repeat_00/olmo7b_instruct/KR64_KT16/pct25.6/safe_reference_hard_constrained_precondadam_refB_T_gamma1_epsm1/training_runs/safe_low_rank_adam_reference_constrained_greedy_eta0.0002_metricFplusAlpha_swaps1_feastol1e-06_gamma1_epsm1_caln64_calseed42_pct25.6_seed42/summary.json,0.421875,adamw,,2.1268437825422644,True,,0.1900952111364154,0.0,13.699721445639929,
,,11.905448205201958,True,,0.6377952755905512,,,0.0,1874263187226624.0,3.2461714170576896e+16,2x_parameter_count_x_(max_seq_length_plus_max_new_tokens)_x_examples_x_generation_samples,generation_evaluations;excludes_tokenization_scoring_and_bias_disentangle,0.0,1.2194647446336307e+17,6x_parameter_token_upper_bound_over_reference_target_candidate_and_adam_warmup_gradients,1.2194647633115659e+17,feature=[6x_parameter_token_upper_bound_over_reference_target_candidate_and_adam_warmup_gradients];algorithm=[analytical_safe_tensor_arithmetic_by_solver_and_geometry],floating_point_operations;excludes_integer_indexing_sorting_rng_and_io,1867793520.0,analytical_safe_tensor_arithmetic_by_solver_and_geometry,3476107299471360.0,4.663914968117248e+16,1.685856260123291e+17,4994557534576640.0,3832507489320960.0,True,transformers_floating_point_ops_with_6x_token_parameter_fallback;generation_uses_2x_parameter_token_upper_bound;final_generation_uses_2x_parameter_token_upper_bound,,,0.5338541666666666,"bbq,truthfulqa",0.0002,9.361040663056832,,,SAFE-(B_T),,14.012510843575,False,,0.58203125,B_T,,0.41816301269531253,22.851367749670118,42,,/workspace/safe-drift/outputs/setting_2_medqa_medmcqa_reference_coverage_gamma_v1/repeat_00/olmo7b_instruct/KR64_KT16/pct25.6/safe_reference_hard_constrained_precondadam_refB_T_gamma1_epsm2/training_runs/safe_low_rank_adam_reference_constrained_greedy_eta0.0002_metricFplusAlpha_swaps1_feastol1e-06_gamma1_epsm2_caln64_calseed42_pct25.6_seed42/summary.json,0.44921875,adamw,,2.1651629403935377,True,,0.16382825194347292,0.0,14.012510843575,
,,9.077723495603546,True,,0.5433070866141733,,,0.0,1874263187226624.0,3.2461714170576896e+16,2x_parameter_count_x_(max_seq_length_plus_max_new_tokens)_x_examples_x_generation_samples,generation_evaluations;excludes_tokenization_scoring_and_bias_disentangle,0.0,1.2194647446336307e+17,6x_parameter_token_upper_bound_over_reference_target_candidate_and_adam_warmup_gradients,1.2194647633115659e+17,feature=[6x_parameter_token_upper_bound_over_reference_target_candidate_and_adam_warmup_gradients];algorithm=[analytical_safe_tensor_arithmetic_by_solver_and_geometry],floating_point_operations;excludes_integer_indexing_sorting_rng_and_io,1867793520.0,analytical_safe_tensor_arithmetic_by_solver_and_geometry,266932453392384.0,3.701730531302605e+16,1.5896378164418266e+17,881392506101760.0,1533002995728384.0,True,transformers_floating_point_ops_with_6x_token_parameter_fallback;generation_uses_2x_parameter_token_upper_bound;final_generation_uses_2x_parameter_token_upper_bound,,,0.5390625,"bbq,truthfulqa",0.0002,7.2160224410620755,,,SAFE-(B_T),,11.35338701059421,False,,0.58203125,B_T,,0.10454075317382813,0.014282104843543824,42,,/workspace/safe-drift/outputs/setting_2_medqa_medmcqa_reference_coverage_gamma_v1/repeat_00/olmo7b_instruct/KR64_KT16/pct25.6/safe_reference_hard_constrained_precondadam_refT_K_gamma0.01_epsm0.5/training_runs/safe_low_rank_adam_reference_constrained_greedy_eta0.0002_metricFplusAlpha_swaps1_feastol1e-06_gamma0.01_epsm0.5_caln64_calseed42_pct25.6_seed42/summary.json,0.46875,adamw,,1.216956816988471,True,,0.22978339100520084,0.0,11.35338701059421,
,,9.767626351884656,True,,0.547244094488189,,,0.0,1874263187226624.0,3.2461714170576896e+16,2x_parameter_count_x_(max_seq_length_plus_max_new_tokens)_x_examples_x_generation_samples,generation_evaluations;excludes_tokenization_scoring_and_bias_disentangle,0.0,1.2194647446336307e+17,6x_parameter_token_upper_bound_over_reference_target_candidate_and_adam_warmup_gradients,1.2194647633115659e+17,feature=[6x_parameter_token_upper_bound_over_reference_target_candidate_and_adam_warmup_gradients];algorithm=[analytical_safe_tensor_arithmetic_by_solver_and_geometry],floating_point_operations;excludes_integer_indexing_sorting_rng_and_io,1867793520.0,analytical_safe_tensor_arithmetic_by_solver_and_geometry,440509209133056.0,3.748467957080064e+16,1.5943115590195725e+17,1175190008135680.0,1533002995728384.0,True,transformers_floating_point_ops_with_6x_token_parameter_fallback;generation_uses_2x_parameter_token_upper_bound;final_generation_uses_2x_parameter_token_upper_bound,,,0.5286458333333334,"bbq,truthfulqa",0.0002,7.765685859125504,,,SAFE-(B_T),,12.015184817214807,False,,0.58203125,B_T,,0.20908150634765627,0.057128419374175295,42,,/workspace/safe-drift/outputs/setting_2_medqa_medmcqa_reference_coverage_gamma_v1/repeat_00/olmo7b_instruct/KR64_KT16/pct25.6/safe_reference_hard_constrained_precondadam_refT_K_gamma0.01_epsm1/training_runs/safe_low_rank_adam_reference_constrained_greedy_eta0.0002_metricFplusAlpha_swaps1_feastol1e-06_gamma0.01_epsm1_caln64_calseed42_pct25.6_seed42/summary.json,0.43359375,adamw,,1.5142464082770453,True,,0.19320158118341937,0.0,12.015184817214807,
,,10.592526007824995,True,,0.515748031496063,,,0.0,1874263187226624.0,3.2461714170576896e+16,2x_parameter_count_x_(max_seq_length_plus_max_new_tokens)_x_examples_x_generation_samples,generation_evaluations;excludes_tokenization_scoring_and_bias_disentangle,0.0,1.2194647446336307e+17,6x_parameter_token_upper_bound_over_reference_target_candidate_and_adam_warmup_gradients,1.2194647633115659e+17,feature=[6x_parameter_token_upper_bound_over_reference_target_candidate_and_adam_warmup_gradients];algorithm=[analytical_safe_tensor_arithmetic_by_solver_and_geometry],floating_point_operations;excludes_integer_indexing_sorting_rng_and_io,1867793520.0,analytical_safe_tensor_arithmetic_by_solver_and_geometry,840450670755840.0,3.817841853445734e+16,1.6012489486561395e+17,1468987510169600.0,1533002995728384.0,True,transformers_floating_point_ops_with_6x_token_parameter_fallback;generation_uses_2x_parameter_token_upper_bound;final_generation_uses_2x_parameter_token_upper_bound,,,0.5390625,"bbq,truthfulqa",0.0002,8.343650322695334,,,SAFE-(B_T),,12.613574236631393,False,,0.5703125,B_T,,0.41816301269531253,0.22851367749670118,42,,/workspace/safe-drift/outputs/setting_2_medqa_medmcqa_reference_coverage_gamma_v1/repeat_00/olmo7b_instruct/KR64_KT16/pct25.6/safe_reference_hard_constrained_precondadam_refT_K_gamma0.01_epsm2/training_runs/safe_low_rank_adam_reference_constrained_greedy_eta0.0002_metricFplusAlpha_swaps1_feastol1e-06_gamma0.01_epsm2_caln64_calseed42_pct25.6_seed42/summary.json,0.41796875,adamw,,1.824850723629615,True,,0.17232174537216252,0.0,12.613574236631393,
,,9.702676845660672,True,,0.5118110236220472,,,0.0,1874263187226624.0,3.2461714170576896e+16,2x_parameter_count_x_(max_seq_length_plus_max_new_tokens)_x_examples_x_generation_samples,generation_evaluations;excludes_tokenization_scoring_and_bias_disentangle,0.0,1.2194647446336307e+17,6x_parameter_token_upper_bound_over_reference_target_candidate_and_adam_warmup_gradients,1.2194647633115659e+17,feature=[6x_parameter_token_upper_bound_over_reference_target_candidate_and_adam_warmup_gradients];algorithm=[analytical_safe_tensor_arithmetic_by_solver_and_geometry],floating_point_operations;excludes_integer_indexing_sorting_rng_and_io,1867793520.0,analytical_safe_tensor_arithmetic_by_solver_and_geometry,505434231275520.0,3.75496045929431e+16,1.594960809240997e+17,1175190008135680.0,1533002995728384.0,True,transformers_floating_point_ops_with_6x_token_parameter_fallback;generation_uses_2x_parameter_token_upper_bound;final_generation_uses_2x_parameter_token_upper_bound,,,0.5338541666666666,"bbq,truthfulqa",0.0002,7.722428470701099,,,SAFE-(B_T),,11.94929285099109,False,,0.54296875,B_T,,0.10454075317382813,0.14282104843543825,42,,/workspace/safe-drift/outputs/setting_2_medqa_medmcqa_reference_coverage_gamma_v1/repeat_00/olmo7b_instruct/KR64_KT16/pct25.6/safe_reference_hard_constrained_precondadam_refT_K_gamma0.1_epsm0.5/training_runs/safe_low_rank_adam_reference_constrained_greedy_eta0.0002_metricFplusAlpha_swaps1_feastol1e-06_gamma0.1_epsm0.5_caln64_calseed42_pct25.6_seed42/summary.json,0.4296875,adamw,,1.5153157154515324,True,,0.18863146604222883,0.0,11.94929285099109,
,,10.624001225148598,True,,0.5511811023622047,,,0.0,1874263187226624.0,3.2461714170576896e+16,2x_parameter_count_x_(max_seq_length_plus_max_new_tokens)_x_examples_x_generation_samples,generation_evaluations;excludes_tokenization_scoring_and_bias_disentangle,0.0,1.2194647446336307e+17,6x_parameter_token_upper_bound_over_reference_target_candidate_and_adam_warmup_gradients,1.2194647633115659e+17,feature=[6x_parameter_token_upper_bound_over_reference_target_candidate_and_adam_warmup_gradients];algorithm=[analytical_safe_tensor_arithmetic_by_solver_and_geometry],floating_point_operations;excludes_integer_indexing_sorting_rng_and_io,1867793520.0,analytical_safe_tensor_arithmetic_by_solver_and_geometry,958080512409600.0,3.935634737600922e+16,1.6130282370716582e+17,1762785012203520.0,2299504493592576.0,True,transformers_floating_point_ops_with_6x_token_parameter_fallback;generation_uses_2x_parameter_token_upper_bound;final_generation_uses_2x_parameter_token_upper_bound,,,0.5416666666666666,"bbq,truthfulqa",0.0002,8.46817642280658,,,SAFE-(B_T),,12.878738686442375,False,,0.578125,B_T,,0.20908150634765627,0.571284193741753,42,,/workspace/safe-drift/outputs/setting_2_medqa_medmcqa_reference_coverage_gamma_v1/repeat_00/olmo7b_instruct/KR64_KT16/pct25.6/safe_reference_hard_constrained_precondadam_refT_K_gamma0.1_epsm1/training_runs/safe_low_rank_adam_reference_constrained_greedy_eta0.0002_metricFplusAlpha_swaps1_feastol1e-06_gamma0.1_epsm1_caln64_calseed42_pct25.6_seed42/summary.json,0.44921875,adamw,,1.9017893568287672,True,,0.16308079962336394,0.0,12.878738686442375,
,,11.794300081848785,True,,0.5551181102362205,,,0.0,1874263187226624.0,3.2461714170576896e+16,2x_parameter_count_x_(max_seq_length_plus_max_new_tokens)_x_examples_x_generation_samples,generation_evaluations;excludes_tokenization_scoring_and_bias_disentangle,0.0,1.2194647446336307e+17,6x_parameter_token_upper_bound_over_reference_target_candidate_and_adam_warmup_gradients,1.2194647633115659e+17,feature=[6x_parameter_token_upper_bound_over_reference_target_candidate_and_adam_warmup_gradients];algorithm=[analytical_safe_tensor_arithmetic_by_solver_and_geometry],floating_point_operations;excludes_integer_indexing_sorting_rng_and_io,1867793520.0,analytical_safe_tensor_arithmetic_by_solver_and_geometry,1981834222632960.0,4.232179259223245e+16,1.6426826892338906e+17,2937975020339200.0,3066005991456768.0,True,transformers_floating_point_ops_with_6x_token_parameter_fallback;generation_uses_2x_parameter_token_upper_bound;final_generation_uses_2x_parameter_token_upper_bound,,,0.5390625,"bbq,truthfulqa",0.0002,9.24368960497002,,,SAFE-(B_T),,13.79285159210364,False,,0.59375,B_T,,0.41816301269531253,2.285136774967012,42,,/workspace/safe-drift/outputs/setting_2_medqa_medmcqa_reference_coverage_gamma_v1/repeat_00/olmo7b_instruct/KR64_KT16/pct25.6/safe_reference_hard_constrained_precondadam_refT_K_gamma0.1_epsm2/training_runs/safe_low_rank_adam_reference_constrained_greedy_eta0.0002_metricFplusAlpha_swaps1_feastol1e-06_gamma0.1_epsm2_caln64_calseed42_pct25.6_seed42/summary.json,0.46875,adamw,,2.1439171409576376,True,,0.17104120353183083,0.0,13.79285159210364,
,,11.640869218220548,True,,0.5551181102362205,,,0.0,1874263187226624.0,3.2461714170576896e+16,2x_parameter_count_x_(max_seq_length_plus_max_new_tokens)_x_examples_x_generation_samples,generation_evaluations;excludes_tokenization_scoring_and_bias_disentangle,0.0,1.2194647446336307e+17,6x_parameter_token_upper_bound_over_reference_target_candidate_and_adam_warmup_gradients,1.2194647633115659e+17,feature=[6x_parameter_token_upper_bound_over_reference_target_candidate_and_adam_warmup_gradients];algorithm=[analytical_safe_tensor_arithmetic_by_solver_and_geometry],floating_point_operations;excludes_integer_indexing_sorting_rng_and_io,1867793520.0,analytical_safe_tensor_arithmetic_by_solver_and_geometry,2049003771789312.0,4.132866314149069e+16,1.632751394726473e+17,2644177518305280.0,2299504493592576.0,True,transformers_floating_point_ops_with_6x_token_parameter_fallback;generation_uses_2x_parameter_token_upper_bound;final_generation_uses_2x_parameter_token_upper_bound,,,0.5390625,"bbq,truthfulqa",0.0002,9.192859207242897,,,SAFE-(B_T),,13.707321770489216,False,,0.61328125,B_T,,0.10454075317382813,1.4282104843543824,42,,/workspace/safe-drift/outputs/setting_2_medqa_medmcqa_reference_coverage_gamma_v1/repeat_00/olmo7b_instruct/KR64_KT16/pct25.6/safe_reference_hard_constrained_precondadam_refT_K_gamma1_epsm0.5/training_runs/safe_low_rank_adam_reference_constrained_greedy_eta0.0002_metricFplusAlpha_swaps1_feastol1e-06_gamma1_epsm0.5_caln64_calseed42_pct25.6_seed42/summary.json,0.484375,adamw,,2.2303866330189264,True,,0.13731383033288697,0.0,13.707321770489216,
,,11.968696771957116,True,,0.5275590551181102,,,0.0,1874263187226624.0,3.2461714170576896e+16,2x_parameter_count_x_(max_seq_length_plus_max_new_tokens)_x_examples_x_generation_samples,generation_evaluations;excludes_tokenization_scoring_and_bias_disentangle,0.0,1.2194647446336307e+17,6x_parameter_token_upper_bound_over_reference_target_candidate_and_adam_warmup_gradients,1.2194647633115659e+17,feature=[6x_parameter_token_upper_bound_over_reference_target_candidate_and_adam_warmup_gradients];algorithm=[analytical_safe_tensor_arithmetic_by_solver_and_geometry],floating_point_operations;excludes_integer_indexing_sorting_rng_and_io,1867793520.0,analytical_safe_tensor_arithmetic_by_solver_and_geometry,3551839303532544.0,4.671488168523366e+16,1.6866135801639027e+17,4994557534576640.0,3832507489320960.0,True,transformers_floating_point_ops_with_6x_token_parameter_fallback;generation_uses_2x_parameter_token_upper_bound;final_generation_uses_2x_parameter_token_upper_bound,,,0.5364583333333334,"bbq,truthfulqa",0.0002,9.26508733337977,,,SAFE-(B_T),,13.699721445639929,False,,0.5390625,B_T,,0.20908150634765627,5.712841937417529,42,,/workspace/safe-drift/outputs/setting_2_medqa_medmcqa_reference_coverage_gamma_v1/repeat_00/olmo7b_instruct/KR64_KT16/pct25.6/safe_reference_hard_constrained_precondadam_refT_K_gamma1_epsm1/training_runs/safe_low_rank_adam_reference_constrained_greedy_eta0.0002_metricFplusAlpha_swaps1_feastol1e-06_gamma1_epsm1_caln64_calseed42_pct25.6_seed42/summary.json,0.421875,adamw,,2.1268437825422644,True,,0.1900952111364154,0.0,13.699721445639929,
,,11.905448205201958,True,,0.6377952755905512,,,0.0,1874263187226624.0,3.2461714170576896e+16,2x_parameter_count_x_(max_seq_length_plus_max_new_tokens)_x_examples_x_generation_samples,generation_evaluations;excludes_tokenization_scoring_and_bias_disentangle,0.0,1.2194647446336307e+17,6x_parameter_token_upper_bound_over_reference_target_candidate_and_adam_warmup_gradients,1.2194647633115659e+17,feature=[6x_parameter_token_upper_bound_over_reference_target_candidate_and_adam_warmup_gradients];algorithm=[analytical_safe_tensor_arithmetic_by_solver_and_geometry],floating_point_operations;excludes_integer_indexing_sorting_rng_and_io,1867793520.0,analytical_safe_tensor_arithmetic_by_solver_and_geometry,3476107299471360.0,4.663914968117248e+16,1.685856260123291e+17,4994557534576640.0,3832507489320960.0,True,transformers_floating_point_ops_with_6x_token_parameter_fallback;generation_uses_2x_parameter_token_upper_bound;final_generation_uses_2x_parameter_token_upper_bound,,,0.5338541666666666,"bbq,truthfulqa",0.0002,9.361040663056832,,,SAFE-(B_T),,14.012510843575,False,,0.58203125,B_T,,0.41816301269531253,22.851367749670118,42,,/workspace/safe-drift/outputs/setting_2_medqa_medmcqa_reference_coverage_gamma_v1/repeat_00/olmo7b_instruct/KR64_KT16/pct25.6/safe_reference_hard_constrained_precondadam_refT_K_gamma1_epsm2/training_runs/safe_low_rank_adam_reference_constrained_greedy_eta0.0002_metricFplusAlpha_swaps1_feastol1e-06_gamma1_epsm2_caln64_calseed42_pct25.6_seed42/summary.json,0.44921875,adamw,,2.1651629403935377,True,,0.16382825194347292,0.0,14.012510843575,
,,12.128660307155819,True,,0.35826771653543305,,,,1874263187226624.0,,,,0.0,,,1.1295337162683187e+17,6x_parameter_token_upper_bound_over_reference_target_candidate_and_adam_warmup_gradients,,,,3145413652758528.0,1.3846741863882752e+16,1.2680011349071462e+17,4994557534576640.0,3832507489320960.0,True,transformers_floating_point_ops_with_6x_token_parameter_fallback;generation_uses_2x_parameter_token_upper_bound,,,0.5494791666666666,"bbq,mmlu_non_medical",,9.494418513738994,,,SAFE-(B_K),,14.111951005955538,True,,0.5,B_K,,0.0021359737396240237,9.847034148103791e-06,42,,/workspace/safe-drift/outputs/setting_2_medqa_medmcqa_reference_coverage_gamma_v1/repeat_00/olmo7b_instruct/KR64_KT16/pct25.6/safe_reference_precondsgd_refB_K_gamma0.01_epsm0.5/training_runs/safe_low_rank_sgd_reference_greedy_marginal_eta0.0002_metricFplusAlpha_gamma0.01_epsm0.5_caln64_calseed42_pct25.6_seed42/summary.json,0.3984375,adamw,,2.2426442281056276,False,,0.13560031488602609,,14.111951005955538,
,,12.10570139647156,True,,0.452755905511811,,,,1874263187226624.0,,,,0.0,,,1.1295337162683187e+17,6x_parameter_token_upper_bound_over_reference_target_candidate_and_adam_warmup_gradients,,,,3110665049358336.0,1.381199326048256e+16,1.2676536488731443e+17,4994557534576640.0,3832507489320960.0,True,transformers_floating_point_ops_with_6x_token_parameter_fallback;generation_uses_2x_parameter_token_upper_bound,,,0.5546875,"bbq,truthfulqa",,9.58707246360647,,,SAFE-(B_T),,14.227448150515556,False,,0.55859375,B_T,,0.004283789634704591,2.6245932074738613e-05,42,,/workspace/safe-drift/outputs/setting_2_medqa_medmcqa_reference_coverage_gamma_v1/repeat_00/olmo7b_instruct/KR64_KT16/pct25.6/safe_reference_precondsgd_refB_K_gamma0.01_epsm1/training_runs/safe_low_rank_sgd_reference_greedy_marginal_eta0.0002_metricFplusAlpha_gamma0.01_epsm1_caln64_calseed42_pct25.6_seed42/summary.json,0.41015625,adamw,,2.428067843832293,True,,0.12674011022253115,,14.227448150515556,
,,11.353537662135647,True,,0.46062992125984253,,,,1874263187226624.0,,,,0.0,,,1.1295337162683187e+17,6x_parameter_token_upper_bound_over_reference_target_candidate_and_adam_warmup_gradients,,,,3163452999499776.0,1.3864781210624e+16,1.2681815283745587e+17,4994557534576640.0,3832507489320960.0,True,transformers_floating_point_ops_with_6x_token_parameter_fallback;generation_uses_2x_parameter_token_upper_bound,,,0.5494791666666666,"bbq,truthfulqa",,8.973595836317973,,,SAFE-(B_T),,13.413802745441595,False,,0.57421875,B_T,,0.008567579269409181,0.00010498372829895445,42,,/workspace/safe-drift/outputs/setting_2_medqa_medmcqa_reference_coverage_gamma_v1/repeat_00/olmo7b_instruct/KR64_KT16/pct25.6/safe_reference_precondsgd_refB_K_gamma0.01_epsm2/training_runs/safe_low_rank_sgd_reference_greedy_marginal_eta0.0002_metricFplusAlpha_gamma0.01_epsm2_caln64_calseed42_pct25.6_seed42/summary.json,0.43359375,adamw,,2.1534471013766763,True,,0.145027835826,,13.413802745441595,
,,11.569885446643578,True,,0.484251968503937,,,,1874263187226624.0,,,,0.0,,,1.1295337162683187e+17,6x_parameter_token_upper_bound_over_reference_target_candidate_and_adam_warmup_gradients,,,,3300369147346944.0,1.4001697358471168e+16,1.2695506898530304e+17,4994557534576640.0,3832507489320960.0,True,transformers_floating_point_ops_with_6x_token_parameter_fallback;generation_uses_2x_parameter_token_upper_bound,,,0.5494791666666666,"bbq,truthfulqa",,9.2394949038387,,,SAFE-(B_T),,13.861498611668745,False,,0.578125,B_T,,0.0021418948173522953,6.561483018684653e-05,42,,/workspace/safe-drift/outputs/setting_2_medqa_medmcqa_reference_coverage_gamma_v1/repeat_00/olmo7b_instruct/KR64_KT16/pct25.6/safe_reference_precondsgd_refB_K_gamma0.1_epsm0.5/training_runs/safe_low_rank_sgd_reference_greedy_marginal_eta0.0002_metricFplusAlpha_gamma0.1_epsm0.5_caln64_calseed42_pct25.6_seed42/summary.json,0.4453125,adamw,,2.2871006532037765,True,,0.13267776695762695,,13.861498611668745,
,,10.869015075403249,True,,0.5433070866141733,,,,1874263187226624.0,,,,0.0,,,1.1295337162683187e+17,6x_parameter_token_upper_bound_over_reference_target_candidate_and_adam_warmup_gradients,,,,3406277570150400.0,1.4107605781274624e+16,1.270609774081065e+17,4994557534576640.0,3832507489320960.0,True,transformers_floating_point_ops_with_6x_token_parameter_fallback;generation_uses_2x_parameter_token_upper_bound,,,0.5520833333333334,"bbq,truthfulqa",,8.750374070215697,,,SAFE-(B_T),,13.084902554750443,False,,0.59375,B_T,,0.004283789634704591,0.0002624593207473861,42,,/workspace/safe-drift/outputs/setting_2_medqa_medmcqa_reference_coverage_gamma_v1/repeat_00/olmo7b_instruct/KR64_KT16/pct25.6/safe_reference_precondsgd_refB_K_gamma0.1_epsm1/training_runs/safe_low_rank_sgd_reference_greedy_marginal_eta0.0002_metricFplusAlpha_gamma0.1_epsm1_caln64_calseed42_pct25.6_seed42/summary.json,0.44921875,adamw,,2.2972045804934025,True,,0.14168007067379917,,13.084902554750443,
,,11.420466931160353,True,,0.5196850393700787,,,,1874263187226624.0,,,,0.0,,,1.1295337162683187e+17,6x_parameter_token_upper_bound_over_reference_target_candidate_and_adam_warmup_gradients,,,,3449339236564992.0,1.4150667447689216e+16,1.2710403907452109e+17,4994557534576640.0,3832507489320960.0,True,transformers_floating_point_ops_with_6x_token_parameter_fallback;generation_uses_2x_parameter_token_upper_bound,,,0.5442708333333334,"bbq,truthfulqa",,9.019843187353745,,,SAFE-(B_T),,13.473208534220854,False,,0.6015625,B_T,,0.008567579269409181,0.0010498372829895444,42,,/workspace/safe-drift/outputs/setting_2_medqa_medmcqa_reference_coverage_gamma_v1/repeat_00/olmo7b_instruct/KR64_KT16/pct25.6/safe_reference_precondsgd_refB_K_gamma0.1_epsm2/training_runs/safe_low_rank_sgd_reference_greedy_marginal_eta0.0002_metricFplusAlpha_gamma0.1_epsm2_caln64_calseed42_pct25.6_seed42/summary.json,0.46484375,adamw,,2.1658540966800297,True,,0.15745320202115126,,13.473208534220854,
,,11.731749877529195,True,,0.5196850393700787,,,,1874263187226624.0,,,,0.0,,,1.1295337162683187e+17,6x_parameter_token_upper_bound_over_reference_target_candidate_and_adam_warmup_gradients,,,,3640955339046912.0,1.4342283550171136e+16,1.27295655177003e+17,4994557534576640.0,3832507489320960.0,True,transformers_floating_point_ops_with_6x_token_parameter_fallback;generation_uses_2x_parameter_token_upper_bound,,,0.5520833333333334,"bbq,truthfulqa",,9.204795583175915,,,SAFE-(B_T),,13.608310749133429,False,,0.59765625,B_T,,0.0021584694862365724,0.0006726727522415848,42,,/workspace/safe-drift/outputs/setting_2_medqa_medmcqa_reference_coverage_gamma_v1/repeat_00/olmo7b_instruct/KR64_KT16/pct25.6/safe_reference_precondsgd_refB_K_gamma1_epsm0.5/training_runs/safe_low_rank_sgd_reference_greedy_marginal_eta0.0002_metricFplusAlpha_gamma1_epsm0.5_caln64_calseed42_pct25.6_seed42/summary.json,0.46484375,adamw,,2.2743261228651237,True,,0.14951490639931536,,13.608310749133429,
,,12.379393081965409,True,,0.5393700787401575,,,,1874263187226624.0,,,,0.0,,,1.1295337162683187e+17,6x_parameter_token_upper_bound_over_reference_target_candidate_and_adam_warmup_gradients,,,,3667307748802560.0,1.4368635959926784e+16,1.2732200758675866e+17,4994557534576640.0,3832507489320960.0,True,transformers_floating_point_ops_with_6x_token_parameter_fallback;generation_uses_2x_parameter_token_upper_bound,,,0.5390625,"bbq,truthfulqa",,9.695190293921415,,,SAFE-(B_T),,14.357789049545923,False,,0.625,B_T,,0.004283789634704591,0.002624593207473861,42,,/workspace/safe-drift/outputs/setting_2_medqa_medmcqa_reference_coverage_gamma_v1/repeat_00/olmo7b_instruct/KR64_KT16/pct25.6/safe_reference_precondsgd_refB_K_gamma1_epsm1/training_runs/safe_low_rank_sgd_reference_greedy_marginal_eta0.0002_metricFplusAlpha_gamma1_epsm1_caln64_calseed42_pct25.6_seed42/summary.json,0.47265625,adamw,,2.3483887502529117,True,,0.15601020675018543,,14.357789049545923,
,,11.843990621291434,True,,0.6456692913385826,,,,1874263187226624.0,,,,0.0,,,1.1295337162683187e+17,6x_parameter_token_upper_bound_over_reference_target_candidate_and_adam_warmup_gradients,,,,3422571173658624.0,1.4123899384782848e+16,1.2707727101161472e+17,4994557534576640.0,3832507489320960.0,True,transformers_floating_point_ops_with_6x_token_parameter_fallback;generation_uses_2x_parameter_token_upper_bound,,,0.5416666666666666,"bbq,truthfulqa",,9.282211003218464,,,SAFE-(B_T),,13.870564542710781,False,,0.578125,B_T,,0.008567579269409181,0.010498372829895445,42,,/workspace/safe-drift/outputs/setting_2_medqa_medmcqa_reference_coverage_gamma_v1/repeat_00/olmo7b_instruct/KR64_KT16/pct25.6/safe_reference_precondsgd_refB_K_gamma1_epsm2/training_runs/safe_low_rank_sgd_reference_greedy_marginal_eta0.0002_metricFplusAlpha_gamma1_epsm2_caln64_calseed42_pct25.6_seed42/summary.json,0.4609375,adamw,,2.1320778456531784,True,,0.16607826226981207,,13.870564542710781,
,,12.128660307155819,True,,0.35826771653543305,,,,1874263187226624.0,,,,0.0,,,1.1295337162683187e+17,6x_parameter_token_upper_bound_over_reference_target_candidate_and_adam_warmup_gradients,,,,3145413652758528.0,1.3846741863882752e+16,1.2680011349071462e+17,4994557534576640.0,3832507489320960.0,True,transformers_floating_point_ops_with_6x_token_parameter_fallback;generation_uses_2x_parameter_token_upper_bound,,,0.5494791666666666,"bbq,mmlu_non_medical",,9.494418513738994,,,SAFE-(B_K),,14.111951005955538,True,,0.5,B_K,,0.0021359737396240237,9.847034148103791e-06,42,,/workspace/safe-drift/outputs/setting_2_medqa_medmcqa_reference_coverage_gamma_v1/repeat_00/olmo7b_instruct/KR64_KT16/pct25.6/safe_reference_precondsgd_refB_T_K_gamma0.01_epsm0.5/training_runs/safe_low_rank_sgd_reference_greedy_marginal_eta0.0002_metricFplusAlpha_gamma0.01_epsm0.5_caln64_calseed42_pct25.6_seed42/summary.json,0.3984375,adamw,,2.2426442281056276,False,,0.13560031488602609,,14.111951005955538,
,,12.10570139647156,True,,0.452755905511811,,,,1874263187226624.0,,,,0.0,,,1.1295337162683187e+17,6x_parameter_token_upper_bound_over_reference_target_candidate_and_adam_warmup_gradients,,,,3110665049358336.0,1.381199326048256e+16,1.2676536488731443e+17,4994557534576640.0,3832507489320960.0,True,transformers_floating_point_ops_with_6x_token_parameter_fallback;generation_uses_2x_parameter_token_upper_bound,,,0.5546875,"bbq,truthfulqa",,9.58707246360647,,,SAFE-(B_T),,14.227448150515556,False,,0.55859375,B_T,,0.004283789634704591,2.6245932074738613e-05,42,,/workspace/safe-drift/outputs/setting_2_medqa_medmcqa_reference_coverage_gamma_v1/repeat_00/olmo7b_instruct/KR64_KT16/pct25.6/safe_reference_precondsgd_refB_T_K_gamma0.01_epsm1/training_runs/safe_low_rank_sgd_reference_greedy_marginal_eta0.0002_metricFplusAlpha_gamma0.01_epsm1_caln64_calseed42_pct25.6_seed42/summary.json,0.41015625,adamw,,2.428067843832293,True,,0.12674011022253115,,14.227448150515556,
,,11.353537662135647,True,,0.46062992125984253,,,,1874263187226624.0,,,,0.0,,,1.1295337162683187e+17,6x_parameter_token_upper_bound_over_reference_target_candidate_and_adam_warmup_gradients,,,,3163452999499776.0,1.3864781210624e+16,1.2681815283745587e+17,4994557534576640.0,3832507489320960.0,True,transformers_floating_point_ops_with_6x_token_parameter_fallback;generation_uses_2x_parameter_token_upper_bound,,,0.5494791666666666,"bbq,truthfulqa",,8.973595836317973,,,SAFE-(B_T),,13.413802745441595,False,,0.57421875,B_T,,0.008567579269409181,0.00010498372829895445,42,,/workspace/safe-drift/outputs/setting_2_medqa_medmcqa_reference_coverage_gamma_v1/repeat_00/olmo7b_instruct/KR64_KT16/pct25.6/safe_reference_precondsgd_refB_T_K_gamma0.01_epsm2/training_runs/safe_low_rank_sgd_reference_greedy_marginal_eta0.0002_metricFplusAlpha_gamma0.01_epsm2_caln64_calseed42_pct25.6_seed42/summary.json,0.43359375,adamw,,2.1534471013766763,True,,0.145027835826,,13.413802745441595,
,,11.569885446643578,True,,0.484251968503937,,,,1874263187226624.0,,,,0.0,,,1.1295337162683187e+17,6x_parameter_token_upper_bound_over_reference_target_candidate_and_adam_warmup_gradients,,,,3300369147346944.0,1.4001697358471168e+16,1.2695506898530304e+17,4994557534576640.0,3832507489320960.0,True,transformers_floating_point_ops_with_6x_token_parameter_fallback;generation_uses_2x_parameter_token_upper_bound,,,0.5494791666666666,"bbq,truthfulqa",,9.2394949038387,,,SAFE-(B_T),,13.861498611668745,False,,0.578125,B_T,,0.0021418948173522953,6.561483018684653e-05,42,,/workspace/safe-drift/outputs/setting_2_medqa_medmcqa_reference_coverage_gamma_v1/repeat_00/olmo7b_instruct/KR64_KT16/pct25.6/safe_reference_precondsgd_refB_T_K_gamma0.1_epsm0.5/training_runs/safe_low_rank_sgd_reference_greedy_marginal_eta0.0002_metricFplusAlpha_gamma0.1_epsm0.5_caln64_calseed42_pct25.6_seed42/summary.json,0.4453125,adamw,,2.2871006532037765,True,,0.13267776695762695,,13.861498611668745,
,,10.869015075403249,True,,0.5433070866141733,,,,1874263187226624.0,,,,0.0,,,1.1295337162683187e+17,6x_parameter_token_upper_bound_over_reference_target_candidate_and_adam_warmup_gradients,,,,3406277570150400.0,1.4107605781274624e+16,1.270609774081065e+17,4994557534576640.0,3832507489320960.0,True,transformers_floating_point_ops_with_6x_token_parameter_fallback;generation_uses_2x_parameter_token_upper_bound,,,0.5520833333333334,"bbq,truthfulqa",,8.750374070215697,,,SAFE-(B_T),,13.084902554750443,False,,0.59375,B_T,,0.004283789634704591,0.0002624593207473861,42,,/workspace/safe-drift/outputs/setting_2_medqa_medmcqa_reference_coverage_gamma_v1/repeat_00/olmo7b_instruct/KR64_KT16/pct25.6/safe_reference_precondsgd_refB_T_K_gamma0.1_epsm1/training_runs/safe_low_rank_sgd_reference_greedy_marginal_eta0.0002_metricFplusAlpha_gamma0.1_epsm1_caln64_calseed42_pct25.6_seed42/summary.json,0.44921875,adamw,,2.2972045804934025,True,,0.14168007067379917,,13.084902554750443,
,,11.420466931160353,True,,0.5196850393700787,,,,1874263187226624.0,,,,0.0,,,1.1295337162683187e+17,6x_parameter_token_upper_bound_over_reference_target_candidate_and_adam_warmup_gradients,,,,3449339236564992.0,1.4150667447689216e+16,1.2710403907452109e+17,4994557534576640.0,3832507489320960.0,True,transformers_floating_point_ops_with_6x_token_parameter_fallback;generation_uses_2x_parameter_token_upper_bound,,,0.5442708333333334,"bbq,truthfulqa",,9.019843187353745,,,SAFE-(B_T),,13.473208534220854,False,,0.6015625,B_T,,0.008567579269409181,0.0010498372829895444,42,,/workspace/safe-drift/outputs/setting_2_medqa_medmcqa_reference_coverage_gamma_v1/repeat_00/olmo7b_instruct/KR64_KT16/pct25.6/safe_reference_precondsgd_refB_T_K_gamma0.1_epsm2/training_runs/safe_low_rank_sgd_reference_greedy_marginal_eta0.0002_metricFplusAlpha_gamma0.1_epsm2_caln64_calseed42_pct25.6_seed42/summary.json,0.46484375,adamw,,2.1658540966800297,True,,0.15745320202115126,,13.473208534220854,
,,11.731749877529195,True,,0.5196850393700787,,,,1874263187226624.0,,,,0.0,,,1.1295337162683187e+17,6x_parameter_token_upper_bound_over_reference_target_candidate_and_adam_warmup_gradients,,,,3640955339046912.0,1.4342283550171136e+16,1.27295655177003e+17,4994557534576640.0,3832507489320960.0,True,transformers_floating_point_ops_with_6x_token_parameter_fallback;generation_uses_2x_parameter_token_upper_bound,,,0.5520833333333334,"bbq,truthfulqa",,9.204795583175915,,,SAFE-(B_T),,13.608310749133429,False,,0.59765625,B_T,,0.0021584694862365724,0.0006726727522415848,42,,/workspace/safe-drift/outputs/setting_2_medqa_medmcqa_reference_coverage_gamma_v1/repeat_00/olmo7b_instruct/KR64_KT16/pct25.6/safe_reference_precondsgd_refB_T_K_gamma1_epsm0.5/training_runs/safe_low_rank_sgd_reference_greedy_marginal_eta0.0002_metricFplusAlpha_gamma1_epsm0.5_caln64_calseed42_pct25.6_seed42/summary.json,0.46484375,adamw,,2.2743261228651237,True,,0.14951490639931536,,13.608310749133429,
,,12.379393081965409,True,,0.5393700787401575,,,,1874263187226624.0,,,,0.0,,,1.1295337162683187e+17,6x_parameter_token_upper_bound_over_reference_target_candidate_and_adam_warmup_gradients,,,,3667307748802560.0,1.4368635959926784e+16,1.2732200758675866e+17,4994557534576640.0,3832507489320960.0,True,transformers_floating_point_ops_with_6x_token_parameter_fallback;generation_uses_2x_parameter_token_upper_bound,,,0.5390625,"bbq,truthfulqa",,9.695190293921415,,,SAFE-(B_T),,14.357789049545923,False,,0.625,B_T,,0.004283789634704591,0.002624593207473861,42,,/workspace/safe-drift/outputs/setting_2_medqa_medmcqa_reference_coverage_gamma_v1/repeat_00/olmo7b_instruct/KR64_KT16/pct25.6/safe_reference_precondsgd_refB_T_K_gamma1_epsm1/training_runs/safe_low_rank_sgd_reference_greedy_marginal_eta0.0002_metricFplusAlpha_gamma1_epsm1_caln64_calseed42_pct25.6_seed42/summary.json,0.47265625,adamw,,2.3483887502529117,True,,0.15601020675018543,,14.357789049545923,
,,11.843990621291434,True,,0.6456692913385826,,,,1874263187226624.0,,,,0.0,,,1.1295337162683187e+17,6x_parameter_token_upper_bound_over_reference_target_candidate_and_adam_warmup_gradients,,,,3422571173658624.0,1.4123899384782848e+16,1.2707727101161472e+17,4994557534576640.0,3832507489320960.0,True,transformers_floating_point_ops_with_6x_token_parameter_fallback;generation_uses_2x_parameter_token_upper_bound,,,0.5416666666666666,"bbq,truthfulqa",,9.282211003218464,,,SAFE-(B_T),,13.870564542710781,False,,0.578125,B_T,,0.008567579269409181,0.010498372829895445,42,,/workspace/safe-drift/outputs/setting_2_medqa_medmcqa_reference_coverage_gamma_v1/repeat_00/olmo7b_instruct/KR64_KT16/pct25.6/safe_reference_precondsgd_refB_T_K_gamma1_epsm2/training_runs/safe_low_rank_sgd_reference_greedy_marginal_eta0.0002_metricFplusAlpha_gamma1_epsm2_caln64_calseed42_pct25.6_seed42/summary.json,0.4609375,adamw,,2.1320778456531784,True,,0.16607826226981207,,13.870564542710781,
,,11.281318952405234,True,,0.4566929133858268,,,,1874263187226624.0,,,,0.0,,,1.1295337162683187e+17,6x_parameter_token_upper_bound_over_reference_target_candidate_and_adam_warmup_gradients,,,,3086972819767296.0,1.378830103089152e+16,1.267416726577234e+17,4994557534576640.0,3832507489320960.0,True,transformers_floating_point_ops_with_6x_token_parameter_fallback;generation_uses_2x_parameter_token_upper_bound,,,0.5494791666666666,"bbq,truthfulqa",,8.983993101686965,,,SAFE-(B_T),,13.421603615085283,False,,0.55078125,B_T,,0.0021487361907958982,6.800055289743834e-06,42,,/workspace/safe-drift/outputs/setting_2_medqa_medmcqa_reference_coverage_gamma_v1/repeat_00/olmo7b_instruct/KR64_KT16/pct25.6/safe_reference_precondsgd_refB_T_gamma0.01_epsm0.5/training_runs/safe_low_rank_sgd_reference_greedy_marginal_eta0.0002_metricFplusAlpha_gamma0.01_epsm0.5_caln64_calseed42_pct25.6_seed42/summary.json,0.44140625,adamw,,2.249056737570379,True,,0.12407980732433983,,13.421603615085283,
,,12.10570139647156,True,,0.452755905511811,,,,1874263187226624.0,,,,0.0,,,1.1295337162683187e+17,6x_parameter_token_upper_bound_over_reference_target_candidate_and_adam_warmup_gradients,,,,3110665049358336.0,1.381199326048256e+16,1.2676536488731443e+17,4994557534576640.0,3832507489320960.0,True,transformers_floating_point_ops_with_6x_token_parameter_fallback;generation_uses_2x_parameter_token_upper_bound,,,0.5546875,"bbq,truthfulqa",,9.58707246360647,,,SAFE-(B_T),,14.227448150515556,False,,0.55859375,B_T,,0.004283789634704591,2.6245932074738613e-05,42,,/workspace/safe-drift/outputs/setting_2_medqa_medmcqa_reference_coverage_gamma_v1/repeat_00/olmo7b_instruct/KR64_KT16/pct25.6/safe_reference_precondsgd_refB_T_gamma0.01_epsm1/training_runs/safe_low_rank_sgd_reference_greedy_marginal_eta0.0002_metricFplusAlpha_gamma0.01_epsm1_caln64_calseed42_pct25.6_seed42/summary.json,0.41015625,adamw,,2.428067843832293,True,,0.12674011022253115,,14.227448150515556,
,,11.353537662135647,True,,0.46062992125984253,,,,1874263187226624.0,,,,0.0,,,1.1295337162683187e+17,6x_parameter_token_upper_bound_over_reference_target_candidate_and_adam_warmup_gradients,,,,3163452999499776.0,1.3864781210624e+16,1.2681815283745587e+17,4994557534576640.0,3832507489320960.0,True,transformers_floating_point_ops_with_6x_token_parameter_fallback;generation_uses_2x_parameter_token_upper_bound,,,0.5494791666666666,"bbq,truthfulqa",,8.973595836317973,,,SAFE-(B_T),,13.413802745441595,False,,0.57421875,B_T,,0.008567579269409181,0.00010498372829895445,42,,/workspace/safe-drift/outputs/setting_2_medqa_medmcqa_reference_coverage_gamma_v1/repeat_00/olmo7b_instruct/KR64_KT16/pct25.6/safe_reference_precondsgd_refB_T_gamma0.01_epsm2/training_runs/safe_low_rank_sgd_reference_greedy_marginal_eta0.0002_metricFplusAlpha_gamma0.01_epsm2_caln64_calseed42_pct25.6_seed42/summary.json,0.43359375,adamw,,2.1534471013766763,True,,0.145027835826,,13.413802745441595,
,,11.569885446643578,True,,0.484251968503937,,,,1874263187226624.0,,,,0.0,,,1.1295337162683187e+17,6x_parameter_token_upper_bound_over_reference_target_candidate_and_adam_warmup_gradients,,,,3300369147346944.0,1.4001697358471168e+16,1.2695506898530304e+17,4994557534576640.0,3832507489320960.0,True,transformers_floating_point_ops_with_6x_token_parameter_fallback;generation_uses_2x_parameter_token_upper_bound,,,0.5494791666666666,"bbq,truthfulqa",,9.2394949038387,,,SAFE-(B_T),,13.861498611668745,False,,0.578125,B_T,,0.0021418948173522953,6.561483018684653e-05,42,,/workspace/safe-drift/outputs/setting_2_medqa_medmcqa_reference_coverage_gamma_v1/repeat_00/olmo7b_instruct/KR64_KT16/pct25.6/safe_reference_precondsgd_refB_T_gamma0.1_epsm0.5/training_runs/safe_low_rank_sgd_reference_greedy_marginal_eta0.0002_metricFplusAlpha_gamma0.1_epsm0.5_caln64_calseed42_pct25.6_seed42/summary.json,0.4453125,adamw,,2.2871006532037765,True,,0.13267776695762695,,13.861498611668745,
,,10.869015075403249,True,,0.5433070866141733,,,,1874263187226624.0,,,,0.0,,,1.1295337162683187e+17,6x_parameter_token_upper_bound_over_reference_target_candidate_and_adam_warmup_gradients,,,,3406277570150400.0,1.4107605781274624e+16,1.270609774081065e+17,4994557534576640.0,3832507489320960.0,True,transformers_floating_point_ops_with_6x_token_parameter_fallback;generation_uses_2x_parameter_token_upper_bound,,,0.5520833333333334,"bbq,truthfulqa",,8.750374070215697,,,SAFE-(B_T),,13.084902554750443,False,,0.59375,B_T,,0.004283789634704591,0.0002624593207473861,42,,/workspace/safe-drift/outputs/setting_2_medqa_medmcqa_reference_coverage_gamma_v1/repeat_00/olmo7b_instruct/KR64_KT16/pct25.6/safe_reference_precondsgd_refB_T_gamma0.1_epsm1/training_runs/safe_low_rank_sgd_reference_greedy_marginal_eta0.0002_metricFplusAlpha_gamma0.1_epsm1_caln64_calseed42_pct25.6_seed42/summary.json,0.44921875,adamw,,2.2972045804934025,True,,0.14168007067379917,,13.084902554750443,
,,11.420466931160353,True,,0.5196850393700787,,,,1874263187226624.0,,,,0.0,,,1.1295337162683187e+17,6x_parameter_token_upper_bound_over_reference_target_candidate_and_adam_warmup_gradients,,,,3449339236564992.0,1.4150667447689216e+16,1.2710403907452109e+17,4994557534576640.0,3832507489320960.0,True,transformers_floating_point_ops_with_6x_token_parameter_fallback;generation_uses_2x_parameter_token_upper_bound,,,0.5442708333333334,"bbq,truthfulqa",,9.019843187353745,,,SAFE-(B_T),,13.473208534220854,False,,0.6015625,B_T,,0.008567579269409181,0.0010498372829895444,42,,/workspace/safe-drift/outputs/setting_2_medqa_medmcqa_reference_coverage_gamma_v1/repeat_00/olmo7b_instruct/KR64_KT16/pct25.6/safe_reference_precondsgd_refB_T_gamma0.1_epsm2/training_runs/safe_low_rank_sgd_reference_greedy_marginal_eta0.0002_metricFplusAlpha_gamma0.1_epsm2_caln64_calseed42_pct25.6_seed42/summary.json,0.46484375,adamw,,2.1658540966800297,True,,0.15745320202115126,,13.473208534220854,
,,11.731749877529195,True,,0.5196850393700787,,,,1874263187226624.0,,,,0.0,,,1.1295337162683187e+17,6x_parameter_token_upper_bound_over_reference_target_candidate_and_adam_warmup_gradients,,,,3640955339046912.0,1.4342283550171136e+16,1.27295655177003e+17,4994557534576640.0,3832507489320960.0,True,transformers_floating_point_ops_with_6x_token_parameter_fallback;generation_uses_2x_parameter_token_upper_bound,,,0.5520833333333334,"bbq,truthfulqa",,9.204795583175915,,,SAFE-(B_T),,13.608310749133429,False,,0.59765625,B_T,,0.0021584694862365724,0.0006726727522415848,42,,/workspace/safe-drift/outputs/setting_2_medqa_medmcqa_reference_coverage_gamma_v1/repeat_00/olmo7b_instruct/KR64_KT16/pct25.6/safe_reference_precondsgd_refB_T_gamma1_epsm0.5/training_runs/safe_low_rank_sgd_reference_greedy_marginal_eta0.0002_metricFplusAlpha_gamma1_epsm0.5_caln64_calseed42_pct25.6_seed42/summary.json,0.46484375,adamw,,2.2743261228651237,True,,0.14951490639931536,,13.608310749133429,
,,12.379393081965409,True,,0.5393700787401575,,,,1874263187226624.0,,,,0.0,,,1.1295337162683187e+17,6x_parameter_token_upper_bound_over_reference_target_candidate_and_adam_warmup_gradients,,,,3667307748802560.0,1.4368635959926784e+16,1.2732200758675866e+17,4994557534576640.0,3832507489320960.0,True,transformers_floating_point_ops_with_6x_token_parameter_fallback;generation_uses_2x_parameter_token_upper_bound,,,0.5390625,"bbq,truthfulqa",,9.695190293921415,,,SAFE-(B_T),,14.357789049545923,False,,0.625,B_T,,0.004283789634704591,0.002624593207473861,42,,/workspace/safe-drift/outputs/setting_2_medqa_medmcqa_reference_coverage_gamma_v1/repeat_00/olmo7b_instruct/KR64_KT16/pct25.6/safe_reference_precondsgd_refB_T_gamma1_epsm1/training_runs/safe_low_rank_sgd_reference_greedy_marginal_eta0.0002_metricFplusAlpha_gamma1_epsm1_caln64_calseed42_pct25.6_seed42/summary.json,0.47265625,adamw,,2.3483887502529117,True,,0.15601020675018543,,14.357789049545923,
,,11.843990621291434,True,,0.6456692913385826,,,,1874263187226624.0,,,,0.0,,,1.1295337162683187e+17,6x_parameter_token_upper_bound_over_reference_target_candidate_and_adam_warmup_gradients,,,,3422571173658624.0,1.4123899384782848e+16,1.2707727101161472e+17,4994557534576640.0,3832507489320960.0,True,transformers_floating_point_ops_with_6x_token_parameter_fallback;generation_uses_2x_parameter_token_upper_bound,,,0.5416666666666666,"bbq,truthfulqa",,9.282211003218464,,,SAFE-(B_T),,13.870564542710781,False,,0.578125,B_T,,0.008567579269409181,0.010498372829895445,42,,/workspace/safe-drift/outputs/setting_2_medqa_medmcqa_reference_coverage_gamma_v1/repeat_00/olmo7b_instruct/KR64_KT16/pct25.6/safe_reference_precondsgd_refB_T_gamma1_epsm2/training_runs/safe_low_rank_sgd_reference_greedy_marginal_eta0.0002_metricFplusAlpha_gamma1_epsm2_caln64_calseed42_pct25.6_seed42/summary.json,0.4609375,adamw,,2.1320778456531784,True,,0.16607826226981207,,13.870564542710781,
,,12.128660307155819,True,,0.35826771653543305,,,,1874263187226624.0,,,,0.0,,,1.1295337162683187e+17,6x_parameter_token_upper_bound_over_reference_target_candidate_and_adam_warmup_gradients,,,,3145413652758528.0,1.3846741863882752e+16,1.2680011349071462e+17,4994557534576640.0,3832507489320960.0,True,transformers_floating_point_ops_with_6x_token_parameter_fallback;generation_uses_2x_parameter_token_upper_bound,,,0.5494791666666666,"bbq,mmlu_non_medical",,9.494418513738994,,,SAFE-(B_K),,14.111951005955538,True,,0.5,B_K,,0.0021359737396240237,9.847034148103791e-06,42,,/workspace/safe-drift/outputs/setting_2_medqa_medmcqa_reference_coverage_gamma_v1/repeat_00/olmo7b_instruct/KR64_KT16/pct25.6/safe_reference_precondsgd_refT_K_gamma0.01_epsm0.5/training_runs/safe_low_rank_sgd_reference_greedy_marginal_eta0.0002_metricFplusAlpha_gamma0.01_epsm0.5_caln64_calseed42_pct25.6_seed42/summary.json,0.3984375,adamw,,2.2426442281056276,False,,0.13560031488602609,,14.111951005955538,
,,12.10570139647156,True,,0.452755905511811,,,,1874263187226624.0,,,,0.0,,,1.1295337162683187e+17,6x_parameter_token_upper_bound_over_reference_target_candidate_and_adam_warmup_gradients,,,,3110665049358336.0,1.381199326048256e+16,1.2676536488731443e+17,4994557534576640.0,3832507489320960.0,True,transformers_floating_point_ops_with_6x_token_parameter_fallback;generation_uses_2x_parameter_token_upper_bound,,,0.5546875,"bbq,truthfulqa",,9.58707246360647,,,SAFE-(B_T),,14.227448150515556,False,,0.55859375,B_T,,0.004283789634704591,2.6245932074738613e-05,42,,/workspace/safe-drift/outputs/setting_2_medqa_medmcqa_reference_coverage_gamma_v1/repeat_00/olmo7b_instruct/KR64_KT16/pct25.6/safe_reference_precondsgd_refT_K_gamma0.01_epsm1/training_runs/safe_low_rank_sgd_reference_greedy_marginal_eta0.0002_metricFplusAlpha_gamma0.01_epsm1_caln64_calseed42_pct25.6_seed42/summary.json,0.41015625,adamw,,2.428067843832293,True,,0.12674011022253115,,14.227448150515556,
,,11.353537662135647,True,,0.46062992125984253,,,,1874263187226624.0,,,,0.0,,,1.1295337162683187e+17,6x_parameter_token_upper_bound_over_reference_target_candidate_and_adam_warmup_gradients,,,,3163452999499776.0,1.3864781210624e+16,1.2681815283745587e+17,4994557534576640.0,3832507489320960.0,True,transformers_floating_point_ops_with_6x_token_parameter_fallback;generation_uses_2x_parameter_token_upper_bound,,,0.5494791666666666,"bbq,truthfulqa",,8.973595836317973,,,SAFE-(B_T),,13.413802745441595,False,,0.57421875,B_T,,0.008567579269409181,0.00010498372829895445,42,,/workspace/safe-drift/outputs/setting_2_medqa_medmcqa_reference_coverage_gamma_v1/repeat_00/olmo7b_instruct/KR64_KT16/pct25.6/safe_reference_precondsgd_refT_K_gamma0.01_epsm2/training_runs/safe_low_rank_sgd_reference_greedy_marginal_eta0.0002_metricFplusAlpha_gamma0.01_epsm2_caln64_calseed42_pct25.6_seed42/summary.json,0.43359375,adamw,,2.1534471013766763,True,,0.145027835826,,13.413802745441595,
,,11.569885446643578,True,,0.484251968503937,,,,1874263187226624.0,,,,0.0,,,1.1295337162683187e+17,6x_parameter_token_upper_bound_over_reference_target_candidate_and_adam_warmup_gradients,,,,3300369147346944.0,1.4001697358471168e+16,1.2695506898530304e+17,4994557534576640.0,3832507489320960.0,True,transformers_floating_point_ops_with_6x_token_parameter_fallback;generation_uses_2x_parameter_token_upper_bound,,,0.5494791666666666,"bbq,truthfulqa",,9.2394949038387,,,SAFE-(B_T),,13.861498611668745,False,,0.578125,B_T,,0.0021418948173522953,6.561483018684653e-05,42,,/workspace/safe-drift/outputs/setting_2_medqa_medmcqa_reference_coverage_gamma_v1/repeat_00/olmo7b_instruct/KR64_KT16/pct25.6/safe_reference_precondsgd_refT_K_gamma0.1_epsm0.5/training_runs/safe_low_rank_sgd_reference_greedy_marginal_eta0.0002_metricFplusAlpha_gamma0.1_epsm0.5_caln64_calseed42_pct25.6_seed42/summary.json,0.4453125,adamw,,2.2871006532037765,True,,0.13267776695762695,,13.861498611668745,
,,10.869015075403249,True,,0.5433070866141733,,,,1874263187226624.0,,,,0.0,,,1.1295337162683187e+17,6x_parameter_token_upper_bound_over_reference_target_candidate_and_adam_warmup_gradients,,,,3406277570150400.0,1.4107605781274624e+16,1.270609774081065e+17,4994557534576640.0,3832507489320960.0,True,transformers_floating_point_ops_with_6x_token_parameter_fallback;generation_uses_2x_parameter_token_upper_bound,,,0.5520833333333334,"bbq,truthfulqa",,8.750374070215697,,,SAFE-(B_T),,13.084902554750443,False,,0.59375,B_T,,0.004283789634704591,0.0002624593207473861,42,,/workspace/safe-drift/outputs/setting_2_medqa_medmcqa_reference_coverage_gamma_v1/repeat_00/olmo7b_instruct/KR64_KT16/pct25.6/safe_reference_precondsgd_refT_K_gamma0.1_epsm1/training_runs/safe_low_rank_sgd_reference_greedy_marginal_eta0.0002_metricFplusAlpha_gamma0.1_epsm1_caln64_calseed42_pct25.6_seed42/summary.json,0.44921875,adamw,,2.2972045804934025,True,,0.14168007067379917,,13.084902554750443,
,,11.420466931160353,True,,0.5196850393700787,,,,1874263187226624.0,,,,0.0,,,1.1295337162683187e+17,6x_parameter_token_upper_bound_over_reference_target_candidate_and_adam_warmup_gradients,,,,3449339236564992.0,1.4150667447689216e+16,1.2710403907452109e+17,4994557534576640.0,3832507489320960.0,True,transformers_floating_point_ops_with_6x_token_parameter_fallback;generation_uses_2x_parameter_token_upper_bound,,,0.5442708333333334,"bbq,truthfulqa",,9.019843187353745,,,SAFE-(B_T),,13.473208534220854,False,,0.6015625,B_T,,0.008567579269409181,0.0010498372829895444,42,,/workspace/safe-drift/outputs/setting_2_medqa_medmcqa_reference_coverage_gamma_v1/repeat_00/olmo7b_instruct/KR64_KT16/pct25.6/safe_reference_precondsgd_refT_K_gamma0.1_epsm2/training_runs/safe_low_rank_sgd_reference_greedy_marginal_eta0.0002_metricFplusAlpha_gamma0.1_epsm2_caln64_calseed42_pct25.6_seed42/summary.json,0.46484375,adamw,,2.1658540966800297,True,,0.15745320202115126,,13.473208534220854,
,,11.731749877529195,True,,0.5196850393700787,,,,1874263187226624.0,,,,0.0,,,1.1295337162683187e+17,6x_parameter_token_upper_bound_over_reference_target_candidate_and_adam_warmup_gradients,,,,3640955339046912.0,1.4342283550171136e+16,1.27295655177003e+17,4994557534576640.0,3832507489320960.0,True,transformers_floating_point_ops_with_6x_token_parameter_fallback;generation_uses_2x_parameter_token_upper_bound,,,0.5520833333333334,"bbq,truthfulqa",,9.204795583175915,,,SAFE-(B_T),,13.608310749133429,False,,0.59765625,B_T,,0.0021584694862365724,0.0006726727522415848,42,,/workspace/safe-drift/outputs/setting_2_medqa_medmcqa_reference_coverage_gamma_v1/repeat_00/olmo7b_instruct/KR64_KT16/pct25.6/safe_reference_precondsgd_refT_K_gamma1_epsm0.5/training_runs/safe_low_rank_sgd_reference_greedy_marginal_eta0.0002_metricFplusAlpha_gamma1_epsm0.5_caln64_calseed42_pct25.6_seed42/summary.json,0.46484375,adamw,,2.2743261228651237,True,,0.14951490639931536,,13.608310749133429,
,,12.379393081965409,True,,0.5393700787401575,,,,1874263187226624.0,,,,0.0,,,1.1295337162683187e+17,6x_parameter_token_upper_bound_over_reference_target_candidate_and_adam_warmup_gradients,,,,3667307748802560.0,1.4368635959926784e+16,1.2732200758675866e+17,4994557534576640.0,3832507489320960.0,True,transformers_floating_point_ops_with_6x_token_parameter_fallback;generation_uses_2x_parameter_token_upper_bound,,,0.5390625,"bbq,truthfulqa",,9.695190293921415,,,SAFE-(B_T),,14.357789049545923,False,,0.625,B_T,,0.004283789634704591,0.002624593207473861,42,,/workspace/safe-drift/outputs/setting_2_medqa_medmcqa_reference_coverage_gamma_v1/repeat_00/olmo7b_instruct/KR64_KT16/pct25.6/safe_reference_precondsgd_refT_K_gamma1_epsm1/training_runs/safe_low_rank_sgd_reference_greedy_marginal_eta0.0002_metricFplusAlpha_gamma1_epsm1_caln64_calseed42_pct25.6_seed42/summary.json,0.47265625,adamw,,2.3483887502529117,True,,0.15601020675018543,,14.357789049545923,
,,11.843990621291434,True,,0.6456692913385826,,,,1874263187226624.0,,,,0.0,,,1.1295337162683187e+17,6x_parameter_token_upper_bound_over_reference_target_candidate_and_adam_warmup_gradients,,,,3422571173658624.0,1.4123899384782848e+16,1.2707727101161472e+17,4994557534576640.0,3832507489320960.0,True,transformers_floating_point_ops_with_6x_token_parameter_fallback;generation_uses_2x_parameter_token_upper_bound,,,0.5416666666666666,"bbq,truthfulqa",,9.282211003218464,,,SAFE-(B_T),,13.870564542710781,False,,0.578125,B_T,,0.008567579269409181,0.010498372829895445,42,,/workspace/safe-drift/outputs/setting_2_medqa_medmcqa_reference_coverage_gamma_v1/repeat_00/olmo7b_instruct/KR64_KT16/pct25.6/safe_reference_precondsgd_refT_K_gamma1_epsm2/training_runs/safe_low_rank_sgd_reference_greedy_marginal_eta0.0002_metricFplusAlpha_gamma1_epsm2_caln64_calseed42_pct25.6_seed42/summary.json,0.4609375,adamw,,2.1320778456531784,True,,0.16607826226981207,,13.870564542710781,
0.37109375,0.5590551181102362,11.57765195250824,False,0.011811023622047223,0.547244094488189,,,,1888146002460672.0,,,,0.0,,,1.1295337162683187e+17,6x_parameter_token_upper_bound_over_reference_target_candidate_and_adam_warmup_gradients,,,,3493149078650880.0,1.400721169027072e+16,1.269605833171026e+17,4793409119838208.0,3832507489320960.0,True,transformers_floating_point_ops_with_6x_token_parameter_fallback;generation_uses_2x_parameter_token_upper_bound,0.5125628140703518,0.0,0.5452261306532663,,,9.112747277631641,0.012473282094344942,0.01953125,LESS,0.52734375,13.790105412403742,False,0.0,0.546875,,,,,43,,/workspace/safe-drift/outputs/setting_2_medqa_medmcqa_reference_coverage_gamma_v1/repeat_01/olmo7b_instruct/KR64_KT16/pct25.6/baseline_less_no_reference/training_runs/less_random_sketch_sgd_pct25.6_seed43/summary.json,0.390625,adamw,0.2548059308998715,1.9704844679829396,False,0.0256088226609876,0.22919710823888392,,13.790105412403742,0.0256088226609876
,,11.605407196705736,True,,0.46062992125984253,,,,1888146002460672.0,,,,0.0,,,1.1295337162683187e+17,6x_parameter_token_upper_bound_over_reference_target_candidate_and_adam_warmup_gradients,,,,3201526828105728.0,1.3715589439725568e+16,1.2666896106655744e+17,4793409119838208.0,3832507489320960.0,True,transformers_floating_point_ops_with_6x_token_parameter_fallback;generation_uses_2x_parameter_token_upper_bound,,,0.5376884422110553,"bbq,truthfulqa",,9.105945940707587,,,SAFE-(B_T),,13.650043422977129,False,,0.56640625,B_T,,0.0021583358764648442,6.468232662640082e-06,43,,/workspace/safe-drift/outputs/setting_2_medqa_medmcqa_reference_coverage_gamma_v1/repeat_01/olmo7b_instruct/KR64_KT16/pct25.6/safe_reference_precondsgd_refB_K_gamma0.01_epsm0.5/training_runs/safe_low_rank_sgd_reference_greedy_marginal_eta0.0002_metricFplusAlpha_gamma0.01_epsm0.5_caln64_calseed43_pct25.6_seed43/summary.json,0.41015625,adamw,,2.062387202439893,True,,0.16805152056886738,,13.650043422977129,
,,11.558788146872534,True,,0.42913385826771655,,,,1888146002460672.0,,,,0.0,,,1.1295337162683187e+17,6x_parameter_token_upper_bound_over_reference_target_candidate_and_adam_warmup_gradients,,,,3244754755780608.0,1.3758817367400448e+16,1.2671218899423232e+17,4793409119838208.0,3832507489320960.0,True,transformers_floating_point_ops_with_6x_token_parameter_fallback;generation_uses_2x_parameter_token_upper_bound,,,0.5376884422110553,"bbq,truthfulqa",,9.262016435983766,,,SAFE-(B_T),,13.887234960993132,False,,0.546875,B_T,,0.0043166717529296884,2.5872930650560328e-05,43,,/workspace/safe-drift/outputs/setting_2_medqa_medmcqa_reference_coverage_gamma_v1/repeat_01/olmo7b_instruct/KR64_KT16/pct25.6/safe_reference_precondsgd_refB_K_gamma0.01_epsm1/training_runs/safe_low_rank_sgd_reference_greedy_marginal_eta0.0002_metricFplusAlpha_gamma0.01_epsm1_caln64_calseed43_pct25.6_seed43/summary.json,0.39453125,adamw,,2.3400262000856293,True,,0.14382745690683948,,13.887234960993132,
,,12.164963126495442,True,,0.4566929133858268,,,,1888146002460672.0,,,,0.0,,,1.1295337162683187e+17,6x_parameter_token_upper_bound_over_reference_target_candidate_and_adam_warmup_gradients,,,,3311508651786240.0,1.382557126340608e+16,1.2677894289023795e+17,4793409119838208.0,3832507489320960.0,True,transformers_floating_point_ops_with_6x_token_parameter_fallback;generation_uses_2x_parameter_token_upper_bound,,,0.5301507537688442,"bbq,truthfulqa",,9.642864439885118,,,SAFE-(B_T),,14.560541634758314,False,,0.52734375,B_T,,0.008633343505859377,0.00010349172260224131,43,,/workspace/safe-drift/outputs/setting_2_medqa_medmcqa_reference_coverage_gamma_v1/repeat_01/olmo7b_instruct/KR64_KT16/pct25.6/safe_reference_precondsgd_refB_K_gamma0.01_epsm2/training_runs/safe_low_rank_sgd_reference_greedy_marginal_eta0.0002_metricFplusAlpha_gamma0.01_epsm2_caln64_calseed43_pct25.6_seed43/summary.json,0.39453125,adamw,,2.203088558401599,True,,0.1615799710317256,,14.560541634758314,
,,12.10460071113166,True,,0.4448818897637795,,,,1888146002460672.0,,,,0.0,,,1.1295337162683187e+17,6x_parameter_token_upper_bound_over_reference_target_candidate_and_adam_warmup_gradients,,,,3410766624178176.0,1.3924829235798016e+16,1.2687820086262989e+17,4793409119838208.0,3832507489320960.0,True,transformers_floating_point_ops_with_6x_token_parameter_fallback;generation_uses_2x_parameter_token_upper_bound,,,0.5251256281407035,"bbq,truthfulqa",,9.623964437142204,,,SAFE-(B_T),,14.479276202619076,False,,0.5625,B_T,,0.0021303730964660644,6.023337930917549e-05,43,,/workspace/safe-drift/outputs/setting_2_medqa_medmcqa_reference_coverage_gamma_v1/repeat_01/olmo7b_instruct/KR64_KT16/pct25.6/safe_reference_precondsgd_refB_K_gamma0.1_epsm0.5/training_runs/safe_low_rank_sgd_reference_greedy_marginal_eta0.0002_metricFplusAlpha_gamma0.1_epsm0.5_caln64_calseed43_pct25.6_seed43/summary.json,0.41796875,adamw,,2.288016397675874,True,,0.15785728216015238,,14.479276202619076,
,,12.10742236560411,True,,0.4645669291338583,,,,1888146002460672.0,,,,0.0,,,1.1295337162683187e+17,6x_parameter_token_upper_bound_over_reference_target_candidate_and_adam_warmup_gradients,,,,3459979957223424.0,1.3974042568843264e+16,1.2692741419567514e+17,4793409119838208.0,3832507489320960.0,True,transformers_floating_point_ops_with_6x_token_parameter_fallback;generation_uses_2x_parameter_token_upper_bound,,,0.5326633165829145,"bbq,truthfulqa",,9.492591103800025,,,SAFE-(B_T),,14.172054221232733,False,,0.59375,B_T,,0.0043166717529296884,0.0002587293065056033,43,,/workspace/safe-drift/outputs/setting_2_medqa_medmcqa_reference_coverage_gamma_v1/repeat_01/olmo7b_instruct/KR64_KT16/pct25.6/safe_reference_precondsgd_refB_K_gamma0.1_epsm1/training_runs/safe_low_rank_sgd_reference_greedy_marginal_eta0.0002_metricFplusAlpha_gamma0.1_epsm1_caln64_calseed43_pct25.6_seed43/summary.json,0.4296875,adamw,,2.198296724563236,True,,0.16944847624127413,,14.172054221232733,
,,12.296718925315878,True,,0.4763779527559055,,,0.0,1888146002460672.0,3.2461714170576896e+16,2x_parameter_count_x_(max_seq_length_plus_max_new_tokens)_x_examples_x_generation_samples,generation_evaluations;excludes_tokenization_scoring_and_bias_disentangle,0.0,1.1295337162683187e+17,6x_parameter_token_upper_bound_over_reference_target_candidate_and_adam_warmup_gradients,1.1295337177070501e+17,feature=[6x_parameter_token_upper_bound_over_reference_target_candidate_and_adam_warmup_gradients];algorithm=[analytical_safe_tensor_arithmetic_by_solver_and_geometry],floating_point_operations;excludes_integer_indexing_sorting_rng_and_io,143873136.0,analytical_safe_tensor_arithmetic_by_solver_and_geometry,3548264686436352.0,4.652404146863309e+16,1.594774132393381e+17,4793409119838208.0,3832507489320960.0,True,transformers_floating_point_ops_with_6x_token_parameter_fallback;generation_uses_2x_parameter_token_upper_bound;final_generation_uses_2x_parameter_token_upper_bound,,,0.535175879396985,"bbq,mmlu_non_medical",0.0002,9.738846337998703,,,SAFE-(B_K),,14.477125545342764,True,,0.6015625,B_K,,0.008534867477416993,0.001549733857628361,43,,/workspace/safe-drift/outputs/setting_2_medqa_medmcqa_reference_coverage_gamma_v1/repeat_01/olmo7b_instruct/KR64_KT16/pct25.6/safe_reference_precondsgd_refB_K_gamma0.1_epsm2/training_runs/safe_low_rank_sgd_reference_greedy_marginal_eta0.0002_metricFplusAlpha_gamma0.1_epsm2_caln64_calseed43_pct25.6_seed43/summary.json,0.4375,adamw,,2.4426945433374696,False,,0.16257092671811263,0.0,14.477125545342764,
,,11.843206197883827,True,,0.5118110236220472,,,,1888146002460672.0,,,,0.0,,,1.1295337162683187e+17,6x_parameter_token_upper_bound_over_reference_target_candidate_and_adam_warmup_gradients,,,,3667557140692992.0,1.4181619752312832e+16,1.271349913791447e+17,4793409119838208.0,3832507489320960.0,True,transformers_floating_point_ops_with_6x_token_parameter_fallback;generation_uses_2x_parameter_token_upper_bound,,,0.5201005025125628,"bbq,truthfulqa",,9.4446818148154,,,SAFE-(B_T),,14.3369563271602,False,,0.6015625,B_T,,0.0021583358764648442,0.0006468232662640082,43,,/workspace/safe-drift/outputs/setting_2_medqa_medmcqa_reference_coverage_gamma_v1/repeat_01/olmo7b_instruct/KR64_KT16/pct25.6/safe_reference_precondsgd_refB_K_gamma1_epsm0.5/training_runs/safe_low_rank_sgd_reference_greedy_marginal_eta0.0002_metricFplusAlpha_gamma1_epsm0.5_caln64_calseed43_pct25.6_seed43/summary.json,0.4296875,adamw,,2.1538829194021747,True,,0.15893091181020896,,14.3369563271602,
,,12.009259426687645,True,,0.5551181102362205,,,,1888146002460672.0,,,,0.0,,,1.1295337162683187e+17,6x_parameter_token_upper_bound_over_reference_target_candidate_and_adam_warmup_gradients,,,,3672129325350912.0,1.4186191936970752e+16,1.2713956356380262e+17,4793409119838208.0,3832507489320960.0,True,transformers_floating_point_ops_with_6x_token_parameter_fallback;generation_uses_2x_parameter_token_upper_bound,,,0.5376884422110553,"bbq,truthfulqa",,9.482918108611512,,,SAFE-(B_T),,14.260727296272913,False,,0.578125,B_T,,0.0043166717529296884,0.0025872930650560327,43,,/workspace/safe-drift/outputs/setting_2_medqa_medmcqa_reference_coverage_gamma_v1/repeat_01/olmo7b_instruct/KR64_KT16/pct25.6/safe_reference_precondsgd_refB_K_gamma1_epsm1/training_runs/safe_low_rank_sgd_reference_greedy_marginal_eta0.0002_metricFplusAlpha_gamma1_epsm1_caln64_calseed43_pct25.6_seed43/summary.json,0.44921875,adamw,,2.1787676028739815,True,,0.16422279848919463,,14.260727296272913,
,,11.571186253404992,True,,0.5118110236220472,,,0.0,1888146002460672.0,3.2461714170576896e+16,2x_parameter_count_x_(max_seq_length_plus_max_new_tokens)_x_examples_x_generation_samples,generation_evaluations;excludes_tokenization_scoring_and_bias_disentangle,0.0,1.1295337162683187e+17,6x_parameter_token_upper_bound_over_reference_target_candidate_and_adam_warmup_gradients,1.1295337177070501e+17,feature=[6x_parameter_token_upper_bound_over_reference_target_candidate_and_adam_warmup_gradients];algorithm=[analytical_safe_tensor_arithmetic_by_solver_and_geometry],floating_point_operations;excludes_integer_indexing_sorting_rng_and_io,143873136.0,analytical_safe_tensor_arithmetic_by_solver_and_geometry,3438532254646272.0,4.641430903684301e+16,1.5936768080754803e+17,4793409119838208.0,3832507489320960.0,True,transformers_floating_point_ops_with_6x_token_parameter_fallback;generation_uses_2x_parameter_token_upper_bound;final_generation_uses_2x_parameter_token_upper_bound,,,0.5251256281407035,"bbq,mmlu_non_medical",0.0002,9.016338842496465,,,SAFE-(B_K),,13.566440910100937,True,,0.57421875,B_K,,0.008534867477416993,0.01549733857628361,43,,/workspace/safe-drift/outputs/setting_2_medqa_medmcqa_reference_coverage_gamma_v1/repeat_01/olmo7b_instruct/KR64_KT16/pct25.6/safe_reference_precondsgd_refB_K_gamma1_epsm2/training_runs/safe_low_rank_sgd_reference_greedy_marginal_eta0.0002_metricFplusAlpha_gamma1_epsm2_caln64_calseed43_pct25.6_seed43/summary.json,0.40234375,adamw,,1.911389363983463,False,,0.22505520299175363,0.0,13.566440910100937,
,,11.747029319522888,False,,0.452755905511811,,,0.0,1888146002460672.0,3.2461714170576896e+16,2x_parameter_count_x_(max_seq_length_plus_max_new_tokens)_x_examples_x_generation_samples,generation_evaluations;excludes_tokenization_scoring_and_bias_disentangle,0.0,1.1295337162683187e+17,6x_parameter_token_upper_bound_over_reference_target_candidate_and_adam_warmup_gradients,1.1295337177070501e+17,feature=[6x_parameter_token_upper_bound_over_reference_target_candidate_and_adam_warmup_gradients];algorithm=[analytical_safe_tensor_arithmetic_by_solver_and_geometry],floating_point_operations;excludes_integer_indexing_sorting_rng_and_io,143873136.0,analytical_safe_tensor_arithmetic_by_solver_and_geometry,3241928314355712.0,4.621770509655245e+16,1.5917107686725747e+17,4793409119838208.0,3832507489320960.0,True,transformers_floating_point_ops_with_6x_token_parameter_fallback;generation_uses_2x_parameter_token_upper_bound;final_generation_uses_2x_parameter_token_upper_bound,,,0.5452261306532663,"truthfulqa,mmlu_non_medical",0.0002,9.22635421320461,,,SAFE-(T_K),,13.819471172988415,True,,0.55859375,T_K,,0.002156809139251709,4.734489689787188e-06,43,,/workspace/safe-drift/outputs/setting_2_medqa_medmcqa_reference_coverage_gamma_v1/repeat_01/olmo7b_instruct/KR64_KT16/pct25.6/safe_reference_precondsgd_refB_T_K_gamma0.01_epsm0.5/training_runs/safe_low_rank_sgd_reference_greedy_marginal_eta0.0002_metricFplusAlpha_gamma0.01_epsm0.5_caln64_calseed43_pct25.6_seed43/summary.json,0.40234375,adamw,,2.1125621471025275,True,,0.17299184516656618,0.0,13.819471172988415,
,,12.333743385755485,False,,0.468503937007874,,,0.0,1888146002460672.0,3.2461714170576896e+16,2x_parameter_count_x_(max_seq_length_plus_max_new_tokens)_x_examples_x_generation_samples,generation_evaluations;excludes_tokenization_scoring_and_bias_disentangle,0.0,1.1295337162683187e+17,6x_parameter_token_upper_bound_over_reference_target_candidate_and_adam_warmup_gradients,1.1295337177070501e+17,feature=[6x_parameter_token_upper_bound_over_reference_target_candidate_and_adam_warmup_gradients];algorithm=[analytical_safe_tensor_arithmetic_by_solver_and_geometry],floating_point_operations;excludes_integer_indexing_sorting_rng_and_io,143873136.0,analytical_safe_tensor_arithmetic_by_solver_and_geometry,3284906850140160.0,4.62606836323369e+16,1.5921405540304192e+17,4793409119838208.0,3832507489320960.0,True,transformers_floating_point_ops_with_6x_token_parameter_fallback;generation_uses_2x_parameter_token_upper_bound;final_generation_uses_2x_parameter_token_upper_bound,,,0.5251256281407035,"truthfulqa,mmlu_non_medical",0.0002,9.441424426194688,,,SAFE-(T_K),,13.795088772972425,True,,0.546875,T_K,,0.004213971328735352,1.641306775007152e-05,43,,/workspace/safe-drift/outputs/setting_2_medqa_medmcqa_reference_coverage_gamma_v1/repeat_01/olmo7b_instruct/KR64_KT16/pct25.6/safe_reference_precondsgd_refB_T_K_gamma0.01_epsm1/training_runs/safe_low_rank_sgd_reference_greedy_marginal_eta0.0002_metricFplusAlpha_gamma0.01_epsm1_caln64_calseed43_pct25.6_seed43/summary.json,0.39453125,adamw,,2.1954411198561514,True,,0.18281557894118472,0.0,13.795088772972425,
,,10.83352993542128,False,,0.484251968503937,,,0.0,1888146002460672.0,3.2461714170576896e+16,2x_parameter_count_x_(max_seq_length_plus_max_new_tokens)_x_examples_x_generation_samples,generation_evaluations;excludes_tokenization_scoring_and_bias_disentangle,0.0,1.1295337162683187e+17,6x_parameter_token_upper_bound_over_reference_target_candidate_and_adam_warmup_gradients,1.1295337177070501e+17,feature=[6x_parameter_token_upper_bound_over_reference_target_candidate_and_adam_warmup_gradients];algorithm=[analytical_safe_tensor_arithmetic_by_solver_and_geometry],floating_point_operations;excludes_integer_indexing_sorting_rng_and_io,143873136.0,analytical_safe_tensor_arithmetic_by_solver_and_geometry,3332041917431808.0,4.630781869962854e+16,1.5926119047033357e+17,4793409119838208.0,3832507489320960.0,True,transformers_floating_point_ops_with_6x_token_parameter_fallback;generation_uses_2x_parameter_token_upper_bound;final_generation_uses_2x_parameter_token_upper_bound,,,0.5452261306532663,"truthfulqa,mmlu_non_medical",0.0002,8.703396291928446,,,SAFE-(T_K),,13.159355801840624,True,,0.5625,T_K,,0.008427942657470704,6.565227100028608e-05,43,,/workspace/safe-drift/outputs/setting_2_medqa_medmcqa_reference_coverage_gamma_v1/repeat_01/olmo7b_instruct/KR64_KT16/pct25.6/safe_reference_precondsgd_refB_T_K_gamma0.01_epsm2/training_runs/safe_low_rank_sgd_reference_greedy_marginal_eta0.0002_metricFplusAlpha_gamma0.01_epsm2_caln64_calseed43_pct25.6_seed43/summary.json,0.42578125,adamw,,2.1173031385234324,True,,0.16240446760301164,0.0,13.159355801840624,
,,11.736900317074433,False,,0.4881889763779528,,,0.0,1888146002460672.0,3.2461714170576896e+16,2x_parameter_count_x_(max_seq_length_plus_max_new_tokens)_x_examples_x_generation_samples,generation_evaluations;excludes_tokenization_scoring_and_bias_disentangle,0.0,1.1295337162683187e+17,6x_parameter_token_upper_bound_over_reference_target_candidate_and_adam_warmup_gradients,1.1295337177070501e+17,feature=[6x_parameter_token_upper_bound_over_reference_target_candidate_and_adam_warmup_gradients];algorithm=[analytical_safe_tensor_arithmetic_by_solver_and_geometry],floating_point_operations;excludes_integer_indexing_sorting_rng_and_io,143873136.0,analytical_safe_tensor_arithmetic_by_solver_and_geometry,3391397187354624.0,4.636717396955136e+16,1.593205457402564e+17,4793409119838208.0,3832507489320960.0,True,transformers_floating_point_ops_with_6x_token_parameter_fallback;generation_uses_2x_parameter_token_upper_bound;final_generation_uses_2x_parameter_token_upper_bound,,,0.550251256281407,"truthfulqa,mmlu_non_medical",0.0002,9.352441835534504,,,SAFE-(T_K),,14.106196363766989,True,,0.58984375,T_K,,0.002106985664367676,4.10326693751788e-05,43,,/workspace/safe-drift/outputs/setting_2_medqa_medmcqa_reference_coverage_gamma_v1/repeat_01/olmo7b_instruct/KR64_KT16/pct25.6/safe_reference_precondsgd_refB_T_K_gamma0.1_epsm0.5/training_runs/safe_low_rank_sgd_reference_greedy_marginal_eta0.0002_metricFplusAlpha_gamma0.1_epsm0.5_caln64_calseed43_pct25.6_seed43/summary.json,0.43359375,adamw,,2.214228825762093,True,,0.16152769023894303,0.0,14.106196363766989,
,,11.24371807719153,False,,0.48031496062992124,,,0.0,1888146002460672.0,3.2461714170576896e+16,2x_parameter_count_x_(max_seq_length_plus_max_new_tokens)_x_examples_x_generation_samples,generation_evaluations;excludes_tokenization_scoring_and_bias_disentangle,0.0,1.1295337162683187e+17,6x_parameter_token_upper_bound_over_reference_target_candidate_and_adam_warmup_gradients,1.1295337177070501e+17,feature=[6x_parameter_token_upper_bound_over_reference_target_candidate_and_adam_warmup_gradients];algorithm=[analytical_safe_tensor_arithmetic_by_solver_and_geometry],floating_point_operations;excludes_integer_indexing_sorting_rng_and_io,143873136.0,analytical_safe_tensor_arithmetic_by_solver_and_geometry,3471784506703872.0,4.644756128890061e+16,1.5940093305960563e+17,4793409119838208.0,3832507489320960.0,True,transformers_floating_point_ops_with_6x_token_parameter_fallback;generation_uses_2x_parameter_token_upper_bound;final_generation_uses_2x_parameter_token_upper_bound,,,0.5226130653266332,"truthfulqa,mmlu_non_medical",0.0002,8.973013192342782,,,SAFE-(T_K),,13.633937406043211,True,,0.55859375,T_K,,0.004213971328735352,0.0001641306775007152,43,,/workspace/safe-drift/outputs/setting_2_medqa_medmcqa_reference_coverage_gamma_v1/repeat_01/olmo7b_instruct/KR64_KT16/pct25.6/safe_reference_precondsgd_refB_T_K_gamma0.1_epsm1/training_runs/safe_low_rank_sgd_reference_greedy_marginal_eta0.0002_metricFplusAlpha_gamma0.1_epsm1_caln64_calseed43_pct25.6_seed43/summary.json,0.421875,adamw,,2.0413840937936008,True,,0.16642249104324588,0.0,13.633937406043211,
,,12.296718925315878,True,,0.4763779527559055,,,0.0,1888146002460672.0,3.2461714170576896e+16,2x_parameter_count_x_(max_seq_length_plus_max_new_tokens)_x_examples_x_generation_samples,generation_evaluations;excludes_tokenization_scoring_and_bias_disentangle,0.0,1.1295337162683187e+17,6x_parameter_token_upper_bound_over_reference_target_candidate_and_adam_warmup_gradients,1.1295337177070501e+17,feature=[6x_parameter_token_upper_bound_over_reference_target_candidate_and_adam_warmup_gradients];algorithm=[analytical_safe_tensor_arithmetic_by_solver_and_geometry],floating_point_operations;excludes_integer_indexing_sorting_rng_and_io,143873136.0,analytical_safe_tensor_arithmetic_by_solver_and_geometry,3548264686436352.0,4.652404146863309e+16,1.594774132393381e+17,4793409119838208.0,3832507489320960.0,True,transformers_floating_point_ops_with_6x_token_parameter_fallback;generation_uses_2x_parameter_token_upper_bound;final_generation_uses_2x_parameter_token_upper_bound,,,0.535175879396985,"bbq,mmlu_non_medical",0.0002,9.738846337998703,,,SAFE-(B_K),,14.477125545342764,True,,0.6015625,B_K,,0.008534867477416993,0.001549733857628361,43,,/workspace/safe-drift/outputs/setting_2_medqa_medmcqa_reference_coverage_gamma_v1/repeat_01/olmo7b_instruct/KR64_KT16/pct25.6/safe_reference_precondsgd_refB_T_K_gamma0.1_epsm2/training_runs/safe_low_rank_sgd_reference_greedy_marginal_eta0.0002_metricFplusAlpha_gamma0.1_epsm2_caln64_calseed43_pct25.6_seed43/summary.json,0.4375,adamw,,2.4426945433374696,False,,0.16257092671811263,0.0,14.477125545342764,
,,11.998590379249393,False,,0.4881889763779528,,,0.0,1888146002460672.0,3.2461714170576896e+16,2x_parameter_count_x_(max_seq_length_plus_max_new_tokens)_x_examples_x_generation_samples,generation_evaluations;excludes_tokenization_scoring_and_bias_disentangle,0.0,1.1295337162683187e+17,6x_parameter_token_upper_bound_over_reference_target_candidate_and_adam_warmup_gradients,1.1295337177070501e+17,feature=[6x_parameter_token_upper_bound_over_reference_target_candidate_and_adam_warmup_gradients];algorithm=[analytical_safe_tensor_arithmetic_by_solver_and_geometry],floating_point_operations;excludes_integer_indexing_sorting_rng_and_io,143873136.0,analytical_safe_tensor_arithmetic_by_solver_and_geometry,3679195428913152.0,4.665497221110989e+16,1.596083439818149e+17,4793409119838208.0,3832507489320960.0,True,transformers_floating_point_ops_with_6x_token_parameter_fallback;generation_uses_2x_parameter_token_upper_bound;final_generation_uses_2x_parameter_token_upper_bound,,,0.5402010050251256,"truthfulqa,mmlu_non_medical",0.0002,9.448334876049758,,,SAFE-(T_K),,14.170874066650867,True,,0.59765625,T_K,,0.002106985664367676,0.00041032669375178803,43,,/workspace/safe-drift/outputs/setting_2_medqa_medmcqa_reference_coverage_gamma_v1/repeat_01/olmo7b_instruct/KR64_KT16/pct25.6/safe_reference_precondsgd_refB_T_K_gamma1_epsm0.5/training_runs/safe_low_rank_sgd_reference_greedy_marginal_eta0.0002_metricFplusAlpha_gamma1_epsm0.5_caln64_calseed43_pct25.6_seed43/summary.json,0.44921875,adamw,,2.1755401822490117,True,,0.16597401490554184,0.0,14.170874066650867,
,,11.755121201042115,False,,0.5669291338582677,,,0.0,1888146002460672.0,3.2461714170576896e+16,2x_parameter_count_x_(max_seq_length_plus_max_new_tokens)_x_examples_x_generation_samples,generation_evaluations;excludes_tokenization_scoring_and_bias_disentangle,0.0,1.1295337162683187e+17,6x_parameter_token_upper_bound_over_reference_target_candidate_and_adam_warmup_gradients,1.1295337177070501e+17,feature=[6x_parameter_token_upper_bound_over_reference_target_candidate_and_adam_warmup_gradients];algorithm=[analytical_safe_tensor_arithmetic_by_solver_and_geometry],floating_point_operations;excludes_integer_indexing_sorting_rng_and_io,143873136.0,analytical_safe_tensor_arithmetic_by_solver_and_geometry,3695904685572096.0,4.667168146776883e+16,1.5962505323847386e+17,4793409119838208.0,3832507489320960.0,True,transformers_floating_point_ops_with_6x_token_parameter_fallback;generation_uses_2x_parameter_token_upper_bound;final_generation_uses_2x_parameter_token_upper_bound,,,0.542713567839196,"truthfulqa,mmlu_non_medical",0.0002,9.286948546859685,,,SAFE-(T_K),,13.968996621668339,True,,0.60546875,T_K,,0.004213971328735352,0.0016413067750071521,43,,/workspace/safe-drift/outputs/setting_2_medqa_medmcqa_reference_coverage_gamma_v1/repeat_01/olmo7b_instruct/KR64_KT16/pct25.6/safe_reference_precondsgd_refB_T_K_gamma1_epsm1/training_runs/safe_low_rank_sgd_reference_greedy_marginal_eta0.0002_metricFplusAlpha_gamma1_epsm1_caln64_calseed43_pct25.6_seed43/summary.json,0.453125,adamw,,2.1367278178686044,True,,0.16511117515017198,0.0,13.968996621668339,
,,11.571186253404992,True,,0.5118110236220472,,,0.0,1888146002460672.0,3.2461714170576896e+16,2x_parameter_count_x_(max_seq_length_plus_max_new_tokens)_x_examples_x_generation_samples,generation_evaluations;excludes_tokenization_scoring_and_bias_disentangle,0.0,1.1295337162683187e+17,6x_parameter_token_upper_bound_over_reference_target_candidate_and_adam_warmup_gradients,1.1295337177070501e+17,feature=[6x_parameter_token_upper_bound_over_reference_target_candidate_and_adam_warmup_gradients];algorithm=[analytical_safe_tensor_arithmetic_by_solver_and_geometry],floating_point_operations;excludes_integer_indexing_sorting_rng_and_io,143873136.0,analytical_safe_tensor_arithmetic_by_solver_and_geometry,3438532254646272.0,4.641430903684301e+16,1.5936768080754803e+17,4793409119838208.0,3832507489320960.0,True,transformers_floating_point_ops_with_6x_token_parameter_fallback;generation_uses_2x_parameter_token_upper_bound;final_generation_uses_2x_parameter_token_upper_bound,,,0.5251256281407035,"bbq,mmlu_non_medical",0.0002,9.016338842496465,,,SAFE-(B_K),,13.566440910100937,True,,0.57421875,B_K,,0.008534867477416993,0.01549733857628361,43,,/workspace/safe-drift/outputs/setting_2_medqa_medmcqa_reference_coverage_gamma_v1/repeat_01/olmo7b_instruct/KR64_KT16/pct25.6/safe_reference_precondsgd_refB_T_K_gamma1_epsm2/training_runs/safe_low_rank_sgd_reference_greedy_marginal_eta0.0002_metricFplusAlpha_gamma1_epsm2_caln64_calseed43_pct25.6_seed43/summary.json,0.40234375,adamw,,1.911389363983463,False,,0.22505520299175363,0.0,13.566440910100937,
,,11.605407196705736,True,,0.46062992125984253,,,,1888146002460672.0,,,,0.0,,,1.1295337162683187e+17,6x_parameter_token_upper_bound_over_reference_target_candidate_and_adam_warmup_gradients,,,,3201526828105728.0,1.3715589439725568e+16,1.2666896106655744e+17,4793409119838208.0,3832507489320960.0,True,transformers_floating_point_ops_with_6x_token_parameter_fallback;generation_uses_2x_parameter_token_upper_bound,,,0.5376884422110553,"bbq,truthfulqa",,9.105945940707587,,,SAFE-(B_T),,13.650043422977129,False,,0.56640625,B_T,,0.0021583358764648442,6.468232662640082e-06,43,,/workspace/safe-drift/outputs/setting_2_medqa_medmcqa_reference_coverage_gamma_v1/repeat_01/olmo7b_instruct/KR64_KT16/pct25.6/safe_reference_precondsgd_refB_T_gamma0.01_epsm0.5/training_runs/safe_low_rank_sgd_reference_greedy_marginal_eta0.0002_metricFplusAlpha_gamma0.01_epsm0.5_caln64_calseed43_pct25.6_seed43/summary.json,0.41015625,adamw,,2.062387202439893,True,,0.16805152056886738,,13.650043422977129,
,,11.558788146872534,True,,0.42913385826771655,,,,1888146002460672.0,,,,0.0,,,1.1295337162683187e+17,6x_parameter_token_upper_bound_over_reference_target_candidate_and_adam_warmup_gradients,,,,3244754755780608.0,1.3758817367400448e+16,1.2671218899423232e+17,4793409119838208.0,3832507489320960.0,True,transformers_floating_point_ops_with_6x_token_parameter_fallback;generation_uses_2x_parameter_token_upper_bound,,,0.5376884422110553,"bbq,truthfulqa",,9.262016435983766,,,SAFE-(B_T),,13.887234960993132,False,,0.546875,B_T,,0.0043166717529296884,2.5872930650560328e-05,43,,/workspace/safe-drift/outputs/setting_2_medqa_medmcqa_reference_coverage_gamma_v1/repeat_01/olmo7b_instruct/KR64_KT16/pct25.6/safe_reference_precondsgd_refB_T_gamma0.01_epsm1/training_runs/safe_low_rank_sgd_reference_greedy_marginal_eta0.0002_metricFplusAlpha_gamma0.01_epsm1_caln64_calseed43_pct25.6_seed43/summary.json,0.39453125,adamw,,2.3400262000856293,True,,0.14382745690683948,,13.887234960993132,
,,12.164963126495442,True,,0.4566929133858268,,,,1888146002460672.0,,,,0.0,,,1.1295337162683187e+17,6x_parameter_token_upper_bound_over_reference_target_candidate_and_adam_warmup_gradients,,,,3311508651786240.0,1.382557126340608e+16,1.2677894289023795e+17,4793409119838208.0,3832507489320960.0,True,transformers_floating_point_ops_with_6x_token_parameter_fallback;generation_uses_2x_parameter_token_upper_bound,,,0.5301507537688442,"bbq,truthfulqa",,9.642864439885118,,,SAFE-(B_T),,14.560541634758314,False,,0.52734375,B_T,,0.008633343505859377,0.00010349172260224131,43,,/workspace/safe-drift/outputs/setting_2_medqa_medmcqa_reference_coverage_gamma_v1/repeat_01/olmo7b_instruct/KR64_KT16/pct25.6/safe_reference_precondsgd_refB_T_gamma0.01_epsm2/training_runs/safe_low_rank_sgd_reference_greedy_marginal_eta0.0002_metricFplusAlpha_gamma0.01_epsm2_caln64_calseed43_pct25.6_seed43/summary.json,0.39453125,adamw,,2.203088558401599,True,,0.1615799710317256,,14.560541634758314,
,,12.10460071113166,True,,0.4448818897637795,,,,1888146002460672.0,,,,0.0,,,1.1295337162683187e+17,6x_parameter_token_upper_bound_over_reference_target_candidate_and_adam_warmup_gradients,,,,3410766624178176.0,1.3924829235798016e+16,1.2687820086262989e+17,4793409119838208.0,3832507489320960.0,True,transformers_floating_point_ops_with_6x_token_parameter_fallback;generation_uses_2x_parameter_token_upper_bound,,,0.5251256281407035,"bbq,truthfulqa",,9.623964437142204,,,SAFE-(B_T),,14.479276202619076,False,,0.5625,B_T,,0.0021303730964660644,6.023337930917549e-05,43,,/workspace/safe-drift/outputs/setting_2_medqa_medmcqa_reference_coverage_gamma_v1/repeat_01/olmo7b_instruct/KR64_KT16/pct25.6/safe_reference_precondsgd_refB_T_gamma0.1_epsm0.5/training_runs/safe_low_rank_sgd_reference_greedy_marginal_eta0.0002_metricFplusAlpha_gamma0.1_epsm0.5_caln64_calseed43_pct25.6_seed43/summary.json,0.41796875,adamw,,2.288016397675874,True,,0.15785728216015238,,14.479276202619076,
,,12.10742236560411,True,,0.4645669291338583,,,,1888146002460672.0,,,,0.0,,,1.1295337162683187e+17,6x_parameter_token_upper_bound_over_reference_target_candidate_and_adam_warmup_gradients,,,,3459979957223424.0,1.3974042568843264e+16,1.2692741419567514e+17,4793409119838208.0,3832507489320960.0,True,transformers_floating_point_ops_with_6x_token_parameter_fallback;generation_uses_2x_parameter_token_upper_bound,,,0.5326633165829145,"bbq,truthfulqa",,9.492591103800025,,,SAFE-(B_T),,14.172054221232733,False,,0.59375,B_T,,0.0043166717529296884,0.0002587293065056033,43,,/workspace/safe-drift/outputs/setting_2_medqa_medmcqa_reference_coverage_gamma_v1/repeat_01/olmo7b_instruct/KR64_KT16/pct25.6/safe_reference_precondsgd_refB_T_gamma0.1_epsm1/training_runs/safe_low_rank_sgd_reference_greedy_marginal_eta0.0002_metricFplusAlpha_gamma0.1_epsm1_caln64_calseed43_pct25.6_seed43/summary.json,0.4296875,adamw,,2.198296724563236,True,,0.16944847624127413,,14.172054221232733,
,,11.749784609777095,True,,0.5236220472440944,,,,1888146002460672.0,,,,0.0,,,1.1295337162683187e+17,6x_parameter_token_upper_bound_over_reference_target_candidate_and_adam_warmup_gradients,,,,3524406195585024.0,1.4038468807204864e+16,1.2699184043403674e+17,4793409119838208.0,3832507489320960.0,True,transformers_floating_point_ops_with_6x_token_parameter_fallback;generation_uses_2x_parameter_token_upper_bound,,,0.5301507537688442,"bbq,truthfulqa",,9.38074674664328,,,SAFE-(B_T),,14.104642306764921,False,,0.58984375,B_T,,0.008633343505859377,0.0010349172260224132,43,,/workspace/safe-drift/outputs/setting_2_medqa_medmcqa_reference_coverage_gamma_v1/repeat_01/olmo7b_instruct/KR64_KT16/pct25.6/safe_reference_precondsgd_refB_T_gamma0.1_epsm2/training_runs/safe_low_rank_sgd_reference_greedy_marginal_eta0.0002_metricFplusAlpha_gamma0.1_epsm2_caln64_calseed43_pct25.6_seed43/summary.json,0.4375,adamw,,2.287813323387827,True,,0.16528788676379075,,14.104642306764921,
,,11.843206197883827,True,,0.5118110236220472,,,,1888146002460672.0,,,,0.0,,,1.1295337162683187e+17,6x_parameter_token_upper_bound_over_reference_target_candidate_and_adam_warmup_gradients,,,,3667557140692992.0,1.4181619752312832e+16,1.271349913791447e+17,4793409119838208.0,3832507489320960.0,True,transformers_floating_point_ops_with_6x_token_parameter_fallback;generation_uses_2x_parameter_token_upper_bound,,,0.5201005025125628,"bbq,truthfulqa",,9.4446818148154,,,SAFE-(B_T),,14.3369563271602,False,,0.6015625,B_T,,0.0021583358764648442,0.0006468232662640082,43,,/workspace/safe-drift/outputs/setting_2_medqa_medmcqa_reference_coverage_gamma_v1/repeat_01/olmo7b_instruct/KR64_KT16/pct25.6/safe_reference_precondsgd_refB_T_gamma1_epsm0.5/training_runs/safe_low_rank_sgd_reference_greedy_marginal_eta0.0002_metricFplusAlpha_gamma1_epsm0.5_caln64_calseed43_pct25.6_seed43/summary.json,0.4296875,adamw,,2.1538829194021747,True,,0.15893091181020896,,14.3369563271602,
,,12.009259426687645,True,,0.5551181102362205,,,,1888146002460672.0,,,,0.0,,,1.1295337162683187e+17,6x_parameter_token_upper_bound_over_reference_target_candidate_and_adam_warmup_gradients,,,,3672129325350912.0,1.4186191936970752e+16,1.2713956356380262e+17,4793409119838208.0,3832507489320960.0,True,transformers_floating_point_ops_with_6x_token_parameter_fallback;generation_uses_2x_parameter_token_upper_bound,,,0.5376884422110553,"bbq,truthfulqa",,9.482918108611512,,,SAFE-(B_T),,14.260727296272913,False,,0.578125,B_T,,0.0043166717529296884,0.0025872930650560327,43,,/workspace/safe-drift/outputs/setting_2_medqa_medmcqa_reference_coverage_gamma_v1/repeat_01/olmo7b_instruct/KR64_KT16/pct25.6/safe_reference_precondsgd_refB_T_gamma1_epsm1/training_runs/safe_low_rank_sgd_reference_greedy_marginal_eta0.0002_metricFplusAlpha_gamma1_epsm1_caln64_calseed43_pct25.6_seed43/summary.json,0.44921875,adamw,,2.1787676028739815,True,,0.16422279848919463,,14.260727296272913,
,,11.403064397376353,True,,0.562992125984252,,,,1888146002460672.0,,,,0.0,,,1.1295337162683187e+17,6x_parameter_token_upper_bound_over_reference_target_candidate_and_adam_warmup_gradients,,,,3399543989108736.0,1.3913606600728576e+16,1.2686697822756045e+17,4793409119838208.0,3832507489320960.0,True,transformers_floating_point_ops_with_6x_token_parameter_fallback;generation_uses_2x_parameter_token_upper_bound,,,0.5477386934673367,"bbq,truthfulqa",,9.025563979707725,,,SAFE-(B_T),,13.688081142803034,False,,0.54296875,B_T,,0.008633343505859377,0.01034917226022413,43,,/workspace/safe-drift/outputs/setting_2_medqa_medmcqa_reference_coverage_gamma_v1/repeat_01/olmo7b_instruct/KR64_KT16/pct25.6/safe_reference_precondsgd_refB_T_gamma1_epsm2/training_runs/safe_low_rank_sgd_reference_greedy_marginal_eta0.0002_metricFplusAlpha_gamma1_epsm2_caln64_calseed43_pct25.6_seed43/summary.json,0.41796875,adamw,,1.985546398943789,True,,0.20215268028172206,,13.688081142803034,
,,11.747029319522888,False,,0.452755905511811,,,0.0,1888146002460672.0,3.2461714170576896e+16,2x_parameter_count_x_(max_seq_length_plus_max_new_tokens)_x_examples_x_generation_samples,generation_evaluations;excludes_tokenization_scoring_and_bias_disentangle,0.0,1.1295337162683187e+17,6x_parameter_token_upper_bound_over_reference_target_candidate_and_adam_warmup_gradients,1.1295337177070501e+17,feature=[6x_parameter_token_upper_bound_over_reference_target_candidate_and_adam_warmup_gradients];algorithm=[analytical_safe_tensor_arithmetic_by_solver_and_geometry],floating_point_operations;excludes_integer_indexing_sorting_rng_and_io,143873136.0,analytical_safe_tensor_arithmetic_by_solver_and_geometry,3241928314355712.0,4.621770509655245e+16,1.5917107686725747e+17,4793409119838208.0,3832507489320960.0,True,transformers_floating_point_ops_with_6x_token_parameter_fallback;generation_uses_2x_parameter_token_upper_bound;final_generation_uses_2x_parameter_token_upper_bound,,,0.5452261306532663,"truthfulqa,mmlu_non_medical",0.0002,9.22635421320461,,,SAFE-(T_K),,13.819471172988415,True,,0.55859375,T_K,,0.002156809139251709,4.734489689787188e-06,43,,/workspace/safe-drift/outputs/setting_2_medqa_medmcqa_reference_coverage_gamma_v1/repeat_01/olmo7b_instruct/KR64_KT16/pct25.6/safe_reference_precondsgd_refT_K_gamma0.01_epsm0.5/training_runs/safe_low_rank_sgd_reference_greedy_marginal_eta0.0002_metricFplusAlpha_gamma0.01_epsm0.5_caln64_calseed43_pct25.6_seed43/summary.json,0.40234375,adamw,,2.1125621471025275,True,,0.17299184516656618,0.0,13.819471172988415,
,,12.333743385755485,False,,0.468503937007874,,,0.0,1888146002460672.0,3.2461714170576896e+16,2x_parameter_count_x_(max_seq_length_plus_max_new_tokens)_x_examples_x_generation_samples,generation_evaluations;excludes_tokenization_scoring_and_bias_disentangle,0.0,1.1295337162683187e+17,6x_parameter_token_upper_bound_over_reference_target_candidate_and_adam_warmup_gradients,1.1295337177070501e+17,feature=[6x_parameter_token_upper_bound_over_reference_target_candidate_and_adam_warmup_gradients];algorithm=[analytical_safe_tensor_arithmetic_by_solver_and_geometry],floating_point_operations;excludes_integer_indexing_sorting_rng_and_io,143873136.0,analytical_safe_tensor_arithmetic_by_solver_and_geometry,3284906850140160.0,4.62606836323369e+16,1.5921405540304192e+17,4793409119838208.0,3832507489320960.0,True,transformers_floating_point_ops_with_6x_token_parameter_fallback;generation_uses_2x_parameter_token_upper_bound;final_generation_uses_2x_parameter_token_upper_bound,,,0.5251256281407035,"truthfulqa,mmlu_non_medical",0.0002,9.441424426194688,,,SAFE-(T_K),,13.795088772972425,True,,0.546875,T_K,,0.004213971328735352,1.641306775007152e-05,43,,/workspace/safe-drift/outputs/setting_2_medqa_medmcqa_reference_coverage_gamma_v1/repeat_01/olmo7b_instruct/KR64_KT16/pct25.6/safe_reference_precondsgd_refT_K_gamma0.01_epsm1/training_runs/safe_low_rank_sgd_reference_greedy_marginal_eta0.0002_metricFplusAlpha_gamma0.01_epsm1_caln64_calseed43_pct25.6_seed43/summary.json,0.39453125,adamw,,2.1954411198561514,True,,0.18281557894118472,0.0,13.795088772972425,
,,10.83352993542128,False,,0.484251968503937,,,0.0,1888146002460672.0,3.2461714170576896e+16,2x_parameter_count_x_(max_seq_length_plus_max_new_tokens)_x_examples_x_generation_samples,generation_evaluations;excludes_tokenization_scoring_and_bias_disentangle,0.0,1.1295337162683187e+17,6x_parameter_token_upper_bound_over_reference_target_candidate_and_adam_warmup_gradients,1.1295337177070501e+17,feature=[6x_parameter_token_upper_bound_over_reference_target_candidate_and_adam_warmup_gradients];algorithm=[analytical_safe_tensor_arithmetic_by_solver_and_geometry],floating_point_operations;excludes_integer_indexing_sorting_rng_and_io,143873136.0,analytical_safe_tensor_arithmetic_by_solver_and_geometry,3332041917431808.0,4.630781869962854e+16,1.5926119047033357e+17,4793409119838208.0,3832507489320960.0,True,transformers_floating_point_ops_with_6x_token_parameter_fallback;generation_uses_2x_parameter_token_upper_bound;final_generation_uses_2x_parameter_token_upper_bound,,,0.5452261306532663,"truthfulqa,mmlu_non_medical",0.0002,8.703396291928446,,,SAFE-(T_K),,13.159355801840624,True,,0.5625,T_K,,0.008427942657470704,6.565227100028608e-05,43,,/workspace/safe-drift/outputs/setting_2_medqa_medmcqa_reference_coverage_gamma_v1/repeat_01/olmo7b_instruct/KR64_KT16/pct25.6/safe_reference_precondsgd_refT_K_gamma0.01_epsm2/training_runs/safe_low_rank_sgd_reference_greedy_marginal_eta0.0002_metricFplusAlpha_gamma0.01_epsm2_caln64_calseed43_pct25.6_seed43/summary.json,0.42578125,adamw,,2.1173031385234324,True,,0.16240446760301164,0.0,13.159355801840624,
,,11.736900317074433,False,,0.4881889763779528,,,0.0,1888146002460672.0,3.2461714170576896e+16,2x_parameter_count_x_(max_seq_length_plus_max_new_tokens)_x_examples_x_generation_samples,generation_evaluations;excludes_tokenization_scoring_and_bias_disentangle,0.0,1.1295337162683187e+17,6x_parameter_token_upper_bound_over_reference_target_candidate_and_adam_warmup_gradients,1.1295337177070501e+17,feature=[6x_parameter_token_upper_bound_over_reference_target_candidate_and_adam_warmup_gradients];algorithm=[analytical_safe_tensor_arithmetic_by_solver_and_geometry],floating_point_operations;excludes_integer_indexing_sorting_rng_and_io,143873136.0,analytical_safe_tensor_arithmetic_by_solver_and_geometry,3391397187354624.0,4.636717396955136e+16,1.593205457402564e+17,4793409119838208.0,3832507489320960.0,True,transformers_floating_point_ops_with_6x_token_parameter_fallback;generation_uses_2x_parameter_token_upper_bound;final_generation_uses_2x_parameter_token_upper_bound,,,0.550251256281407,"truthfulqa,mmlu_non_medical",0.0002,9.352441835534504,,,SAFE-(T_K),,14.106196363766989,True,,0.58984375,T_K,,0.002106985664367676,4.10326693751788e-05,43,,/workspace/safe-drift/outputs/setting_2_medqa_medmcqa_reference_coverage_gamma_v1/repeat_01/olmo7b_instruct/KR64_KT16/pct25.6/safe_reference_precondsgd_refT_K_gamma0.1_epsm0.5/training_runs/safe_low_rank_sgd_reference_greedy_marginal_eta0.0002_metricFplusAlpha_gamma0.1_epsm0.5_caln64_calseed43_pct25.6_seed43/summary.json,0.43359375,adamw,,2.214228825762093,True,,0.16152769023894303,0.0,14.106196363766989,
,,11.24371807719153,False,,0.48031496062992124,,,0.0,1888146002460672.0,3.2461714170576896e+16,2x_parameter_count_x_(max_seq_length_plus_max_new_tokens)_x_examples_x_generation_samples,generation_evaluations;excludes_tokenization_scoring_and_bias_disentangle,0.0,1.1295337162683187e+17,6x_parameter_token_upper_bound_over_reference_target_candidate_and_adam_warmup_gradients,1.1295337177070501e+17,feature=[6x_parameter_token_upper_bound_over_reference_target_candidate_and_adam_warmup_gradients];algorithm=[analytical_safe_tensor_arithmetic_by_solver_and_geometry],floating_point_operations;excludes_integer_indexing_sorting_rng_and_io,143873136.0,analytical_safe_tensor_arithmetic_by_solver_and_geometry,3471784506703872.0,4.644756128890061e+16,1.5940093305960563e+17,4793409119838208.0,3832507489320960.0,True,transformers_floating_point_ops_with_6x_token_parameter_fallback;generation_uses_2x_parameter_token_upper_bound;final_generation_uses_2x_parameter_token_upper_bound,,,0.5226130653266332,"truthfulqa,mmlu_non_medical",0.0002,8.973013192342782,,,SAFE-(T_K),,13.633937406043211,True,,0.55859375,T_K,,0.004213971328735352,0.0001641306775007152,43,,/workspace/safe-drift/outputs/setting_2_medqa_medmcqa_reference_coverage_gamma_v1/repeat_01/olmo7b_instruct/KR64_KT16/pct25.6/safe_reference_precondsgd_refT_K_gamma0.1_epsm1/training_runs/safe_low_rank_sgd_reference_greedy_marginal_eta0.0002_metricFplusAlpha_gamma0.1_epsm1_caln64_calseed43_pct25.6_seed43/summary.json,0.421875,adamw,,2.0413840937936008,True,,0.16642249104324588,0.0,13.633937406043211,
,,12.296718925315878,True,,0.4763779527559055,,,0.0,1888146002460672.0,3.2461714170576896e+16,2x_parameter_count_x_(max_seq_length_plus_max_new_tokens)_x_examples_x_generation_samples,generation_evaluations;excludes_tokenization_scoring_and_bias_disentangle,0.0,1.1295337162683187e+17,6x_parameter_token_upper_bound_over_reference_target_candidate_and_adam_warmup_gradients,1.1295337177070501e+17,feature=[6x_parameter_token_upper_bound_over_reference_target_candidate_and_adam_warmup_gradients];algorithm=[analytical_safe_tensor_arithmetic_by_solver_and_geometry],floating_point_operations;excludes_integer_indexing_sorting_rng_and_io,143873136.0,analytical_safe_tensor_arithmetic_by_solver_and_geometry,3548264686436352.0,4.652404146863309e+16,1.594774132393381e+17,4793409119838208.0,3832507489320960.0,True,transformers_floating_point_ops_with_6x_token_parameter_fallback;generation_uses_2x_parameter_token_upper_bound;final_generation_uses_2x_parameter_token_upper_bound,,,0.535175879396985,"bbq,mmlu_non_medical",0.0002,9.738846337998703,,,SAFE-(B_K),,14.477125545342764,True,,0.6015625,B_K,,0.008534867477416993,0.001549733857628361,43,,/workspace/safe-drift/outputs/setting_2_medqa_medmcqa_reference_coverage_gamma_v1/repeat_01/olmo7b_instruct/KR64_KT16/pct25.6/safe_reference_precondsgd_refT_K_gamma0.1_epsm2/training_runs/safe_low_rank_sgd_reference_greedy_marginal_eta0.0002_metricFplusAlpha_gamma0.1_epsm2_caln64_calseed43_pct25.6_seed43/summary.json,0.4375,adamw,,2.4426945433374696,False,,0.16257092671811263,0.0,14.477125545342764,
,,11.998590379249393,False,,0.4881889763779528,,,0.0,1888146002460672.0,3.2461714170576896e+16,2x_parameter_count_x_(max_seq_length_plus_max_new_tokens)_x_examples_x_generation_samples,generation_evaluations;excludes_tokenization_scoring_and_bias_disentangle,0.0,1.1295337162683187e+17,6x_parameter_token_upper_bound_over_reference_target_candidate_and_adam_warmup_gradients,1.1295337177070501e+17,feature=[6x_parameter_token_upper_bound_over_reference_target_candidate_and_adam_warmup_gradients];algorithm=[analytical_safe_tensor_arithmetic_by_solver_and_geometry],floating_point_operations;excludes_integer_indexing_sorting_rng_and_io,143873136.0,analytical_safe_tensor_arithmetic_by_solver_and_geometry,3679195428913152.0,4.665497221110989e+16,1.596083439818149e+17,4793409119838208.0,3832507489320960.0,True,transformers_floating_point_ops_with_6x_token_parameter_fallback;generation_uses_2x_parameter_token_upper_bound;final_generation_uses_2x_parameter_token_upper_bound,,,0.5402010050251256,"truthfulqa,mmlu_non_medical",0.0002,9.448334876049758,,,SAFE-(T_K),,14.170874066650867,True,,0.59765625,T_K,,0.002106985664367676,0.00041032669375178803,43,,/workspace/safe-drift/outputs/setting_2_medqa_medmcqa_reference_coverage_gamma_v1/repeat_01/olmo7b_instruct/KR64_KT16/pct25.6/safe_reference_precondsgd_refT_K_gamma1_epsm0.5/training_runs/safe_low_rank_sgd_reference_greedy_marginal_eta0.0002_metricFplusAlpha_gamma1_epsm0.5_caln64_calseed43_pct25.6_seed43/summary.json,0.44921875,adamw,,2.1755401822490117,True,,0.16597401490554184,0.0,14.170874066650867,
,,11.755121201042115,False,,0.5669291338582677,,,0.0,1888146002460672.0,3.2461714170576896e+16,2x_parameter_count_x_(max_seq_length_plus_max_new_tokens)_x_examples_x_generation_samples,generation_evaluations;excludes_tokenization_scoring_and_bias_disentangle,0.0,1.1295337162683187e+17,6x_parameter_token_upper_bound_over_reference_target_candidate_and_adam_warmup_gradients,1.1295337177070501e+17,feature=[6x_parameter_token_upper_bound_over_reference_target_candidate_and_adam_warmup_gradients];algorithm=[analytical_safe_tensor_arithmetic_by_solver_and_geometry],floating_point_operations;excludes_integer_indexing_sorting_rng_and_io,143873136.0,analytical_safe_tensor_arithmetic_by_solver_and_geometry,3695904685572096.0,4.667168146776883e+16,1.5962505323847386e+17,4793409119838208.0,3832507489320960.0,True,transformers_floating_point_ops_with_6x_token_parameter_fallback;generation_uses_2x_parameter_token_upper_bound;final_generation_uses_2x_parameter_token_upper_bound,,,0.542713567839196,"truthfulqa,mmlu_non_medical",0.0002,9.286948546859685,,,SAFE-(T_K),,13.968996621668339,True,,0.60546875,T_K,,0.004213971328735352,0.0016413067750071521,43,,/workspace/safe-drift/outputs/setting_2_medqa_medmcqa_reference_coverage_gamma_v1/repeat_01/olmo7b_instruct/KR64_KT16/pct25.6/safe_reference_precondsgd_refT_K_gamma1_epsm1/training_runs/safe_low_rank_sgd_reference_greedy_marginal_eta0.0002_metricFplusAlpha_gamma1_epsm1_caln64_calseed43_pct25.6_seed43/summary.json,0.453125,adamw,,2.1367278178686044,True,,0.16511117515017198,0.0,13.968996621668339,
,,11.571186253404992,True,,0.5118110236220472,,,0.0,1888146002460672.0,3.2461714170576896e+16,2x_parameter_count_x_(max_seq_length_plus_max_new_tokens)_x_examples_x_generation_samples,generation_evaluations;excludes_tokenization_scoring_and_bias_disentangle,0.0,1.1295337162683187e+17,6x_parameter_token_upper_bound_over_reference_target_candidate_and_adam_warmup_gradients,1.1295337177070501e+17,feature=[6x_parameter_token_upper_bound_over_reference_target_candidate_and_adam_warmup_gradients];algorithm=[analytical_safe_tensor_arithmetic_by_solver_and_geometry],floating_point_operations;excludes_integer_indexing_sorting_rng_and_io,143873136.0,analytical_safe_tensor_arithmetic_by_solver_and_geometry,3438532254646272.0,4.641430903684301e+16,1.5936768080754803e+17,4793409119838208.0,3832507489320960.0,True,transformers_floating_point_ops_with_6x_token_parameter_fallback;generation_uses_2x_parameter_token_upper_bound;final_generation_uses_2x_parameter_token_upper_bound,,,0.5251256281407035,"bbq,mmlu_non_medical",0.0002,9.016338842496465,,,SAFE-(B_K),,13.566440910100937,True,,0.57421875,B_K,,0.008534867477416993,0.01549733857628361,43,,/workspace/safe-drift/outputs/setting_2_medqa_medmcqa_reference_coverage_gamma_v1/repeat_01/olmo7b_instruct/KR64_KT16/pct25.6/safe_reference_precondsgd_refT_K_gamma1_epsm2/training_runs/safe_low_rank_sgd_reference_greedy_marginal_eta0.0002_metricFplusAlpha_gamma1_epsm2_caln64_calseed43_pct25.6_seed43/summary.json,0.40234375,adamw,,1.911389363983463,False,,0.22505520299175363,0.0,13.566440910100937,
0.43359375,0.5787401574803149,11.889568436489956,False,0.0,0.6299212598425197,3.0252009834676224e+16,2x_parameter_count_x_(max_seq_length_plus_max_new_tokens)_x_examples_x_generation_samples,0.0,1872988517564416.0,3.2461714170576896e+16,2x_parameter_count_x_(max_seq_length_plus_max_new_tokens)_x_examples_x_generation_samples,generation_evaluations;excludes_tokenization_scoring_and_bias_disentangle,0.0,1.1295337162683187e+17,6x_parameter_token_upper_bound_over_reference_target_candidate_and_adam_warmup_gradients,1.1295337170877445e+17,feature=[6x_parameter_token_upper_bound_over_reference_target_candidate_and_adam_warmup_gradients];algorithm=[analytical_less_preconditioning_normalization_and_matrix_vector_scoring],floating_point_operations;excludes_integer_indexing_sorting_rng_and_io,81942576.0,analytical_less_preconditioning_normalization_and_matrix_vector_scoring,3469373718429696.0,4.618574136926208e+16,1.5913911307803654e+17,4549157473370112.0,3832507489320960.0,True,transformers_floating_point_ops_with_6x_token_parameter_fallback;generation_uses_2x_parameter_token_upper_bound;final_generation_uses_2x_parameter_token_upper_bound,0.4975124378109453,0.004975124378109486,0.4925373134328358,,0.0002,9.161247561761053,0.03650764799729727,0.0,LESS,0.546875,13.350073404610157,False,0.0,0.58984375,,,,,44,,/workspace/safe-drift/outputs/setting_2_medqa_medmcqa_reference_coverage_gamma_v1/repeat_02/olmo7b_instruct/KR64_KT16/pct25.6/baseline_less_no_reference/training_runs/less_random_sketch_sgd_pct25.6_seed44/summary.json,0.43359375,adamw,0.2539129749412385,2.244100844183049,False,0.1095229439918918,0.1443900309493467,0.0,13.350073404610157,0.1095229439918918
,,12.547727574826538,True,,0.4448818897637795,,,0.0,1872988517564416.0,3.2461714170576896e+16,2x_parameter_count_x_(max_seq_length_plus_max_new_tokens)_x_examples_x_generation_samples,generation_evaluations;excludes_tokenization_scoring_and_bias_disentangle,0.0,1.1295337162683187e+17,6x_parameter_token_upper_bound_over_reference_target_candidate_and_adam_warmup_gradients,1.1295337177070501e+17,feature=[6x_parameter_token_upper_bound_over_reference_target_candidate_and_adam_warmup_gradients];algorithm=[analytical_safe_tensor_arithmetic_by_solver_and_geometry],floating_point_operations;excludes_integer_indexing_sorting_rng_and_io,143873136.0,analytical_safe_tensor_arithmetic_by_solver_and_geometry,3224637143285760.0,4.594100479411814e+16,1.5889437656482317e+17,4549157473370112.0,3832507489320960.0,True,transformers_floating_point_ops_with_6x_token_parameter_fallback;generation_uses_2x_parameter_token_upper_bound;final_generation_uses_2x_parameter_token_upper_bound,,,0.5,"bbq,truthfulqa",0.0002,9.752023559369437,,,SAFE-(B_T),,14.368232433994612,False,,0.56640625,B_T,,0.0021919071197509764,5.716016657280233e-06,44,,/workspace/safe-drift/outputs/setting_2_medqa_medmcqa_reference_coverage_gamma_v1/repeat_02/olmo7b_instruct/KR64_KT16/pct25.6/safe_reference_precondsgd_refB_K_gamma0.01_epsm0.5/training_runs/safe_low_rank_sgd_reference_greedy_marginal_eta0.0002_metricFplusAlpha_gamma0.01_epsm0.5_caln64_calseed44_pct25.6_seed44/summary.json,0.44921875,adamw,,2.340110669287163,True,,0.12642589264506884,0.0,14.368232433994612,
,,12.243947847621648,True,,0.48031496062992124,,,0.0,1872988517564416.0,3.2461714170576896e+16,2x_parameter_count_x_(max_seq_length_plus_max_new_tokens)_x_examples_x_generation_samples,generation_evaluations;excludes_tokenization_scoring_and_bias_disentangle,0.0,1.1295337162683187e+17,6x_parameter_token_upper_bound_over_reference_target_candidate_and_adam_warmup_gradients,1.1295337177070501e+17,feature=[6x_parameter_token_upper_bound_over_reference_target_candidate_and_adam_warmup_gradients];algorithm=[analytical_safe_tensor_arithmetic_by_solver_and_geometry],floating_point_operations;excludes_integer_indexing_sorting_rng_and_io,143873136.0,analytical_safe_tensor_arithmetic_by_solver_and_geometry,3284906850140160.0,4.600127450097254e+16,1.5895464627167757e+17,4549157473370112.0,3832507489320960.0,True,transformers_floating_point_ops_with_6x_token_parameter_fallback;generation_uses_2x_parameter_token_upper_bound;final_generation_uses_2x_parameter_token_upper_bound,,,0.5024875621890548,"bbq,truthfulqa",0.0002,9.336853101522237,,,SAFE-(B_T),,13.700324666996798,False,,0.578125,B_T,,0.004383814239501953,2.2864066629120932e-05,44,,/workspace/safe-drift/outputs/setting_2_medqa_medmcqa_reference_coverage_gamma_v1/repeat_02/olmo7b_instruct/KR64_KT16/pct25.6/safe_reference_precondsgd_refB_K_gamma0.01_epsm1/training_runs/safe_low_rank_sgd_reference_greedy_marginal_eta0.0002_metricFplusAlpha_gamma0.01_epsm1_caln64_calseed44_pct25.6_seed44/summary.json,0.4765625,adamw,,2.066286789948266,True,,0.1501903401158544,0.0,13.700324666996798,
,,11.760256647125004,True,,0.4645669291338583,,,0.0,1872988517564416.0,3.2461714170576896e+16,2x_parameter_count_x_(max_seq_length_plus_max_new_tokens)_x_examples_x_generation_samples,generation_evaluations;excludes_tokenization_scoring_and_bias_disentangle,0.0,1.1295337162683187e+17,6x_parameter_token_upper_bound_over_reference_target_candidate_and_adam_warmup_gradients,1.1295337177070501e+17,feature=[6x_parameter_token_upper_bound_over_reference_target_candidate_and_adam_warmup_gradients];algorithm=[analytical_safe_tensor_arithmetic_by_solver_and_geometry],floating_point_operations;excludes_integer_indexing_sorting_rng_and_io,143873136.0,analytical_safe_tensor_arithmetic_by_solver_and_geometry,3396468155793408.0,4.611283580662579e+16,1.590662075773308e+17,4549157473370112.0,3832507489320960.0,True,transformers_floating_point_ops_with_6x_token_parameter_fallback;generation_uses_2x_parameter_token_upper_bound;final_generation_uses_2x_parameter_token_upper_bound,,,0.5149253731343284,"bbq,truthfulqa",0.0002,9.034798727779679,,,SAFE-(B_T),,13.298045719663302,False,,0.58203125,B_T,,0.008767628479003906,9.145626651648373e-05,44,,/workspace/safe-drift/outputs/setting_2_medqa_medmcqa_reference_coverage_gamma_v1/repeat_02/olmo7b_instruct/KR64_KT16/pct25.6/safe_reference_precondsgd_refB_K_gamma0.01_epsm2/training_runs/safe_low_rank_sgd_reference_greedy_marginal_eta0.0002_metricFplusAlpha_gamma0.01_epsm2_caln64_calseed44_pct25.6_seed44/summary.json,0.4375,adamw,,2.0460938165507274,True,,0.14982993799893768,0.0,13.298045719663302,
,,11.88841610255204,True,,0.4645669291338583,,,0.0,1872988517564416.0,3.2461714170576896e+16,2x_parameter_count_x_(max_seq_length_plus_max_new_tokens)_x_examples_x_generation_samples,generation_evaluations;excludes_tokenization_scoring_and_bias_disentangle,0.0,1.1295337162683187e+17,6x_parameter_token_upper_bound_over_reference_target_candidate_and_adam_warmup_gradients,1.1295337177070501e+17,feature=[6x_parameter_token_upper_bound_over_reference_target_candidate_and_adam_warmup_gradients];algorithm=[analytical_safe_tensor_arithmetic_by_solver_and_geometry],floating_point_operations;excludes_integer_indexing_sorting_rng_and_io,143873136.0,analytical_safe_tensor_arithmetic_by_solver_and_geometry,3467627975196672.0,4.618399562602906e+16,1.5913736739673408e+17,4549157473370112.0,3832507489320960.0,True,transformers_floating_point_ops_with_6x_token_parameter_fallback;generation_uses_2x_parameter_token_upper_bound;final_generation_uses_2x_parameter_token_upper_bound,,,0.5,"bbq,truthfulqa",0.0002,9.166537835495012,,,SAFE-(B_T),,13.518704379598299,False,,0.58203125,B_T,,0.0021919071197509764,5.716016657280233e-05,44,,/workspace/safe-drift/outputs/setting_2_medqa_medmcqa_reference_coverage_gamma_v1/repeat_02/olmo7b_instruct/KR64_KT16/pct25.6/safe_reference_precondsgd_refB_K_gamma0.1_epsm0.5/training_runs/safe_low_rank_sgd_reference_greedy_marginal_eta0.0002_metricFplusAlpha_gamma0.1_epsm0.5_caln64_calseed44_pct25.6_seed44/summary.json,0.4765625,adamw,,2.0924930243346997,True,,0.14335470516108856,0.0,13.518704379598299,
,,12.26666254008536,True,,0.4645669291338583,,,0.0,1872988517564416.0,3.2461714170576896e+16,2x_parameter_count_x_(max_seq_length_plus_max_new_tokens)_x_examples_x_generation_samples,generation_evaluations;excludes_tokenization_scoring_and_bias_disentangle,0.0,1.1295337162683187e+17,6x_parameter_token_upper_bound_over_reference_target_candidate_and_adam_warmup_gradients,1.1295337177070501e+17,feature=[6x_parameter_token_upper_bound_over_reference_target_candidate_and_adam_warmup_gradients];algorithm=[analytical_safe_tensor_arithmetic_by_solver_and_geometry],floating_point_operations;excludes_integer_indexing_sorting_rng_and_io,143873136.0,analytical_safe_tensor_arithmetic_by_solver_and_geometry,3586255384412160.0,4.630262303524454e+16,1.5925599480594957e+17,4549157473370112.0,3832507489320960.0,True,transformers_floating_point_ops_with_6x_token_parameter_fallback;generation_uses_2x_parameter_token_upper_bound;final_generation_uses_2x_parameter_token_upper_bound,,,0.5049751243781094,"bbq,truthfulqa",0.0002,9.402397501541293,,,SAFE-(B_T),,13.666165915628275,False,,0.58984375,B_T,,0.004383814239501953,0.00022864066629120933,44,,/workspace/safe-drift/outputs/setting_2_medqa_medmcqa_reference_coverage_gamma_v1/repeat_02/olmo7b_instruct/KR64_KT16/pct25.6/safe_reference_precondsgd_refB_K_gamma0.1_epsm1/training_runs/safe_low_rank_sgd_reference_greedy_marginal_eta0.0002_metricFplusAlpha_gamma0.1_epsm1_caln64_calseed44_pct25.6_seed44/summary.json,0.484375,adamw,,2.274364048910246,True,,0.13562119788053312,0.0,13.666165915628275,
,,12.088497850212837,True,,0.5275590551181102,,,0.0,1872988517564416.0,3.2461714170576896e+16,2x_parameter_count_x_(max_seq_length_plus_max_new_tokens)_x_examples_x_generation_samples,generation_evaluations;excludes_tokenization_scoring_and_bias_disentangle,0.0,1.1295337162683187e+17,6x_parameter_token_upper_bound_over_reference_target_candidate_and_adam_warmup_gradients,1.1295337177070501e+17,feature=[6x_parameter_token_upper_bound_over_reference_target_candidate_and_adam_warmup_gradients];algorithm=[analytical_safe_tensor_arithmetic_by_solver_and_geometry],floating_point_operations;excludes_integer_indexing_sorting_rng_and_io,143873136.0,analytical_safe_tensor_arithmetic_by_solver_and_geometry,3630979663429632.0,4.634734731426202e+16,1.5930071908496704e+17,4549157473370112.0,3832507489320960.0,True,transformers_floating_point_ops_with_6x_token_parameter_fallback;generation_uses_2x_parameter_token_upper_bound;final_generation_uses_2x_parameter_token_upper_bound,,,0.5,"bbq,truthfulqa",0.0002,9.418291331459924,,,SAFE-(B_T),,13.872556331257025,False,,0.59765625,B_T,,0.008767628479003906,0.0009145626651648373,44,,/workspace/safe-drift/outputs/setting_2_medqa_medmcqa_reference_coverage_gamma_v1/repeat_02/olmo7b_instruct/KR64_KT16/pct25.6/safe_reference_precondsgd_refB_K_gamma0.1_epsm2/training_runs/safe_low_rank_sgd_reference_greedy_marginal_eta0.0002_metricFplusAlpha_gamma0.1_epsm2_caln64_calseed44_pct25.6_seed44/summary.json,0.44921875,adamw,,2.293819812909914,True,,0.13848758397647032,0.0,13.872556331257025,
,,12.081774105862996,True,,0.4645669291338583,,,0.0,1872988517564416.0,3.2461714170576896e+16,2x_parameter_count_x_(max_seq_length_plus_max_new_tokens)_x_examples_x_generation_samples,generation_evaluations;excludes_tokenization_scoring_and_bias_disentangle,0.0,1.1295337162683187e+17,6x_parameter_token_upper_bound_over_reference_target_candidate_and_adam_warmup_gradients,1.1295337177070501e+17,feature=[6x_parameter_token_upper_bound_over_reference_target_candidate_and_adam_warmup_gradients];algorithm=[analytical_safe_tensor_arithmetic_by_solver_and_geometry],floating_point_operations;excludes_integer_indexing_sorting_rng_and_io,143873136.0,analytical_safe_tensor_arithmetic_by_solver_and_geometry,3679029167652864.0,4.639539681848525e+16,1.5934876858919027e+17,4549157473370112.0,3832507489320960.0,True,transformers_floating_point_ops_with_6x_token_parameter_fallback;generation_uses_2x_parameter_token_upper_bound;final_generation_uses_2x_parameter_token_upper_bound,,,0.5,"bbq,truthfulqa",0.0002,9.270524247370375,,,SAFE-(B_T),,13.48156063258648,False,,0.58984375,B_T,,0.0021919071197509764,0.0005716016657280233,44,,/workspace/safe-drift/outputs/setting_2_medqa_medmcqa_reference_coverage_gamma_v1/repeat_02/olmo7b_instruct/KR64_KT16/pct25.6/safe_reference_precondsgd_refB_K_gamma1_epsm0.5/training_runs/safe_low_rank_sgd_reference_greedy_marginal_eta0.0002_metricFplusAlpha_gamma1_epsm0.5_caln64_calseed44_pct25.6_seed44/summary.json,0.4765625,adamw,,2.24823800366165,True,,0.12619431037880655,0.0,13.48156063258648,
,,12.271051119005898,True,,0.468503937007874,,,0.0,1872988517564416.0,3.2461714170576896e+16,2x_parameter_count_x_(max_seq_length_plus_max_new_tokens)_x_examples_x_generation_samples,generation_evaluations;excludes_tokenization_scoring_and_bias_disentangle,0.0,1.1295337162683187e+17,6x_parameter_token_upper_bound_over_reference_target_candidate_and_adam_warmup_gradients,1.1295337177070501e+17,feature=[6x_parameter_token_upper_bound_over_reference_target_candidate_and_adam_warmup_gradients];algorithm=[analytical_safe_tensor_arithmetic_by_solver_and_geometry],floating_point_operations;excludes_integer_indexing_sorting_rng_and_io,143873136.0,analytical_safe_tensor_arithmetic_by_solver_and_geometry,3729323198889984.0,4.644569084972237e+16,1.593990626204274e+17,4549157473370112.0,3832507489320960.0,True,transformers_floating_point_ops_with_6x_token_parameter_fallback;generation_uses_2x_parameter_token_upper_bound;final_generation_uses_2x_parameter_token_upper_bound,,,0.5049751243781094,"bbq,truthfulqa",0.0002,9.570832934112802,,,SAFE-(B_T),,14.059114476044973,False,,0.59375,B_T,,0.004383814239501953,0.002286406662912093,44,,/workspace/safe-drift/outputs/setting_2_medqa_medmcqa_reference_coverage_gamma_v1/repeat_02/olmo7b_instruct/KR64_KT16/pct25.6/safe_reference_precondsgd_refB_K_gamma1_epsm1/training_runs/safe_low_rank_sgd_reference_greedy_marginal_eta0.0002_metricFplusAlpha_gamma1_epsm1_caln64_calseed44_pct25.6_seed44/summary.json,0.4453125,adamw,,2.3823332072875325,True,,0.13528288498117405,0.0,14.059114476044973,
,,12.43918965807737,True,,0.610236220472441,,,0.0,1872988517564416.0,3.2461714170576896e+16,2x_parameter_count_x_(max_seq_length_plus_max_new_tokens)_x_examples_x_generation_samples,generation_evaluations;excludes_tokenization_scoring_and_bias_disentangle,0.0,1.1295337162683187e+17,6x_parameter_token_upper_bound_over_reference_target_candidate_and_adam_warmup_gradients,1.1295337177070501e+17,feature=[6x_parameter_token_upper_bound_over_reference_target_candidate_and_adam_warmup_gradients];algorithm=[analytical_safe_tensor_arithmetic_by_solver_and_geometry],floating_point_operations;excludes_integer_indexing_sorting_rng_and_io,143873136.0,analytical_safe_tensor_arithmetic_by_solver_and_geometry,3465632840073216.0,4.61820004909056e+16,1.5913537226161062e+17,4549157473370112.0,3832507489320960.0,True,transformers_floating_point_ops_with_6x_token_parameter_fallback;generation_uses_2x_parameter_token_upper_bound;final_generation_uses_2x_parameter_token_upper_bound,,,0.5074626865671642,"bbq,truthfulqa",0.0002,9.683099601473616,,,SAFE-(B_T),,14.325882678230604,False,,0.6171875,B_T,,0.008767628479003906,0.009145626651648373,44,,/workspace/safe-drift/outputs/setting_2_medqa_medmcqa_reference_coverage_gamma_v1/repeat_02/olmo7b_instruct/KR64_KT16/pct25.6/safe_reference_precondsgd_refB_K_gamma1_epsm2/training_runs/safe_low_rank_sgd_reference_greedy_marginal_eta0.0002_metricFplusAlpha_gamma1_epsm2_caln64_calseed44_pct25.6_seed44/summary.json,0.41796875,adamw,,2.284226468112875,True,,0.14976058101163695,0.0,14.325882678230604,
,,12.547727574826538,True,,0.4448818897637795,,,0.0,1872988517564416.0,3.2461714170576896e+16,2x_parameter_count_x_(max_seq_length_plus_max_new_tokens)_x_examples_x_generation_samples,generation_evaluations;excludes_tokenization_scoring_and_bias_disentangle,0.0,1.1295337162683187e+17,6x_parameter_token_upper_bound_over_reference_target_candidate_and_adam_warmup_gradients,1.1295337177070501e+17,feature=[6x_parameter_token_upper_bound_over_reference_target_candidate_and_adam_warmup_gradients];algorithm=[analytical_safe_tensor_arithmetic_by_solver_and_geometry],floating_point_operations;excludes_integer_indexing_sorting_rng_and_io,143873136.0,analytical_safe_tensor_arithmetic_by_solver_and_geometry,3224637143285760.0,4.594100479411814e+16,1.5889437656482317e+17,4549157473370112.0,3832507489320960.0,True,transformers_floating_point_ops_with_6x_token_parameter_fallback;generation_uses_2x_parameter_token_upper_bound;final_generation_uses_2x_parameter_token_upper_bound,,,0.5,"bbq,truthfulqa",0.0002,9.752023559369437,,,SAFE-(B_T),,14.368232433994612,False,,0.56640625,B_T,,0.0021919071197509764,5.716016657280233e-06,44,,/workspace/safe-drift/outputs/setting_2_medqa_medmcqa_reference_coverage_gamma_v1/repeat_02/olmo7b_instruct/KR64_KT16/pct25.6/safe_reference_precondsgd_refB_T_K_gamma0.01_epsm0.5/training_runs/safe_low_rank_sgd_reference_greedy_marginal_eta0.0002_metricFplusAlpha_gamma0.01_epsm0.5_caln64_calseed44_pct25.6_seed44/summary.json,0.44921875,adamw,,2.340110669287163,True,,0.12642589264506884,0.0,14.368232433994612,
,,12.243947847621648,True,,0.48031496062992124,,,0.0,1872988517564416.0,3.2461714170576896e+16,2x_parameter_count_x_(max_seq_length_plus_max_new_tokens)_x_examples_x_generation_samples,generation_evaluations;excludes_tokenization_scoring_and_bias_disentangle,0.0,1.1295337162683187e+17,6x_parameter_token_upper_bound_over_reference_target_candidate_and_adam_warmup_gradients,1.1295337177070501e+17,feature=[6x_parameter_token_upper_bound_over_reference_target_candidate_and_adam_warmup_gradients];algorithm=[analytical_safe_tensor_arithmetic_by_solver_and_geometry],floating_point_operations;excludes_integer_indexing_sorting_rng_and_io,143873136.0,analytical_safe_tensor_arithmetic_by_solver_and_geometry,3284906850140160.0,4.600127450097254e+16,1.5895464627167757e+17,4549157473370112.0,3832507489320960.0,True,transformers_floating_point_ops_with_6x_token_parameter_fallback;generation_uses_2x_parameter_token_upper_bound;final_generation_uses_2x_parameter_token_upper_bound,,,0.5024875621890548,"bbq,truthfulqa",0.0002,9.336853101522237,,,SAFE-(B_T),,13.700324666996798,False,,0.578125,B_T,,0.004383814239501953,2.2864066629120932e-05,44,,/workspace/safe-drift/outputs/setting_2_medqa_medmcqa_reference_coverage_gamma_v1/repeat_02/olmo7b_instruct/KR64_KT16/pct25.6/safe_reference_precondsgd_refB_T_K_gamma0.01_epsm1/training_runs/safe_low_rank_sgd_reference_greedy_marginal_eta0.0002_metricFplusAlpha_gamma0.01_epsm1_caln64_calseed44_pct25.6_seed44/summary.json,0.4765625,adamw,,2.066286789948266,True,,0.1501903401158544,0.0,13.700324666996798,
,,11.760256647125004,True,,0.4645669291338583,,,0.0,1872988517564416.0,3.2461714170576896e+16,2x_parameter_count_x_(max_seq_length_plus_max_new_tokens)_x_examples_x_generation_samples,generation_evaluations;excludes_tokenization_scoring_and_bias_disentangle,0.0,1.1295337162683187e+17,6x_parameter_token_upper_bound_over_reference_target_candidate_and_adam_warmup_gradients,1.1295337177070501e+17,feature=[6x_parameter_token_upper_bound_over_reference_target_candidate_and_adam_warmup_gradients];algorithm=[analytical_safe_tensor_arithmetic_by_solver_and_geometry],floating_point_operations;excludes_integer_indexing_sorting_rng_and_io,143873136.0,analytical_safe_tensor_arithmetic_by_solver_and_geometry,3396468155793408.0,4.611283580662579e+16,1.590662075773308e+17,4549157473370112.0,3832507489320960.0,True,transformers_floating_point_ops_with_6x_token_parameter_fallback;generation_uses_2x_parameter_token_upper_bound;final_generation_uses_2x_parameter_token_upper_bound,,,0.5149253731343284,"bbq,truthfulqa",0.0002,9.034798727779679,,,SAFE-(B_T),,13.298045719663302,False,,0.58203125,B_T,,0.008767628479003906,9.145626651648373e-05,44,,/workspace/safe-drift/outputs/setting_2_medqa_medmcqa_reference_coverage_gamma_v1/repeat_02/olmo7b_instruct/KR64_KT16/pct25.6/safe_reference_precondsgd_refB_T_K_gamma0.01_epsm2/training_runs/safe_low_rank_sgd_reference_greedy_marginal_eta0.0002_metricFplusAlpha_gamma0.01_epsm2_caln64_calseed44_pct25.6_seed44/summary.json,0.4375,adamw,,2.0460938165507274,True,,0.14982993799893768,0.0,13.298045719663302,
,,11.88841610255204,True,,0.4645669291338583,,,0.0,1872988517564416.0,3.2461714170576896e+16,2x_parameter_count_x_(max_seq_length_plus_max_new_tokens)_x_examples_x_generation_samples,generation_evaluations;excludes_tokenization_scoring_and_bias_disentangle,0.0,1.1295337162683187e+17,6x_parameter_token_upper_bound_over_reference_target_candidate_and_adam_warmup_gradients,1.1295337177070501e+17,feature=[6x_parameter_token_upper_bound_over_reference_target_candidate_and_adam_warmup_gradients];algorithm=[analytical_safe_tensor_arithmetic_by_solver_and_geometry],floating_point_operations;excludes_integer_indexing_sorting_rng_and_io,143873136.0,analytical_safe_tensor_arithmetic_by_solver_and_geometry,3467627975196672.0,4.618399562602906e+16,1.5913736739673408e+17,4549157473370112.0,3832507489320960.0,True,transformers_floating_point_ops_with_6x_token_parameter_fallback;generation_uses_2x_parameter_token_upper_bound;final_generation_uses_2x_parameter_token_upper_bound,,,0.5,"bbq,truthfulqa",0.0002,9.166537835495012,,,SAFE-(B_T),,13.518704379598299,False,,0.58203125,B_T,,0.0021919071197509764,5.716016657280233e-05,44,,/workspace/safe-drift/outputs/setting_2_medqa_medmcqa_reference_coverage_gamma_v1/repeat_02/olmo7b_instruct/KR64_KT16/pct25.6/safe_reference_precondsgd_refB_T_K_gamma0.1_epsm0.5/training_runs/safe_low_rank_sgd_reference_greedy_marginal_eta0.0002_metricFplusAlpha_gamma0.1_epsm0.5_caln64_calseed44_pct25.6_seed44/summary.json,0.4765625,adamw,,2.0924930243346997,True,,0.14335470516108856,0.0,13.518704379598299,
,,12.26666254008536,True,,0.4645669291338583,,,0.0,1872988517564416.0,3.2461714170576896e+16,2x_parameter_count_x_(max_seq_length_plus_max_new_tokens)_x_examples_x_generation_samples,generation_evaluations;excludes_tokenization_scoring_and_bias_disentangle,0.0,1.1295337162683187e+17,6x_parameter_token_upper_bound_over_reference_target_candidate_and_adam_warmup_gradients,1.1295337177070501e+17,feature=[6x_parameter_token_upper_bound_over_reference_target_candidate_and_adam_warmup_gradients];algorithm=[analytical_safe_tensor_arithmetic_by_solver_and_geometry],floating_point_operations;excludes_integer_indexing_sorting_rng_and_io,143873136.0,analytical_safe_tensor_arithmetic_by_solver_and_geometry,3586255384412160.0,4.630262303524454e+16,1.5925599480594957e+17,4549157473370112.0,3832507489320960.0,True,transformers_floating_point_ops_with_6x_token_parameter_fallback;generation_uses_2x_parameter_token_upper_bound;final_generation_uses_2x_parameter_token_upper_bound,,,0.5049751243781094,"bbq,truthfulqa",0.0002,9.402397501541293,,,SAFE-(B_T),,13.666165915628275,False,,0.58984375,B_T,,0.004383814239501953,0.00022864066629120933,44,,/workspace/safe-drift/outputs/setting_2_medqa_medmcqa_reference_coverage_gamma_v1/repeat_02/olmo7b_instruct/KR64_KT16/pct25.6/safe_reference_precondsgd_refB_T_K_gamma0.1_epsm1/training_runs/safe_low_rank_sgd_reference_greedy_marginal_eta0.0002_metricFplusAlpha_gamma0.1_epsm1_caln64_calseed44_pct25.6_seed44/summary.json,0.484375,adamw,,2.274364048910246,True,,0.13562119788053312,0.0,13.666165915628275,
,,12.088497850212837,True,,0.5275590551181102,,,0.0,1872988517564416.0,3.2461714170576896e+16,2x_parameter_count_x_(max_seq_length_plus_max_new_tokens)_x_examples_x_generation_samples,generation_evaluations;excludes_tokenization_scoring_and_bias_disentangle,0.0,1.1295337162683187e+17,6x_parameter_token_upper_bound_over_reference_target_candidate_and_adam_warmup_gradients,1.1295337177070501e+17,feature=[6x_parameter_token_upper_bound_over_reference_target_candidate_and_adam_warmup_gradients];algorithm=[analytical_safe_tensor_arithmetic_by_solver_and_geometry],floating_point_operations;excludes_integer_indexing_sorting_rng_and_io,143873136.0,analytical_safe_tensor_arithmetic_by_solver_and_geometry,3630979663429632.0,4.634734731426202e+16,1.5930071908496704e+17,4549157473370112.0,3832507489320960.0,True,transformers_floating_point_ops_with_6x_token_parameter_fallback;generation_uses_2x_parameter_token_upper_bound;final_generation_uses_2x_parameter_token_upper_bound,,,0.5,"bbq,truthfulqa",0.0002,9.418291331459924,,,SAFE-(B_T),,13.872556331257025,False,,0.59765625,B_T,,0.008767628479003906,0.0009145626651648373,44,,/workspace/safe-drift/outputs/setting_2_medqa_medmcqa_reference_coverage_gamma_v1/repeat_02/olmo7b_instruct/KR64_KT16/pct25.6/safe_reference_precondsgd_refB_T_K_gamma0.1_epsm2/training_runs/safe_low_rank_sgd_reference_greedy_marginal_eta0.0002_metricFplusAlpha_gamma0.1_epsm2_caln64_calseed44_pct25.6_seed44/summary.json,0.44921875,adamw,,2.293819812909914,True,,0.13848758397647032,0.0,13.872556331257025,
,,12.081774105862996,True,,0.4645669291338583,,,0.0,1872988517564416.0,3.2461714170576896e+16,2x_parameter_count_x_(max_seq_length_plus_max_new_tokens)_x_examples_x_generation_samples,generation_evaluations;excludes_tokenization_scoring_and_bias_disentangle,0.0,1.1295337162683187e+17,6x_parameter_token_upper_bound_over_reference_target_candidate_and_adam_warmup_gradients,1.1295337177070501e+17,feature=[6x_parameter_token_upper_bound_over_reference_target_candidate_and_adam_warmup_gradients];algorithm=[analytical_safe_tensor_arithmetic_by_solver_and_geometry],floating_point_operations;excludes_integer_indexing_sorting_rng_and_io,143873136.0,analytical_safe_tensor_arithmetic_by_solver_and_geometry,3679029167652864.0,4.639539681848525e+16,1.5934876858919027e+17,4549157473370112.0,3832507489320960.0,True,transformers_floating_point_ops_with_6x_token_parameter_fallback;generation_uses_2x_parameter_token_upper_bound;final_generation_uses_2x_parameter_token_upper_bound,,,0.5,"bbq,truthfulqa",0.0002,9.270524247370375,,,SAFE-(B_T),,13.48156063258648,False,,0.58984375,B_T,,0.0021919071197509764,0.0005716016657280233,44,,/workspace/safe-drift/outputs/setting_2_medqa_medmcqa_reference_coverage_gamma_v1/repeat_02/olmo7b_instruct/KR64_KT16/pct25.6/safe_reference_precondsgd_refB_T_K_gamma1_epsm0.5/training_runs/safe_low_rank_sgd_reference_greedy_marginal_eta0.0002_metricFplusAlpha_gamma1_epsm0.5_caln64_calseed44_pct25.6_seed44/summary.json,0.4765625,adamw,,2.24823800366165,True,,0.12619431037880655,0.0,13.48156063258648,
,,12.271051119005898,True,,0.468503937007874,,,0.0,1872988517564416.0,3.2461714170576896e+16,2x_parameter_count_x_(max_seq_length_plus_max_new_tokens)_x_examples_x_generation_samples,generation_evaluations;excludes_tokenization_scoring_and_bias_disentangle,0.0,1.1295337162683187e+17,6x_parameter_token_upper_bound_over_reference_target_candidate_and_adam_warmup_gradients,1.1295337177070501e+17,feature=[6x_parameter_token_upper_bound_over_reference_target_candidate_and_adam_warmup_gradients];algorithm=[analytical_safe_tensor_arithmetic_by_solver_and_geometry],floating_point_operations;excludes_integer_indexing_sorting_rng_and_io,143873136.0,analytical_safe_tensor_arithmetic_by_solver_and_geometry,3729323198889984.0,4.644569084972237e+16,1.593990626204274e+17,4549157473370112.0,3832507489320960.0,True,transformers_floating_point_ops_with_6x_token_parameter_fallback;generation_uses_2x_parameter_token_upper_bound;final_generation_uses_2x_parameter_token_upper_bound,,,0.5049751243781094,"bbq,truthfulqa",0.0002,9.570832934112802,,,SAFE-(B_T),,14.059114476044973,False,,0.59375,B_T,,0.004383814239501953,0.002286406662912093,44,,/workspace/safe-drift/outputs/setting_2_medqa_medmcqa_reference_coverage_gamma_v1/repeat_02/olmo7b_instruct/KR64_KT16/pct25.6/safe_reference_precondsgd_refB_T_K_gamma1_epsm1/training_runs/safe_low_rank_sgd_reference_greedy_marginal_eta0.0002_metricFplusAlpha_gamma1_epsm1_caln64_calseed44_pct25.6_seed44/summary.json,0.4453125,adamw,,2.3823332072875325,True,,0.13528288498117405,0.0,14.059114476044973,
,,12.43918965807737,True,,0.610236220472441,,,0.0,1872988517564416.0,3.2461714170576896e+16,2x_parameter_count_x_(max_seq_length_plus_max_new_tokens)_x_examples_x_generation_samples,generation_evaluations;excludes_tokenization_scoring_and_bias_disentangle,0.0,1.1295337162683187e+17,6x_parameter_token_upper_bound_over_reference_target_candidate_and_adam_warmup_gradients,1.1295337177070501e+17,feature=[6x_parameter_token_upper_bound_over_reference_target_candidate_and_adam_warmup_gradients];algorithm=[analytical_safe_tensor_arithmetic_by_solver_and_geometry],floating_point_operations;excludes_integer_indexing_sorting_rng_and_io,143873136.0,analytical_safe_tensor_arithmetic_by_solver_and_geometry,3465632840073216.0,4.61820004909056e+16,1.5913537226161062e+17,4549157473370112.0,3832507489320960.0,True,transformers_floating_point_ops_with_6x_token_parameter_fallback;generation_uses_2x_parameter_token_upper_bound;final_generation_uses_2x_parameter_token_upper_bound,,,0.5074626865671642,"bbq,truthfulqa",0.0002,9.683099601473616,,,SAFE-(B_T),,14.325882678230604,False,,0.6171875,B_T,,0.008767628479003906,0.009145626651648373,44,,/workspace/safe-drift/outputs/setting_2_medqa_medmcqa_reference_coverage_gamma_v1/repeat_02/olmo7b_instruct/KR64_KT16/pct25.6/safe_reference_precondsgd_refB_T_K_gamma1_epsm2/training_runs/safe_low_rank_sgd_reference_greedy_marginal_eta0.0002_metricFplusAlpha_gamma1_epsm2_caln64_calseed44_pct25.6_seed44/summary.json,0.41796875,adamw,,2.284226468112875,True,,0.14976058101163695,0.0,14.325882678230604,
,,12.547727574826538,True,,0.4448818897637795,,,0.0,1872988517564416.0,3.2461714170576896e+16,2x_parameter_count_x_(max_seq_length_plus_max_new_tokens)_x_examples_x_generation_samples,generation_evaluations;excludes_tokenization_scoring_and_bias_disentangle,0.0,1.1295337162683187e+17,6x_parameter_token_upper_bound_over_reference_target_candidate_and_adam_warmup_gradients,1.1295337177070501e+17,feature=[6x_parameter_token_upper_bound_over_reference_target_candidate_and_adam_warmup_gradients];algorithm=[analytical_safe_tensor_arithmetic_by_solver_and_geometry],floating_point_operations;excludes_integer_indexing_sorting_rng_and_io,143873136.0,analytical_safe_tensor_arithmetic_by_solver_and_geometry,3224637143285760.0,4.594100479411814e+16,1.5889437656482317e+17,4549157473370112.0,3832507489320960.0,True,transformers_floating_point_ops_with_6x_token_parameter_fallback;generation_uses_2x_parameter_token_upper_bound;final_generation_uses_2x_parameter_token_upper_bound,,,0.5,"bbq,truthfulqa",0.0002,9.752023559369437,,,SAFE-(B_T),,14.368232433994612,False,,0.56640625,B_T,,0.0021919071197509764,5.716016657280233e-06,44,,/workspace/safe-drift/outputs/setting_2_medqa_medmcqa_reference_coverage_gamma_v1/repeat_02/olmo7b_instruct/KR64_KT16/pct25.6/safe_reference_precondsgd_refB_T_gamma0.01_epsm0.5/training_runs/safe_low_rank_sgd_reference_greedy_marginal_eta0.0002_metricFplusAlpha_gamma0.01_epsm0.5_caln64_calseed44_pct25.6_seed44/summary.json,0.44921875,adamw,,2.340110669287163,True,,0.12642589264506884,0.0,14.368232433994612,
,,12.243947847621648,True,,0.48031496062992124,,,0.0,1872988517564416.0,3.2461714170576896e+16,2x_parameter_count_x_(max_seq_length_plus_max_new_tokens)_x_examples_x_generation_samples,generation_evaluations;excludes_tokenization_scoring_and_bias_disentangle,0.0,1.1295337162683187e+17,6x_parameter_token_upper_bound_over_reference_target_candidate_and_adam_warmup_gradients,1.1295337177070501e+17,feature=[6x_parameter_token_upper_bound_over_reference_target_candidate_and_adam_warmup_gradients];algorithm=[analytical_safe_tensor_arithmetic_by_solver_and_geometry],floating_point_operations;excludes_integer_indexing_sorting_rng_and_io,143873136.0,analytical_safe_tensor_arithmetic_by_solver_and_geometry,3284906850140160.0,4.600127450097254e+16,1.5895464627167757e+17,4549157473370112.0,3832507489320960.0,True,transformers_floating_point_ops_with_6x_token_parameter_fallback;generation_uses_2x_parameter_token_upper_bound;final_generation_uses_2x_parameter_token_upper_bound,,,0.5024875621890548,"bbq,truthfulqa",0.0002,9.336853101522237,,,SAFE-(B_T),,13.700324666996798,False,,0.578125,B_T,,0.004383814239501953,2.2864066629120932e-05,44,,/workspace/safe-drift/outputs/setting_2_medqa_medmcqa_reference_coverage_gamma_v1/repeat_02/olmo7b_instruct/KR64_KT16/pct25.6/safe_reference_precondsgd_refB_T_gamma0.01_epsm1/training_runs/safe_low_rank_sgd_reference_greedy_marginal_eta0.0002_metricFplusAlpha_gamma0.01_epsm1_caln64_calseed44_pct25.6_seed44/summary.json,0.4765625,adamw,,2.066286789948266,True,,0.1501903401158544,0.0,13.700324666996798,
,,11.760256647125004,True,,0.4645669291338583,,,0.0,1872988517564416.0,3.2461714170576896e+16,2x_parameter_count_x_(max_seq_length_plus_max_new_tokens)_x_examples_x_generation_samples,generation_evaluations;excludes_tokenization_scoring_and_bias_disentangle,0.0,1.1295337162683187e+17,6x_parameter_token_upper_bound_over_reference_target_candidate_and_adam_warmup_gradients,1.1295337177070501e+17,feature=[6x_parameter_token_upper_bound_over_reference_target_candidate_and_adam_warmup_gradients];algorithm=[analytical_safe_tensor_arithmetic_by_solver_and_geometry],floating_point_operations;excludes_integer_indexing_sorting_rng_and_io,143873136.0,analytical_safe_tensor_arithmetic_by_solver_and_geometry,3396468155793408.0,4.611283580662579e+16,1.590662075773308e+17,4549157473370112.0,3832507489320960.0,True,transformers_floating_point_ops_with_6x_token_parameter_fallback;generation_uses_2x_parameter_token_upper_bound;final_generation_uses_2x_parameter_token_upper_bound,,,0.5149253731343284,"bbq,truthfulqa",0.0002,9.034798727779679,,,SAFE-(B_T),,13.298045719663302,False,,0.58203125,B_T,,0.008767628479003906,9.145626651648373e-05,44,,/workspace/safe-drift/outputs/setting_2_medqa_medmcqa_reference_coverage_gamma_v1/repeat_02/olmo7b_instruct/KR64_KT16/pct25.6/safe_reference_precondsgd_refB_T_gamma0.01_epsm2/training_runs/safe_low_rank_sgd_reference_greedy_marginal_eta0.0002_metricFplusAlpha_gamma0.01_epsm2_caln64_calseed44_pct25.6_seed44/summary.json,0.4375,adamw,,2.0460938165507274,True,,0.14982993799893768,0.0,13.298045719663302,
,,11.88841610255204,True,,0.4645669291338583,,,0.0,1872988517564416.0,3.2461714170576896e+16,2x_parameter_count_x_(max_seq_length_plus_max_new_tokens)_x_examples_x_generation_samples,generation_evaluations;excludes_tokenization_scoring_and_bias_disentangle,0.0,1.1295337162683187e+17,6x_parameter_token_upper_bound_over_reference_target_candidate_and_adam_warmup_gradients,1.1295337177070501e+17,feature=[6x_parameter_token_upper_bound_over_reference_target_candidate_and_adam_warmup_gradients];algorithm=[analytical_safe_tensor_arithmetic_by_solver_and_geometry],floating_point_operations;excludes_integer_indexing_sorting_rng_and_io,143873136.0,analytical_safe_tensor_arithmetic_by_solver_and_geometry,3467627975196672.0,4.618399562602906e+16,1.5913736739673408e+17,4549157473370112.0,3832507489320960.0,True,transformers_floating_point_ops_with_6x_token_parameter_fallback;generation_uses_2x_parameter_token_upper_bound;final_generation_uses_2x_parameter_token_upper_bound,,,0.5,"bbq,truthfulqa",0.0002,9.166537835495012,,,SAFE-(B_T),,13.518704379598299,False,,0.58203125,B_T,,0.0021919071197509764,5.716016657280233e-05,44,,/workspace/safe-drift/outputs/setting_2_medqa_medmcqa_reference_coverage_gamma_v1/repeat_02/olmo7b_instruct/KR64_KT16/pct25.6/safe_reference_precondsgd_refB_T_gamma0.1_epsm0.5/training_runs/safe_low_rank_sgd_reference_greedy_marginal_eta0.0002_metricFplusAlpha_gamma0.1_epsm0.5_caln64_calseed44_pct25.6_seed44/summary.json,0.4765625,adamw,,2.0924930243346997,True,,0.14335470516108856,0.0,13.518704379598299,
,,12.26666254008536,True,,0.4645669291338583,,,0.0,1872988517564416.0,3.2461714170576896e+16,2x_parameter_count_x_(max_seq_length_plus_max_new_tokens)_x_examples_x_generation_samples,generation_evaluations;excludes_tokenization_scoring_and_bias_disentangle,0.0,1.1295337162683187e+17,6x_parameter_token_upper_bound_over_reference_target_candidate_and_adam_warmup_gradients,1.1295337177070501e+17,feature=[6x_parameter_token_upper_bound_over_reference_target_candidate_and_adam_warmup_gradients];algorithm=[analytical_safe_tensor_arithmetic_by_solver_and_geometry],floating_point_operations;excludes_integer_indexing_sorting_rng_and_io,143873136.0,analytical_safe_tensor_arithmetic_by_solver_and_geometry,3586255384412160.0,4.630262303524454e+16,1.5925599480594957e+17,4549157473370112.0,3832507489320960.0,True,transformers_floating_point_ops_with_6x_token_parameter_fallback;generation_uses_2x_parameter_token_upper_bound;final_generation_uses_2x_parameter_token_upper_bound,,,0.5049751243781094,"bbq,truthfulqa",0.0002,9.402397501541293,,,SAFE-(B_T),,13.666165915628275,False,,0.58984375,B_T,,0.004383814239501953,0.00022864066629120933,44,,/workspace/safe-drift/outputs/setting_2_medqa_medmcqa_reference_coverage_gamma_v1/repeat_02/olmo7b_instruct/KR64_KT16/pct25.6/safe_reference_precondsgd_refB_T_gamma0.1_epsm1/training_runs/safe_low_rank_sgd_reference_greedy_marginal_eta0.0002_metricFplusAlpha_gamma0.1_epsm1_caln64_calseed44_pct25.6_seed44/summary.json,0.484375,adamw,,2.274364048910246,True,,0.13562119788053312,0.0,13.666165915628275,
,,12.088497850212837,True,,0.5275590551181102,,,0.0,1872988517564416.0,3.2461714170576896e+16,2x_parameter_count_x_(max_seq_length_plus_max_new_tokens)_x_examples_x_generation_samples,generation_evaluations;excludes_tokenization_scoring_and_bias_disentangle,0.0,1.1295337162683187e+17,6x_parameter_token_upper_bound_over_reference_target_candidate_and_adam_warmup_gradients,1.1295337177070501e+17,feature=[6x_parameter_token_upper_bound_over_reference_target_candidate_and_adam_warmup_gradients];algorithm=[analytical_safe_tensor_arithmetic_by_solver_and_geometry],floating_point_operations;excludes_integer_indexing_sorting_rng_and_io,143873136.0,analytical_safe_tensor_arithmetic_by_solver_and_geometry,3630979663429632.0,4.634734731426202e+16,1.5930071908496704e+17,4549157473370112.0,3832507489320960.0,True,transformers_floating_point_ops_with_6x_token_parameter_fallback;generation_uses_2x_parameter_token_upper_bound;final_generation_uses_2x_parameter_token_upper_bound,,,0.5,"bbq,truthfulqa",0.0002,9.418291331459924,,,SAFE-(B_T),,13.872556331257025,False,,0.59765625,B_T,,0.008767628479003906,0.0009145626651648373,44,,/workspace/safe-drift/outputs/setting_2_medqa_medmcqa_reference_coverage_gamma_v1/repeat_02/olmo7b_instruct/KR64_KT16/pct25.6/safe_reference_precondsgd_refB_T_gamma0.1_epsm2/training_runs/safe_low_rank_sgd_reference_greedy_marginal_eta0.0002_metricFplusAlpha_gamma0.1_epsm2_caln64_calseed44_pct25.6_seed44/summary.json,0.44921875,adamw,,2.293819812909914,True,,0.13848758397647032,0.0,13.872556331257025,
,,12.081774105862996,True,,0.4645669291338583,,,0.0,1872988517564416.0,3.2461714170576896e+16,2x_parameter_count_x_(max_seq_length_plus_max_new_tokens)_x_examples_x_generation_samples,generation_evaluations;excludes_tokenization_scoring_and_bias_disentangle,0.0,1.1295337162683187e+17,6x_parameter_token_upper_bound_over_reference_target_candidate_and_adam_warmup_gradients,1.1295337177070501e+17,feature=[6x_parameter_token_upper_bound_over_reference_target_candidate_and_adam_warmup_gradients];algorithm=[analytical_safe_tensor_arithmetic_by_solver_and_geometry],floating_point_operations;excludes_integer_indexing_sorting_rng_and_io,143873136.0,analytical_safe_tensor_arithmetic_by_solver_and_geometry,3679029167652864.0,4.639539681848525e+16,1.5934876858919027e+17,4549157473370112.0,3832507489320960.0,True,transformers_floating_point_ops_with_6x_token_parameter_fallback;generation_uses_2x_parameter_token_upper_bound;final_generation_uses_2x_parameter_token_upper_bound,,,0.5,"bbq,truthfulqa",0.0002,9.270524247370375,,,SAFE-(B_T),,13.48156063258648,False,,0.58984375,B_T,,0.0021919071197509764,0.0005716016657280233,44,,/workspace/safe-drift/outputs/setting_2_medqa_medmcqa_reference_coverage_gamma_v1/repeat_02/olmo7b_instruct/KR64_KT16/pct25.6/safe_reference_precondsgd_refB_T_gamma1_epsm0.5/training_runs/safe_low_rank_sgd_reference_greedy_marginal_eta0.0002_metricFplusAlpha_gamma1_epsm0.5_caln64_calseed44_pct25.6_seed44/summary.json,0.4765625,adamw,,2.24823800366165,True,,0.12619431037880655,0.0,13.48156063258648,
,,12.271051119005898,True,,0.468503937007874,,,0.0,1872988517564416.0,3.2461714170576896e+16,2x_parameter_count_x_(max_seq_length_plus_max_new_tokens)_x_examples_x_generation_samples,generation_evaluations;excludes_tokenization_scoring_and_bias_disentangle,0.0,1.1295337162683187e+17,6x_parameter_token_upper_bound_over_reference_target_candidate_and_adam_warmup_gradients,1.1295337177070501e+17,feature=[6x_parameter_token_upper_bound_over_reference_target_candidate_and_adam_warmup_gradients];algorithm=[analytical_safe_tensor_arithmetic_by_solver_and_geometry],floating_point_operations;excludes_integer_indexing_sorting_rng_and_io,143873136.0,analytical_safe_tensor_arithmetic_by_solver_and_geometry,3729323198889984.0,4.644569084972237e+16,1.593990626204274e+17,4549157473370112.0,3832507489320960.0,True,transformers_floating_point_ops_with_6x_token_parameter_fallback;generation_uses_2x_parameter_token_upper_bound;final_generation_uses_2x_parameter_token_upper_bound,,,0.5049751243781094,"bbq,truthfulqa",0.0002,9.570832934112802,,,SAFE-(B_T),,14.059114476044973,False,,0.59375,B_T,,0.004383814239501953,0.002286406662912093,44,,/workspace/safe-drift/outputs/setting_2_medqa_medmcqa_reference_coverage_gamma_v1/repeat_02/olmo7b_instruct/KR64_KT16/pct25.6/safe_reference_precondsgd_refB_T_gamma1_epsm1/training_runs/safe_low_rank_sgd_reference_greedy_marginal_eta0.0002_metricFplusAlpha_gamma1_epsm1_caln64_calseed44_pct25.6_seed44/summary.json,0.4453125,adamw,,2.3823332072875325,True,,0.13528288498117405,0.0,14.059114476044973,
,,12.43918965807737,True,,0.610236220472441,,,0.0,1872988517564416.0,3.2461714170576896e+16,2x_parameter_count_x_(max_seq_length_plus_max_new_tokens)_x_examples_x_generation_samples,generation_evaluations;excludes_tokenization_scoring_and_bias_disentangle,0.0,1.1295337162683187e+17,6x_parameter_token_upper_bound_over_reference_target_candidate_and_adam_warmup_gradients,1.1295337177070501e+17,feature=[6x_parameter_token_upper_bound_over_reference_target_candidate_and_adam_warmup_gradients];algorithm=[analytical_safe_tensor_arithmetic_by_solver_and_geometry],floating_point_operations;excludes_integer_indexing_sorting_rng_and_io,143873136.0,analytical_safe_tensor_arithmetic_by_solver_and_geometry,3465632840073216.0,4.61820004909056e+16,1.5913537226161062e+17,4549157473370112.0,3832507489320960.0,True,transformers_floating_point_ops_with_6x_token_parameter_fallback;generation_uses_2x_parameter_token_upper_bound;final_generation_uses_2x_parameter_token_upper_bound,,,0.5074626865671642,"bbq,truthfulqa",0.0002,9.683099601473616,,,SAFE-(B_T),,14.325882678230604,False,,0.6171875,B_T,,0.008767628479003906,0.009145626651648373,44,,/workspace/safe-drift/outputs/setting_2_medqa_medmcqa_reference_coverage_gamma_v1/repeat_02/olmo7b_instruct/KR64_KT16/pct25.6/safe_reference_precondsgd_refB_T_gamma1_epsm2/training_runs/safe_low_rank_sgd_reference_greedy_marginal_eta0.0002_metricFplusAlpha_gamma1_epsm2_caln64_calseed44_pct25.6_seed44/summary.json,0.41796875,adamw,,2.284226468112875,True,,0.14976058101163695,0.0,14.325882678230604,
,,12.547727574826538,True,,0.4448818897637795,,,0.0,1872988517564416.0,3.2461714170576896e+16,2x_parameter_count_x_(max_seq_length_plus_max_new_tokens)_x_examples_x_generation_samples,generation_evaluations;excludes_tokenization_scoring_and_bias_disentangle,0.0,1.1295337162683187e+17,6x_parameter_token_upper_bound_over_reference_target_candidate_and_adam_warmup_gradients,1.1295337177070501e+17,feature=[6x_parameter_token_upper_bound_over_reference_target_candidate_and_adam_warmup_gradients];algorithm=[analytical_safe_tensor_arithmetic_by_solver_and_geometry],floating_point_operations;excludes_integer_indexing_sorting_rng_and_io,143873136.0,analytical_safe_tensor_arithmetic_by_solver_and_geometry,3224637143285760.0,4.594100479411814e+16,1.5889437656482317e+17,4549157473370112.0,3832507489320960.0,True,transformers_floating_point_ops_with_6x_token_parameter_fallback;generation_uses_2x_parameter_token_upper_bound;final_generation_uses_2x_parameter_token_upper_bound,,,0.5,"bbq,truthfulqa",0.0002,9.752023559369437,,,SAFE-(B_T),,14.368232433994612,False,,0.56640625,B_T,,0.0021919071197509764,5.716016657280233e-06,44,,/workspace/safe-drift/outputs/setting_2_medqa_medmcqa_reference_coverage_gamma_v1/repeat_02/olmo7b_instruct/KR64_KT16/pct25.6/safe_reference_precondsgd_refT_K_gamma0.01_epsm0.5/training_runs/safe_low_rank_sgd_reference_greedy_marginal_eta0.0002_metricFplusAlpha_gamma0.01_epsm0.5_caln64_calseed44_pct25.6_seed44/summary.json,0.44921875,adamw,,2.340110669287163,True,,0.12642589264506884,0.0,14.368232433994612,
,,12.243947847621648,True,,0.48031496062992124,,,0.0,1872988517564416.0,3.2461714170576896e+16,2x_parameter_count_x_(max_seq_length_plus_max_new_tokens)_x_examples_x_generation_samples,generation_evaluations;excludes_tokenization_scoring_and_bias_disentangle,0.0,1.1295337162683187e+17,6x_parameter_token_upper_bound_over_reference_target_candidate_and_adam_warmup_gradients,1.1295337177070501e+17,feature=[6x_parameter_token_upper_bound_over_reference_target_candidate_and_adam_warmup_gradients];algorithm=[analytical_safe_tensor_arithmetic_by_solver_and_geometry],floating_point_operations;excludes_integer_indexing_sorting_rng_and_io,143873136.0,analytical_safe_tensor_arithmetic_by_solver_and_geometry,3284906850140160.0,4.600127450097254e+16,1.5895464627167757e+17,4549157473370112.0,3832507489320960.0,True,transformers_floating_point_ops_with_6x_token_parameter_fallback;generation_uses_2x_parameter_token_upper_bound;final_generation_uses_2x_parameter_token_upper_bound,,,0.5024875621890548,"bbq,truthfulqa",0.0002,9.336853101522237,,,SAFE-(B_T),,13.700324666996798,False,,0.578125,B_T,,0.004383814239501953,2.2864066629120932e-05,44,,/workspace/safe-drift/outputs/setting_2_medqa_medmcqa_reference_coverage_gamma_v1/repeat_02/olmo7b_instruct/KR64_KT16/pct25.6/safe_reference_precondsgd_refT_K_gamma0.01_epsm1/training_runs/safe_low_rank_sgd_reference_greedy_marginal_eta0.0002_metricFplusAlpha_gamma0.01_epsm1_caln64_calseed44_pct25.6_seed44/summary.json,0.4765625,adamw,,2.066286789948266,True,,0.1501903401158544,0.0,13.700324666996798,
,,11.760256647125004,True,,0.4645669291338583,,,0.0,1872988517564416.0,3.2461714170576896e+16,2x_parameter_count_x_(max_seq_length_plus_max_new_tokens)_x_examples_x_generation_samples,generation_evaluations;excludes_tokenization_scoring_and_bias_disentangle,0.0,1.1295337162683187e+17,6x_parameter_token_upper_bound_over_reference_target_candidate_and_adam_warmup_gradients,1.1295337177070501e+17,feature=[6x_parameter_token_upper_bound_over_reference_target_candidate_and_adam_warmup_gradients];algorithm=[analytical_safe_tensor_arithmetic_by_solver_and_geometry],floating_point_operations;excludes_integer_indexing_sorting_rng_and_io,143873136.0,analytical_safe_tensor_arithmetic_by_solver_and_geometry,3396468155793408.0,4.611283580662579e+16,1.590662075773308e+17,4549157473370112.0,3832507489320960.0,True,transformers_floating_point_ops_with_6x_token_parameter_fallback;generation_uses_2x_parameter_token_upper_bound;final_generation_uses_2x_parameter_token_upper_bound,,,0.5149253731343284,"bbq,truthfulqa",0.0002,9.034798727779679,,,SAFE-(B_T),,13.298045719663302,False,,0.58203125,B_T,,0.008767628479003906,9.145626651648373e-05,44,,/workspace/safe-drift/outputs/setting_2_medqa_medmcqa_reference_coverage_gamma_v1/repeat_02/olmo7b_instruct/KR64_KT16/pct25.6/safe_reference_precondsgd_refT_K_gamma0.01_epsm2/training_runs/safe_low_rank_sgd_reference_greedy_marginal_eta0.0002_metricFplusAlpha_gamma0.01_epsm2_caln64_calseed44_pct25.6_seed44/summary.json,0.4375,adamw,,2.0460938165507274,True,,0.14982993799893768,0.0,13.298045719663302,
,,11.88841610255204,True,,0.4645669291338583,,,0.0,1872988517564416.0,3.2461714170576896e+16,2x_parameter_count_x_(max_seq_length_plus_max_new_tokens)_x_examples_x_generation_samples,generation_evaluations;excludes_tokenization_scoring_and_bias_disentangle,0.0,1.1295337162683187e+17,6x_parameter_token_upper_bound_over_reference_target_candidate_and_adam_warmup_gradients,1.1295337177070501e+17,feature=[6x_parameter_token_upper_bound_over_reference_target_candidate_and_adam_warmup_gradients];algorithm=[analytical_safe_tensor_arithmetic_by_solver_and_geometry],floating_point_operations;excludes_integer_indexing_sorting_rng_and_io,143873136.0,analytical_safe_tensor_arithmetic_by_solver_and_geometry,3467627975196672.0,4.618399562602906e+16,1.5913736739673408e+17,4549157473370112.0,3832507489320960.0,True,transformers_floating_point_ops_with_6x_token_parameter_fallback;generation_uses_2x_parameter_token_upper_bound;final_generation_uses_2x_parameter_token_upper_bound,,,0.5,"bbq,truthfulqa",0.0002,9.166537835495012,,,SAFE-(B_T),,13.518704379598299,False,,0.58203125,B_T,,0.0021919071197509764,5.716016657280233e-05,44,,/workspace/safe-drift/outputs/setting_2_medqa_medmcqa_reference_coverage_gamma_v1/repeat_02/olmo7b_instruct/KR64_KT16/pct25.6/safe_reference_precondsgd_refT_K_gamma0.1_epsm0.5/training_runs/safe_low_rank_sgd_reference_greedy_marginal_eta0.0002_metricFplusAlpha_gamma0.1_epsm0.5_caln64_calseed44_pct25.6_seed44/summary.json,0.4765625,adamw,,2.0924930243346997,True,,0.14335470516108856,0.0,13.518704379598299,
,,12.26666254008536,True,,0.4645669291338583,,,0.0,1872988517564416.0,3.2461714170576896e+16,2x_parameter_count_x_(max_seq_length_plus_max_new_tokens)_x_examples_x_generation_samples,generation_evaluations;excludes_tokenization_scoring_and_bias_disentangle,0.0,1.1295337162683187e+17,6x_parameter_token_upper_bound_over_reference_target_candidate_and_adam_warmup_gradients,1.1295337177070501e+17,feature=[6x_parameter_token_upper_bound_over_reference_target_candidate_and_adam_warmup_gradients];algorithm=[analytical_safe_tensor_arithmetic_by_solver_and_geometry],floating_point_operations;excludes_integer_indexing_sorting_rng_and_io,143873136.0,analytical_safe_tensor_arithmetic_by_solver_and_geometry,3586255384412160.0,4.630262303524454e+16,1.5925599480594957e+17,4549157473370112.0,3832507489320960.0,True,transformers_floating_point_ops_with_6x_token_parameter_fallback;generation_uses_2x_parameter_token_upper_bound;final_generation_uses_2x_parameter_token_upper_bound,,,0.5049751243781094,"bbq,truthfulqa",0.0002,9.402397501541293,,,SAFE-(B_T),,13.666165915628275,False,,0.58984375,B_T,,0.004383814239501953,0.00022864066629120933,44,,/workspace/safe-drift/outputs/setting_2_medqa_medmcqa_reference_coverage_gamma_v1/repeat_02/olmo7b_instruct/KR64_KT16/pct25.6/safe_reference_precondsgd_refT_K_gamma0.1_epsm1/training_runs/safe_low_rank_sgd_reference_greedy_marginal_eta0.0002_metricFplusAlpha_gamma0.1_epsm1_caln64_calseed44_pct25.6_seed44/summary.json,0.484375,adamw,,2.274364048910246,True,,0.13562119788053312,0.0,13.666165915628275,
,,12.088497850212837,True,,0.5275590551181102,,,0.0,1872988517564416.0,3.2461714170576896e+16,2x_parameter_count_x_(max_seq_length_plus_max_new_tokens)_x_examples_x_generation_samples,generation_evaluations;excludes_tokenization_scoring_and_bias_disentangle,0.0,1.1295337162683187e+17,6x_parameter_token_upper_bound_over_reference_target_candidate_and_adam_warmup_gradients,1.1295337177070501e+17,feature=[6x_parameter_token_upper_bound_over_reference_target_candidate_and_adam_warmup_gradients];algorithm=[analytical_safe_tensor_arithmetic_by_solver_and_geometry],floating_point_operations;excludes_integer_indexing_sorting_rng_and_io,143873136.0,analytical_safe_tensor_arithmetic_by_solver_and_geometry,3630979663429632.0,4.634734731426202e+16,1.5930071908496704e+17,4549157473370112.0,3832507489320960.0,True,transformers_floating_point_ops_with_6x_token_parameter_fallback;generation_uses_2x_parameter_token_upper_bound;final_generation_uses_2x_parameter_token_upper_bound,,,0.5,"bbq,truthfulqa",0.0002,9.418291331459924,,,SAFE-(B_T),,13.872556331257025,False,,0.59765625,B_T,,0.008767628479003906,0.0009145626651648373,44,,/workspace/safe-drift/outputs/setting_2_medqa_medmcqa_reference_coverage_gamma_v1/repeat_02/olmo7b_instruct/KR64_KT16/pct25.6/safe_reference_precondsgd_refT_K_gamma0.1_epsm2/training_runs/safe_low_rank_sgd_reference_greedy_marginal_eta0.0002_metricFplusAlpha_gamma0.1_epsm2_caln64_calseed44_pct25.6_seed44/summary.json,0.44921875,adamw,,2.293819812909914,True,,0.13848758397647032,0.0,13.872556331257025,
,,12.081774105862996,True,,0.4645669291338583,,,0.0,1872988517564416.0,3.2461714170576896e+16,2x_parameter_count_x_(max_seq_length_plus_max_new_tokens)_x_examples_x_generation_samples,generation_evaluations;excludes_tokenization_scoring_and_bias_disentangle,0.0,1.1295337162683187e+17,6x_parameter_token_upper_bound_over_reference_target_candidate_and_adam_warmup_gradients,1.1295337177070501e+17,feature=[6x_parameter_token_upper_bound_over_reference_target_candidate_and_adam_warmup_gradients];algorithm=[analytical_safe_tensor_arithmetic_by_solver_and_geometry],floating_point_operations;excludes_integer_indexing_sorting_rng_and_io,143873136.0,analytical_safe_tensor_arithmetic_by_solver_and_geometry,3679029167652864.0,4.639539681848525e+16,1.5934876858919027e+17,4549157473370112.0,3832507489320960.0,True,transformers_floating_point_ops_with_6x_token_parameter_fallback;generation_uses_2x_parameter_token_upper_bound;final_generation_uses_2x_parameter_token_upper_bound,,,0.5,"bbq,truthfulqa",0.0002,9.270524247370375,,,SAFE-(B_T),,13.48156063258648,False,,0.58984375,B_T,,0.0021919071197509764,0.0005716016657280233,44,,/workspace/safe-drift/outputs/setting_2_medqa_medmcqa_reference_coverage_gamma_v1/repeat_02/olmo7b_instruct/KR64_KT16/pct25.6/safe_reference_precondsgd_refT_K_gamma1_epsm0.5/training_runs/safe_low_rank_sgd_reference_greedy_marginal_eta0.0002_metricFplusAlpha_gamma1_epsm0.5_caln64_calseed44_pct25.6_seed44/summary.json,0.4765625,adamw,,2.24823800366165,True,,0.12619431037880655,0.0,13.48156063258648,
,,12.271051119005898,True,,0.468503937007874,,,0.0,1872988517564416.0,3.2461714170576896e+16,2x_parameter_count_x_(max_seq_length_plus_max_new_tokens)_x_examples_x_generation_samples,generation_evaluations;excludes_tokenization_scoring_and_bias_disentangle,0.0,1.1295337162683187e+17,6x_parameter_token_upper_bound_over_reference_target_candidate_and_adam_warmup_gradients,1.1295337177070501e+17,feature=[6x_parameter_token_upper_bound_over_reference_target_candidate_and_adam_warmup_gradients];algorithm=[analytical_safe_tensor_arithmetic_by_solver_and_geometry],floating_point_operations;excludes_integer_indexing_sorting_rng_and_io,143873136.0,analytical_safe_tensor_arithmetic_by_solver_and_geometry,3729323198889984.0,4.644569084972237e+16,1.593990626204274e+17,4549157473370112.0,3832507489320960.0,True,transformers_floating_point_ops_with_6x_token_parameter_fallback;generation_uses_2x_parameter_token_upper_bound;final_generation_uses_2x_parameter_token_upper_bound,,,0.5049751243781094,"bbq,truthfulqa",0.0002,9.570832934112802,,,SAFE-(B_T),,14.059114476044973,False,,0.59375,B_T,,0.004383814239501953,0.002286406662912093,44,,/workspace/safe-drift/outputs/setting_2_medqa_medmcqa_reference_coverage_gamma_v1/repeat_02/olmo7b_instruct/KR64_KT16/pct25.6/safe_reference_precondsgd_refT_K_gamma1_epsm1/training_runs/safe_low_rank_sgd_reference_greedy_marginal_eta0.0002_metricFplusAlpha_gamma1_epsm1_caln64_calseed44_pct25.6_seed44/summary.json,0.4453125,adamw,,2.3823332072875325,True,,0.13528288498117405,0.0,14.059114476044973,
,,12.43918965807737,True,,0.610236220472441,,,0.0,1872988517564416.0,3.2461714170576896e+16,2x_parameter_count_x_(max_seq_length_plus_max_new_tokens)_x_examples_x_generation_samples,generation_evaluations;excludes_tokenization_scoring_and_bias_disentangle,0.0,1.1295337162683187e+17,6x_parameter_token_upper_bound_over_reference_target_candidate_and_adam_warmup_gradients,1.1295337177070501e+17,feature=[6x_parameter_token_upper_bound_over_reference_target_candidate_and_adam_warmup_gradients];algorithm=[analytical_safe_tensor_arithmetic_by_solver_and_geometry],floating_point_operations;excludes_integer_indexing_sorting_rng_and_io,143873136.0,analytical_safe_tensor_arithmetic_by_solver_and_geometry,3465632840073216.0,4.61820004909056e+16,1.5913537226161062e+17,4549157473370112.0,3832507489320960.0,True,transformers_floating_point_ops_with_6x_token_parameter_fallback;generation_uses_2x_parameter_token_upper_bound;final_generation_uses_2x_parameter_token_upper_bound,,,0.5074626865671642,"bbq,truthfulqa",0.0002,9.683099601473616,,,SAFE-(B_T),,14.325882678230604,False,,0.6171875,B_T,,0.008767628479003906,0.009145626651648373,44,,/workspace/safe-drift/outputs/setting_2_medqa_medmcqa_reference_coverage_gamma_v1/repeat_02/olmo7b_instruct/KR64_KT16/pct25.6/safe_reference_precondsgd_refT_K_gamma1_epsm2/training_runs/safe_low_rank_sgd_reference_greedy_marginal_eta0.0002_metricFplusAlpha_gamma1_epsm2_caln64_calseed44_pct25.6_seed44/summary.json,0.41796875,adamw,,2.284226468112875,True,,0.14976058101163695,0.0,14.325882678230604,
