all_cumulative_norm_constraints_satisfied,all_cumulative_reference_constraints_satisfied,all_incremental_norm_constraints_satisfied,all_incremental_reference_constraints_satisfied,base_extra_eval_bbq_bbq_accuracy,base_extra_eval_bbq_bbq_count,base_extra_eval_bbq_medical_reference_count,base_extra_eval_bbq_medical_reference_primary_score,base_extra_eval_bbq_medical_reference_supported_count,base_extra_eval_bbq_medical_reference_unsupported_count,base_extra_eval_bbq_truthfulqa_count,base_extra_eval_bbq_truthfulqa_exact_match,base_extra_eval_bbq_truthfulqa_token_f1,base_extra_eval_ifeval_ifeval_proxy_instruction_accuracy,base_extra_eval_ifeval_ifeval_proxy_prompt_accuracy,base_extra_eval_ifeval_ifeval_proxy_prompt_count,base_extra_eval_ifeval_ifeval_proxy_supported_instruction_count,base_extra_eval_ifeval_ifeval_proxy_total_instruction_count,base_extra_eval_ifeval_ifeval_proxy_unsupported_instruction_count,base_extra_eval_mmlu_non_medical_mmlu_accuracy,base_extra_eval_mmlu_non_medical_mmlu_chat_accuracy,base_extra_eval_mmlu_non_medical_mmlu_count,base_extra_eval_mmlu_non_medical_mmlu_loglikelihood_accuracy,base_extra_eval_truthfulqa_bbq_accuracy,base_extra_eval_truthfulqa_bbq_count,base_extra_eval_truthfulqa_medical_reference_count,base_extra_eval_truthfulqa_medical_reference_primary_score,base_extra_eval_truthfulqa_medical_reference_supported_count,base_extra_eval_truthfulqa_medical_reference_unsupported_count,base_extra_eval_truthfulqa_truthfulqa_count,base_extra_eval_truthfulqa_truthfulqa_exact_match,base_extra_eval_truthfulqa_truthfulqa_token_f1,base_ood_mcq_ood_accuracy,base_ood_mcq_ood_count,base_reference_bbq_accuracy,base_reference_bbq_count,base_reference_medical_reference_count,base_reference_medical_reference_primary_score,base_reference_medical_reference_supported_count,base_reference_medical_reference_unsupported_count,base_reference_truthfulqa_count,base_reference_truthfulqa_exact_match,base_reference_truthfulqa_token_f1,base_target_medqa_accuracy,base_target_medqa_count,completed_steps,estimated_kl_regularization_flops,estimated_selection_flops,estimated_sft_flops,estimated_total_flops,estimated_total_flops_including_selection,estimated_trajectory_diagnostic_flops,estimated_trajectory_generation_flops,extra_eval_bbq_bbq_accuracy,extra_eval_bbq_bbq_count,extra_eval_bbq_heldout_kl,extra_eval_bbq_heldout_kl_forward_flops,extra_eval_bbq_medical_reference_count,extra_eval_bbq_medical_reference_primary_score,extra_eval_bbq_medical_reference_supported_count,extra_eval_bbq_medical_reference_unsupported_count,extra_eval_bbq_truthfulqa_count,extra_eval_bbq_truthfulqa_exact_match,extra_eval_bbq_truthfulqa_token_f1,extra_eval_delta_bbq_bbq_accuracy,extra_eval_delta_bbq_bbq_count,extra_eval_delta_bbq_medical_reference_count,extra_eval_delta_bbq_medical_reference_primary_score,extra_eval_delta_bbq_medical_reference_supported_count,extra_eval_delta_bbq_medical_reference_unsupported_count,extra_eval_delta_bbq_truthfulqa_count,extra_eval_delta_bbq_truthfulqa_exact_match,extra_eval_delta_bbq_truthfulqa_token_f1,extra_eval_delta_ifeval_ifeval_proxy_instruction_accuracy,extra_eval_delta_ifeval_ifeval_proxy_prompt_accuracy,extra_eval_delta_ifeval_ifeval_proxy_prompt_count,extra_eval_delta_ifeval_ifeval_proxy_supported_instruction_count,extra_eval_delta_ifeval_ifeval_proxy_total_instruction_count,extra_eval_delta_ifeval_ifeval_proxy_unsupported_instruction_count,extra_eval_delta_mmlu_non_medical_mmlu_accuracy,extra_eval_delta_mmlu_non_medical_mmlu_chat_accuracy,extra_eval_delta_mmlu_non_medical_mmlu_count,extra_eval_delta_mmlu_non_medical_mmlu_loglikelihood_accuracy,extra_eval_delta_truthfulqa_bbq_accuracy,extra_eval_delta_truthfulqa_bbq_count,extra_eval_delta_truthfulqa_medical_reference_count,extra_eval_delta_truthfulqa_medical_reference_primary_score,extra_eval_delta_truthfulqa_medical_reference_supported_count,extra_eval_delta_truthfulqa_medical_reference_unsupported_count,extra_eval_delta_truthfulqa_truthfulqa_count,extra_eval_delta_truthfulqa_truthfulqa_exact_match,extra_eval_delta_truthfulqa_truthfulqa_token_f1,extra_eval_ifeval_ifeval_proxy_instruction_accuracy,extra_eval_ifeval_ifeval_proxy_prompt_accuracy,extra_eval_ifeval_ifeval_proxy_prompt_count,extra_eval_ifeval_ifeval_proxy_supported_instruction_count,extra_eval_ifeval_ifeval_proxy_total_instruction_count,extra_eval_ifeval_ifeval_proxy_unsupported_instruction_count,extra_eval_mmlu_non_medical_heldout_kl,extra_eval_mmlu_non_medical_heldout_kl_forward_flops,extra_eval_mmlu_non_medical_mmlu_accuracy,extra_eval_mmlu_non_medical_mmlu_chat_accuracy,extra_eval_mmlu_non_medical_mmlu_count,extra_eval_mmlu_non_medical_mmlu_loglikelihood_accuracy,extra_eval_truthfulqa_bbq_accuracy,extra_eval_truthfulqa_bbq_count,extra_eval_truthfulqa_heldout_kl,extra_eval_truthfulqa_heldout_kl_forward_flops,extra_eval_truthfulqa_medical_reference_count,extra_eval_truthfulqa_medical_reference_primary_score,extra_eval_truthfulqa_medical_reference_supported_count,extra_eval_truthfulqa_medical_reference_unsupported_count,extra_eval_truthfulqa_truthfulqa_count,extra_eval_truthfulqa_truthfulqa_exact_match,extra_eval_truthfulqa_truthfulqa_token_f1,final_cumulative_norm_budget_ratio,final_cumulative_norm_budget_satisfied,final_cumulative_norm_cost,final_cumulative_reference_budget_ratio,final_cumulative_reference_budget_satisfied,final_cumulative_reference_cost,instruction_performance_degradation,kl_regularization_lambda,max_cumulative_norm_budget_ratio,max_cumulative_reference_budget_ratio,max_incremental_norm_budget_ratio,max_incremental_reference_budget_ratio,ood_delta_mcq_ood_accuracy,ood_delta_mcq_ood_count,ood_evaluation_examples,ood_mcq_ood_accuracy,ood_mcq_ood_count,realized_heldout_kl,reference_bbq_accuracy,reference_bbq_count,reference_composition_domains,reference_composition_name,reference_delta_bbq_accuracy,reference_delta_bbq_count,reference_delta_medical_reference_count,reference_delta_medical_reference_primary_score,reference_delta_medical_reference_supported_count,reference_delta_medical_reference_unsupported_count,reference_delta_truthfulqa_count,reference_delta_truthfulqa_exact_match,reference_delta_truthfulqa_token_f1,reference_eval_examples,reference_examples,reference_medical_reference_count,reference_medical_reference_primary_score,reference_medical_reference_supported_count,reference_medical_reference_unsupported_count,reference_performance_degradation,reference_test_examples,reference_truthfulqa_count,reference_truthfulqa_exact_match,reference_truthfulqa_token_f1,reference_validation_bbq_accuracy,reference_validation_bbq_count,reference_validation_examples,reference_validation_medical_reference_count,reference_validation_medical_reference_primary_score,reference_validation_medical_reference_supported_count,reference_validation_medical_reference_unsupported_count,reference_validation_truthfulqa_count,reference_validation_truthfulqa_exact_match,reference_validation_truthfulqa_token_f1,run_output_dir,safe_approximation_error,safe_approximation_error_squared,safe_continuous_epsilon_budget_gap,safe_continuous_epsilon_budget_satisfied,safe_continuous_reference_budget_gap,safe_continuous_reference_budget_satisfied,safe_cost_beta,safe_cost_gamma,safe_effective_cost_c,safe_epsilon,safe_epsilon_calibration_base,safe_epsilon_multiplier,safe_geometry,safe_is_noop,safe_objective_value,safe_reference_curvature_q0,safe_rho,safe_selected_count,safe_selected_epsilon_budget_gap,safe_selected_epsilon_budget_satisfied,safe_selected_reference_budget_gap,safe_selected_reference_budget_satisfied,safe_selection_weight_sum,safe_solver,safe_solver_status,safe_trace_all_norm_budget_satisfied,safe_trace_all_reference_budget_satisfied,safe_trace_final_approximation_error,safe_trace_final_norm_budget_ratio,safe_trace_final_norm_budget_satisfied,safe_trace_final_reference_budget_ratio,safe_trace_final_reference_budget_satisfied,safe_trace_max_norm_budget_ratio,safe_trace_max_reference_budget_ratio,safe_trace_min_approximation_error,safe_training_constraint_mode,safe_training_epsilon,safe_training_epsilon_scale_by_steps,safe_training_epsilon_scale_horizon,safe_unconstrained_target_reference_cost,seed,selected_predicted_fisher_cost,selected_predicted_norm_cost,selection_family,selection_method,selection_preconditioner,sum_incremental_norm_cost,sum_incremental_reference_cost,summary_path,target_delta_medqa_accuracy,target_delta_medqa_count,target_loss_degradation,target_medqa_accuracy,target_medqa_accuracy_delta,target_medqa_count,target_performance_delta,train_wallclock_seconds,trained_lora_fisher_cost,trajectory_projection_active_fraction,trajectory_projection_active_steps,trajectory_projection_mean_scale,trajectory_projection_min_scale,trajectory_projection_steps,trajectory_spearman_predicted_fisher_vs_realized_kl,trajectory_spearman_predicted_fisher_vs_target_degradation,trajectory_spearman_realized_kl_vs_instruction_degradation,trajectory_spearman_realized_kl_vs_medqa_accuracy,trajectory_spearman_realized_kl_vs_reference_degradation,trajectory_spearman_realized_kl_vs_target_degradation,trajectory_spearman_realized_kl_vs_target_performance,trajectory_trajectory_point_count
True,True,True,True,0.5826771653543307,254.0,254.0,0.5826771653543307,254.0,0.0,0.0,0.0,0.0,0.5234375,0.40625,256.0,384.0,384.0,0.0,0.53515625,0.53515625,256.0,0.52734375,0.0,0.0,256.0,0.24156189185351593,256.0,0.0,256.0,0.01171875,0.24156189185351593,0.5,256.0,0.5909090909090909,88.0,256.0,0.43539642518634036,169.0,87.0,81.0,0.012345679012345678,0.27988375946358984,0.4140625,256.0,64,0.0,1.1295337162683187e+17,3466464146374656.0,1.416779235749888e+16,1.2712116398433075e+17,4994557534576640.0,3832507489320960.0,0.610236220472441,254.0,11.722868621505777,664684808421376.0,254.0,0.610236220472441,254.0,0.0,0.0,0.0,0.0,0.0275590551181103,0.0,0.0,0.0275590551181103,0.0,0.0,0.0,0.0,0.0,-0.0026041666666666297,-0.0078125,0.0,0.0,0.0,0.0,0.04296875,0.04296875,0.0,0.0625,0.0,0.0,0.0,-0.05452285365663337,0.0,0.0,0.0,0.00390625,-0.05452285365663337,0.5208333333333334,0.3984375,256.0,384.0,384.0,0.0,13.889920632044474,887086954266624.0,0.578125,0.578125,256.0,0.58984375,0.0,0.0,2.0879136019507802,322491424538624.0,256.0,0.18703903819688256,256.0,0.0,256.0,0.015625,0.18703903819688256,,,23.23328971862793,,,0.0011286340886726975,-0.050000000000000044,0.0,,,,,0.08203125,0.0,510,0.58203125,256.0,5.2816601734535364,0.5909090909090909,88.0,,,0.0,0.0,0.0,-0.03435746617808161,0.0,0.0,0.0,0.0,-0.06871493235616324,766,768,256.0,0.40103895900825876,169.0,87.0,0.053600134677515676,766,81.0,0.012345679012345678,0.2111688271074266,0.5882352941176471,85.0,384,256.0,0.4183847627861007,168.0,88.0,83.0,0.012048192771084338,0.24853423145455433,/workspace/safe-drift/outputs/setting_2_medqa_medmcqa_reference_coverage_gamma_v1/repeat_00/olmo7b_instruct/KR64_KT16/pct25.6/baseline_less_no_reference/training_runs/less_random_sketch_sgd_pct25.6_seed42,,,,,,,,,,,,,,,,,,,,,,,,,,,,,,,,,,,,none,,False,,,42,,,less_random_sketch_sgd,less_random_sketch_sgd,sgd,2.3124580441717626,8.818073173696983e-05,/workspace/safe-drift/outputs/setting_2_medqa_medmcqa_reference_coverage_gamma_v1/repeat_00/olmo7b_instruct/KR64_KT16/pct25.6/baseline_less_no_reference/training_runs/less_random_sketch_sgd_pct25.6_seed42/summary.json,0.015625,0.0,-3.2724315644372837,0.4296875,0.0625,256.0,3.2724315644372837,693.5179660599679,0.0011286340886726975,0.0,0,1.0,1.0,0,0.9681372549019609,-0.06862745098039216,-0.7071067811865475,0.7905694150420948,0.6668859288553503,-0.009803921568627453,0.009803921568627453,17
False,True,False,True,,,,,,,,,,,,,,,,,,,,,,,,,,,,,,,,,,,,,,,,,,6,0.0,1.2194647633115659e+17,266932453392384.0,3.701730531302605e+16,1.5896378164418266e+17,881392506101760.0,1533002995728384.0,0.5433070866141733,254.0,9.077723495603546,664684808421376.0,254.0,0.5433070866141733,254.0,0.0,0.0,0.0,0.0,,,,,,,,,,,,,,,,,,,,,,,,,,,,,0.5390625,0.4296875,256.0,384.0,384.0,0.0,11.35338701059421,887086954266624.0,0.58203125,0.58203125,256.0,0.5859375,0.0,0.0,1.216956816988471,322491424538624.0,256.0,0.22978339100520084,256.0,0.0,256.0,0.0078125,0.22978339100520084,430.01537280612064,False,2.349769353866577,0.010721372415390416,True,0.0001531237649032846,0.04999999999999999,0.0,430.01537280612064,0.010721372415390416,65.21574752648618,0.0019047832718151827,,,510,0.53515625,256.0,3.959610999799242,0.5227272727272727,88.0,"bbq,truthfulqa",B_K,,,,,,,,,,766,256,256.0,0.3877681067040099,169.0,87.0,0.11944285541937605,766,81.0,0.0,0.2528089406807471,0.49411764705882355,85.0,384,256.0,0.36210462283138567,168.0,88.0,83.0,0.012048192771084338,0.23009159860394784,/workspace/safe-drift/outputs/setting_2_medqa_medmcqa_reference_coverage_gamma_v1/repeat_00/olmo7b_instruct/KR64_KT16/pct25.6/safe_reference_hard_constrained_precondadam_refB_K_gamma0.01_epsm0.5/training_runs/safe_low_rank_adam_reference_constrained_greedy_eta0.0002_metricFplusAlpha_swaps1_feastol1e-06_gamma0.01_epsm0.5_caln64_calseed42_pct25.6_seed42,0.39910137742908103,0.1592819094657898,1.1360989701086899e-09,True,6.803559120596714e-09,True,,0.01,0.014282104843543824,0.10454075317382813,0.20908150634765627,0.5,reference,False,0.0796409547328949,261.36712646484375,0.014282104843543824,41,0.00531089765823165,True,0.00194767145930415,True,41.0,constrained_greedy,no_feasible_addition,True,True,0.39910137742908103,0.028088599348454715,True,0.8636286725244537,True,0.02868666387848509,0.9998699532362192,0.39910137742908103,none,0.10454075317382813,False,,1.4282104843543824,42,0.012334433384239674,0.00015348687884397805,safe_low_rank_adam_reference_constrained_greedy_eta0.0002_metricFplusAlpha_swaps1_feastol1e-06_gamma0.01_epsm0.5_caln64_calseed42,safe_low_rank_adam_reference_constrained_greedy_eta0.0002_metricFplusAlpha_swaps1_feastol1e-06_gamma0.01_epsm0.5_caln64_calseed42,adam,0.7460814178921282,4.57552663988281e-05,/workspace/safe-drift/outputs/setting_2_medqa_medmcqa_reference_coverage_gamma_v1/repeat_00/olmo7b_instruct/KR64_KT16/pct25.6/safe_reference_hard_constrained_precondadam_refB_K_gamma0.01_epsm0.5/training_runs/safe_low_rank_adam_reference_constrained_greedy_eta0.0002_metricFplusAlpha_swaps1_feastol1e-06_gamma0.01_epsm0.5_caln64_calseed42_pct25.6_seed42/summary.json,,,-3.3477629884000635,0.46875,-0.0625,256.0,3.3477629884000635,107.83662445656955,0.0001531237649032846,0.0,0,1.0,1.0,0,0.9999999999999998,-0.9999999999999998,,,,-0.9999999999999998,0.9999999999999998,3
False,True,False,True,,,,,,,,,,,,,,,,,,,,,,,,,,,,,,,,,,,,,,,,,,10,0.0,1.2194647633115659e+17,440509209133056.0,3.748467957080064e+16,1.5943115590195725e+17,1175190008135680.0,1533002995728384.0,0.547244094488189,254.0,9.767626351884656,664684808421376.0,254.0,0.547244094488189,254.0,0.0,0.0,0.0,0.0,,,,,,,,,,,,,,,,,,,,,,,,,,,,,0.5286458333333334,0.41796875,256.0,384.0,384.0,0.0,12.015184817214807,887086954266624.0,0.58203125,0.58203125,256.0,0.58984375,0.0,0.0,1.5142464082770453,322491424538624.0,256.0,0.19320158118341937,256.0,0.0,256.0,0.01171875,0.19320158118341937,229.83098595401472,False,5.0235395431518555,0.005397996995536711,True,0.0003083790361415595,0.04999999999999999,0.0,229.83098595401472,0.005397996995536711,16.391899085377172,0.0004760267456455008,,,510,0.5390625,256.0,4.321388113732431,0.5227272727272727,88.0,"bbq,truthfulqa",B_K,,,,,,,,,,766,256,256.0,0.3649434995085772,169.0,87.0,0.10732217932295474,766,81.0,0.0,0.2071597262898816,0.5411764705882353,85.0,384,256.0,0.40021890501581286,168.0,88.0,83.0,0.012048192771084338,0.25926133944339047,/workspace/safe-drift/outputs/setting_2_medqa_medmcqa_reference_coverage_gamma_v1/repeat_00/olmo7b_instruct/KR64_KT16/pct25.6/safe_reference_hard_constrained_precondadam_refB_K_gamma0.01_epsm1/training_runs/safe_low_rank_adam_reference_constrained_greedy_eta0.0002_metricFplusAlpha_swaps1_feastol1e-06_gamma0.01_epsm1_caln64_calseed42_pct25.6_seed42,0.8075778863977916,0.6521820425987244,4.5443958804347595e-09,True,2.7214236482386855e-08,True,,0.01,0.057128419374175295,0.20908150634765627,0.20908150634765627,1.0,reference,False,0.3260910212993622,261.36712646484375,0.057128419374175295,69,0.021407109514817522,True,0.004785613362736925,True,69.0,constrained_greedy,no_feasible_addition,True,True,0.8075779233011321,0.020607471954298746,True,0.9162308617322075,True,0.02092658892307292,0.9999605938240664,0.8075779233011321,none,0.20908150634765627,False,,5.712841937417529,42,0.05234280601143837,0.0004504286334849894,safe_low_rank_adam_reference_constrained_greedy_eta0.0002_metricFplusAlpha_swaps1_feastol1e-06_gamma0.01_epsm1_caln64_calseed42,safe_low_rank_adam_reference_constrained_greedy_eta0.0002_metricFplusAlpha_swaps1_feastol1e-06_gamma0.01_epsm1_caln64_calseed42,adam,1.0205060730222613,5.947174113529741e-05,/workspace/safe-drift/outputs/setting_2_medqa_medmcqa_reference_coverage_gamma_v1/repeat_00/olmo7b_instruct/KR64_KT16/pct25.6/safe_reference_hard_constrained_precondadam_refB_K_gamma0.01_epsm1/training_runs/safe_low_rank_adam_reference_constrained_greedy_eta0.0002_metricFplusAlpha_swaps1_feastol1e-06_gamma0.01_epsm1_caln64_calseed42_pct25.6_seed42/summary.json,,,-3.406560335031827,0.43359375,-0.125,256.0,3.406560335031827,138.80518341995776,0.0003083790361415595,0.0,0,1.0,1.0,0,0.9999999999999998,-0.9999999999999998,,,,-0.9999999999999998,0.9999999999999998,4
False,True,False,True,,,,,,,,,,,,,,,,,,,,,,,,,,,,,,,,,,,,,,,,,,16,0.0,1.2194647633115659e+17,840450670755840.0,3.817841853445734e+16,1.6012489486561395e+17,1468987510169600.0,1533002995728384.0,0.515748031496063,254.0,10.592526007824995,664684808421376.0,254.0,0.515748031496063,254.0,0.0,0.0,0.0,0.0,,,,,,,,,,,,,,,,,,,,,,,,,,,,,0.5390625,0.41796875,256.0,384.0,384.0,0.0,12.613574236631393,887086954266624.0,0.5703125,0.5703125,256.0,0.5703125,0.0,0.0,1.824850723629615,322491424538624.0,256.0,0.17232174537216252,256.0,0.0,256.0,0.015625,0.17232174537216252,96.5865874375795,False,8.444580078125,0.002226212463900303,True,0.0005087199970148504,-0.09999999999999998,0.0,96.5865874375795,0.002226212463900303,4.1229373684388015,0.0001198731183106676,,,510,0.50390625,256.0,4.74819042635899,0.5340909090909091,88.0,"bbq,truthfulqa",B_K,,,,,,,,,,766,256,256.0,0.3625396810998268,169.0,87.0,0.21784270718219234,766,81.0,0.012345679012345678,0.1909884531087446,0.49411764705882355,85.0,384,256.0,0.37026816325693745,168.0,88.0,83.0,0.024096385542168676,0.2464186794550513,/workspace/safe-drift/outputs/setting_2_medqa_medmcqa_reference_coverage_gamma_v1/repeat_00/olmo7b_instruct/KR64_KT16/pct25.6/safe_reference_hard_constrained_precondadam_refB_K_gamma0.01_epsm2/training_runs/safe_low_rank_adam_reference_constrained_greedy_eta0.0002_metricFplusAlpha_swaps1_feastol1e-06_gamma0.01_epsm2_caln64_calseed42_pct25.6_seed42,1.628331657078224,2.6514639854431152,1.8177583521739038e-08,True,1.0885694592954742e-07,True,,0.01,0.22851367749670118,0.41816301269531253,0.20908150634765627,2.0,reference,False,1.3257319927215576,261.36712646484375,0.22851367749670118,127,0.08587257495897979,True,0.010771502632885871,True,127.0,constrained_greedy,no_feasible_addition,True,True,1.628331657078224,0.017815106935269127,True,0.9528625706156038,True,0.018074318651980403,0.9998440000319291,1.628331657078224,none,0.41816301269531253,False,,22.851367749670118,42,0.2177421748638153,0.001557577634230256,safe_low_rank_adam_reference_constrained_greedy_eta0.0002_metricFplusAlpha_swaps1_feastol1e-06_gamma0.01_epsm2_caln64_calseed42,safe_low_rank_adam_reference_constrained_greedy_eta0.0002_metricFplusAlpha_swaps1_feastol1e-06_gamma0.01_epsm2_caln64_calseed42,adam,1.2972091334231663,7.175008751492129e-05,/workspace/safe-drift/outputs/setting_2_medqa_medmcqa_reference_coverage_gamma_v1/repeat_00/olmo7b_instruct/KR64_KT16/pct25.6/safe_reference_hard_constrained_precondadam_refB_K_gamma0.01_epsm2/training_runs/safe_low_rank_adam_reference_constrained_greedy_eta0.0002_metricFplusAlpha_swaps1_feastol1e-06_gamma0.01_epsm2_caln64_calseed42_pct25.6_seed42/summary.json,,,-3.4087956689763814,0.41796875,-0.1875,256.0,3.4087956689763814,177.39855205267668,0.0005087199970148504,0.0,0,1.0,1.0,0,0.9999999999999998,-0.5999999999999999,,,,-0.5999999999999999,0.5999999999999999,5
False,True,False,True,,,,,,,,,,,,,,,,,,,,,,,,,,,,,,,,,,,,,,,,,,10,0.0,1.2194647633115659e+17,505434231275520.0,3.75496045929431e+16,1.594960809240997e+17,1175190008135680.0,1533002995728384.0,0.5118110236220472,254.0,9.702676845660672,664684808421376.0,254.0,0.5118110236220472,254.0,0.0,0.0,0.0,0.0,,,,,,,,,,,,,,,,,,,,,,,,,,,,,0.5338541666666666,0.4140625,256.0,384.0,384.0,0.0,11.94929285099109,887086954266624.0,0.54296875,0.54296875,256.0,0.5390625,0.0,0.0,1.5153157154515324,322491424538624.0,256.0,0.18863146604222883,256.0,0.0,256.0,0.015625,0.18863146604222883,951.8568888836098,False,5.201312065124512,0.00222673561374102,True,0.00031802471494302154,0.04999999999999999,0.0,951.8568888836098,0.00222673561374102,65.81961112991661,0.0001921429793782085,,,510,0.5,256.0,4.297385122261796,0.48863636363636365,88.0,"bbq,truthfulqa",B_K,,,,,,,,,,766,256,256.0,0.351091894491201,169.0,87.0,0.17617604051552566,766,81.0,0.012345679012345678,0.21354742534603832,0.47058823529411764,85.0,384,256.0,0.36596894211507236,168.0,88.0,83.0,0.012048192771084338,0.2613496489360271,/workspace/safe-drift/outputs/setting_2_medqa_medmcqa_reference_coverage_gamma_v1/repeat_00/olmo7b_instruct/KR64_KT16/pct25.6/safe_reference_hard_constrained_precondadam_refB_K_gamma0.1_epsm0.5/training_runs/safe_low_rank_adam_reference_constrained_greedy_eta0.0002_metricFplusAlpha_swaps1_feastol1e-06_gamma0.1_epsm0.5_caln64_calseed42_pct25.6_seed42,0.8101462235745363,0.6563369035720825,1.1360989701086899e-09,True,-9.960247221441065e-08,True,,0.1,0.14282104843543825,0.10454075317382813,0.20908150634765627,0.5,reference,False,0.32816845178604126,261.36712646484375,0.14282104843543825,72,0.0048209313255520355,True,0.0065094428627377465,True,72.0,constrained_greedy,no_feasible_addition,True,True,0.8101462603608852,0.11775399237415805,True,0.9544230102839981,True,0.12052160170422671,0.9999759701194724,0.8101462603608852,none,0.10454075317382813,False,,1.4282104843543824,42,0.1363116055727005,0.0006434532115235925,safe_low_rank_adam_reference_constrained_greedy_eta0.0002_metricFplusAlpha_swaps1_feastol1e-06_gamma0.1_epsm0.5_caln64_calseed42,safe_low_rank_adam_reference_constrained_greedy_eta0.0002_metricFplusAlpha_swaps1_feastol1e-06_gamma0.1_epsm0.5_caln64_calseed42,adam,1.0507599557749927,6.090570849792698e-05,/workspace/safe-drift/outputs/setting_2_medqa_medmcqa_reference_coverage_gamma_v1/repeat_00/olmo7b_instruct/KR64_KT16/pct25.6/safe_reference_hard_constrained_precondadam_refB_K_gamma0.1_epsm0.5/training_runs/safe_low_rank_adam_reference_constrained_greedy_eta0.0002_metricFplusAlpha_swaps1_feastol1e-06_gamma0.1_epsm0.5_caln64_calseed42_pct25.6_seed42/summary.json,,,-3.45126927777892,0.4296875,-0.0625,256.0,3.45126927777892,138.0870929788798,0.00031802471494302154,0.0,0,1.0,1.0,0,0.9999999999999998,-0.9999999999999998,,,,-0.9999999999999998,0.9999999999999998,4
False,True,False,True,,,,,,,,,,,,,,,,,,,,,,,,,,,,,,,,,,,,,,,,,,18,0.0,1.2194647633115659e+17,958080512409600.0,3.935634737600922e+16,1.6130282370716582e+17,1762785012203520.0,2299504493592576.0,0.5511811023622047,254.0,10.624001225148598,664684808421376.0,254.0,0.5511811023622047,254.0,0.0,0.0,0.0,0.0,,,,,,,,,,,,,,,,,,,,,,,,,,,,,0.5416666666666666,0.421875,256.0,384.0,384.0,0.0,12.878738686442375,887086954266624.0,0.578125,0.578125,256.0,0.58984375,0.0,0.0,1.9017893568287672,322491424538624.0,256.0,0.16308079962336394,256.0,0.0,256.0,0.01171875,0.16308079962336394,439.06015563800463,False,9.596774101257324,0.0010005500266324298,True,0.0005715984152629972,-0.050000000000000044,0.0,439.06015563800463,0.0010005500266324298,16.5849092643649,4.823661611975735e-05,,,510,0.53515625,256.0,4.862291985867071,0.5454545454545454,88.0,"bbq,truthfulqa",B_K,,,,,,,,,,766,256,256.0,0.3553123733570236,169.0,87.0,0.10799422233370748,766,81.0,0.0,0.16517020125950183,0.5176470588235295,85.0,384,256.0,0.3704231952019633,168.0,88.0,83.0,0.024096385542168676,0.22319933158039715,/workspace/safe-drift/outputs/setting_2_medqa_medmcqa_reference_coverage_gamma_v1/repeat_00/olmo7b_instruct/KR64_KT16/pct25.6/safe_reference_hard_constrained_precondadam_refB_K_gamma0.1_epsm1/training_runs/safe_low_rank_adam_reference_constrained_greedy_eta0.0002_metricFplusAlpha_swaps1_feastol1e-06_gamma0.1_epsm1_caln64_calseed42_pct25.6_seed42,1.640786662538278,2.692180871963501,4.5443958804347595e-09,True,-3.984098888576426e-07,True,,0.1,0.571284193741753,0.20908150634765627,0.20908150634765627,1.0,reference,False,1.3460904359817505,261.36712646484375,0.571284193741753,138,0.019311336921069698,True,0.013480980145408994,True,138.0,constrained_greedy,no_feasible_addition,True,True,1.640786662538278,0.11649075984481608,True,0.9764029485408199,True,0.11799150424884067,0.9999684580362206,1.640786662538278,none,0.20908150634765627,False,,5.712841937417529,42,0.557803213596344,0.002546201227232814,safe_low_rank_adam_reference_constrained_greedy_eta0.0002_metricFplusAlpha_swaps1_feastol1e-06_gamma0.1_epsm1_caln64_calseed42,safe_low_rank_adam_reference_constrained_greedy_eta0.0002_metricFplusAlpha_swaps1_feastol1e-06_gamma0.1_epsm1_caln64_calseed42,adam,1.399172318415367,7.547368280969025e-05,/workspace/safe-drift/outputs/setting_2_medqa_medmcqa_reference_coverage_gamma_v1/repeat_00/olmo7b_instruct/KR64_KT16/pct25.6/safe_reference_hard_constrained_precondadam_refB_K_gamma0.1_epsm1/training_runs/safe_low_rank_adam_reference_constrained_greedy_eta0.0002_metricFplusAlpha_swaps1_feastol1e-06_gamma0.1_epsm1_caln64_calseed42_pct25.6_seed42/summary.json,,,-3.2916570794259314,0.44921875,0.0,256.0,3.2916570794259314,237.3347859121859,0.0005715984152629972,0.0,0,1.0,1.0,0,1.0,-0.42857142857142855,-0.8660254037844387,,0.9999999999999998,-0.42857142857142855,0.42857142857142855,6
False,True,False,True,,,,,,,,,,,,,,,,,,,,,,,,,,,,,,,,,,,,,,,,,,36,0.0,1.2194647633115659e+17,1981834222632960.0,4.232179259223245e+16,1.6426826892338906e+17,2937975020339200.0,3066005991456768.0,0.5551181102362205,254.0,11.794300081848785,664684808421376.0,254.0,0.5551181102362205,254.0,0.0,0.0,0.0,0.0,,,,,,,,,,,,,,,,,,,,,,,,,,,,,0.5390625,0.4140625,256.0,384.0,384.0,0.0,13.79285159210364,887086954266624.0,0.59375,0.59375,256.0,0.58203125,0.0,0.0,2.1439171409576376,322491424538624.0,256.0,0.17104120353183083,256.0,0.0,256.0,0.015625,0.17104120353183083,178.92200256047468,False,15.64317798614502,0.00037945730457609084,True,0.0008671118412166834,-0.050000000000000044,0.0,178.92200256047468,0.00037945730457609084,4.994646107279365,9.616025742701294e-06,,,510,0.54296875,256.0,5.367576187732173,0.5568181818181818,88.0,"bbq,truthfulqa",B_K,,,,,,,,,,766,256,256.0,0.3708292417418647,169.0,87.0,0.09284270718219234,766,81.0,0.012345679012345678,0.1848403016655476,0.5294117647058824,85.0,384,256.0,0.3889671751267558,168.0,88.0,83.0,0.024096385542168676,0.24852258554762924,/workspace/safe-drift/outputs/setting_2_medqa_medmcqa_reference_coverage_gamma_v1/repeat_00/olmo7b_instruct/KR64_KT16/pct25.6/safe_reference_hard_constrained_precondadam_refB_K_gamma0.1_epsm2/training_runs/safe_low_rank_adam_reference_constrained_greedy_eta0.0002_metricFplusAlpha_swaps1_feastol1e-06_gamma0.1_epsm2_caln64_calseed42_pct25.6_seed42,3.2896442397222816,10.821759223937988,1.8177583521739038e-08,True,-1.5936395554305705e-06,True,,0.1,2.285136774967012,0.41816301269531253,0.20908150634765627,2.0,reference,False,5.410879611968994,261.36712646484375,2.285136774967012,288,0.07723704680617124,True,0.02578432936459496,True,288.0,constrained_greedy,no_feasible_addition,True,True,3.2896442397222816,0.11658570281198863,True,0.988717026676851,True,0.11731561215750609,0.9999956893380084,3.2896442397222816,none,0.41816301269531253,False,,22.851367749670118,42,2.259352445602417,0.010193105787038803,safe_low_rank_adam_reference_constrained_greedy_eta0.0002_metricFplusAlpha_swaps1_feastol1e-06_gamma0.1_epsm2_caln64_calseed42,safe_low_rank_adam_reference_constrained_greedy_eta0.0002_metricFplusAlpha_swaps1_feastol1e-06_gamma0.1_epsm2_caln64_calseed42,adam,1.7315727303903259,7.754103721946404e-05,/workspace/safe-drift/outputs/setting_2_medqa_medmcqa_reference_coverage_gamma_v1/repeat_00/olmo7b_instruct/KR64_KT16/pct25.6/safe_reference_hard_constrained_precondadam_refB_K_gamma0.1_epsm2/training_runs/safe_low_rank_adam_reference_constrained_greedy_eta0.0002_metricFplusAlpha_swaps1_feastol1e-06_gamma0.1_epsm2_caln64_calseed42_pct25.6_seed42/summary.json,,,-3.2113405711456835,0.46875,0.0,256.0,3.2113405711456835,440.6207893528044,0.0008671118412166834,0.0,0,1.0,1.0,0,1.0,0.006060606060606061,-0.4472135954999579,,0.19999999999999996,0.006060606060606061,-0.006060606060606061,10
False,True,False,True,,,,,,,,,,,,,,,,,,,,,,,,,,,,,,,,,,,,,,,,,,32,0.0,1.2194647633115659e+17,2049003771789312.0,4.132866314149069e+16,1.632751394726473e+17,2644177518305280.0,2299504493592576.0,0.5551181102362205,254.0,11.640869218220548,664684808421376.0,254.0,0.5551181102362205,254.0,0.0,0.0,0.0,0.0,,,,,,,,,,,,,,,,,,,,,,,,,,,,,0.5390625,0.41796875,256.0,384.0,384.0,0.0,13.707321770489216,887086954266624.0,0.61328125,0.61328125,256.0,0.61328125,0.0,0.0,2.2303866330189264,322491424538624.0,256.0,0.13731383033288697,256.0,0.0,256.0,0.015625,0.13731383033288697,2829.16408939317,False,15.459640502929688,0.000617228005463038,True,0.0008815315086394548,-0.09999999999999998,0.0,2829.16408939317,0.000617228005463038,69.44986103230703,1.8930760811178028e-05,,,510,0.5625,256.0,5.378180354249244,0.5340909090909091,88.0,"bbq,truthfulqa",B_K,,,,,,,,,,766,256,256.0,0.3334997320239319,169.0,87.0,0.18865551506396572,766,81.0,0.0,0.1329085549569548,0.5176470588235295,85.0,384,256.0,0.35518202878783517,168.0,88.0,83.0,0.012048192771084338,0.19271699875214085,/workspace/safe-drift/outputs/setting_2_medqa_medmcqa_reference_coverage_gamma_v1/repeat_00/olmo7b_instruct/KR64_KT16/pct25.6/safe_reference_hard_constrained_precondadam_refB_K_gamma1_epsm0.5/training_runs/safe_low_rank_adam_reference_constrained_greedy_eta0.0002_metricFplusAlpha_swaps1_feastol1e-06_gamma1_epsm0.5_caln64_calseed42_pct25.6_seed42,1.5279577245606089,2.3346548080444336,2.0477639549321136e-10,True,1.0603355224958477e-06,True,,1.0,1.4282104843543824,0.10454075317382813,0.20908150634765627,0.5,reference,False,1.1673274040222168,261.36712646484375,1.4282104843543824,246,0.0001487021519588124,True,0.03431235489118656,True,246.0,constrained_greedy,no_improving_feasible_addition,True,True,1.527957490504463,0.9727870264345647,True,0.9759746137271816,True,0.9855880611091219,0.9936476242529689,1.527957490504463,none,0.10454075317382813,False,,1.4282104843543824,42,1.3938981294631958,0.005315682385116816,safe_low_rank_adam_reference_constrained_greedy_eta0.0002_metricFplusAlpha_swaps1_feastol1e-06_gamma1_epsm0.5_caln64_calseed42,safe_low_rank_adam_reference_constrained_greedy_eta0.0002_metricFplusAlpha_swaps1_feastol1e-06_gamma1_epsm0.5_caln64_calseed42,adam,1.768616292210936,8.790933804508905e-05,/workspace/safe-drift/outputs/setting_2_medqa_medmcqa_reference_coverage_gamma_v1/repeat_00/olmo7b_instruct/KR64_KT16/pct25.6/safe_reference_hard_constrained_precondadam_refB_K_gamma1_epsm0.5/training_runs/safe_low_rank_adam_reference_constrained_greedy_eta0.0002_metricFplusAlpha_swaps1_feastol1e-06_gamma1_epsm0.5_caln64_calseed42_pct25.6_seed42/summary.json,,,-3.3407539451545745,0.484375,0.0,256.0,3.3407539451545745,327.3320782314986,0.0008815315086394548,0.0,0,1.0,1.0,0,0.9999999999999999,0.19999999999999998,-0.8660254037844387,,0.9999999999999998,0.19999999999999998,-0.19999999999999998,9
False,True,False,True,,,,,,,,,,,,,,,,,,,,,,,,,,,,,,,,,,,,,,,,,,62,0.0,1.2194647633115659e+17,3551839303532544.0,4.671488168523366e+16,1.6866135801639027e+17,4994557534576640.0,3832507489320960.0,0.5275590551181102,254.0,11.968696771957116,664684808421376.0,254.0,0.5275590551181102,254.0,0.0,0.0,0.0,0.0,,,,,,,,,,,,,,,,,,,,,,,,,,,,,0.5364583333333334,0.40234375,256.0,384.0,384.0,0.0,13.699721445639929,887086954266624.0,0.5390625,0.5390625,256.0,0.53515625,0.0,0.0,2.1268437825422644,322491424538624.0,256.0,0.1900952111364154,256.0,0.0,256.0,0.015625,0.1900952111364154,1015.2155708052725,False,22.190113067626953,0.00019777393165075797,True,0.0011298512108623981,-0.09999999999999998,0.0,1015.2155708052725,0.00019777393165075797,19.80136471533355,3.803164402570319e-06,,,510,0.4921875,256.0,5.337437779295678,0.48863636363636365,88.0,"bbq,truthfulqa",B_K,,,,,,,,,,766,256,256.0,0.3484082462423801,169.0,87.0,0.10095640720765708,766,81.0,0.012345679012345678,0.20818012884839654,0.49411764705882355,85.0,384,256.0,0.37269202396944445,168.0,88.0,83.0,0.012048192771084338,0.2512664008800654,/workspace/safe-drift/outputs/setting_2_medqa_medmcqa_reference_coverage_gamma_v1/repeat_00/olmo7b_instruct/KR64_KT16/pct25.6/safe_reference_hard_constrained_precondadam_refB_K_gamma1_epsm1/training_runs/safe_low_rank_adam_reference_constrained_greedy_eta0.0002_metricFplusAlpha_swaps1_feastol1e-06_gamma1_epsm1_caln64_calseed42_pct25.6_seed42,3.9985625545239887,15.988502502441406,8.191055819728454e-10,True,4.241342089983391e-06,True,,1.0,5.712841937417529,0.20908150634765627,0.20908150634765627,1.0,reference,False,7.994251251220703,261.36712646484375,5.712841937417529,483,0.0025613111252970264,True,0.9128794168181642,True,483.0,constrained_greedy,no_improving_feasible_addition,True,True,3.9985625545239887,0.8828180353490179,True,0.8402060621543829,True,0.8881575093704519,0.8480423335322987,3.9985625545239887,none,0.20908150634765627,False,,5.712841937417529,42,4.799962520599365,0.019296227023005486,safe_low_rank_adam_reference_constrained_greedy_eta0.0002_metricFplusAlpha_swaps1_feastol1e-06_gamma1_epsm1_caln64_calseed42,safe_low_rank_adam_reference_constrained_greedy_eta0.0002_metricFplusAlpha_swaps1_feastol1e-06_gamma1_epsm1_caln64_calseed42,adam,2.2534346239481238,8.910861938091208e-05,/workspace/safe-drift/outputs/setting_2_medqa_medmcqa_reference_coverage_gamma_v1/repeat_00/olmo7b_instruct/KR64_KT16/pct25.6/safe_reference_hard_constrained_precondadam_refB_K_gamma1_epsm1/training_runs/safe_low_rank_adam_reference_constrained_greedy_eta0.0002_metricFplusAlpha_swaps1_feastol1e-06_gamma1_epsm1_caln64_calseed42_pct25.6_seed42/summary.json,,,-3.282573098083958,0.421875,-0.0625,256.0,3.282573098083958,684.9286770503968,0.0011298512108623981,0.0,0,1.0,1.0,0,0.8725490196078433,0.46813725490196084,-0.7071067811865475,-0.5773502691896257,0.0,0.5441176470588236,-0.5441176470588236,17
False,True,False,True,,,,,,,,,,,,,,,,,,,,,,,,,,,,,,,,,,,,,,,,,,64,0.0,1.2194647633115659e+17,3476107299471360.0,4.663914968117248e+16,1.685856260123291e+17,4994557534576640.0,3832507489320960.0,0.6377952755905512,254.0,11.905448205201958,664684808421376.0,254.0,0.6377952755905512,254.0,0.0,0.0,0.0,0.0,,,,,,,,,,,,,,,,,,,,,,,,,,,,,0.5338541666666666,0.3984375,256.0,384.0,384.0,0.0,14.012510843575,887086954266624.0,0.58203125,0.58203125,256.0,0.578125,0.0,0.0,2.1651629403935377,322491424538624.0,256.0,0.16382825194347292,256.0,0.0,256.0,0.015625,0.16382825194347292,266.27077108105703,False,23.280094146728516,5.13967743352092e-05,True,0.0011744865914806724,-0.0,0.0,266.27077108105703,5.13967743352092e-05,4.964610000036907,9.574162834200661e-07,,,510,0.5859375,256.0,5.414919460521025,0.5909090909090909,88.0,"bbq,truthfulqa",B_K,,,,,,,,,,766,256,256.0,0.37588349234285606,169.0,87.0,0.08038804472752992,766,81.0,0.0,0.16085789377662116,0.6235294117647059,85.0,384,256.0,0.42992840339547994,168.0,88.0,83.0,0.024096385542168676,0.236327395026254,/workspace/safe-drift/outputs/setting_2_medqa_medmcqa_reference_coverage_gamma_v1/repeat_00/olmo7b_instruct/KR64_KT16/pct25.6/safe_reference_hard_constrained_precondadam_refB_K_gamma1_epsm2/training_runs/safe_low_rank_adam_reference_constrained_greedy_eta0.0002_metricFplusAlpha_swaps1_feastol1e-06_gamma1_epsm2_caln64_calseed42_pct25.6_seed42,13.842820801561386,191.62368774414062,3.2764223278913818e-09,True,1.6965368359933564e-05,True,,1.0,22.851367749670118,0.41816301269531253,0.20908150634765627,2.0,reference,False,95.81184387207031,261.36712646484375,22.851367749670118,512,0.05525851949866087,True,14.618772305944532,True,512.0,constrained_greedy,budget_reached,True,True,13.842820801561386,0.3679695833258556,True,0.36026720128677553,True,0.36901592661985594,0.3618580101167327,13.842820801561386,none,0.41816301269531253,False,,22.851367749670118,42,8.232595443725586,0.03217163309454918,safe_low_rank_adam_reference_constrained_greedy_eta0.0002_metricFplusAlpha_swaps1_feastol1e-06_gamma1_epsm2_caln64_calseed42,safe_low_rank_adam_reference_constrained_greedy_eta0.0002_metricFplusAlpha_swaps1_feastol1e-06_gamma1_epsm2_caln64_calseed42,adam,2.3739302561302793,9.31292062861383e-05,/workspace/safe-drift/outputs/setting_2_medqa_medmcqa_reference_coverage_gamma_v1/repeat_00/olmo7b_instruct/KR64_KT16/pct25.6/safe_reference_hard_constrained_precondadam_refB_K_gamma1_epsm2/training_runs/safe_low_rank_adam_reference_constrained_greedy_eta0.0002_metricFplusAlpha_swaps1_feastol1e-06_gamma1_epsm2_caln64_calseed42_pct25.6_seed42/summary.json,,,-3.247034909404647,0.44921875,-0.0625,256.0,3.247034909404647,687.1549022290856,0.0011744865914806724,0.0,0,1.0,1.0,0,0.9509803921568629,0.39460784313725494,-0.28867513459481287,-0.7905694150420948,0.051298917604257706,0.44852941176470595,-0.44852941176470595,17
False,True,False,True,,,,,,,,,,,,,,,,,,,,,,,,,,,,,,,,,,,,,,,,,,6,0.0,1.2194647633115659e+17,266932453392384.0,3.701730531302605e+16,1.5896378164418266e+17,881392506101760.0,1533002995728384.0,0.5433070866141733,254.0,9.077723495603546,664684808421376.0,254.0,0.5433070866141733,254.0,0.0,0.0,0.0,0.0,,,,,,,,,,,,,,,,,,,,,,,,,,,,,0.5390625,0.4296875,256.0,384.0,384.0,0.0,11.35338701059421,887086954266624.0,0.58203125,0.58203125,256.0,0.5859375,0.0,0.0,1.216956816988471,322491424538624.0,256.0,0.22978339100520084,256.0,0.0,256.0,0.0078125,0.22978339100520084,430.01537280612064,False,2.349769353866577,0.007422543576223158,True,0.00010600954556139186,0.04999999999999999,0.0,430.01537280612064,0.007422543576223158,65.21574752648618,0.0013237651062666066,,,510,0.53515625,256.0,3.959610999799242,0.5227272727272727,88.0,"bbq,truthfulqa",B_T_K,,,,,,,,,,766,256,256.0,0.3877681067040099,169.0,87.0,0.11944285541937605,766,81.0,0.0,0.2528089406807471,0.49411764705882355,85.0,384,256.0,0.36210462283138567,168.0,88.0,83.0,0.012048192771084338,0.23009159860394784,/workspace/safe-drift/outputs/setting_2_medqa_medmcqa_reference_coverage_gamma_v1/repeat_00/olmo7b_instruct/KR64_KT16/pct25.6/safe_reference_hard_constrained_precondadam_refB_T_K_gamma0.01_epsm0.5/training_runs/safe_low_rank_adam_reference_constrained_greedy_eta0.0002_metricFplusAlpha_swaps1_feastol1e-06_gamma0.01_epsm0.5_caln64_calseed42_pct25.6_seed42,0.39910137742908103,0.1592819094657898,1.1360989701086899e-09,True,6.803559120596714e-09,True,,0.01,0.014282104843543824,0.10454075317382813,0.20908150634765627,0.5,reference,False,0.0796409547328949,261.36712646484375,0.014282104843543824,41,0.00531089765823165,True,0.00194767145930415,True,41.0,constrained_greedy,no_feasible_addition,True,True,0.39910137742908103,0.028088599348454715,True,0.8636286725244537,True,0.02868666387848509,0.9998699532362192,0.39910137742908103,none,0.10454075317382813,False,,1.4282104843543824,42,0.012334433384239674,0.00015348687884397805,safe_low_rank_adam_reference_constrained_greedy_eta0.0002_metricFplusAlpha_swaps1_feastol1e-06_gamma0.01_epsm0.5_caln64_calseed42,safe_low_rank_adam_reference_constrained_greedy_eta0.0002_metricFplusAlpha_swaps1_feastol1e-06_gamma0.01_epsm0.5_caln64_calseed42,adam,0.7460814178921282,3.172127473760611e-05,/workspace/safe-drift/outputs/setting_2_medqa_medmcqa_reference_coverage_gamma_v1/repeat_00/olmo7b_instruct/KR64_KT16/pct25.6/safe_reference_hard_constrained_precondadam_refB_T_K_gamma0.01_epsm0.5/training_runs/safe_low_rank_adam_reference_constrained_greedy_eta0.0002_metricFplusAlpha_swaps1_feastol1e-06_gamma0.01_epsm0.5_caln64_calseed42_pct25.6_seed42/summary.json,,,-3.3477629884000635,0.46875,-0.0625,256.0,3.3477629884000635,108.28747086971998,0.00010600954556139186,0.0,0,1.0,1.0,0,0.9999999999999998,-0.9999999999999998,,,,-0.9999999999999998,0.9999999999999998,3
False,True,False,True,,,,,,,,,,,,,,,,,,,,,,,,,,,,,,,,,,,,,,,,,,10,0.0,1.2194647633115659e+17,440509209133056.0,3.748467957080064e+16,1.5943115590195725e+17,1175190008135680.0,1533002995728384.0,0.547244094488189,254.0,9.767626351884656,664684808421376.0,254.0,0.547244094488189,254.0,0.0,0.0,0.0,0.0,,,,,,,,,,,,,,,,,,,,,,,,,,,,,0.5286458333333334,0.41796875,256.0,384.0,384.0,0.0,12.015184817214807,887086954266624.0,0.58203125,0.58203125,256.0,0.58984375,0.0,0.0,1.5142464082770453,322491424538624.0,256.0,0.19320158118341937,256.0,0.0,256.0,0.01171875,0.19320158118341937,229.83098595401472,False,5.0235395431518555,0.003733833612043645,True,0.00021330801246222109,0.04999999999999999,0.0,229.83098595401472,0.003733833612043645,16.391899085377172,0.00033096534787834106,,,510,0.5390625,256.0,4.321388113732431,0.5227272727272727,88.0,"bbq,truthfulqa",B_T_K,,,,,,,,,,766,256,256.0,0.3649434995085772,169.0,87.0,0.10732217932295474,766,81.0,0.0,0.2071597262898816,0.5411764705882353,85.0,384,256.0,0.40021890501581286,168.0,88.0,83.0,0.012048192771084338,0.25926133944339047,/workspace/safe-drift/outputs/setting_2_medqa_medmcqa_reference_coverage_gamma_v1/repeat_00/olmo7b_instruct/KR64_KT16/pct25.6/safe_reference_hard_constrained_precondadam_refB_T_K_gamma0.01_epsm1/training_runs/safe_low_rank_adam_reference_constrained_greedy_eta0.0002_metricFplusAlpha_swaps1_feastol1e-06_gamma0.01_epsm1_caln64_calseed42_pct25.6_seed42,0.8075778863977916,0.6521820425987244,4.5443958804347595e-09,True,2.7214236482386855e-08,True,,0.01,0.057128419374175295,0.20908150634765627,0.20908150634765627,1.0,reference,False,0.3260910212993622,261.36712646484375,0.057128419374175295,69,0.021407109514817522,True,0.004785613362736925,True,69.0,constrained_greedy,no_feasible_addition,True,True,0.8075779233011321,0.020607471954298746,True,0.9162308617322075,True,0.02092658892307292,0.9999605938240664,0.8075779233011321,none,0.20908150634765627,False,,5.712841937417529,42,0.05234280601143837,0.0004504286334849894,safe_low_rank_adam_reference_constrained_greedy_eta0.0002_metricFplusAlpha_swaps1_feastol1e-06_gamma0.01_epsm1_caln64_calseed42,safe_low_rank_adam_reference_constrained_greedy_eta0.0002_metricFplusAlpha_swaps1_feastol1e-06_gamma0.01_epsm1_caln64_calseed42,adam,1.0205060730222613,4.12107194982525e-05,/workspace/safe-drift/outputs/setting_2_medqa_medmcqa_reference_coverage_gamma_v1/repeat_00/olmo7b_instruct/KR64_KT16/pct25.6/safe_reference_hard_constrained_precondadam_refB_T_K_gamma0.01_epsm1/training_runs/safe_low_rank_adam_reference_constrained_greedy_eta0.0002_metricFplusAlpha_swaps1_feastol1e-06_gamma0.01_epsm1_caln64_calseed42_pct25.6_seed42/summary.json,,,-3.406560335031827,0.43359375,-0.125,256.0,3.406560335031827,138.319854458794,0.00021330801246222109,0.0,0,1.0,1.0,0,0.9999999999999998,-0.9999999999999998,,,,-0.9999999999999998,0.9999999999999998,4
False,True,False,True,,,,,,,,,,,,,,,,,,,,,,,,,,,,,,,,,,,,,,,,,,16,0.0,1.2194647633115659e+17,840450670755840.0,3.817841853445734e+16,1.6012489486561395e+17,1468987510169600.0,1533002995728384.0,0.515748031496063,254.0,10.592526007824995,664684808421376.0,254.0,0.515748031496063,254.0,0.0,0.0,0.0,0.0,,,,,,,,,,,,,,,,,,,,,,,,,,,,,0.5390625,0.41796875,256.0,384.0,384.0,0.0,12.613574236631393,887086954266624.0,0.5703125,0.5703125,256.0,0.5703125,0.0,0.0,1.824850723629615,322491424538624.0,256.0,0.17232174537216252,256.0,0.0,256.0,0.015625,0.17232174537216252,96.5865874375795,False,8.444580078125,0.001539320645771018,True,0.00035175582161173224,-0.09999999999999998,0.0,96.5865874375795,0.001539320645771018,4.1229373684388015,8.330529341488067e-05,,,510,0.50390625,256.0,4.74819042635899,0.5340909090909091,88.0,"bbq,truthfulqa",B_T_K,,,,,,,,,,766,256,256.0,0.3625396810998268,169.0,87.0,0.21784270718219234,766,81.0,0.012345679012345678,0.1909884531087446,0.49411764705882355,85.0,384,256.0,0.37026816325693745,168.0,88.0,83.0,0.024096385542168676,0.2464186794550513,/workspace/safe-drift/outputs/setting_2_medqa_medmcqa_reference_coverage_gamma_v1/repeat_00/olmo7b_instruct/KR64_KT16/pct25.6/safe_reference_hard_constrained_precondadam_refB_T_K_gamma0.01_epsm2/training_runs/safe_low_rank_adam_reference_constrained_greedy_eta0.0002_metricFplusAlpha_swaps1_feastol1e-06_gamma0.01_epsm2_caln64_calseed42_pct25.6_seed42,1.628331657078224,2.6514639854431152,1.8177583521739038e-08,True,1.0885694592954742e-07,True,,0.01,0.22851367749670118,0.41816301269531253,0.20908150634765627,2.0,reference,False,1.3257319927215576,261.36712646484375,0.22851367749670118,127,0.08587257495897979,True,0.010771502632885871,True,127.0,constrained_greedy,no_feasible_addition,True,True,1.628331657078224,0.017815106935269127,True,0.9528625706156038,True,0.018074318651980403,0.9998440000319291,1.628331657078224,none,0.41816301269531253,False,,22.851367749670118,42,0.2177421748638153,0.001557577634230256,safe_low_rank_adam_reference_constrained_greedy_eta0.0002_metricFplusAlpha_swaps1_feastol1e-06_gamma0.01_epsm2_caln64_calseed42,safe_low_rank_adam_reference_constrained_greedy_eta0.0002_metricFplusAlpha_swaps1_feastol1e-06_gamma0.01_epsm2_caln64_calseed42,adam,1.2972091334231663,4.971437415557389e-05,/workspace/safe-drift/outputs/setting_2_medqa_medmcqa_reference_coverage_gamma_v1/repeat_00/olmo7b_instruct/KR64_KT16/pct25.6/safe_reference_hard_constrained_precondadam_refB_T_K_gamma0.01_epsm2/training_runs/safe_low_rank_adam_reference_constrained_greedy_eta0.0002_metricFplusAlpha_swaps1_feastol1e-06_gamma0.01_epsm2_caln64_calseed42_pct25.6_seed42/summary.json,,,-3.4087956689763814,0.41796875,-0.1875,256.0,3.4087956689763814,165.78562653809786,0.00035175582161173224,0.0,0,1.0,1.0,0,0.9999999999999998,-0.5999999999999999,,,,-0.5999999999999999,0.5999999999999999,5
False,True,False,True,,,,,,,,,,,,,,,,,,,,,,,,,,,,,,,,,,,,,,,,,,10,0.0,1.2194647633115659e+17,505434231275520.0,3.75496045929431e+16,1.594960809240997e+17,1175190008135680.0,1533002995728384.0,0.5118110236220472,254.0,9.702676845660672,664684808421376.0,254.0,0.5118110236220472,254.0,0.0,0.0,0.0,0.0,,,,,,,,,,,,,,,,,,,,,,,,,,,,,0.5338541666666666,0.4140625,256.0,384.0,384.0,0.0,11.94929285099109,887086954266624.0,0.54296875,0.54296875,256.0,0.5390625,0.0,0.0,1.5153157154515324,322491424538624.0,256.0,0.18863146604222883,256.0,0.0,256.0,0.015625,0.18863146604222883,951.8568888836098,False,5.201312065124512,0.0015404325111204825,True,0.0002200061862822622,0.04999999999999999,0.0,951.8568888836098,0.0015404325111204825,65.81961112991661,0.00013348567591364992,,,510,0.5,256.0,4.297385122261796,0.48863636363636365,88.0,"bbq,truthfulqa",B_T_K,,,,,,,,,,766,256,256.0,0.351091894491201,169.0,87.0,0.17617604051552566,766,81.0,0.012345679012345678,0.21354742534603832,0.47058823529411764,85.0,384,256.0,0.36596894211507236,168.0,88.0,83.0,0.012048192771084338,0.2613496489360271,/workspace/safe-drift/outputs/setting_2_medqa_medmcqa_reference_coverage_gamma_v1/repeat_00/olmo7b_instruct/KR64_KT16/pct25.6/safe_reference_hard_constrained_precondadam_refB_T_K_gamma0.1_epsm0.5/training_runs/safe_low_rank_adam_reference_constrained_greedy_eta0.0002_metricFplusAlpha_swaps1_feastol1e-06_gamma0.1_epsm0.5_caln64_calseed42_pct25.6_seed42,0.8101462235745363,0.6563369035720825,1.1360989701086899e-09,True,-9.960247221441065e-08,True,,0.1,0.14282104843543825,0.10454075317382813,0.20908150634765627,0.5,reference,False,0.32816845178604126,261.36712646484375,0.14282104843543825,72,0.0048209313255520355,True,0.0065094428627377465,True,72.0,constrained_greedy,no_feasible_addition,True,True,0.8101462603608852,0.11775399237415805,True,0.9544230102839981,True,0.12052160170422671,0.9999759701194724,0.8101462603608852,none,0.10454075317382813,False,,1.4282104843543824,42,0.1363116055727005,0.0006434532115235925,safe_low_rank_adam_reference_constrained_greedy_eta0.0002_metricFplusAlpha_swaps1_feastol1e-06_gamma0.1_epsm0.5_caln64_calseed42,safe_low_rank_adam_reference_constrained_greedy_eta0.0002_metricFplusAlpha_swaps1_feastol1e-06_gamma0.1_epsm0.5_caln64_calseed42,adam,1.0507599557749927,4.219943867767029e-05,/workspace/safe-drift/outputs/setting_2_medqa_medmcqa_reference_coverage_gamma_v1/repeat_00/olmo7b_instruct/KR64_KT16/pct25.6/safe_reference_hard_constrained_precondadam_refB_T_K_gamma0.1_epsm0.5/training_runs/safe_low_rank_adam_reference_constrained_greedy_eta0.0002_metricFplusAlpha_swaps1_feastol1e-06_gamma0.1_epsm0.5_caln64_calseed42_pct25.6_seed42/summary.json,,,-3.45126927777892,0.4296875,-0.0625,256.0,3.45126927777892,140.23302526772022,0.0002200061862822622,0.0,0,1.0,1.0,0,0.9999999999999998,-0.9999999999999998,,,,-0.9999999999999998,0.9999999999999998,4
False,True,False,True,,,,,,,,,,,,,,,,,,,,,,,,,,,,,,,,,,,,,,,,,,18,0.0,1.2194647633115659e+17,958080512409600.0,3.935634737600922e+16,1.6130282370716582e+17,1762785012203520.0,2299504493592576.0,0.5511811023622047,254.0,10.624001225148598,664684808421376.0,254.0,0.5511811023622047,254.0,0.0,0.0,0.0,0.0,,,,,,,,,,,,,,,,,,,,,,,,,,,,,0.5416666666666666,0.421875,256.0,384.0,384.0,0.0,12.878738686442375,887086954266624.0,0.578125,0.578125,256.0,0.58984375,0.0,0.0,1.9017893568287672,322491424538624.0,256.0,0.16308079962336394,256.0,0.0,256.0,0.01171875,0.16308079962336394,439.06015563800463,False,9.596774101257324,0.0006907522961339456,True,0.0003946158685721457,-0.050000000000000044,0.0,439.06015563800463,0.0006907522961339456,16.5849092643649,3.351098482567215e-05,,,510,0.53515625,256.0,4.862291985867071,0.5454545454545454,88.0,"bbq,truthfulqa",B_T_K,,,,,,,,,,766,256,256.0,0.3553123733570236,169.0,87.0,0.10799422233370748,766,81.0,0.0,0.16517020125950183,0.5176470588235295,85.0,384,256.0,0.3704231952019633,168.0,88.0,83.0,0.024096385542168676,0.22319933158039715,/workspace/safe-drift/outputs/setting_2_medqa_medmcqa_reference_coverage_gamma_v1/repeat_00/olmo7b_instruct/KR64_KT16/pct25.6/safe_reference_hard_constrained_precondadam_refB_T_K_gamma0.1_epsm1/training_runs/safe_low_rank_adam_reference_constrained_greedy_eta0.0002_metricFplusAlpha_swaps1_feastol1e-06_gamma0.1_epsm1_caln64_calseed42_pct25.6_seed42,1.640786662538278,2.692180871963501,4.5443958804347595e-09,True,-3.984098888576426e-07,True,,0.1,0.571284193741753,0.20908150634765627,0.20908150634765627,1.0,reference,False,1.3460904359817505,261.36712646484375,0.571284193741753,138,0.019311336921069698,True,0.013480980145408994,True,138.0,constrained_greedy,no_feasible_addition,True,True,1.640786662538278,0.11649075984481608,True,0.9764029485408199,True,0.11799150424884067,0.9999684580362206,1.640786662538278,none,0.20908150634765627,False,,5.712841937417529,42,0.557803213596344,0.002546201227232814,safe_low_rank_adam_reference_constrained_greedy_eta0.0002_metricFplusAlpha_swaps1_feastol1e-06_gamma0.1_epsm1_caln64_calseed42,safe_low_rank_adam_reference_constrained_greedy_eta0.0002_metricFplusAlpha_swaps1_feastol1e-06_gamma0.1_epsm1_caln64_calseed42,adam,1.399172318415367,5.224634516354243e-05,/workspace/safe-drift/outputs/setting_2_medqa_medmcqa_reference_coverage_gamma_v1/repeat_00/olmo7b_instruct/KR64_KT16/pct25.6/safe_reference_hard_constrained_precondadam_refB_T_K_gamma0.1_epsm1/training_runs/safe_low_rank_adam_reference_constrained_greedy_eta0.0002_metricFplusAlpha_swaps1_feastol1e-06_gamma0.1_epsm1_caln64_calseed42_pct25.6_seed42/summary.json,,,-3.2916570794259314,0.44921875,0.0,256.0,3.2916570794259314,241.74939646199346,0.0003946158685721457,0.0,0,1.0,1.0,0,1.0,-0.42857142857142855,-0.8660254037844387,,0.9999999999999998,-0.42857142857142855,0.42857142857142855,6
False,True,False,True,,,,,,,,,,,,,,,,,,,,,,,,,,,,,,,,,,,,,,,,,,36,0.0,1.2194647633115659e+17,1981834222632960.0,4.232179259223245e+16,1.6426826892338906e+17,2937975020339200.0,3066005991456768.0,0.5551181102362205,254.0,11.794300081848785,664684808421376.0,254.0,0.5551181102362205,254.0,0.0,0.0,0.0,0.0,,,,,,,,,,,,,,,,,,,,,,,,,,,,,0.5390625,0.4140625,256.0,384.0,384.0,0.0,13.79285159210364,887086954266624.0,0.59375,0.59375,256.0,0.58203125,0.0,0.0,2.1439171409576376,322491424538624.0,256.0,0.17104120353183083,256.0,0.0,256.0,0.015625,0.17104120353183083,178.92200256047468,False,15.64317798614502,0.000262245605688482,True,0.0005992670776322484,-0.050000000000000044,0.0,178.92200256047468,0.000262245605688482,4.994646107279365,6.6507310838464204e-06,,,510,0.54296875,256.0,5.367576187732173,0.5568181818181818,88.0,"bbq,truthfulqa",B_T_K,,,,,,,,,,766,256,256.0,0.3708292417418647,169.0,87.0,0.09284270718219234,766,81.0,0.012345679012345678,0.1848403016655476,0.5294117647058824,85.0,384,256.0,0.3889671751267558,168.0,88.0,83.0,0.024096385542168676,0.24852258554762924,/workspace/safe-drift/outputs/setting_2_medqa_medmcqa_reference_coverage_gamma_v1/repeat_00/olmo7b_instruct/KR64_KT16/pct25.6/safe_reference_hard_constrained_precondadam_refB_T_K_gamma0.1_epsm2/training_runs/safe_low_rank_adam_reference_constrained_greedy_eta0.0002_metricFplusAlpha_swaps1_feastol1e-06_gamma0.1_epsm2_caln64_calseed42_pct25.6_seed42,3.2896442397222816,10.821759223937988,1.8177583521739038e-08,True,-1.5936395554305705e-06,True,,0.1,2.285136774967012,0.41816301269531253,0.20908150634765627,2.0,reference,False,5.410879611968994,261.36712646484375,2.285136774967012,288,0.07723704680617124,True,0.02578432936459496,True,288.0,constrained_greedy,no_feasible_addition,True,True,3.2896442397222816,0.11658570281198863,True,0.988717026676851,True,0.11731561215750609,0.9999956893380084,3.2896442397222816,none,0.41816301269531253,False,,22.851367749670118,42,2.259352445602417,0.010193105787038803,safe_low_rank_adam_reference_constrained_greedy_eta0.0002_metricFplusAlpha_swaps1_feastol1e-06_gamma0.1_epsm2_caln64_calseed42,safe_low_rank_adam_reference_constrained_greedy_eta0.0002_metricFplusAlpha_swaps1_feastol1e-06_gamma0.1_epsm2_caln64_calseed42,adam,1.7315727303903259,5.36926675049898e-05,/workspace/safe-drift/outputs/setting_2_medqa_medmcqa_reference_coverage_gamma_v1/repeat_00/olmo7b_instruct/KR64_KT16/pct25.6/safe_reference_hard_constrained_precondadam_refB_T_K_gamma0.1_epsm2/training_runs/safe_low_rank_adam_reference_constrained_greedy_eta0.0002_metricFplusAlpha_swaps1_feastol1e-06_gamma0.1_epsm2_caln64_calseed42_pct25.6_seed42/summary.json,,,-3.2113405711456835,0.46875,0.0,256.0,3.2113405711456835,440.6141044907272,0.0005992670776322484,0.0,0,1.0,1.0,0,1.0,0.006060606060606061,-0.4472135954999579,,0.19999999999999996,0.006060606060606061,-0.006060606060606061,10
False,True,False,True,,,,,,,,,,,,,,,,,,,,,,,,,,,,,,,,,,,,,,,,,,32,0.0,1.2194647633115659e+17,2049003771789312.0,4.132866314149069e+16,1.632751394726473e+17,2644177518305280.0,2299504493592576.0,0.5551181102362205,254.0,11.640869218220548,664684808421376.0,254.0,0.5551181102362205,254.0,0.0,0.0,0.0,0.0,,,,,,,,,,,,,,,,,,,,,,,,,,,,,0.5390625,0.41796875,256.0,384.0,384.0,0.0,13.707321770489216,887086954266624.0,0.61328125,0.61328125,256.0,0.61328125,0.0,0.0,2.2303866330189264,322491424538624.0,256.0,0.13731383033288697,256.0,0.0,256.0,0.015625,0.13731383033288697,2829.16408939317,False,15.459640502929688,0.0004260625225704919,True,0.0006085069617256522,-0.09999999999999998,0.0,2829.16408939317,0.0004260625225704919,69.44986103230703,1.3147177318301909e-05,,,510,0.5625,256.0,5.378180354249244,0.5340909090909091,88.0,"bbq,truthfulqa",B_T_K,,,,,,,,,,766,256,256.0,0.3334997320239319,169.0,87.0,0.18865551506396572,766,81.0,0.0,0.1329085549569548,0.5176470588235295,85.0,384,256.0,0.35518202878783517,168.0,88.0,83.0,0.012048192771084338,0.19271699875214085,/workspace/safe-drift/outputs/setting_2_medqa_medmcqa_reference_coverage_gamma_v1/repeat_00/olmo7b_instruct/KR64_KT16/pct25.6/safe_reference_hard_constrained_precondadam_refB_T_K_gamma1_epsm0.5/training_runs/safe_low_rank_adam_reference_constrained_greedy_eta0.0002_metricFplusAlpha_swaps1_feastol1e-06_gamma1_epsm0.5_caln64_calseed42_pct25.6_seed42,1.5279577245606089,2.3346548080444336,2.0477639549321136e-10,True,1.0603355224958477e-06,True,,1.0,1.4282104843543824,0.10454075317382813,0.20908150634765627,0.5,reference,False,1.1673274040222168,261.36712646484375,1.4282104843543824,246,0.0001487021519588124,True,0.03431235489118656,True,246.0,constrained_greedy,no_improving_feasible_addition,True,True,1.527957490504463,0.9727870264345647,True,0.9759746137271816,True,0.9855880611091219,0.9936476242529689,1.527957490504463,none,0.10454075317382813,False,,1.4282104843543824,42,1.3938981294631958,0.005315682385116816,safe_low_rank_adam_reference_constrained_greedy_eta0.0002_metricFplusAlpha_swaps1_feastol1e-06_gamma1_epsm0.5_caln64_calseed42,safe_low_rank_adam_reference_constrained_greedy_eta0.0002_metricFplusAlpha_swaps1_feastol1e-06_gamma1_epsm0.5_caln64_calseed42,adam,1.768616292210936,6.0859993742501395e-05,/workspace/safe-drift/outputs/setting_2_medqa_medmcqa_reference_coverage_gamma_v1/repeat_00/olmo7b_instruct/KR64_KT16/pct25.6/safe_reference_hard_constrained_precondadam_refB_T_K_gamma1_epsm0.5/training_runs/safe_low_rank_adam_reference_constrained_greedy_eta0.0002_metricFplusAlpha_swaps1_feastol1e-06_gamma1_epsm0.5_caln64_calseed42_pct25.6_seed42/summary.json,,,-3.3407539451545745,0.484375,0.0,256.0,3.3407539451545745,332.78624406829476,0.0006085069617256522,0.0,0,1.0,1.0,0,0.9999999999999999,0.19999999999999998,-0.8660254037844387,,0.9999999999999998,0.19999999999999998,-0.19999999999999998,9
False,True,False,True,,,,,,,,,,,,,,,,,,,,,,,,,,,,,,,,,,,,,,,,,,62,0.0,1.2194647633115659e+17,3551839303532544.0,4.671488168523366e+16,1.6866135801639027e+17,4994557534576640.0,3832507489320960.0,0.5275590551181102,254.0,11.968696771957116,664684808421376.0,254.0,0.5275590551181102,254.0,0.0,0.0,0.0,0.0,,,,,,,,,,,,,,,,,,,,,,,,,,,,,0.5364583333333334,0.40234375,256.0,384.0,384.0,0.0,13.699721445639929,887086954266624.0,0.5390625,0.5390625,256.0,0.53515625,0.0,0.0,2.1268437825422644,322491424538624.0,256.0,0.1900952111364154,256.0,0.0,256.0,0.015625,0.1900952111364154,1015.2155708052725,False,22.190113067626953,0.0001367882726135845,True,0.0007814497803337872,-0.09999999999999998,0.0,1015.2155708052725,0.0001367882726135845,19.80136471533355,2.629701967468372e-06,,,510,0.4921875,256.0,5.337437779295678,0.48863636363636365,88.0,"bbq,truthfulqa",B_T_K,,,,,,,,,,766,256,256.0,0.3484082462423801,169.0,87.0,0.10095640720765708,766,81.0,0.012345679012345678,0.20818012884839654,0.49411764705882355,85.0,384,256.0,0.37269202396944445,168.0,88.0,83.0,0.012048192771084338,0.2512664008800654,/workspace/safe-drift/outputs/setting_2_medqa_medmcqa_reference_coverage_gamma_v1/repeat_00/olmo7b_instruct/KR64_KT16/pct25.6/safe_reference_hard_constrained_precondadam_refB_T_K_gamma1_epsm1/training_runs/safe_low_rank_adam_reference_constrained_greedy_eta0.0002_metricFplusAlpha_swaps1_feastol1e-06_gamma1_epsm1_caln64_calseed42_pct25.6_seed42,3.9985625545239887,15.988502502441406,8.191055819728454e-10,True,4.241342089983391e-06,True,,1.0,5.712841937417529,0.20908150634765627,0.20908150634765627,1.0,reference,False,7.994251251220703,261.36712646484375,5.712841937417529,483,0.0025613111252970264,True,0.9128794168181642,True,483.0,constrained_greedy,no_improving_feasible_addition,True,True,3.9985625545239887,0.8828180353490179,True,0.8402060621543829,True,0.8881575093704519,0.8480423335322987,3.9985625545239887,none,0.20908150634765627,False,,5.712841937417529,42,4.799962520599365,0.019296227023005486,safe_low_rank_adam_reference_constrained_greedy_eta0.0002_metricFplusAlpha_swaps1_feastol1e-06_gamma1_epsm1_caln64_calseed42,safe_low_rank_adam_reference_constrained_greedy_eta0.0002_metricFplusAlpha_swaps1_feastol1e-06_gamma1_epsm1_caln64_calseed42,adam,2.2534346239481238,6.176310290020859e-05,/workspace/safe-drift/outputs/setting_2_medqa_medmcqa_reference_coverage_gamma_v1/repeat_00/olmo7b_instruct/KR64_KT16/pct25.6/safe_reference_hard_constrained_precondadam_refB_T_K_gamma1_epsm1/training_runs/safe_low_rank_adam_reference_constrained_greedy_eta0.0002_metricFplusAlpha_swaps1_feastol1e-06_gamma1_epsm1_caln64_calseed42_pct25.6_seed42/summary.json,,,-3.282573098083958,0.421875,-0.0625,256.0,3.282573098083958,647.2913043182343,0.0007814497803337872,0.0,0,1.0,1.0,0,0.8725490196078433,0.46813725490196084,-0.7071067811865475,-0.5773502691896257,0.0,0.5441176470588236,-0.5441176470588236,17
False,True,False,True,,,,,,,,,,,,,,,,,,,,,,,,,,,,,,,,,,,,,,,,,,64,0.0,1.2194647633115659e+17,3476107299471360.0,4.663914968117248e+16,1.685856260123291e+17,4994557534576640.0,3832507489320960.0,0.6377952755905512,254.0,11.905448205201958,664684808421376.0,254.0,0.6377952755905512,254.0,0.0,0.0,0.0,0.0,,,,,,,,,,,,,,,,,,,,,,,,,,,,,0.5338541666666666,0.3984375,256.0,384.0,384.0,0.0,14.012510843575,887086954266624.0,0.58203125,0.58203125,256.0,0.578125,0.0,0.0,2.1651629403935377,322491424538624.0,256.0,0.16382825194347292,256.0,0.0,256.0,0.015625,0.16382825194347292,266.27077108105703,False,23.280094146728516,3.554502594680211e-05,True,0.0008122524595819414,-0.0,0.0,266.27077108105703,3.554502594680211e-05,4.964610000036907,6.617176519120869e-07,,,510,0.5859375,256.0,5.414919460521025,0.5909090909090909,88.0,"bbq,truthfulqa",B_T_K,,,,,,,,,,766,256,256.0,0.37588349234285606,169.0,87.0,0.08038804472752992,766,81.0,0.0,0.16085789377662116,0.6235294117647059,85.0,384,256.0,0.42992840339547994,168.0,88.0,83.0,0.024096385542168676,0.236327395026254,/workspace/safe-drift/outputs/setting_2_medqa_medmcqa_reference_coverage_gamma_v1/repeat_00/olmo7b_instruct/KR64_KT16/pct25.6/safe_reference_hard_constrained_precondadam_refB_T_K_gamma1_epsm2/training_runs/safe_low_rank_adam_reference_constrained_greedy_eta0.0002_metricFplusAlpha_swaps1_feastol1e-06_gamma1_epsm2_caln64_calseed42_pct25.6_seed42,13.842820801561386,191.62368774414062,3.2764223278913818e-09,True,1.6965368359933564e-05,True,,1.0,22.851367749670118,0.41816301269531253,0.20908150634765627,2.0,reference,False,95.81184387207031,261.36712646484375,22.851367749670118,512,0.05525851949866087,True,14.618772305944532,True,512.0,constrained_greedy,budget_reached,True,True,13.842820801561386,0.3679695833258556,True,0.36026720128677553,True,0.36901592661985594,0.3618580101167327,13.842820801561386,none,0.41816301269531253,False,,22.851367749670118,42,8.232595443725586,0.03217163309454918,safe_low_rank_adam_reference_constrained_greedy_eta0.0002_metricFplusAlpha_swaps1_feastol1e-06_gamma1_epsm2_caln64_calseed42,safe_low_rank_adam_reference_constrained_greedy_eta0.0002_metricFplusAlpha_swaps1_feastol1e-06_gamma1_epsm2_caln64_calseed42,adam,2.3739302561302793,6.450755688380133e-05,/workspace/safe-drift/outputs/setting_2_medqa_medmcqa_reference_coverage_gamma_v1/repeat_00/olmo7b_instruct/KR64_KT16/pct25.6/safe_reference_hard_constrained_precondadam_refB_T_K_gamma1_epsm2/training_runs/safe_low_rank_adam_reference_constrained_greedy_eta0.0002_metricFplusAlpha_swaps1_feastol1e-06_gamma1_epsm2_caln64_calseed42_pct25.6_seed42/summary.json,,,-3.247034909404647,0.44921875,-0.0625,256.0,3.247034909404647,656.7936251424253,0.0008122524595819414,0.0,0,1.0,1.0,0,0.9509803921568629,0.39460784313725494,-0.28867513459481287,-0.7905694150420948,0.051298917604257706,0.44852941176470595,-0.44852941176470595,17
False,True,False,True,0.5826771653543307,254.0,254.0,0.5826771653543307,254.0,0.0,0.0,0.0,0.0,0.5234375,0.40625,256.0,384.0,384.0,0.0,0.53515625,0.53515625,256.0,0.52734375,0.0,0.0,256.0,0.24156189185351593,256.0,0.0,256.0,0.01171875,0.24156189185351593,0.5,256.0,0.5909090909090909,88.0,256.0,0.43539642518634036,169.0,87.0,81.0,0.012345679012345678,0.27988375946358984,0.4140625,256.0,6,0.0,1.2194647633115659e+17,266932453392384.0,3.701730531302605e+16,1.5896378164418266e+17,881392506101760.0,1533002995728384.0,0.5433070866141733,254.0,9.077723495603546,664684808421376.0,254.0,0.5433070866141733,254.0,0.0,0.0,0.0,0.0,-0.03937007874015741,0.0,0.0,-0.03937007874015741,0.0,0.0,0.0,0.0,0.0,0.015625,0.0234375,0.0,0.0,0.0,0.0,0.046875,0.046875,0.0,0.05859375,0.0,0.0,0.0,-0.011778500848315082,0.0,0.0,0.0,-0.00390625,-0.011778500848315082,0.5390625,0.4296875,256.0,384.0,384.0,0.0,11.35338701059421,887086954266624.0,0.58203125,0.58203125,256.0,0.5859375,0.0,0.0,1.216956816988471,322491424538624.0,256.0,0.22978339100520084,256.0,0.0,256.0,0.0078125,0.22978339100520084,430.01537280612064,False,2.349769353866577,0.0054026874625573386,True,7.716174877714366e-05,0.04999999999999999,0.0,430.01537280612064,0.0054026874625573386,65.21574752648618,0.0009694301763791502,0.03515625,0.0,510,0.53515625,256.0,3.959610999799242,0.5227272727272727,88.0,"bbq,truthfulqa",B_T,-0.06818181818181823,0.0,0.0,-0.047628318482330456,0.0,0.0,0.0,-0.012345679012345678,-0.027074818782842736,766,256,256.0,0.3877681067040099,169.0,87.0,0.11944285541937605,766,81.0,0.0,0.2528089406807471,0.49411764705882355,85.0,384,256.0,0.36210462283138567,168.0,88.0,83.0,0.012048192771084338,0.23009159860394784,/workspace/safe-drift/outputs/setting_2_medqa_medmcqa_reference_coverage_gamma_v1/repeat_00/olmo7b_instruct/KR64_KT16/pct25.6/safe_reference_hard_constrained_precondadam_refB_T_gamma0.01_epsm0.5/training_runs/safe_low_rank_adam_reference_constrained_greedy_eta0.0002_metricFplusAlpha_swaps1_feastol1e-06_gamma0.01_epsm0.5_caln64_calseed42_pct25.6_seed42,0.39910137742908103,0.1592819094657898,1.1360989701086899e-09,True,6.803559120596714e-09,True,,0.01,0.014282104843543824,0.10454075317382813,0.20908150634765627,0.5,reference,False,0.0796409547328949,261.36712646484375,0.014282104843543824,41,0.00531089765823165,True,0.00194767145930415,True,41.0,constrained_greedy,no_feasible_addition,True,True,0.39910137742908103,0.028088599348454715,True,0.8636286725244537,True,0.02868666387848509,0.9998699532362192,0.39910137742908103,none,0.10454075317382813,False,,1.4282104843543824,42,0.012334433384239674,0.00015348687884397805,safe_low_rank_adam_reference_constrained_greedy_eta0.0002_metricFplusAlpha_swaps1_feastol1e-06_gamma0.01_epsm0.5_caln64_calseed42,safe_low_rank_adam_reference_constrained_greedy_eta0.0002_metricFplusAlpha_swaps1_feastol1e-06_gamma0.01_epsm0.5_caln64_calseed42,adam,0.7460814178921282,2.3150846601538433e-05,/workspace/safe-drift/outputs/setting_2_medqa_medmcqa_reference_coverage_gamma_v1/repeat_00/olmo7b_instruct/KR64_KT16/pct25.6/safe_reference_hard_constrained_precondadam_refB_T_gamma0.01_epsm0.5/training_runs/safe_low_rank_adam_reference_constrained_greedy_eta0.0002_metricFplusAlpha_swaps1_feastol1e-06_gamma0.01_epsm0.5_caln64_calseed42_pct25.6_seed42/summary.json,0.0546875,0.0,-3.3477629884000635,0.46875,-0.0625,256.0,3.3477629884000635,109.70101583003998,7.716174877714366e-05,0.0,0,1.0,1.0,0,0.9999999999999998,-0.9999999999999998,,,,-0.9999999999999998,0.9999999999999998,3
False,True,False,True,,,,,,,,,,,,,,,,,,,,,,,,,,,,,,,,,,,,,,,,,,10,0.0,1.2194647633115659e+17,440509209133056.0,3.748467957080064e+16,1.5943115590195725e+17,1175190008135680.0,1533002995728384.0,0.547244094488189,254.0,9.767626351884656,664684808421376.0,254.0,0.547244094488189,254.0,0.0,0.0,0.0,0.0,,,,,,,,,,,,,,,,,,,,,,,,,,,,,0.5286458333333334,0.41796875,256.0,384.0,384.0,0.0,12.015184817214807,887086954266624.0,0.58203125,0.58203125,256.0,0.58984375,0.0,0.0,1.5142464082770453,322491424538624.0,256.0,0.19320158118341937,256.0,0.0,256.0,0.01171875,0.19320158118341937,229.83098595401472,False,5.0235395431518555,0.0026982149702047924,True,0.00015414475637953728,0.04999999999999999,0.0,229.83098595401472,0.0026982149702047924,16.391899085377172,0.00024200927424391578,,,510,0.5390625,256.0,4.321388113732431,0.5227272727272727,88.0,"bbq,truthfulqa",B_T,,,,,,,,,,766,256,256.0,0.3649434995085772,169.0,87.0,0.10732217932295474,766,81.0,0.0,0.2071597262898816,0.5411764705882353,85.0,384,256.0,0.40021890501581286,168.0,88.0,83.0,0.012048192771084338,0.25926133944339047,/workspace/safe-drift/outputs/setting_2_medqa_medmcqa_reference_coverage_gamma_v1/repeat_00/olmo7b_instruct/KR64_KT16/pct25.6/safe_reference_hard_constrained_precondadam_refB_T_gamma0.01_epsm1/training_runs/safe_low_rank_adam_reference_constrained_greedy_eta0.0002_metricFplusAlpha_swaps1_feastol1e-06_gamma0.01_epsm1_caln64_calseed42_pct25.6_seed42,0.8075778863977916,0.6521820425987244,4.5443958804347595e-09,True,2.7214236482386855e-08,True,,0.01,0.057128419374175295,0.20908150634765627,0.20908150634765627,1.0,reference,False,0.3260910212993622,261.36712646484375,0.057128419374175295,69,0.021407109514817522,True,0.004785613362736925,True,69.0,constrained_greedy,no_feasible_addition,True,True,0.8075779233011321,0.020607471954298746,True,0.9162308617322075,True,0.02092658892307292,0.9999605938240664,0.8075779233011321,none,0.20908150634765627,False,,5.712841937417529,42,0.05234280601143837,0.0004504286334849894,safe_low_rank_adam_reference_constrained_greedy_eta0.0002_metricFplusAlpha_swaps1_feastol1e-06_gamma0.01_epsm1_caln64_calseed42,safe_low_rank_adam_reference_constrained_greedy_eta0.0002_metricFplusAlpha_swaps1_feastol1e-06_gamma0.01_epsm1_caln64_calseed42,adam,1.0205060730222613,2.9900902081436698e-05,/workspace/safe-drift/outputs/setting_2_medqa_medmcqa_reference_coverage_gamma_v1/repeat_00/olmo7b_instruct/KR64_KT16/pct25.6/safe_reference_hard_constrained_precondadam_refB_T_gamma0.01_epsm1/training_runs/safe_low_rank_adam_reference_constrained_greedy_eta0.0002_metricFplusAlpha_swaps1_feastol1e-06_gamma0.01_epsm1_caln64_calseed42_pct25.6_seed42/summary.json,,,-3.406560335031827,0.43359375,-0.125,256.0,3.406560335031827,138.96301221475005,0.00015414475637953728,0.0,0,1.0,1.0,0,0.9999999999999998,-0.9999999999999998,,,,-0.9999999999999998,0.9999999999999998,4
False,True,False,True,,,,,,,,,,,,,,,,,,,,,,,,,,,,,,,,,,,,,,,,,,16,0.0,1.2194647633115659e+17,840450670755840.0,3.817841853445734e+16,1.6012489486561395e+17,1468987510169600.0,1533002995728384.0,0.515748031496063,254.0,10.592526007824995,664684808421376.0,254.0,0.515748031496063,254.0,0.0,0.0,0.0,0.0,,,,,,,,,,,,,,,,,,,,,,,,,,,,,0.5390625,0.41796875,256.0,384.0,384.0,0.0,12.613574236631393,887086954266624.0,0.5703125,0.5703125,256.0,0.5703125,0.0,0.0,1.824850723629615,322491424538624.0,256.0,0.17232174537216252,256.0,0.0,256.0,0.015625,0.17232174537216252,96.5865874375795,False,8.444580078125,0.0011101629091292897,True,0.0002536874089855701,-0.09999999999999998,0.0,96.5865874375795,0.0011101629091292897,4.1229373684388015,6.097067034719828e-05,,,510,0.50390625,256.0,4.74819042635899,0.5340909090909091,88.0,"bbq,truthfulqa",B_T,,,,,,,,,,766,256,256.0,0.3625396810998268,169.0,87.0,0.21784270718219234,766,81.0,0.012345679012345678,0.1909884531087446,0.49411764705882355,85.0,384,256.0,0.37026816325693745,168.0,88.0,83.0,0.024096385542168676,0.2464186794550513,/workspace/safe-drift/outputs/setting_2_medqa_medmcqa_reference_coverage_gamma_v1/repeat_00/olmo7b_instruct/KR64_KT16/pct25.6/safe_reference_hard_constrained_precondadam_refB_T_gamma0.01_epsm2/training_runs/safe_low_rank_adam_reference_constrained_greedy_eta0.0002_metricFplusAlpha_swaps1_feastol1e-06_gamma0.01_epsm2_caln64_calseed42_pct25.6_seed42,1.628331657078224,2.6514639854431152,1.8177583521739038e-08,True,1.0885694592954742e-07,True,,0.01,0.22851367749670118,0.41816301269531253,0.20908150634765627,2.0,reference,False,1.3257319927215576,261.36712646484375,0.22851367749670118,127,0.08587257495897979,True,0.010771502632885871,True,127.0,constrained_greedy,no_feasible_addition,True,True,1.628331657078224,0.017815106935269127,True,0.9528625706156038,True,0.018074318651980403,0.9998440000319291,1.628331657078224,none,0.41816301269531253,False,,22.851367749670118,42,0.2177421748638153,0.001557577634230256,safe_low_rank_adam_reference_constrained_greedy_eta0.0002_metricFplusAlpha_swaps1_feastol1e-06_gamma0.01_epsm2_caln64_calseed42,safe_low_rank_adam_reference_constrained_greedy_eta0.0002_metricFplusAlpha_swaps1_feastol1e-06_gamma0.01_epsm2_caln64_calseed42,adam,1.2972091334231663,3.6017852647063364e-05,/workspace/safe-drift/outputs/setting_2_medqa_medmcqa_reference_coverage_gamma_v1/repeat_00/olmo7b_instruct/KR64_KT16/pct25.6/safe_reference_hard_constrained_precondadam_refB_T_gamma0.01_epsm2/training_runs/safe_low_rank_adam_reference_constrained_greedy_eta0.0002_metricFplusAlpha_swaps1_feastol1e-06_gamma0.01_epsm2_caln64_calseed42_pct25.6_seed42/summary.json,,,-3.4087956689763814,0.41796875,-0.1875,256.0,3.4087956689763814,177.50540435127914,0.0002536874089855701,0.0,0,1.0,1.0,0,0.9999999999999998,-0.5999999999999999,,,,-0.5999999999999999,0.5999999999999999,5
False,True,False,True,,,,,,,,,,,,,,,,,,,,,,,,,,,,,,,,,,,,,,,,,,10,0.0,1.2194647633115659e+17,505434231275520.0,3.75496045929431e+16,1.594960809240997e+17,1175190008135680.0,1533002995728384.0,0.5118110236220472,254.0,9.702676845660672,664684808421376.0,254.0,0.5118110236220472,254.0,0.0,0.0,0.0,0.0,,,,,,,,,,,,,,,,,,,,,,,,,,,,,0.5338541666666666,0.4140625,256.0,384.0,384.0,0.0,11.94929285099109,887086954266624.0,0.54296875,0.54296875,256.0,0.5390625,0.0,0.0,1.5153157154515324,322491424538624.0,256.0,0.18863146604222883,256.0,0.0,256.0,0.015625,0.18863146604222883,951.8568888836098,False,5.201312065124512,0.0011123947654879318,True,0.00015887338668107986,0.04999999999999999,0.0,951.8568888836098,0.0011123947654879318,65.81961112991661,9.784857019475665e-05,,,510,0.5,256.0,4.297385122261796,0.48863636363636365,88.0,"bbq,truthfulqa",B_T,,,,,,,,,,766,256,256.0,0.351091894491201,169.0,87.0,0.17617604051552566,766,81.0,0.012345679012345678,0.21354742534603832,0.47058823529411764,85.0,384,256.0,0.36596894211507236,168.0,88.0,83.0,0.012048192771084338,0.2613496489360271,/workspace/safe-drift/outputs/setting_2_medqa_medmcqa_reference_coverage_gamma_v1/repeat_00/olmo7b_instruct/KR64_KT16/pct25.6/safe_reference_hard_constrained_precondadam_refB_T_gamma0.1_epsm0.5/training_runs/safe_low_rank_adam_reference_constrained_greedy_eta0.0002_metricFplusAlpha_swaps1_feastol1e-06_gamma0.1_epsm0.5_caln64_calseed42_pct25.6_seed42,0.8101462235745363,0.6563369035720825,1.1360989701086899e-09,True,-9.960247221441065e-08,True,,0.1,0.14282104843543825,0.10454075317382813,0.20908150634765627,0.5,reference,False,0.32816845178604126,261.36712646484375,0.14282104843543825,72,0.0048209313255520355,True,0.0065094428627377465,True,72.0,constrained_greedy,no_feasible_addition,True,True,0.8101462603608852,0.11775399237415805,True,0.9544230102839981,True,0.12052160170422671,0.9999759701194724,0.8101462603608852,none,0.10454075317382813,False,,1.4282104843543824,42,0.1363116055727005,0.0006434532115235925,safe_low_rank_adam_reference_constrained_greedy_eta0.0002_metricFplusAlpha_swaps1_feastol1e-06_gamma0.1_epsm0.5_caln64_calseed42,safe_low_rank_adam_reference_constrained_greedy_eta0.0002_metricFplusAlpha_swaps1_feastol1e-06_gamma0.1_epsm0.5_caln64_calseed42,adam,1.0507599557749927,3.0626095380625884e-05,/workspace/safe-drift/outputs/setting_2_medqa_medmcqa_reference_coverage_gamma_v1/repeat_00/olmo7b_instruct/KR64_KT16/pct25.6/safe_reference_hard_constrained_precondadam_refB_T_gamma0.1_epsm0.5/training_runs/safe_low_rank_adam_reference_constrained_greedy_eta0.0002_metricFplusAlpha_swaps1_feastol1e-06_gamma0.1_epsm0.5_caln64_calseed42_pct25.6_seed42/summary.json,,,-3.45126927777892,0.4296875,-0.0625,256.0,3.45126927777892,134.44057244248688,0.00015887338668107986,0.0,0,1.0,1.0,0,0.9999999999999998,-0.9999999999999998,,,,-0.9999999999999998,0.9999999999999998,4
False,True,False,True,,,,,,,,,,,,,,,,,,,,,,,,,,,,,,,,,,,,,,,,,,18,0.0,1.2194647633115659e+17,958080512409600.0,3.935634737600922e+16,1.6130282370716582e+17,1762785012203520.0,2299504493592576.0,0.5511811023622047,254.0,10.624001225148598,664684808421376.0,254.0,0.5511811023622047,254.0,0.0,0.0,0.0,0.0,,,,,,,,,,,,,,,,,,,,,,,,,,,,,0.5416666666666666,0.421875,256.0,384.0,384.0,0.0,12.878738686442375,887086954266624.0,0.578125,0.578125,256.0,0.58984375,0.0,0.0,1.9017893568287672,322491424538624.0,256.0,0.16308079962336394,256.0,0.0,256.0,0.01171875,0.16308079962336394,439.06015563800463,False,9.596774101257324,0.0005006203156455927,True,0.0002859964733943343,-0.050000000000000044,0.0,439.06015563800463,0.0005006203156455927,16.5849092643649,2.455689309012491e-05,,,510,0.53515625,256.0,4.862291985867071,0.5454545454545454,88.0,"bbq,truthfulqa",B_T,,,,,,,,,,766,256,256.0,0.3553123733570236,169.0,87.0,0.10799422233370748,766,81.0,0.0,0.16517020125950183,0.5176470588235295,85.0,384,256.0,0.3704231952019633,168.0,88.0,83.0,0.024096385542168676,0.22319933158039715,/workspace/safe-drift/outputs/setting_2_medqa_medmcqa_reference_coverage_gamma_v1/repeat_00/olmo7b_instruct/KR64_KT16/pct25.6/safe_reference_hard_constrained_precondadam_refB_T_gamma0.1_epsm1/training_runs/safe_low_rank_adam_reference_constrained_greedy_eta0.0002_metricFplusAlpha_swaps1_feastol1e-06_gamma0.1_epsm1_caln64_calseed42_pct25.6_seed42,1.640786662538278,2.692180871963501,4.5443958804347595e-09,True,-3.984098888576426e-07,True,,0.1,0.571284193741753,0.20908150634765627,0.20908150634765627,1.0,reference,False,1.3460904359817505,261.36712646484375,0.571284193741753,138,0.019311336921069698,True,0.013480980145408994,True,138.0,constrained_greedy,no_feasible_addition,True,True,1.640786662538278,0.11649075984481608,True,0.9764029485408199,True,0.11799150424884067,0.9999684580362206,1.640786662538278,none,0.20908150634765627,False,,5.712841937417529,42,0.557803213596344,0.002546201227232814,safe_low_rank_adam_reference_constrained_greedy_eta0.0002_metricFplusAlpha_swaps1_feastol1e-06_gamma0.1_epsm1_caln64_calseed42,safe_low_rank_adam_reference_constrained_greedy_eta0.0002_metricFplusAlpha_swaps1_feastol1e-06_gamma0.1_epsm1_caln64_calseed42,adam,1.399172318415367,3.7968480077310574e-05,/workspace/safe-drift/outputs/setting_2_medqa_medmcqa_reference_coverage_gamma_v1/repeat_00/olmo7b_instruct/KR64_KT16/pct25.6/safe_reference_hard_constrained_precondadam_refB_T_gamma0.1_epsm1/training_runs/safe_low_rank_adam_reference_constrained_greedy_eta0.0002_metricFplusAlpha_swaps1_feastol1e-06_gamma0.1_epsm1_caln64_calseed42_pct25.6_seed42/summary.json,,,-3.2916570794259314,0.44921875,0.0,256.0,3.2916570794259314,249.30106902122498,0.0002859964733943343,0.0,0,1.0,1.0,0,1.0,-0.42857142857142855,-0.8660254037844387,,0.9999999999999998,-0.42857142857142855,0.42857142857142855,6
False,True,False,True,,,,,,,,,,,,,,,,,,,,,,,,,,,,,,,,,,,,,,,,,,36,0.0,1.2194647633115659e+17,1981834222632960.0,4.232179259223245e+16,1.6426826892338906e+17,2937975020339200.0,3066005991456768.0,0.5551181102362205,254.0,11.794300081848785,664684808421376.0,254.0,0.5551181102362205,254.0,0.0,0.0,0.0,0.0,,,,,,,,,,,,,,,,,,,,,,,,,,,,,0.5390625,0.4140625,256.0,384.0,384.0,0.0,13.79285159210364,887086954266624.0,0.59375,0.59375,256.0,0.58203125,0.0,0.0,2.1439171409576376,322491424538624.0,256.0,0.17104120353183083,256.0,0.0,256.0,0.015625,0.17104120353183083,178.92200256047468,False,15.64317798614502,0.00019112804881883305,True,0.00043675373308360577,-0.050000000000000044,0.0,178.92200256047468,0.00019112804881883305,4.994646107279365,4.789385465105789e-06,,,510,0.54296875,256.0,5.367576187732173,0.5568181818181818,88.0,"bbq,truthfulqa",B_T,,,,,,,,,,766,256,256.0,0.3708292417418647,169.0,87.0,0.09284270718219234,766,81.0,0.012345679012345678,0.1848403016655476,0.5294117647058824,85.0,384,256.0,0.3889671751267558,168.0,88.0,83.0,0.024096385542168676,0.24852258554762924,/workspace/safe-drift/outputs/setting_2_medqa_medmcqa_reference_coverage_gamma_v1/repeat_00/olmo7b_instruct/KR64_KT16/pct25.6/safe_reference_hard_constrained_precondadam_refB_T_gamma0.1_epsm2/training_runs/safe_low_rank_adam_reference_constrained_greedy_eta0.0002_metricFplusAlpha_swaps1_feastol1e-06_gamma0.1_epsm2_caln64_calseed42_pct25.6_seed42,3.2896442397222816,10.821759223937988,1.8177583521739038e-08,True,-1.5936395554305705e-06,True,,0.1,2.285136774967012,0.41816301269531253,0.20908150634765627,2.0,reference,False,5.410879611968994,261.36712646484375,2.285136774967012,288,0.07723704680617124,True,0.02578432936459496,True,288.0,constrained_greedy,no_feasible_addition,True,True,3.2896442397222816,0.11658570281198863,True,0.988717026676851,True,0.11731561215750609,0.9999956893380084,3.2896442397222816,none,0.41816301269531253,False,,22.851367749670118,42,2.259352445602417,0.010193105787038803,safe_low_rank_adam_reference_constrained_greedy_eta0.0002_metricFplusAlpha_swaps1_feastol1e-06_gamma0.1_epsm2_caln64_calseed42,safe_low_rank_adam_reference_constrained_greedy_eta0.0002_metricFplusAlpha_swaps1_feastol1e-06_gamma0.1_epsm2_caln64_calseed42,adam,1.7315727303903259,3.9061857706468306e-05,/workspace/safe-drift/outputs/setting_2_medqa_medmcqa_reference_coverage_gamma_v1/repeat_00/olmo7b_instruct/KR64_KT16/pct25.6/safe_reference_hard_constrained_precondadam_refB_T_gamma0.1_epsm2/training_runs/safe_low_rank_adam_reference_constrained_greedy_eta0.0002_metricFplusAlpha_swaps1_feastol1e-06_gamma0.1_epsm2_caln64_calseed42_pct25.6_seed42/summary.json,,,-3.2113405711456835,0.46875,0.0,256.0,3.2113405711456835,433.1110387519002,0.00043675373308360577,0.0,0,1.0,1.0,0,1.0,0.006060606060606061,-0.4472135954999579,,0.19999999999999996,0.006060606060606061,-0.006060606060606061,10
False,True,False,True,,,,,,,,,,,,,,,,,,,,,,,,,,,,,,,,,,,,,,,,,,32,0.0,1.2194647633115659e+17,2049003771789312.0,4.132866314149069e+16,1.632751394726473e+17,2644177518305280.0,2299504493592576.0,0.5551181102362205,254.0,11.640869218220548,664684808421376.0,254.0,0.5551181102362205,254.0,0.0,0.0,0.0,0.0,,,,,,,,,,,,,,,,,,,,,,,,,,,,,0.5390625,0.41796875,256.0,384.0,384.0,0.0,13.707321770489216,887086954266624.0,0.61328125,0.61328125,256.0,0.61328125,0.0,0.0,2.2303866330189264,322491424538624.0,256.0,0.13731383033288697,256.0,0.0,256.0,0.015625,0.13731383033288697,2829.16408939317,False,15.459640502929688,0.00030962598614723045,True,0.0004422110796440393,-0.09999999999999998,0.0,2829.16408939317,0.00030962598614723045,69.44986103230703,9.654973188695525e-06,,,510,0.5625,256.0,5.378180354249244,0.5340909090909091,88.0,"bbq,truthfulqa",B_T,,,,,,,,,,766,256,256.0,0.3334997320239319,169.0,87.0,0.18865551506396572,766,81.0,0.0,0.1329085549569548,0.5176470588235295,85.0,384,256.0,0.35518202878783517,168.0,88.0,83.0,0.012048192771084338,0.19271699875214085,/workspace/safe-drift/outputs/setting_2_medqa_medmcqa_reference_coverage_gamma_v1/repeat_00/olmo7b_instruct/KR64_KT16/pct25.6/safe_reference_hard_constrained_precondadam_refB_T_gamma1_epsm0.5/training_runs/safe_low_rank_adam_reference_constrained_greedy_eta0.0002_metricFplusAlpha_swaps1_feastol1e-06_gamma1_epsm0.5_caln64_calseed42_pct25.6_seed42,1.5279577245606089,2.3346548080444336,2.0477639549321136e-10,True,1.0603355224958477e-06,True,,1.0,1.4282104843543824,0.10454075317382813,0.20908150634765627,0.5,reference,False,1.1673274040222168,261.36712646484375,1.4282104843543824,246,0.0001487021519588124,True,0.03431235489118656,True,246.0,constrained_greedy,no_improving_feasible_addition,True,True,1.527957490504463,0.9727870264345647,True,0.9759746137271816,True,0.9855880611091219,0.9936476242529689,1.527957490504463,none,0.10454075317382813,False,,1.4282104843543824,42,1.3938981294631958,0.005315682385116816,safe_low_rank_adam_reference_constrained_greedy_eta0.0002_metricFplusAlpha_swaps1_feastol1e-06_gamma1_epsm0.5_caln64_calseed42,safe_low_rank_adam_reference_constrained_greedy_eta0.0002_metricFplusAlpha_swaps1_feastol1e-06_gamma1_epsm0.5_caln64_calseed42,adam,1.768616292210936,4.430859242698926e-05,/workspace/safe-drift/outputs/setting_2_medqa_medmcqa_reference_coverage_gamma_v1/repeat_00/olmo7b_instruct/KR64_KT16/pct25.6/safe_reference_hard_constrained_precondadam_refB_T_gamma1_epsm0.5/training_runs/safe_low_rank_adam_reference_constrained_greedy_eta0.0002_metricFplusAlpha_swaps1_feastol1e-06_gamma1_epsm0.5_caln64_calseed42_pct25.6_seed42/summary.json,,,-3.3407539451545745,0.484375,0.0,256.0,3.3407539451545745,319.54170148447156,0.0004422110796440393,0.0,0,1.0,1.0,0,0.9999999999999999,0.19999999999999998,-0.8660254037844387,,0.9999999999999998,0.19999999999999998,-0.19999999999999998,9
False,True,False,True,,,,,,,,,,,,,,,,,,,,,,,,,,,,,,,,,,,,,,,,,,62,0.0,1.2194647633115659e+17,3551839303532544.0,4.671488168523366e+16,1.6866135801639027e+17,4994557534576640.0,3832507489320960.0,0.5275590551181102,254.0,11.968696771957116,664684808421376.0,254.0,0.5275590551181102,254.0,0.0,0.0,0.0,0.0,,,,,,,,,,,,,,,,,,,,,,,,,,,,,0.5364583333333334,0.40234375,256.0,384.0,384.0,0.0,13.699721445639929,887086954266624.0,0.5390625,0.5390625,256.0,0.53515625,0.0,0.0,2.1268437825422644,322491424538624.0,256.0,0.1900952111364154,256.0,0.0,256.0,0.015625,0.1900952111364154,1015.2155708052725,False,22.190113067626953,9.925278862956842e-05,True,0.0005670154932886362,-0.09999999999999998,0.0,1015.2155708052725,9.925278862956842e-05,19.80136471533355,1.8945703173430325e-06,,,510,0.4921875,256.0,5.337437779295678,0.48863636363636365,88.0,"bbq,truthfulqa",B_T,,,,,,,,,,766,256,256.0,0.3484082462423801,169.0,87.0,0.10095640720765708,766,81.0,0.012345679012345678,0.20818012884839654,0.49411764705882355,85.0,384,256.0,0.37269202396944445,168.0,88.0,83.0,0.012048192771084338,0.2512664008800654,/workspace/safe-drift/outputs/setting_2_medqa_medmcqa_reference_coverage_gamma_v1/repeat_00/olmo7b_instruct/KR64_KT16/pct25.6/safe_reference_hard_constrained_precondadam_refB_T_gamma1_epsm1/training_runs/safe_low_rank_adam_reference_constrained_greedy_eta0.0002_metricFplusAlpha_swaps1_feastol1e-06_gamma1_epsm1_caln64_calseed42_pct25.6_seed42,3.9985625545239887,15.988502502441406,8.191055819728454e-10,True,4.241342089983391e-06,True,,1.0,5.712841937417529,0.20908150634765627,0.20908150634765627,1.0,reference,False,7.994251251220703,261.36712646484375,5.712841937417529,483,0.0025613111252970264,True,0.9128794168181642,True,483.0,constrained_greedy,no_improving_feasible_addition,True,True,3.9985625545239887,0.8828180353490179,True,0.8402060621543829,True,0.8881575093704519,0.8480423335322987,3.9985625545239887,none,0.20908150634765627,False,,5.712841937417529,42,4.799962520599365,0.019296227023005486,safe_low_rank_adam_reference_constrained_greedy_eta0.0002_metricFplusAlpha_swaps1_feastol1e-06_gamma1_epsm1_caln64_calseed42,safe_low_rank_adam_reference_constrained_greedy_eta0.0002_metricFplusAlpha_swaps1_feastol1e-06_gamma1_epsm1_caln64_calseed42,adam,2.2534346239481238,4.4773866603640966e-05,/workspace/safe-drift/outputs/setting_2_medqa_medmcqa_reference_coverage_gamma_v1/repeat_00/olmo7b_instruct/KR64_KT16/pct25.6/safe_reference_hard_constrained_precondadam_refB_T_gamma1_epsm1/training_runs/safe_low_rank_adam_reference_constrained_greedy_eta0.0002_metricFplusAlpha_swaps1_feastol1e-06_gamma1_epsm1_caln64_calseed42_pct25.6_seed42/summary.json,,,-3.282573098083958,0.421875,-0.0625,256.0,3.282573098083958,660.9730425719172,0.0005670154932886362,0.0,0,1.0,1.0,0,0.8725490196078433,0.46813725490196084,-0.7071067811865475,-0.5773502691896257,0.0,0.5441176470588236,-0.5441176470588236,17
False,True,False,True,,,,,,,,,,,,,,,,,,,,,,,,,,,,,,,,,,,,,,,,,,64,0.0,1.2194647633115659e+17,3476107299471360.0,4.663914968117248e+16,1.685856260123291e+17,4994557534576640.0,3832507489320960.0,0.6377952755905512,254.0,11.905448205201958,664684808421376.0,254.0,0.6377952755905512,254.0,0.0,0.0,0.0,0.0,,,,,,,,,,,,,,,,,,,,,,,,,,,,,0.5338541666666666,0.3984375,256.0,384.0,384.0,0.0,14.012510843575,887086954266624.0,0.58203125,0.58203125,256.0,0.578125,0.0,0.0,2.1651629403935377,322491424538624.0,256.0,0.16382825194347292,256.0,0.0,256.0,0.015625,0.16382825194347292,266.27077108105703,False,23.280094146728516,2.5736167664427642e-05,True,0.0005881066317670047,-0.0,0.0,266.27077108105703,2.5736167664427642e-05,4.964610000036907,4.774556215730181e-07,,,510,0.5859375,256.0,5.414919460521025,0.5909090909090909,88.0,"bbq,truthfulqa",B_T,,,,,,,,,,766,256,256.0,0.37588349234285606,169.0,87.0,0.08038804472752992,766,81.0,0.0,0.16085789377662116,0.6235294117647059,85.0,384,256.0,0.42992840339547994,168.0,88.0,83.0,0.024096385542168676,0.236327395026254,/workspace/safe-drift/outputs/setting_2_medqa_medmcqa_reference_coverage_gamma_v1/repeat_00/olmo7b_instruct/KR64_KT16/pct25.6/safe_reference_hard_constrained_precondadam_refB_T_gamma1_epsm2/training_runs/safe_low_rank_adam_reference_constrained_greedy_eta0.0002_metricFplusAlpha_swaps1_feastol1e-06_gamma1_epsm2_caln64_calseed42_pct25.6_seed42,13.842820801561386,191.62368774414062,3.2764223278913818e-09,True,1.6965368359933564e-05,True,,1.0,22.851367749670118,0.41816301269531253,0.20908150634765627,2.0,reference,False,95.81184387207031,261.36712646484375,22.851367749670118,512,0.05525851949866087,True,14.618772305944532,True,512.0,constrained_greedy,budget_reached,True,True,13.842820801561386,0.3679695833258556,True,0.36026720128677553,True,0.36901592661985594,0.3618580101167327,13.842820801561386,none,0.41816301269531253,False,,22.851367749670118,42,8.232595443725586,0.03217163309454918,safe_low_rank_adam_reference_constrained_greedy_eta0.0002_metricFplusAlpha_swaps1_feastol1e-06_gamma1_epsm2_caln64_calseed42,safe_low_rank_adam_reference_constrained_greedy_eta0.0002_metricFplusAlpha_swaps1_feastol1e-06_gamma1_epsm2_caln64_calseed42,adam,2.3739302561302793,4.675060776483664e-05,/workspace/safe-drift/outputs/setting_2_medqa_medmcqa_reference_coverage_gamma_v1/repeat_00/olmo7b_instruct/KR64_KT16/pct25.6/safe_reference_hard_constrained_precondadam_refB_T_gamma1_epsm2/training_runs/safe_low_rank_adam_reference_constrained_greedy_eta0.0002_metricFplusAlpha_swaps1_feastol1e-06_gamma1_epsm2_caln64_calseed42_pct25.6_seed42/summary.json,,,-3.247034909404647,0.44921875,-0.0625,256.0,3.247034909404647,685.8298059552908,0.0005881066317670047,0.0,0,1.0,1.0,0,0.9509803921568629,0.39460784313725494,-0.28867513459481287,-0.7905694150420948,0.051298917604257706,0.44852941176470595,-0.44852941176470595,17
False,True,False,True,,,,,,,,,,,,,,,,,,,,,,,,,,,,,,,,,,,,,,,,,,6,0.0,1.2194647633115659e+17,266932453392384.0,3.701730531302605e+16,1.5896378164418266e+17,881392506101760.0,1533002995728384.0,0.5433070866141733,254.0,9.077723495603546,664684808421376.0,254.0,0.5433070866141733,254.0,0.0,0.0,0.0,0.0,,,,,,,,,,,,,,,,,,,,,,,,,,,,,0.5390625,0.4296875,256.0,384.0,384.0,0.0,11.35338701059421,887086954266624.0,0.58203125,0.58203125,256.0,0.5859375,0.0,0.0,1.216956816988471,322491424538624.0,256.0,0.22978339100520084,256.0,0.0,256.0,0.0078125,0.22978339100520084,430.01537280612064,False,2.349769353866577,0.005810066775469126,True,8.297998283524066e-05,0.04999999999999999,0.0,430.01537280612064,0.005810066775469126,65.21574752648618,0.001032436707364815,,,510,0.53515625,256.0,3.959610999799242,0.5227272727272727,88.0,"bbq,truthfulqa",T_K,,,,,,,,,,766,256,256.0,0.3877681067040099,169.0,87.0,0.11944285541937605,766,81.0,0.0,0.2528089406807471,0.49411764705882355,85.0,384,256.0,0.36210462283138567,168.0,88.0,83.0,0.012048192771084338,0.23009159860394784,/workspace/safe-drift/outputs/setting_2_medqa_medmcqa_reference_coverage_gamma_v1/repeat_00/olmo7b_instruct/KR64_KT16/pct25.6/safe_reference_hard_constrained_precondadam_refT_K_gamma0.01_epsm0.5/training_runs/safe_low_rank_adam_reference_constrained_greedy_eta0.0002_metricFplusAlpha_swaps1_feastol1e-06_gamma0.01_epsm0.5_caln64_calseed42_pct25.6_seed42,0.39910137742908103,0.1592819094657898,1.1360989701086899e-09,True,6.803559120596714e-09,True,,0.01,0.014282104843543824,0.10454075317382813,0.20908150634765627,0.5,reference,False,0.0796409547328949,261.36712646484375,0.014282104843543824,41,0.00531089765823165,True,0.00194767145930415,True,41.0,constrained_greedy,no_feasible_addition,True,True,0.39910137742908103,0.028088599348454715,True,0.8636286725244537,True,0.02868666387848509,0.9998699532362192,0.39910137742908103,none,0.10454075317382813,False,,1.4282104843543824,42,0.012334433384239674,0.00015348687884397805,safe_low_rank_adam_reference_constrained_greedy_eta0.0002_metricFplusAlpha_swaps1_feastol1e-06_gamma0.01_epsm0.5_caln64_calseed42,safe_low_rank_adam_reference_constrained_greedy_eta0.0002_metricFplusAlpha_swaps1_feastol1e-06_gamma0.01_epsm0.5_caln64_calseed42,adam,0.7460814178921282,2.4801483462510987e-05,/workspace/safe-drift/outputs/setting_2_medqa_medmcqa_reference_coverage_gamma_v1/repeat_00/olmo7b_instruct/KR64_KT16/pct25.6/safe_reference_hard_constrained_precondadam_refT_K_gamma0.01_epsm0.5/training_runs/safe_low_rank_adam_reference_constrained_greedy_eta0.0002_metricFplusAlpha_swaps1_feastol1e-06_gamma0.01_epsm0.5_caln64_calseed42_pct25.6_seed42/summary.json,,,-3.3477629884000635,0.46875,-0.0625,256.0,3.3477629884000635,116.56085139140487,8.297998283524066e-05,0.0,0,1.0,1.0,0,0.9999999999999998,-0.9999999999999998,,,,-0.9999999999999998,0.9999999999999998,3
False,True,False,True,,,,,,,,,,,,,,,,,,,,,,,,,,,,,,,,,,,,,,,,,,10,0.0,1.2194647633115659e+17,440509209133056.0,3.748467957080064e+16,1.5943115590195725e+17,1175190008135680.0,1533002995728384.0,0.547244094488189,254.0,9.767626351884656,664684808421376.0,254.0,0.547244094488189,254.0,0.0,0.0,0.0,0.0,,,,,,,,,,,,,,,,,,,,,,,,,,,,,0.5286458333333334,0.41796875,256.0,384.0,384.0,0.0,12.015184817214807,887086954266624.0,0.58203125,0.58203125,256.0,0.58984375,0.0,0.0,1.5142464082770453,322491424538624.0,256.0,0.19320158118341937,256.0,0.0,256.0,0.01171875,0.19320158118341937,229.83098595401472,False,5.0235395431518555,0.002935516583634017,True,0.00016770142246969044,0.04999999999999999,0.0,229.83098595401472,0.002935516583634017,16.391899085377172,0.00025822743193593204,,,510,0.5390625,256.0,4.321388113732431,0.5227272727272727,88.0,"bbq,truthfulqa",T_K,,,,,,,,,,766,256,256.0,0.3649434995085772,169.0,87.0,0.10732217932295474,766,81.0,0.0,0.2071597262898816,0.5411764705882353,85.0,384,256.0,0.40021890501581286,168.0,88.0,83.0,0.012048192771084338,0.25926133944339047,/workspace/safe-drift/outputs/setting_2_medqa_medmcqa_reference_coverage_gamma_v1/repeat_00/olmo7b_instruct/KR64_KT16/pct25.6/safe_reference_hard_constrained_precondadam_refT_K_gamma0.01_epsm1/training_runs/safe_low_rank_adam_reference_constrained_greedy_eta0.0002_metricFplusAlpha_swaps1_feastol1e-06_gamma0.01_epsm1_caln64_calseed42_pct25.6_seed42,0.8075778863977916,0.6521820425987244,4.5443958804347595e-09,True,2.7214236482386855e-08,True,,0.01,0.057128419374175295,0.20908150634765627,0.20908150634765627,1.0,reference,False,0.3260910212993622,261.36712646484375,0.057128419374175295,69,0.021407109514817522,True,0.004785613362736925,True,69.0,constrained_greedy,no_feasible_addition,True,True,0.8075779233011321,0.020607471954298746,True,0.9162308617322075,True,0.02092658892307292,0.9999605938240664,0.8075779233011321,none,0.20908150634765627,False,,5.712841937417529,42,0.05234280601143837,0.0004504286334849894,safe_low_rank_adam_reference_constrained_greedy_eta0.0002_metricFplusAlpha_swaps1_feastol1e-06_gamma0.01_epsm1_caln64_calseed42,safe_low_rank_adam_reference_constrained_greedy_eta0.0002_metricFplusAlpha_swaps1_feastol1e-06_gamma0.01_epsm1_caln64_calseed42,adam,1.0205060730222613,3.2325444969671935e-05,/workspace/safe-drift/outputs/setting_2_medqa_medmcqa_reference_coverage_gamma_v1/repeat_00/olmo7b_instruct/KR64_KT16/pct25.6/safe_reference_hard_constrained_precondadam_refT_K_gamma0.01_epsm1/training_runs/safe_low_rank_adam_reference_constrained_greedy_eta0.0002_metricFplusAlpha_swaps1_feastol1e-06_gamma0.01_epsm1_caln64_calseed42_pct25.6_seed42/summary.json,,,-3.406560335031827,0.43359375,-0.125,256.0,3.406560335031827,132.92766766436398,0.00016770142246969044,0.0,0,1.0,1.0,0,0.9999999999999998,-0.9999999999999998,,,,-0.9999999999999998,0.9999999999999998,4
False,True,False,True,,,,,,,,,,,,,,,,,,,,,,,,,,,,,,,,,,,,,,,,,,16,0.0,1.2194647633115659e+17,840450670755840.0,3.817841853445734e+16,1.6012489486561395e+17,1468987510169600.0,1533002995728384.0,0.515748031496063,254.0,10.592526007824995,664684808421376.0,254.0,0.515748031496063,254.0,0.0,0.0,0.0,0.0,,,,,,,,,,,,,,,,,,,,,,,,,,,,,0.5390625,0.41796875,256.0,384.0,384.0,0.0,12.613574236631393,887086954266624.0,0.5703125,0.5703125,256.0,0.5703125,0.0,0.0,1.824850723629615,322491424538624.0,256.0,0.17232174537216252,256.0,0.0,256.0,0.015625,0.17232174537216252,96.5865874375795,False,8.444580078125,0.0012092701032579538,True,0.0002763347583822906,-0.09999999999999998,0.0,96.5865874375795,0.0012092701032579538,4.1229373684388015,6.498478843397253e-05,,,510,0.50390625,256.0,4.74819042635899,0.5340909090909091,88.0,"bbq,truthfulqa",T_K,,,,,,,,,,766,256,256.0,0.3625396810998268,169.0,87.0,0.21784270718219234,766,81.0,0.012345679012345678,0.1909884531087446,0.49411764705882355,85.0,384,256.0,0.37026816325693745,168.0,88.0,83.0,0.024096385542168676,0.2464186794550513,/workspace/safe-drift/outputs/setting_2_medqa_medmcqa_reference_coverage_gamma_v1/repeat_00/olmo7b_instruct/KR64_KT16/pct25.6/safe_reference_hard_constrained_precondadam_refT_K_gamma0.01_epsm2/training_runs/safe_low_rank_adam_reference_constrained_greedy_eta0.0002_metricFplusAlpha_swaps1_feastol1e-06_gamma0.01_epsm2_caln64_calseed42_pct25.6_seed42,1.628331657078224,2.6514639854431152,1.8177583521739038e-08,True,1.0885694592954742e-07,True,,0.01,0.22851367749670118,0.41816301269531253,0.20908150634765627,2.0,reference,False,1.3257319927215576,261.36712646484375,0.22851367749670118,127,0.08587257495897979,True,0.010771502632885871,True,127.0,constrained_greedy,no_feasible_addition,True,True,1.628331657078224,0.017815106935269127,True,0.9528625706156038,True,0.018074318651980403,0.9998440000319291,1.628331657078224,none,0.41816301269531253,False,,22.851367749670118,42,0.2177421748638153,0.001557577634230256,safe_low_rank_adam_reference_constrained_greedy_eta0.0002_metricFplusAlpha_swaps1_feastol1e-06_gamma0.01_epsm2_caln64_calseed42,safe_low_rank_adam_reference_constrained_greedy_eta0.0002_metricFplusAlpha_swaps1_feastol1e-06_gamma0.01_epsm2_caln64_calseed42,adam,1.2972091334231663,3.900341951945663e-05,/workspace/safe-drift/outputs/setting_2_medqa_medmcqa_reference_coverage_gamma_v1/repeat_00/olmo7b_instruct/KR64_KT16/pct25.6/safe_reference_hard_constrained_precondadam_refT_K_gamma0.01_epsm2/training_runs/safe_low_rank_adam_reference_constrained_greedy_eta0.0002_metricFplusAlpha_swaps1_feastol1e-06_gamma0.01_epsm2_caln64_calseed42_pct25.6_seed42/summary.json,,,-3.4087956689763814,0.41796875,-0.1875,256.0,3.4087956689763814,168.0709589459002,0.0002763347583822906,0.0,0,1.0,1.0,0,0.9999999999999998,-0.5999999999999999,,,,-0.5999999999999999,0.5999999999999999,5
False,True,False,True,,,,,,,,,,,,,,,,,,,,,,,,,,,,,,,,,,,,,,,,,,10,0.0,1.2194647633115659e+17,505434231275520.0,3.75496045929431e+16,1.594960809240997e+17,1175190008135680.0,1533002995728384.0,0.5118110236220472,254.0,9.702676845660672,664684808421376.0,254.0,0.5118110236220472,254.0,0.0,0.0,0.0,0.0,,,,,,,,,,,,,,,,,,,,,,,,,,,,,0.5338541666666666,0.4140625,256.0,384.0,384.0,0.0,11.94929285099109,887086954266624.0,0.54296875,0.54296875,256.0,0.5390625,0.0,0.0,1.5153157154515324,322491424538624.0,256.0,0.18863146604222883,256.0,0.0,256.0,0.015625,0.18863146604222883,951.8568888836098,False,5.201312065124512,0.0012109709897836158,True,0.00017295214638579637,0.04999999999999999,0.0,951.8568888836098,0.0012109709897836158,65.81961112991661,0.0001040414118364707,,,510,0.5,256.0,4.297385122261796,0.48863636363636365,88.0,"bbq,truthfulqa",T_K,,,,,,,,,,766,256,256.0,0.351091894491201,169.0,87.0,0.17617604051552566,766,81.0,0.012345679012345678,0.21354742534603832,0.47058823529411764,85.0,384,256.0,0.36596894211507236,168.0,88.0,83.0,0.012048192771084338,0.2613496489360271,/workspace/safe-drift/outputs/setting_2_medqa_medmcqa_reference_coverage_gamma_v1/repeat_00/olmo7b_instruct/KR64_KT16/pct25.6/safe_reference_hard_constrained_precondadam_refT_K_gamma0.1_epsm0.5/training_runs/safe_low_rank_adam_reference_constrained_greedy_eta0.0002_metricFplusAlpha_swaps1_feastol1e-06_gamma0.1_epsm0.5_caln64_calseed42_pct25.6_seed42,0.8101462235745363,0.6563369035720825,1.1360989701086899e-09,True,-9.960247221441065e-08,True,,0.1,0.14282104843543825,0.10454075317382813,0.20908150634765627,0.5,reference,False,0.32816845178604126,261.36712646484375,0.14282104843543825,72,0.0048209313255520355,True,0.0065094428627377465,True,72.0,constrained_greedy,no_feasible_addition,True,True,0.8101462603608852,0.11775399237415805,True,0.9544230102839981,True,0.12052160170422671,0.9999759701194724,0.8101462603608852,none,0.10454075317382813,False,,1.4282104843543824,42,0.1363116055727005,0.0006434532115235925,safe_low_rank_adam_reference_constrained_greedy_eta0.0002_metricFplusAlpha_swaps1_feastol1e-06_gamma0.1_epsm0.5_caln64_calseed42,safe_low_rank_adam_reference_constrained_greedy_eta0.0002_metricFplusAlpha_swaps1_feastol1e-06_gamma0.1_epsm0.5_caln64_calseed42,adam,1.0507599557749927,3.309052801192536e-05,/workspace/safe-drift/outputs/setting_2_medqa_medmcqa_reference_coverage_gamma_v1/repeat_00/olmo7b_instruct/KR64_KT16/pct25.6/safe_reference_hard_constrained_precondadam_refT_K_gamma0.1_epsm0.5/training_runs/safe_low_rank_adam_reference_constrained_greedy_eta0.0002_metricFplusAlpha_swaps1_feastol1e-06_gamma0.1_epsm0.5_caln64_calseed42_pct25.6_seed42/summary.json,,,-3.45126927777892,0.4296875,-0.0625,256.0,3.45126927777892,134.52004692703485,0.00017295214638579637,0.0,0,1.0,1.0,0,0.9999999999999998,-0.9999999999999998,,,,-0.9999999999999998,0.9999999999999998,4
False,True,False,True,,,,,,,,,,,,,,,,,,,,,,,,,,,,,,,,,,,,,,,,,,18,0.0,1.2194647633115659e+17,958080512409600.0,3.935634737600922e+16,1.6130282370716582e+17,1762785012203520.0,2299504493592576.0,0.5511811023622047,254.0,10.624001225148598,664684808421376.0,254.0,0.5511811023622047,254.0,0.0,0.0,0.0,0.0,,,,,,,,,,,,,,,,,,,,,,,,,,,,,0.5416666666666666,0.421875,256.0,384.0,384.0,0.0,12.878738686442375,887086954266624.0,0.578125,0.578125,256.0,0.58984375,0.0,0.0,1.9017893568287672,322491424538624.0,256.0,0.16308079962336394,256.0,0.0,256.0,0.01171875,0.16308079962336394,439.06015563800463,False,9.596774101257324,0.0005416460837855447,True,0.0003094338462688029,-0.050000000000000044,0.0,439.06015563800463,0.0005416460837855447,16.5849092643649,2.6128026967287305e-05,,,510,0.53515625,256.0,4.862291985867071,0.5454545454545454,88.0,"bbq,truthfulqa",T_K,,,,,,,,,,766,256,256.0,0.3553123733570236,169.0,87.0,0.10799422233370748,766,81.0,0.0,0.16517020125950183,0.5176470588235295,85.0,384,256.0,0.3704231952019633,168.0,88.0,83.0,0.024096385542168676,0.22319933158039715,/workspace/safe-drift/outputs/setting_2_medqa_medmcqa_reference_coverage_gamma_v1/repeat_00/olmo7b_instruct/KR64_KT16/pct25.6/safe_reference_hard_constrained_precondadam_refT_K_gamma0.1_epsm1/training_runs/safe_low_rank_adam_reference_constrained_greedy_eta0.0002_metricFplusAlpha_swaps1_feastol1e-06_gamma0.1_epsm1_caln64_calseed42_pct25.6_seed42,1.640786662538278,2.692180871963501,4.5443958804347595e-09,True,-3.984098888576426e-07,True,,0.1,0.571284193741753,0.20908150634765627,0.20908150634765627,1.0,reference,False,1.3460904359817505,261.36712646484375,0.571284193741753,138,0.019311336921069698,True,0.013480980145408994,True,138.0,constrained_greedy,no_feasible_addition,True,True,1.640786662538278,0.11649075984481608,True,0.9764029485408199,True,0.11799150424884067,0.9999684580362206,1.640786662538278,none,0.20908150634765627,False,,5.712841937417529,42,0.557803213596344,0.002546201227232814,safe_low_rank_adam_reference_constrained_greedy_eta0.0002_metricFplusAlpha_swaps1_feastol1e-06_gamma0.1_epsm1_caln64_calseed42,safe_low_rank_adam_reference_constrained_greedy_eta0.0002_metricFplusAlpha_swaps1_feastol1e-06_gamma0.1_epsm1_caln64_calseed42,adam,1.399172318415367,4.093435143459612e-05,/workspace/safe-drift/outputs/setting_2_medqa_medmcqa_reference_coverage_gamma_v1/repeat_00/olmo7b_instruct/KR64_KT16/pct25.6/safe_reference_hard_constrained_precondadam_refT_K_gamma0.1_epsm1/training_runs/safe_low_rank_adam_reference_constrained_greedy_eta0.0002_metricFplusAlpha_swaps1_feastol1e-06_gamma0.1_epsm1_caln64_calseed42_pct25.6_seed42/summary.json,,,-3.2916570794259314,0.44921875,0.0,256.0,3.2916570794259314,253.7094150595367,0.0003094338462688029,0.0,0,1.0,1.0,0,1.0,-0.42857142857142855,-0.8660254037844387,,0.9999999999999998,-0.42857142857142855,0.42857142857142855,6
False,True,False,True,,,,,,,,,,,,,,,,,,,,,,,,,,,,,,,,,,,,,,,,,,36,0.0,1.2194647633115659e+17,1981834222632960.0,4.232179259223245e+16,1.6426826892338906e+17,2937975020339200.0,3066005991456768.0,0.5551181102362205,254.0,11.794300081848785,664684808421376.0,254.0,0.5551181102362205,254.0,0.0,0.0,0.0,0.0,,,,,,,,,,,,,,,,,,,,,,,,,,,,,0.5390625,0.4140625,256.0,384.0,384.0,0.0,13.79285159210364,887086954266624.0,0.59375,0.59375,256.0,0.58203125,0.0,0.0,2.1439171409576376,322491424538624.0,256.0,0.17104120353183083,256.0,0.0,256.0,0.015625,0.17104120353183083,178.92200256047468,False,15.64317798614502,0.00020503263186986466,True,0.00046852760715410113,-0.050000000000000044,0.0,178.92200256047468,0.00020503263186986466,4.994646107279365,5.2452080699100545e-06,,,510,0.54296875,256.0,5.367576187732173,0.5568181818181818,88.0,"bbq,truthfulqa",T_K,,,,,,,,,,766,256,256.0,0.3708292417418647,169.0,87.0,0.09284270718219234,766,81.0,0.012345679012345678,0.1848403016655476,0.5294117647058824,85.0,384,256.0,0.3889671751267558,168.0,88.0,83.0,0.024096385542168676,0.24852258554762924,/workspace/safe-drift/outputs/setting_2_medqa_medmcqa_reference_coverage_gamma_v1/repeat_00/olmo7b_instruct/KR64_KT16/pct25.6/safe_reference_hard_constrained_precondadam_refT_K_gamma0.1_epsm2/training_runs/safe_low_rank_adam_reference_constrained_greedy_eta0.0002_metricFplusAlpha_swaps1_feastol1e-06_gamma0.1_epsm2_caln64_calseed42_pct25.6_seed42,3.2896442397222816,10.821759223937988,1.8177583521739038e-08,True,-1.5936395554305705e-06,True,,0.1,2.285136774967012,0.41816301269531253,0.20908150634765627,2.0,reference,False,5.410879611968994,261.36712646484375,2.285136774967012,288,0.07723704680617124,True,0.02578432936459496,True,288.0,constrained_greedy,no_feasible_addition,True,True,3.2896442397222816,0.11658570281198863,True,0.988717026676851,True,0.11731561215750609,0.9999956893380084,3.2896442397222816,none,0.41816301269531253,False,,22.851367749670118,42,2.259352445602417,0.010193105787038803,safe_low_rank_adam_reference_constrained_greedy_eta0.0002_metricFplusAlpha_swaps1_feastol1e-06_gamma0.1_epsm2_caln64_calseed42,safe_low_rank_adam_reference_constrained_greedy_eta0.0002_metricFplusAlpha_swaps1_feastol1e-06_gamma0.1_epsm2_caln64_calseed42,adam,1.7315727303903259,4.212321824226262e-05,/workspace/safe-drift/outputs/setting_2_medqa_medmcqa_reference_coverage_gamma_v1/repeat_00/olmo7b_instruct/KR64_KT16/pct25.6/safe_reference_hard_constrained_precondadam_refT_K_gamma0.1_epsm2/training_runs/safe_low_rank_adam_reference_constrained_greedy_eta0.0002_metricFplusAlpha_swaps1_feastol1e-06_gamma0.1_epsm2_caln64_calseed42_pct25.6_seed42/summary.json,,,-3.2113405711456835,0.46875,0.0,256.0,3.2113405711456835,434.4974928293377,0.00046852760715410113,0.0,0,1.0,1.0,0,1.0,0.006060606060606061,-0.4472135954999579,,0.19999999999999996,0.006060606060606061,-0.006060606060606061,10
False,True,False,True,,,,,,,,,,,,,,,,,,,,,,,,,,,,,,,,,,,,,,,,,,32,0.0,1.2194647633115659e+17,2049003771789312.0,4.132866314149069e+16,1.632751394726473e+17,2644177518305280.0,2299504493592576.0,0.5551181102362205,254.0,11.640869218220548,664684808421376.0,254.0,0.5551181102362205,254.0,0.0,0.0,0.0,0.0,,,,,,,,,,,,,,,,,,,,,,,,,,,,,0.5390625,0.41796875,256.0,384.0,384.0,0.0,13.707321770489216,887086954266624.0,0.61328125,0.61328125,256.0,0.61328125,0.0,0.0,2.2303866330189264,322491424538624.0,256.0,0.13731383033288697,256.0,0.0,256.0,0.015625,0.13731383033288697,2829.16408939317,False,15.459640502929688,0.00033325650499590234,True,0.00047596043441444635,-0.09999999999999998,0.0,2829.16408939317,0.00033325650499590234,69.44986103230703,1.0219907133023806e-05,,,510,0.5625,256.0,5.378180354249244,0.5340909090909091,88.0,"bbq,truthfulqa",T_K,,,,,,,,,,766,256,256.0,0.3334997320239319,169.0,87.0,0.18865551506396572,766,81.0,0.0,0.1329085549569548,0.5176470588235295,85.0,384,256.0,0.35518202878783517,168.0,88.0,83.0,0.012048192771084338,0.19271699875214085,/workspace/safe-drift/outputs/setting_2_medqa_medmcqa_reference_coverage_gamma_v1/repeat_00/olmo7b_instruct/KR64_KT16/pct25.6/safe_reference_hard_constrained_precondadam_refT_K_gamma1_epsm0.5/training_runs/safe_low_rank_adam_reference_constrained_greedy_eta0.0002_metricFplusAlpha_swaps1_feastol1e-06_gamma1_epsm0.5_caln64_calseed42_pct25.6_seed42,1.5279577245606089,2.3346548080444336,2.0477639549321136e-10,True,1.0603355224958477e-06,True,,1.0,1.4282104843543824,0.10454075317382813,0.20908150634765627,0.5,reference,False,1.1673274040222168,261.36712646484375,1.4282104843543824,246,0.0001487021519588124,True,0.03431235489118656,True,246.0,constrained_greedy,no_improving_feasible_addition,True,True,1.527957490504463,0.9727870264345647,True,0.9759746137271816,True,0.9855880611091219,0.9936476242529689,1.527957490504463,none,0.10454075317382813,False,,1.4282104843543824,42,1.3938981294631958,0.005315682385116816,safe_low_rank_adam_reference_constrained_greedy_eta0.0002_metricFplusAlpha_swaps1_feastol1e-06_gamma1_epsm0.5_caln64_calseed42,safe_low_rank_adam_reference_constrained_greedy_eta0.0002_metricFplusAlpha_swaps1_feastol1e-06_gamma1_epsm0.5_caln64_calseed42,adam,1.768616292210936,4.758082393471752e-05,/workspace/safe-drift/outputs/setting_2_medqa_medmcqa_reference_coverage_gamma_v1/repeat_00/olmo7b_instruct/KR64_KT16/pct25.6/safe_reference_hard_constrained_precondadam_refT_K_gamma1_epsm0.5/training_runs/safe_low_rank_adam_reference_constrained_greedy_eta0.0002_metricFplusAlpha_swaps1_feastol1e-06_gamma1_epsm0.5_caln64_calseed42_pct25.6_seed42/summary.json,,,-3.3407539451545745,0.484375,0.0,256.0,3.3407539451545745,328.69411263242364,0.00047596043441444635,0.0,0,1.0,1.0,0,0.9999999999999999,0.19999999999999998,-0.8660254037844387,,0.9999999999999998,0.19999999999999998,-0.19999999999999998,9
False,True,False,True,,,,,,,,,,,,,,,,,,,,,,,,,,,,,,,,,,,,,,,,,,62,0.0,1.2194647633115659e+17,3551839303532544.0,4.671488168523366e+16,1.6866135801639027e+17,4994557534576640.0,3832507489320960.0,0.5275590551181102,254.0,11.968696771957116,664684808421376.0,254.0,0.5275590551181102,254.0,0.0,0.0,0.0,0.0,,,,,,,,,,,,,,,,,,,,,,,,,,,,,0.5364583333333334,0.40234375,256.0,384.0,384.0,0.0,13.699721445639929,887086954266624.0,0.5390625,0.5390625,256.0,0.53515625,0.0,0.0,2.1268437825422644,322491424538624.0,256.0,0.1900952111364154,256.0,0.0,256.0,0.015625,0.1900952111364154,1015.2155708052725,False,22.190113067626953,0.00010771544670637455,True,0.0006153613212518394,-0.09999999999999998,0.0,1015.2155708052725,0.00010771544670637455,19.80136471533355,2.07117971630795e-06,,,510,0.4921875,256.0,5.337437779295678,0.48863636363636365,88.0,"bbq,truthfulqa",T_K,,,,,,,,,,766,256,256.0,0.3484082462423801,169.0,87.0,0.10095640720765708,766,81.0,0.012345679012345678,0.20818012884839654,0.49411764705882355,85.0,384,256.0,0.37269202396944445,168.0,88.0,83.0,0.012048192771084338,0.2512664008800654,/workspace/safe-drift/outputs/setting_2_medqa_medmcqa_reference_coverage_gamma_v1/repeat_00/olmo7b_instruct/KR64_KT16/pct25.6/safe_reference_hard_constrained_precondadam_refT_K_gamma1_epsm1/training_runs/safe_low_rank_adam_reference_constrained_greedy_eta0.0002_metricFplusAlpha_swaps1_feastol1e-06_gamma1_epsm1_caln64_calseed42_pct25.6_seed42,3.9985625545239887,15.988502502441406,8.191055819728454e-10,True,4.241342089983391e-06,True,,1.0,5.712841937417529,0.20908150634765627,0.20908150634765627,1.0,reference,False,7.994251251220703,261.36712646484375,5.712841937417529,483,0.0025613111252970264,True,0.9128794168181642,True,483.0,constrained_greedy,no_improving_feasible_addition,True,True,3.9985625545239887,0.8828180353490179,True,0.8402060621543829,True,0.8881575093704519,0.8480423335322987,3.9985625545239887,none,0.20908150634765627,False,,5.712841937417529,42,4.799962520599365,0.019296227023005486,safe_low_rank_adam_reference_constrained_greedy_eta0.0002_metricFplusAlpha_swaps1_feastol1e-06_gamma1_epsm1_caln64_calseed42,safe_low_rank_adam_reference_constrained_greedy_eta0.0002_metricFplusAlpha_swaps1_feastol1e-06_gamma1_epsm1_caln64_calseed42,adam,2.2534346239481238,4.868405792085584e-05,/workspace/safe-drift/outputs/setting_2_medqa_medmcqa_reference_coverage_gamma_v1/repeat_00/olmo7b_instruct/KR64_KT16/pct25.6/safe_reference_hard_constrained_precondadam_refT_K_gamma1_epsm1/training_runs/safe_low_rank_adam_reference_constrained_greedy_eta0.0002_metricFplusAlpha_swaps1_feastol1e-06_gamma1_epsm1_caln64_calseed42_pct25.6_seed42/summary.json,,,-3.282573098083958,0.421875,-0.0625,256.0,3.282573098083958,658.4582481328398,0.0006153613212518394,0.0,0,1.0,1.0,0,0.8725490196078433,0.46813725490196084,-0.7071067811865475,-0.5773502691896257,0.0,0.5441176470588236,-0.5441176470588236,17
False,True,False,True,,,,,,,,,,,,,,,,,,,,,,,,,,,,,,,,,,,,,,,,,,64,0.0,1.2194647633115659e+17,3476107299471360.0,4.663914968117248e+16,1.685856260123291e+17,4994557534576640.0,3832507489320960.0,0.6377952755905512,254.0,11.905448205201958,664684808421376.0,254.0,0.6377952755905512,254.0,0.0,0.0,0.0,0.0,,,,,,,,,,,,,,,,,,,,,,,,,,,,,0.5338541666666666,0.3984375,256.0,384.0,384.0,0.0,14.012510843575,887086954266624.0,0.58203125,0.58203125,256.0,0.578125,0.0,0.0,2.1651629403935377,322491424538624.0,256.0,0.16382825194347292,256.0,0.0,256.0,0.015625,0.16382825194347292,266.27077108105703,False,23.280094146728516,2.7924405277951263e-05,True,0.0006381108541972935,-0.0,0.0,266.27077108105703,2.7924405277951263e-05,4.964610000036907,5.210991623713941e-07,,,510,0.5859375,256.0,5.414919460521025,0.5909090909090909,88.0,"bbq,truthfulqa",T_K,,,,,,,,,,766,256,256.0,0.37588349234285606,169.0,87.0,0.08038804472752992,766,81.0,0.0,0.16085789377662116,0.6235294117647059,85.0,384,256.0,0.42992840339547994,168.0,88.0,83.0,0.024096385542168676,0.236327395026254,/workspace/safe-drift/outputs/setting_2_medqa_medmcqa_reference_coverage_gamma_v1/repeat_00/olmo7b_instruct/KR64_KT16/pct25.6/safe_reference_hard_constrained_precondadam_refT_K_gamma1_epsm2/training_runs/safe_low_rank_adam_reference_constrained_greedy_eta0.0002_metricFplusAlpha_swaps1_feastol1e-06_gamma1_epsm2_caln64_calseed42_pct25.6_seed42,13.842820801561386,191.62368774414062,3.2764223278913818e-09,True,1.6965368359933564e-05,True,,1.0,22.851367749670118,0.41816301269531253,0.20908150634765627,2.0,reference,False,95.81184387207031,261.36712646484375,22.851367749670118,512,0.05525851949866087,True,14.618772305944532,True,512.0,constrained_greedy,budget_reached,True,True,13.842820801561386,0.3679695833258556,True,0.36026720128677553,True,0.36901592661985594,0.3618580101167327,13.842820801561386,none,0.41816301269531253,False,,22.851367749670118,42,8.232595443725586,0.03217163309454918,safe_low_rank_adam_reference_constrained_greedy_eta0.0002_metricFplusAlpha_swaps1_feastol1e-06_gamma1_epsm2_caln64_calseed42,safe_low_rank_adam_reference_constrained_greedy_eta0.0002_metricFplusAlpha_swaps1_feastol1e-06_gamma1_epsm2_caln64_calseed42,adam,2.3739302561302793,5.078365263703338e-05,/workspace/safe-drift/outputs/setting_2_medqa_medmcqa_reference_coverage_gamma_v1/repeat_00/olmo7b_instruct/KR64_KT16/pct25.6/safe_reference_hard_constrained_precondadam_refT_K_gamma1_epsm2/training_runs/safe_low_rank_adam_reference_constrained_greedy_eta0.0002_metricFplusAlpha_swaps1_feastol1e-06_gamma1_epsm2_caln64_calseed42_pct25.6_seed42/summary.json,,,-3.247034909404647,0.44921875,-0.0625,256.0,3.247034909404647,689.334633005783,0.0006381108541972935,0.0,0,1.0,1.0,0,0.9509803921568629,0.39460784313725494,-0.28867513459481287,-0.7905694150420948,0.051298917604257706,0.44852941176470595,-0.44852941176470595,17
False,False,False,False,,,,,,,,,,,,,,,,,,,,,,,,,,,,,,,,,,,,,,,,,,64,0.0,1.1295337162683187e+17,3145413652758528.0,1.3846741863882752e+16,1.2680011349071462e+17,4994557534576640.0,3832507489320960.0,0.35826771653543305,254.0,12.128660307155819,664684808421376.0,254.0,0.35826771653543305,254.0,0.0,0.0,0.0,0.0,,,,,,,,,,,,,,,,,,,,,,,,,,,,,0.5494791666666666,0.4375,256.0,384.0,384.0,0.0,14.111951005955538,887086954266624.0,0.5,0.5,256.0,0.48046875,0.0,0.0,2.2426442281056276,322491424538624.0,256.0,0.13560031488602609,256.0,0.0,256.0,0.015625,0.13560031488602609,11110224.795302104,False,25.344554901123047,125.32298244761205,False,0.0012340596877038479,-0.09999999999999998,0.0,11110224.795302104,125.32298244761205,190591.9886176264,2.2143709455982514,,,510,0.390625,256.0,5.5521459766462735,0.3522727272727273,88.0,"bbq,mmlu_non_medical",B_K,,,,,,,,,,766,256,256.0,0.24202500598278986,169.0,87.0,0.2348344705171147,766,81.0,0.0,0.13177728469285246,0.32941176470588235,85.0,384,256.0,0.25175504430384,168.0,88.0,83.0,0.012048192771084338,0.1740983239017976,/workspace/safe-drift/outputs/setting_2_medqa_medmcqa_reference_coverage_gamma_v1/repeat_00/olmo7b_instruct/KR64_KT16/pct25.6/safe_reference_precondsgd_refB_K_gamma0.01_epsm0.5/training_runs/safe_low_rank_sgd_reference_greedy_marginal_eta0.0002_metricFplusAlpha_gamma0.01_epsm0.5_caln64_calseed42_pct25.6_seed42,0.03814045049224244,0.0014546939637511969,2.56789650781848e-14,True,7.771584438677091e-12,True,,0.01,9.847034148103791e-06,0.0021359737396240237,0.004271947479248047,0.5,reference,False,0.0007273469818755984,431.66180419921875,9.847034148103791e-06,512,-1.1009417192014365e-06,False,-0.0007543428941563002,False,512.0,greedy_marginal,completed,False,False,0.03814045049224244,1.4826168790327552,False,77.60600067801387,False,1.4826168790327552,77.60600067801387,0.006797096375410519,none,0.0021359737396240237,False,,0.0009847034148103792,42,0.000764189928304404,3.382133627383155e-06,safe_low_rank_sgd_reference_greedy_marginal_eta0.0002_metricFplusAlpha_gamma0.01_epsm0.5_caln64_calseed42,safe_low_rank_sgd_reference_greedy_marginal_eta0.0002_metricFplusAlpha_gamma0.01_epsm0.5_caln64_calseed42,sgd,2.333243081494402,9.168587224780977e-05,/workspace/safe-drift/outputs/setting_2_medqa_medmcqa_reference_coverage_gamma_v1/repeat_00/olmo7b_instruct/KR64_KT16/pct25.6/safe_reference_precondsgd_refB_K_gamma0.01_epsm0.5/training_runs/safe_low_rank_sgd_reference_greedy_marginal_eta0.0002_metricFplusAlpha_gamma0.01_epsm0.5_caln64_calseed42_pct25.6_seed42/summary.json,,,-3.4654449223307893,0.3984375,-0.0625,256.0,3.4654449223307893,704.9689887166023,0.0012340596877038479,0.0,0,1.0,1.0,0,0.9803921568627453,-0.627450980392157,-0.7071067811865475,-0.20519567041703082,0.0,-0.5490196078431373,0.5490196078431373,17
False,False,False,True,,,,,,,,,,,,,,,,,,,,,,,,,,,,,,,,,,,,,,,,,,64,0.0,1.1295337162683187e+17,3110665049358336.0,1.381199326048256e+16,1.2676536488731443e+17,4994557534576640.0,3832507489320960.0,0.452755905511811,254.0,12.10570139647156,664684808421376.0,254.0,0.452755905511811,254.0,0.0,0.0,0.0,0.0,,,,,,,,,,,,,,,,,,,,,,,,,,,,,0.5546875,0.43359375,256.0,384.0,384.0,0.0,14.227448150515556,887086954266624.0,0.55859375,0.55859375,256.0,0.5546875,0.0,0.0,2.428067843832293,322491424538624.0,256.0,0.12674011022253115,256.0,0.0,256.0,0.015625,0.12674011022253115,2669703.218381518,False,24.49566650390625,45.080453050209314,False,0.0011831785086542368,-0.09999999999999998,0.0,2669703.218381518,45.080453050209314,46689.589374292846,0.809228314536876,,,510,0.49609375,256.0,5.716974221023858,0.42045454545454547,88.0,"bbq,truthfulqa",B_K,,,,,,,,,,766,256,256.0,0.27620932160004097,169.0,87.0,0.17432570906749306,766,81.0,0.0,0.13196409774553652,0.4117647058823529,85.0,384,256.0,0.29152066732897197,168.0,88.0,83.0,0.012048192771084338,0.171276628775591,/workspace/safe-drift/outputs/setting_2_medqa_medmcqa_reference_coverage_gamma_v1/repeat_00/olmo7b_instruct/KR64_KT16/pct25.6/safe_reference_precondsgd_refB_K_gamma0.01_epsm1/training_runs/safe_low_rank_sgd_reference_greedy_marginal_eta0.0002_metricFplusAlpha_gamma0.01_epsm1_caln64_calseed42_pct25.6_seed42,0.028899408308871707,0.0008351758006028831,-4.771932225451983e-13,True,-1.8646465668308585e-11,True,,0.01,2.6245932074738613e-05,0.004283789634704591,0.004283789634704591,1.0,reference,False,0.00041758790030144155,286.0458984375,2.6245932074738613e-05,512,5.519696947267678e-06,True,-0.00040623771610808564,False,512.0,greedy_marginal,completed,True,False,0.028899408308871707,0.398426137853352,True,16.478121140878986,False,0.398426137853352,16.478121140878986,0.01720862746141888,none,0.004283789634704591,False,,0.002624593207473861,42,0.00043248364818282425,3.655729869933566e-06,safe_low_rank_sgd_reference_greedy_marginal_eta0.0002_metricFplusAlpha_gamma0.01_epsm1_caln64_calseed42,safe_low_rank_sgd_reference_greedy_marginal_eta0.0002_metricFplusAlpha_gamma0.01_epsm1_caln64_calseed42,sgd,2.3256663570464298,8.946386175531784e-05,/workspace/safe-drift/outputs/setting_2_medqa_medmcqa_reference_coverage_gamma_v1/repeat_00/olmo7b_instruct/KR64_KT16/pct25.6/safe_reference_precondsgd_refB_K_gamma0.01_epsm1/training_runs/safe_low_rank_sgd_reference_greedy_marginal_eta0.0002_metricFplusAlpha_gamma0.01_epsm1_caln64_calseed42_pct25.6_seed42/summary.json,,,-3.3317410981544526,0.41015625,-0.125,256.0,3.3317410981544526,681.1989012714475,0.0011831785086542368,0.0,0,1.0,1.0,0,0.9583333333333335,0.22303921568627455,-0.8944271909999159,-0.20519567041703082,0.051298917604257706,0.24264705882352944,-0.24264705882352944,17
False,False,False,True,,,,,,,,,,,,,,,,,,,,,,,,,,,,,,,,,,,,,,,,,,64,0.0,1.1295337162683187e+17,3163452999499776.0,1.3864781210624e+16,1.2681815283745587e+17,4994557534576640.0,3832507489320960.0,0.46062992125984253,254.0,11.353537662135647,664684808421376.0,254.0,0.46062992125984253,254.0,0.0,0.0,0.0,0.0,,,,,,,,,,,,,,,,,,,,,,,,,,,,,0.5494791666666666,0.4296875,256.0,384.0,384.0,0.0,13.413802745441595,887086954266624.0,0.57421875,0.57421875,256.0,0.58203125,0.0,0.0,2.1534471013766763,322491424538624.0,256.0,0.145027835826,256.0,0.0,256.0,0.015625,0.145027835826,669138.8046248959,False,24.558536529541016,11.54168577053983,False,0.0012116892030462623,-0.09999999999999998,0.0,669138.8046248959,11.54168577053983,11933.123053518222,0.20839799905858802,,,510,0.484375,256.0,5.25179947123808,0.4431818181818182,88.0,"bbq,truthfulqa",B_K,,,,,,,,,,766,256,256.0,0.2934156506199387,169.0,87.0,0.20022111309001,766,81.0,0.0,0.1436494830580592,0.4588235294117647,85.0,384,256.0,0.32752687806909575,168.0,88.0,83.0,0.024096385542168676,0.1962302267264268,/workspace/safe-drift/outputs/setting_2_medqa_medmcqa_reference_coverage_gamma_v1/repeat_00/olmo7b_instruct/KR64_KT16/pct25.6/safe_reference_precondsgd_refB_K_gamma0.01_epsm2/training_runs/safe_low_rank_sgd_reference_greedy_marginal_eta0.0002_metricFplusAlpha_gamma0.01_epsm2_caln64_calseed42_pct25.6_seed42,0.03962184414655539,0.0015698905335739255,-1.9087728901807932e-12,True,-7.458586267323434e-11,True,,0.01,0.00010498372829895445,0.008567579269409181,0.004283789634704591,2.0,reference,False,0.0007849452667869627,286.0458984375,0.00010498372829895445,512,3.264958777552421e-05,True,-0.000458873417308517,False,512.0,greedy_marginal,completed,True,False,0.03962184414655539,0.11040683921330587,True,5.370905364217621,False,0.11040683921330587,5.370905364217621,0.03484121540605893,none,0.008567579269409181,False,,0.010498372829895445,42,0.0005638571456074715,4.05211949328077e-06,safe_low_rank_sgd_reference_greedy_marginal_eta0.0002_metricFplusAlpha_gamma0.01_epsm2_caln64_calseed42,safe_low_rank_sgd_reference_greedy_marginal_eta0.0002_metricFplusAlpha_gamma0.01_epsm2_caln64_calseed42,sgd,2.4524317267905644,9.317195845143234e-05,/workspace/safe-drift/outputs/setting_2_medqa_medmcqa_reference_coverage_gamma_v1/repeat_00/olmo7b_instruct/KR64_KT16/pct25.6/safe_reference_precondsgd_refB_K_gamma0.01_epsm2/training_runs/safe_low_rank_sgd_reference_greedy_marginal_eta0.0002_metricFplusAlpha_gamma0.01_epsm2_caln64_calseed42_pct25.6_seed42/summary.json,,,-3.4200369699683506,0.43359375,-0.0625,256.0,3.4200369699683506,690.8459031656384,0.0012116892030462623,0.0,0,1.0,1.0,0,0.8700980392156864,0.10049019607843139,-0.6708203932499369,-0.15389675281277312,0.22360679774997896,0.1911764705882353,-0.1911764705882353,17
False,False,False,True,,,,,,,,,,,,,,,,,,,,,,,,,,,,,,,,,,,,,,,,,,64,0.0,1.1295337162683187e+17,3300369147346944.0,1.4001697358471168e+16,1.2695506898530304e+17,4994557534576640.0,3832507489320960.0,0.484251968503937,254.0,11.569885446643578,664684808421376.0,254.0,0.484251968503937,254.0,0.0,0.0,0.0,0.0,,,,,,,,,,,,,,,,,,,,,,,,,,,,,0.5494791666666666,0.42578125,256.0,384.0,384.0,0.0,13.861498611668745,887086954266624.0,0.578125,0.578125,256.0,0.578125,0.0,0.0,2.2871006532037765,322491424538624.0,256.0,0.13267776695762695,256.0,0.0,256.0,0.015625,0.13267776695762695,11061571.9777489,False,25.373661041259766,18.58820664937728,False,0.0012196620227769017,-0.0,0.0,11061571.9777489,18.58820664937728,189303.22426634163,0.32819898810944387,,,510,0.49609375,256.0,5.421747955621457,0.48863636363636365,88.0,"bbq,truthfulqa",B_K,,,,,,,,,,766,256,256.0,0.3067314467831757,169.0,87.0,0.1723344705171147,766,81.0,0.0,0.12482652992998776,0.43529411764705883,85.0,384,256.0,0.3017808287347553,168.0,88.0,83.0,0.012048192771084338,0.16826753982245185,/workspace/safe-drift/outputs/setting_2_medqa_medmcqa_reference_coverage_gamma_v1/repeat_00/olmo7b_instruct/KR64_KT16/pct25.6/safe_reference_precondsgd_refB_K_gamma0.1_epsm0.5/training_runs/safe_low_rank_sgd_reference_greedy_marginal_eta0.0002_metricFplusAlpha_gamma0.1_epsm0.5_caln64_calseed42_pct25.6_seed42,0.03077991076342021,0.0009474029066041112,1.0807536980693248e-13,True,-6.116807940422051e-11,True,,0.1,6.561483018684653e-05,0.0021418948173522953,0.004283789634704591,0.5,reference,False,0.0004737014533020556,286.0458984375,6.561483018684653e-05,512,-1.4150945218442523e-06,False,-0.0005211471464053962,False,512.0,greedy_marginal,completed,False,False,0.03077991076342021,1.6169062431804757,False,8.942531336487388,False,1.6169062431804757,8.942531336487388,0.01626430704370645,none,0.0021418948173522953,False,,0.0006561483018684653,42,0.0005867619765922427,3.7089512261445634e-06,safe_low_rank_sgd_reference_greedy_marginal_eta0.0002_metricFplusAlpha_gamma0.1_epsm0.5_caln64_calseed42,safe_low_rank_sgd_reference_greedy_marginal_eta0.0002_metricFplusAlpha_gamma0.1_epsm0.5_caln64_calseed42,sgd,2.4417393546391395,9.327765351940798e-05,/workspace/safe-drift/outputs/setting_2_medqa_medmcqa_reference_coverage_gamma_v1/repeat_00/olmo7b_instruct/KR64_KT16/pct25.6/safe_reference_precondsgd_refB_K_gamma0.1_epsm0.5/training_runs/safe_low_rank_sgd_reference_greedy_marginal_eta0.0002_metricFplusAlpha_gamma0.1_epsm0.5_caln64_calseed42_pct25.6_seed42/summary.json,,,-3.385977741330862,0.4453125,-0.0625,256.0,3.385977741330862,682.6448745187372,0.0012196620227769017,0.0,0,1.0,1.0,0,0.8897058823529413,0.2058823529411765,-0.11180339887498948,-0.22360679774997896,0.22360679774997896,0.3382352941176471,-0.3382352941176471,17
False,False,False,True,,,,,,,,,,,,,,,,,,,,,,,,,,,,,,,,,,,,,,,,,,64,0.0,1.1295337162683187e+17,3406277570150400.0,1.4107605781274624e+16,1.270609774081065e+17,4994557534576640.0,3832507489320960.0,0.5433070866141733,254.0,10.869015075403249,664684808421376.0,254.0,0.5433070866141733,254.0,0.0,0.0,0.0,0.0,,,,,,,,,,,,,,,,,,,,,,,,,,,,,0.5520833333333334,0.4296875,256.0,384.0,384.0,0.0,13.084902554750443,887086954266624.0,0.59375,0.59375,256.0,0.59765625,0.0,0.0,2.2972045804934025,322491424538624.0,256.0,0.14168007067379917,256.0,0.0,256.0,0.015625,0.14168007067379917,2757340.3040490923,False,25.299774169921875,4.662178685169343,False,0.0012236322509124875,-0.0,0.0,2757340.3040490923,4.662178685169343,46855.526183171125,0.08187942164720588,,,510,0.53515625,256.0,5.208672673094506,0.5454545454545454,88.0,"bbq,truthfulqa",B_K,,,,,,,,,,766,256,256.0,0.33790763698916015,169.0,87.0,0.17812437953283017,766,81.0,0.0,0.1303607285237749,0.47058823529411764,85.0,384,256.0,0.3152540449409185,168.0,88.0,83.0,0.012048192771084338,0.15991985458771937,/workspace/safe-drift/outputs/setting_2_medqa_medmcqa_reference_coverage_gamma_v1/repeat_00/olmo7b_instruct/KR64_KT16/pct25.6/safe_reference_precondsgd_refB_K_gamma0.1_epsm1/training_runs/safe_low_rank_sgd_reference_greedy_marginal_eta0.0002_metricFplusAlpha_gamma0.1_epsm1_caln64_calseed42_pct25.6_seed42,0.0365935635401115,0.0013390888925641775,4.3230147922772993e-13,True,-2.4467231761688205e-10,True,,0.1,0.0002624593207473861,0.004283789634704591,0.004283789634704591,1.0,reference,False,0.0006695444462820888,286.0458984375,0.0002624593207473861,512,4.462896390869449e-06,True,-0.0006397991792437626,False,512.0,greedy_marginal,completed,True,False,0.0365935635401115,0.5136034018054809,True,3.43771019256798,False,0.5136034018054809,3.43771019256798,0.03312882180647899,none,0.004283789634704591,False,,0.002624593207473861,42,0.0009022584999911487,4.712530426331796e-06,safe_low_rank_sgd_reference_greedy_marginal_eta0.0002_metricFplusAlpha_gamma0.1_epsm1_caln64_calseed42,safe_low_rank_sgd_reference_greedy_marginal_eta0.0002_metricFplusAlpha_gamma0.1_epsm1_caln64_calseed42,sgd,2.533218358193153,9.516560117719952e-05,/workspace/safe-drift/outputs/setting_2_medqa_medmcqa_reference_coverage_gamma_v1/repeat_00/olmo7b_instruct/KR64_KT16/pct25.6/safe_reference_precondsgd_refB_K_gamma0.1_epsm1/training_runs/safe_low_rank_sgd_reference_greedy_marginal_eta0.0002_metricFplusAlpha_gamma0.1_epsm1_caln64_calseed42_pct25.6_seed42/summary.json,,,-3.391461866289319,0.44921875,0.0,256.0,3.391461866289319,673.014962496236,0.0012236322509124875,0.0,0,1.0,1.0,0,0.681372549019608,-0.009803921568627453,0.6708203932499369,0.7181848464596079,0.051298917604257706,0.007352941176470589,-0.007352941176470589,17
False,False,False,True,,,,,,,,,,,,,,,,,,,,,,,,,,,,,,,,,,,,,,,,,,64,0.0,1.1295337162683187e+17,3449339236564992.0,1.4150667447689216e+16,1.2710403907452109e+17,4994557534576640.0,3832507489320960.0,0.5196850393700787,254.0,11.420466931160353,664684808421376.0,254.0,0.5196850393700787,254.0,0.0,0.0,0.0,0.0,,,,,,,,,,,,,,,,,,,,,,,,,,,,,0.5442708333333334,0.42578125,256.0,384.0,384.0,0.0,13.473208534220854,887086954266624.0,0.6015625,0.6015625,256.0,0.6015625,0.0,0.0,2.1658540966800297,322491424538624.0,256.0,0.15745320202115126,256.0,0.0,256.0,0.015625,0.15745320202115126,656887.0243033573,False,24.108875274658203,1.1457443458493077,False,0.00120284513104707,-0.0,0.0,656887.0243033573,1.1457443458493077,11854.298359616321,0.020932154781941225,,,510,0.5546875,256.0,5.27470454047708,0.5113636363636364,88.0,"bbq,truthfulqa",B_K,,,,,,,,,,766,256,256.0,0.33386186304466753,169.0,87.0,0.12519109420790397,766,81.0,0.0,0.1563600897256987,0.4588235294117647,85.0,384,256.0,0.32510339978461394,168.0,88.0,83.0,0.024096385542168676,0.19138327015746323,/workspace/safe-drift/outputs/setting_2_medqa_medmcqa_reference_coverage_gamma_v1/repeat_00/olmo7b_instruct/KR64_KT16/pct25.6/safe_reference_precondsgd_refB_K_gamma0.1_epsm2/training_runs/safe_low_rank_sgd_reference_greedy_marginal_eta0.0002_metricFplusAlpha_gamma0.1_epsm2_caln64_calseed42_pct25.6_seed42,0.06791980971019267,0.004613100551068783,1.7292059169109197e-12,True,-9.786892704675282e-10,True,,0.1,0.0010498372829895444,0.008567579269409181,0.004283789634704591,2.0,reference,False,0.0023065502755343914,286.0458984375,0.0010498372829895444,512,2.8871628184135272e-05,True,-0.0006973419113639764,False,512.0,greedy_marginal,completed,True,False,0.06791980971019267,0.2133437288712988,True,1.664237091714169,False,0.2133437288712988,1.664237091714169,0.06791980971019267,none,0.008567579269409181,False,,0.010498372829895445,42,0.0017471791943535209,7.830079084669705e-06,safe_low_rank_sgd_reference_greedy_marginal_eta0.0002_metricFplusAlpha_gamma0.1_epsm2_caln64_calseed42,safe_low_rank_sgd_reference_greedy_marginal_eta0.0002_metricFplusAlpha_gamma0.1_epsm2_caln64_calseed42,sgd,2.3975687800548258,9.358370548048778e-05,/workspace/safe-drift/outputs/setting_2_medqa_medmcqa_reference_coverage_gamma_v1/repeat_00/olmo7b_instruct/KR64_KT16/pct25.6/safe_reference_precondsgd_refB_K_gamma0.1_epsm2/training_runs/safe_low_rank_sgd_reference_greedy_marginal_eta0.0002_metricFplusAlpha_gamma0.1_epsm2_caln64_calseed42_pct25.6_seed42/summary.json,,,-3.214993232732013,0.46484375,0.0,256.0,3.214993232732013,674.9401755984873,0.00120284513104707,0.0,0,1.0,1.0,0,0.9485294117647061,0.4705882352941177,0.0,0.0,0.19999999999999996,0.5220588235294118,-0.5220588235294118,17
False,False,False,True,,,,,,,,,,,,,,,,,,,,,,,,,,,,,,,,,,,,,,,,,,64,0.0,1.1295337162683187e+17,3640955339046912.0,1.4342283550171136e+16,1.27295655177003e+17,4994557534576640.0,3832507489320960.0,0.5196850393700787,254.0,11.731749877529195,664684808421376.0,254.0,0.5196850393700787,254.0,0.0,0.0,0.0,0.0,,,,,,,,,,,,,,,,,,,,,,,,,,,,,0.5520833333333334,0.42578125,256.0,384.0,384.0,0.0,13.608310749133429,887086954266624.0,0.59765625,0.59765625,256.0,0.58984375,0.0,0.0,2.2743261228651237,322491424538624.0,256.0,0.14951490639931536,256.0,0.0,256.0,0.015625,0.14951490639931536,10617976.387098862,False,24.734525680541992,1.760013966130945,False,0.0011839134385809302,-0.050000000000000044,0.0,10617976.387098862,1.760013966130945,179406.62281778848,0.030511591031415593,,,510,0.53125,256.0,5.438883959078321,0.5113636363636364,88.0,"bbq,truthfulqa",B_K,,,,,,,,,,766,256,256.0,0.3290794163519829,169.0,87.0,0.20284260935941917,766,81.0,0.0,0.14679519634032942,0.47058823529411764,85.0,384,256.0,0.3337848353039379,168.0,88.0,83.0,0.024096385542168676,0.19698143531375806,/workspace/safe-drift/outputs/setting_2_medqa_medmcqa_reference_coverage_gamma_v1/repeat_00/olmo7b_instruct/KR64_KT16/pct25.6/safe_reference_precondsgd_refB_K_gamma1_epsm0.5/training_runs/safe_low_rank_sgd_reference_greedy_marginal_eta0.0002_metricFplusAlpha_gamma1_epsm0.5_caln64_calseed42_pct25.6_seed42,1392.352505653651,1938645.5,-3.3935407804821073e-13,True,-6.568637344120387e-12,True,,1.0,0.0006726727522415848,0.0021584694862365724,0.004316938972473145,0.5,reference,False,969322.75,288.7633056640625,0.0006726727522415848,512,-2.4920126389804452e-06,False,-0.00046989590120783136,False,512.0,greedy_marginal,completed,False,False,1392.352505653651,2.0697650603367657,False,1.6985482706751425,False,2.0697650603367657,1.6985482706751425,706.4962402589274,none,0.0021584694862365724,False,,0.0006726727522415848,42,0.0011425686534494162,4.8215079004876316e-06,safe_low_rank_sgd_reference_greedy_marginal_eta0.0002_metricFplusAlpha_gamma1_epsm0.5_caln64_calseed42,safe_low_rank_sgd_reference_greedy_marginal_eta0.0002_metricFplusAlpha_gamma1_epsm0.5_caln64_calseed42,sgd,2.448821796552693,9.125827163580791e-05,/workspace/safe-drift/outputs/setting_2_medqa_medmcqa_reference_coverage_gamma_v1/repeat_00/olmo7b_instruct/KR64_KT16/pct25.6/safe_reference_precondsgd_refB_K_gamma1_epsm0.5/training_runs/safe_low_rank_sgd_reference_greedy_marginal_eta0.0002_metricFplusAlpha_gamma1_epsm0.5_caln64_calseed42_pct25.6_seed42/summary.json,,,-3.379109781628358,0.46484375,0.0,256.0,3.379109781628358,690.646022984758,0.0011839134385809302,0.0,0,1.0,1.0,0,0.9338235294117648,0.13235294117647062,-0.10540925533894598,0.22360679774997896,0.15389675281277312,0.28186274509803927,-0.28186274509803927,17
False,True,False,True,,,,,,,,,,,,,,,,,,,,,,,,,,,,,,,,,,,,,,,,,,64,0.0,1.1295337162683187e+17,3667307748802560.0,1.4368635959926784e+16,1.2732200758675866e+17,4994557534576640.0,3832507489320960.0,0.5393700787401575,254.0,12.379393081965409,664684808421376.0,254.0,0.5393700787401575,254.0,0.0,0.0,0.0,0.0,,,,,,,,,,,,,,,,,,,,,,,,,,,,,0.5390625,0.4140625,256.0,384.0,384.0,0.0,14.357789049545923,887086954266624.0,0.625,0.625,256.0,0.62109375,0.0,0.0,2.3483887502529117,322491424538624.0,256.0,0.15601020675018543,256.0,0.0,256.0,0.015625,0.15601020675018543,2669351.076879182,False,24.492435455322266,0.4581699055934712,True,0.0012025096220895648,-0.0,0.0,2669351.076879182,0.4581699055934712,47134.420719937756,0.008319732259282477,,,510,0.5703125,256.0,5.683050987767238,0.5227272727272727,88.0,"bbq,truthfulqa",B_K,,,,,,,,,,766,256,256.0,0.3398374715390006,169.0,87.0,0.1098344705171147,766,81.0,0.0,0.15694767035072854,0.47058823529411764,85.0,384,256.0,0.3297671617672701,168.0,88.0,83.0,0.012048192771084338,0.18894608824042258,/workspace/safe-drift/outputs/setting_2_medqa_medmcqa_reference_coverage_gamma_v1/repeat_00/olmo7b_instruct/KR64_KT16/pct25.6/safe_reference_precondsgd_refB_K_gamma1_epsm1/training_runs/safe_low_rank_sgd_reference_greedy_marginal_eta0.0002_metricFplusAlpha_gamma1_epsm1_caln64_calseed42_pct25.6_seed42,1638.753565976288,2685513.25,2.2512908827735864e-12,True,9.293211569207094e-10,True,,1.0,0.002624593207473861,0.004283789634704591,0.004283789634704591,1.0,reference,False,1342756.625,286.0458984375,0.002624593207473861,512,1.1667411629973714e-06,True,0.0005488784498078694,True,512.0,greedy_marginal,completed,True,True,1638.753565976288,0.8728406660265577,True,0.7908713054072762,True,0.8728406660265577,0.7908713054072762,1637.509236615171,none,0.004283789634704591,False,,0.002624593207473861,42,0.0020757147576659918,8.008685654203873e-06,safe_low_rank_sgd_reference_greedy_marginal_eta0.0002_metricFplusAlpha_gamma1_epsm1_caln64_calseed42,safe_low_rank_sgd_reference_greedy_marginal_eta0.0002_metricFplusAlpha_gamma1_epsm1_caln64_calseed42,sgd,2.4416100792532234,9.371283404779884e-05,/workspace/safe-drift/outputs/setting_2_medqa_medmcqa_reference_coverage_gamma_v1/repeat_00/olmo7b_instruct/KR64_KT16/pct25.6/safe_reference_precondsgd_refB_K_gamma1_epsm1/training_runs/safe_low_rank_sgd_reference_greedy_marginal_eta0.0002_metricFplusAlpha_gamma1_epsm1_caln64_calseed42_pct25.6_seed42/summary.json,,,-3.3279079177518724,0.47265625,0.0,256.0,3.3279079177518724,693.5752962231636,0.0012025096220895648,0.0,0,1.0,1.0,0,0.9142156862745099,0.10784313725490198,0.35355339059327373,-0.28867513459481287,0.0,0.2573529411764706,-0.2573529411764706,17
False,True,False,True,,,,,,,,,,,,,,,,,,,,,,,,,,,,,,,,,,,,,,,,,,64,0.0,1.1295337162683187e+17,3422571173658624.0,1.4123899384782848e+16,1.2707727101161472e+17,4994557534576640.0,3832507489320960.0,0.6456692913385826,254.0,11.843990621291434,664684808421376.0,254.0,0.6456692913385826,254.0,0.0,0.0,0.0,0.0,,,,,,,,,,,,,,,,,,,,,,,,,,,,,0.5416666666666666,0.41796875,256.0,384.0,384.0,0.0,13.870564542710781,887086954266624.0,0.578125,0.578125,256.0,0.58203125,0.0,0.0,2.1320778456531784,322491424538624.0,256.0,0.16607826226981207,256.0,0.0,256.0,0.01171875,0.16607826226981207,634524.4278680343,False,23.288129806518555,0.11191255716430269,True,0.0011748997494578362,-0.0,0.0,634524.4278680343,0.11191255716430269,11844.36254889054,0.00209084921261309,,,510,0.59765625,256.0,5.4061148587395165,0.6136363636363636,88.0,"bbq,truthfulqa",B_K,,,,,,,,,,766,256,256.0,0.3953065061295901,169.0,87.0,0.07522111309001,766,81.0,0.0,0.17697664862281656,0.6,85.0,384,256.0,0.41549402101042704,168.0,88.0,83.0,0.024096385542168676,0.23098804202085407,/workspace/safe-drift/outputs/setting_2_medqa_medmcqa_reference_coverage_gamma_v1/repeat_00/olmo7b_instruct/KR64_KT16/pct25.6/safe_reference_precondsgd_refB_K_gamma1_epsm2/training_runs/safe_low_rank_sgd_reference_greedy_marginal_eta0.0002_metricFplusAlpha_gamma1_epsm2_caln64_calseed42_pct25.6_seed42,4687.44706636779,21972160.0,9.005163531094346e-12,True,3.7172846276828375e-09,True,,1.0,0.010498372829895445,0.008567579269409181,0.004283789634704591,2.0,reference,False,10986080.0,286.0458984375,0.010498372829895445,512,2.332560861876301e-05,True,0.007007536470334955,True,512.0,greedy_marginal,completed,True,True,4687.44706636779,0.3644543985944526,True,0.33251164669497596,True,0.3644543985944526,0.33251164669497596,4687.44706636779,none,0.008567579269409181,False,,0.010498372829895445,42,0.0034908363595604897,1.3376098650041968e-05,safe_low_rank_sgd_reference_greedy_marginal_eta0.0002_metricFplusAlpha_gamma1_epsm2_caln64_calseed42,safe_low_rank_sgd_reference_greedy_marginal_eta0.0002_metricFplusAlpha_gamma1_epsm2_caln64_calseed42,sgd,2.3650538940928527,9.323214736492447e-05,/workspace/safe-drift/outputs/setting_2_medqa_medmcqa_reference_coverage_gamma_v1/repeat_00/olmo7b_instruct/KR64_KT16/pct25.6/safe_reference_precondsgd_refB_K_gamma1_epsm2/training_runs/safe_low_rank_sgd_reference_greedy_marginal_eta0.0002_metricFplusAlpha_gamma1_epsm2_caln64_calseed42_pct25.6_seed42/summary.json,,,-3.075497458047721,0.4609375,-0.0625,256.0,3.075497458047721,725.2106405999511,0.0011748997494578362,0.0,0,1.0,1.0,0,0.9534313725490198,0.39460784313725494,0.33541019662496846,-0.7071067811865475,0.9746794344808964,0.45833333333333337,-0.45833333333333337,17
False,False,False,False,,,,,,,,,,,,,,,,,,,,,,,,,,,,,,,,,,,,,,,,,,64,0.0,1.1295337162683187e+17,3145413652758528.0,1.3846741863882752e+16,1.2680011349071462e+17,4994557534576640.0,3832507489320960.0,0.35826771653543305,254.0,12.128660307155819,664684808421376.0,254.0,0.35826771653543305,254.0,0.0,0.0,0.0,0.0,,,,,,,,,,,,,,,,,,,,,,,,,,,,,0.5494791666666666,0.4375,256.0,384.0,384.0,0.0,14.111951005955538,887086954266624.0,0.5,0.5,256.0,0.48046875,0.0,0.0,2.2426442281056276,322491424538624.0,256.0,0.13560031488602609,256.0,0.0,256.0,0.015625,0.13560031488602609,11110224.795302104,False,25.344554901123047,86.7809491952789,False,0.0008545349701307714,-0.09999999999999998,0.0,11110224.795302104,86.7809491952789,190591.9886176264,1.5341170795618848,,,510,0.390625,256.0,5.5521459766462735,0.3522727272727273,88.0,"bbq,mmlu_non_medical",B_T_K,,,,,,,,,,766,256,256.0,0.24202500598278986,169.0,87.0,0.2348344705171147,766,81.0,0.0,0.13177728469285246,0.32941176470588235,85.0,384,256.0,0.25175504430384,168.0,88.0,83.0,0.012048192771084338,0.1740983239017976,/workspace/safe-drift/outputs/setting_2_medqa_medmcqa_reference_coverage_gamma_v1/repeat_00/olmo7b_instruct/KR64_KT16/pct25.6/safe_reference_precondsgd_refB_T_K_gamma0.01_epsm0.5/training_runs/safe_low_rank_sgd_reference_greedy_marginal_eta0.0002_metricFplusAlpha_gamma0.01_epsm0.5_caln64_calseed42_pct25.6_seed42,0.03814045049224244,0.0014546939637511969,2.56789650781848e-14,True,7.771584438677091e-12,True,,0.01,9.847034148103791e-06,0.0021359737396240237,0.004271947479248047,0.5,reference,False,0.0007273469818755984,431.66180419921875,9.847034148103791e-06,512,-1.1009417192014365e-06,False,-0.0007543428941563002,False,512.0,greedy_marginal,completed,False,False,0.03814045049224244,1.4826168790327552,False,77.60600067801387,False,1.4826168790327552,77.60600067801387,0.006797096375410519,none,0.0021359737396240237,False,,0.0009847034148103792,42,0.000764189928304404,3.382133627383155e-06,safe_low_rank_sgd_reference_greedy_marginal_eta0.0002_metricFplusAlpha_gamma0.01_epsm0.5_caln64_calseed42,safe_low_rank_sgd_reference_greedy_marginal_eta0.0002_metricFplusAlpha_gamma0.01_epsm0.5_caln64_calseed42,sgd,2.333243081494402,6.355868165795753e-05,/workspace/safe-drift/outputs/setting_2_medqa_medmcqa_reference_coverage_gamma_v1/repeat_00/olmo7b_instruct/KR64_KT16/pct25.6/safe_reference_precondsgd_refB_T_K_gamma0.01_epsm0.5/training_runs/safe_low_rank_sgd_reference_greedy_marginal_eta0.0002_metricFplusAlpha_gamma0.01_epsm0.5_caln64_calseed42_pct25.6_seed42/summary.json,,,-3.4654449223307893,0.3984375,-0.0625,256.0,3.4654449223307893,693.192570084706,0.0008545349701307714,0.0,0,1.0,1.0,0,0.9803921568627453,-0.627450980392157,-0.7071067811865475,-0.20519567041703082,0.0,-0.5490196078431373,0.5490196078431373,17
False,False,False,True,,,,,,,,,,,,,,,,,,,,,,,,,,,,,,,,,,,,,,,,,,64,0.0,1.1295337162683187e+17,3110665049358336.0,1.381199326048256e+16,1.2676536488731443e+17,4994557534576640.0,3832507489320960.0,0.452755905511811,254.0,12.10570139647156,664684808421376.0,254.0,0.452755905511811,254.0,0.0,0.0,0.0,0.0,,,,,,,,,,,,,,,,,,,,,,,,,,,,,0.5546875,0.43359375,256.0,384.0,384.0,0.0,14.227448150515556,887086954266624.0,0.55859375,0.55859375,256.0,0.5546875,0.0,0.0,2.428067843832293,322491424538624.0,256.0,0.12674011022253115,256.0,0.0,256.0,0.015625,0.12674011022253115,2669703.218381518,False,24.49566650390625,31.23561440431999,False,0.0008198078139685094,-0.09999999999999998,0.0,2669703.218381518,31.23561440431999,46689.589374292846,0.560841813270335,,,510,0.49609375,256.0,5.716974221023858,0.42045454545454547,88.0,"bbq,truthfulqa",B_T_K,,,,,,,,,,766,256,256.0,0.27620932160004097,169.0,87.0,0.17432570906749306,766,81.0,0.0,0.13196409774553652,0.4117647058823529,85.0,384,256.0,0.29152066732897197,168.0,88.0,83.0,0.012048192771084338,0.171276628775591,/workspace/safe-drift/outputs/setting_2_medqa_medmcqa_reference_coverage_gamma_v1/repeat_00/olmo7b_instruct/KR64_KT16/pct25.6/safe_reference_precondsgd_refB_T_K_gamma0.01_epsm1/training_runs/safe_low_rank_sgd_reference_greedy_marginal_eta0.0002_metricFplusAlpha_gamma0.01_epsm1_caln64_calseed42_pct25.6_seed42,0.028899408308871707,0.0008351758006028831,-4.771932225451983e-13,True,-1.8646465668308585e-11,True,,0.01,2.6245932074738613e-05,0.004283789634704591,0.004283789634704591,1.0,reference,False,0.00041758790030144155,286.0458984375,2.6245932074738613e-05,512,5.519696947267678e-06,True,-0.00040623771610808564,False,512.0,greedy_marginal,completed,True,False,0.028899408308871707,0.398426137853352,True,16.478121140878986,False,0.398426137853352,16.478121140878986,0.01720862746141888,none,0.004283789634704591,False,,0.002624593207473861,42,0.00043248364818282425,3.655729869933566e-06,safe_low_rank_sgd_reference_greedy_marginal_eta0.0002_metricFplusAlpha_gamma0.01_epsm1_caln64_calseed42,safe_low_rank_sgd_reference_greedy_marginal_eta0.0002_metricFplusAlpha_gamma0.01_epsm1_caln64_calseed42,sgd,2.3256663570464298,6.205773836878703e-05,/workspace/safe-drift/outputs/setting_2_medqa_medmcqa_reference_coverage_gamma_v1/repeat_00/olmo7b_instruct/KR64_KT16/pct25.6/safe_reference_precondsgd_refB_T_K_gamma0.01_epsm1/training_runs/safe_low_rank_sgd_reference_greedy_marginal_eta0.0002_metricFplusAlpha_gamma0.01_epsm1_caln64_calseed42_pct25.6_seed42/summary.json,,,-3.3317410981544526,0.41015625,-0.125,256.0,3.3317410981544526,689.6171390917152,0.0008198078139685094,0.0,0,1.0,1.0,0,0.9583333333333335,0.22303921568627455,-0.8944271909999159,-0.20519567041703082,0.051298917604257706,0.24264705882352944,-0.24264705882352944,17
False,False,False,True,,,,,,,,,,,,,,,,,,,,,,,,,,,,,,,,,,,,,,,,,,64,0.0,1.1295337162683187e+17,3163452999499776.0,1.3864781210624e+16,1.2681815283745587e+17,4994557534576640.0,3832507489320960.0,0.46062992125984253,254.0,11.353537662135647,664684808421376.0,254.0,0.46062992125984253,254.0,0.0,0.0,0.0,0.0,,,,,,,,,,,,,,,,,,,,,,,,,,,,,0.5494791666666666,0.4296875,256.0,384.0,384.0,0.0,13.413802745441595,887086954266624.0,0.57421875,0.57421875,256.0,0.58203125,0.0,0.0,2.1534471013766763,322491424538624.0,256.0,0.145027835826,256.0,0.0,256.0,0.015625,0.145027835826,669138.8046248959,False,24.558536529541016,7.996494385981268,False,0.000839501793961972,-0.09999999999999998,0.0,669138.8046248959,7.996494385981268,11933.123053518222,0.1443577335548763,,,510,0.484375,256.0,5.25179947123808,0.4431818181818182,88.0,"bbq,truthfulqa",B_T_K,,,,,,,,,,766,256,256.0,0.2934156506199387,169.0,87.0,0.20022111309001,766,81.0,0.0,0.1436494830580592,0.4588235294117647,85.0,384,256.0,0.32752687806909575,168.0,88.0,83.0,0.024096385542168676,0.1962302267264268,/workspace/safe-drift/outputs/setting_2_medqa_medmcqa_reference_coverage_gamma_v1/repeat_00/olmo7b_instruct/KR64_KT16/pct25.6/safe_reference_precondsgd_refB_T_K_gamma0.01_epsm2/training_runs/safe_low_rank_sgd_reference_greedy_marginal_eta0.0002_metricFplusAlpha_gamma0.01_epsm2_caln64_calseed42_pct25.6_seed42,0.03962184414655539,0.0015698905335739255,-1.9087728901807932e-12,True,-7.458586267323434e-11,True,,0.01,0.00010498372829895445,0.008567579269409181,0.004283789634704591,2.0,reference,False,0.0007849452667869627,286.0458984375,0.00010498372829895445,512,3.264958777552421e-05,True,-0.000458873417308517,False,512.0,greedy_marginal,completed,True,False,0.03962184414655539,0.11040683921330587,True,5.370905364217621,False,0.11040683921330587,5.370905364217621,0.03484121540605893,none,0.008567579269409181,False,,0.010498372829895445,42,0.0005638571456074715,4.05211949328077e-06,safe_low_rank_sgd_reference_greedy_marginal_eta0.0002_metricFplusAlpha_gamma0.01_epsm2_caln64_calseed42,safe_low_rank_sgd_reference_greedy_marginal_eta0.0002_metricFplusAlpha_gamma0.01_epsm2_caln64_calseed42,sgd,2.4524317267905644,6.462703409218507e-05,/workspace/safe-drift/outputs/setting_2_medqa_medmcqa_reference_coverage_gamma_v1/repeat_00/olmo7b_instruct/KR64_KT16/pct25.6/safe_reference_precondsgd_refB_T_K_gamma0.01_epsm2/training_runs/safe_low_rank_sgd_reference_greedy_marginal_eta0.0002_metricFplusAlpha_gamma0.01_epsm2_caln64_calseed42_pct25.6_seed42/summary.json,,,-3.4200369699683506,0.43359375,-0.0625,256.0,3.4200369699683506,685.7882062159479,0.000839501793961972,0.0,0,1.0,1.0,0,0.8700980392156864,0.10049019607843139,-0.6708203932499369,-0.15389675281277312,0.22360679774997896,0.1911764705882353,-0.1911764705882353,17
False,False,False,True,,,,,,,,,,,,,,,,,,,,,,,,,,,,,,,,,,,,,,,,,,64,0.0,1.1295337162683187e+17,3300369147346944.0,1.4001697358471168e+16,1.2695506898530304e+17,4994557534576640.0,3832507489320960.0,0.484251968503937,254.0,11.569885446643578,664684808421376.0,254.0,0.484251968503937,254.0,0.0,0.0,0.0,0.0,,,,,,,,,,,,,,,,,,,,,,,,,,,,,0.5494791666666666,0.42578125,256.0,384.0,384.0,0.0,13.861498611668745,887086954266624.0,0.578125,0.578125,256.0,0.578125,0.0,0.0,2.2871006532037765,322491424538624.0,256.0,0.13267776695762695,256.0,0.0,256.0,0.015625,0.13267776695762695,11061571.9777489,False,25.373661041259766,12.862532702079676,False,0.0008439728990197182,-0.0,0.0,11061571.9777489,12.862532702079676,189303.22426634163,0.22738133306175087,,,510,0.49609375,256.0,5.421747955621457,0.48863636363636365,88.0,"bbq,truthfulqa",B_T_K,,,,,,,,,,766,256,256.0,0.3067314467831757,169.0,87.0,0.1723344705171147,766,81.0,0.0,0.12482652992998776,0.43529411764705883,85.0,384,256.0,0.3017808287347553,168.0,88.0,83.0,0.012048192771084338,0.16826753982245185,/workspace/safe-drift/outputs/setting_2_medqa_medmcqa_reference_coverage_gamma_v1/repeat_00/olmo7b_instruct/KR64_KT16/pct25.6/safe_reference_precondsgd_refB_T_K_gamma0.1_epsm0.5/training_runs/safe_low_rank_sgd_reference_greedy_marginal_eta0.0002_metricFplusAlpha_gamma0.1_epsm0.5_caln64_calseed42_pct25.6_seed42,0.03077991076342021,0.0009474029066041112,1.0807536980693248e-13,True,-6.116807940422051e-11,True,,0.1,6.561483018684653e-05,0.0021418948173522953,0.004283789634704591,0.5,reference,False,0.0004737014533020556,286.0458984375,6.561483018684653e-05,512,-1.4150945218442523e-06,False,-0.0005211471464053962,False,512.0,greedy_marginal,completed,False,False,0.03077991076342021,1.6169062431804757,False,8.942531336487388,False,1.6169062431804757,8.942531336487388,0.01626430704370645,none,0.0021418948173522953,False,,0.0006561483018684653,42,0.0005867619765922427,3.7089512261445634e-06,safe_low_rank_sgd_reference_greedy_marginal_eta0.0002_metricFplusAlpha_gamma0.1_epsm0.5_caln64_calseed42,safe_low_rank_sgd_reference_greedy_marginal_eta0.0002_metricFplusAlpha_gamma0.1_epsm0.5_caln64_calseed42,sgd,2.4417393546391395,6.465416130038704e-05,/workspace/safe-drift/outputs/setting_2_medqa_medmcqa_reference_coverage_gamma_v1/repeat_00/olmo7b_instruct/KR64_KT16/pct25.6/safe_reference_precondsgd_refB_T_K_gamma0.1_epsm0.5/training_runs/safe_low_rank_sgd_reference_greedy_marginal_eta0.0002_metricFplusAlpha_gamma0.1_epsm0.5_caln64_calseed42_pct25.6_seed42/summary.json,,,-3.385977741330862,0.4453125,-0.0625,256.0,3.385977741330862,653.2467595115304,0.0008439728990197182,0.0,0,1.0,1.0,0,0.8897058823529413,0.2058823529411765,-0.11180339887498948,-0.22360679774997896,0.22360679774997896,0.3382352941176471,-0.3382352941176471,17
False,False,False,True,,,,,,,,,,,,,,,,,,,,,,,,,,,,,,,,,,,,,,,,,,64,0.0,1.1295337162683187e+17,3406277570150400.0,1.4107605781274624e+16,1.270609774081065e+17,4994557534576640.0,3832507489320960.0,0.5433070866141733,254.0,10.869015075403249,664684808421376.0,254.0,0.5433070866141733,254.0,0.0,0.0,0.0,0.0,,,,,,,,,,,,,,,,,,,,,,,,,,,,,0.5520833333333334,0.4296875,256.0,384.0,384.0,0.0,13.084902554750443,887086954266624.0,0.59375,0.59375,256.0,0.59765625,0.0,0.0,2.2972045804934025,322491424538624.0,256.0,0.14168007067379917,256.0,0.0,256.0,0.015625,0.14168007067379917,2757340.3040490923,False,25.299774169921875,3.2281148322844087,False,0.0008472488261759281,-0.0,0.0,2757340.3040490923,3.2281148322844087,46855.526183171125,0.05671645608417658,,,510,0.53515625,256.0,5.208672673094506,0.5454545454545454,88.0,"bbq,truthfulqa",B_T_K,,,,,,,,,,766,256,256.0,0.33790763698916015,169.0,87.0,0.17812437953283017,766,81.0,0.0,0.1303607285237749,0.47058823529411764,85.0,384,256.0,0.3152540449409185,168.0,88.0,83.0,0.012048192771084338,0.15991985458771937,/workspace/safe-drift/outputs/setting_2_medqa_medmcqa_reference_coverage_gamma_v1/repeat_00/olmo7b_instruct/KR64_KT16/pct25.6/safe_reference_precondsgd_refB_T_K_gamma0.1_epsm1/training_runs/safe_low_rank_sgd_reference_greedy_marginal_eta0.0002_metricFplusAlpha_gamma0.1_epsm1_caln64_calseed42_pct25.6_seed42,0.0365935635401115,0.0013390888925641775,4.3230147922772993e-13,True,-2.4467231761688205e-10,True,,0.1,0.0002624593207473861,0.004283789634704591,0.004283789634704591,1.0,reference,False,0.0006695444462820888,286.0458984375,0.0002624593207473861,512,4.462896390869449e-06,True,-0.0006397991792437626,False,512.0,greedy_marginal,completed,True,False,0.0365935635401115,0.5136034018054809,True,3.43771019256798,False,0.5136034018054809,3.43771019256798,0.03312882180647899,none,0.004283789634704591,False,,0.002624593207473861,42,0.0009022584999911487,4.712530426331796e-06,safe_low_rank_sgd_reference_greedy_marginal_eta0.0002_metricFplusAlpha_gamma0.1_epsm1_caln64_calseed42,safe_low_rank_sgd_reference_greedy_marginal_eta0.0002_metricFplusAlpha_gamma0.1_epsm1_caln64_calseed42,sgd,2.533218358193153,6.599089113815126e-05,/workspace/safe-drift/outputs/setting_2_medqa_medmcqa_reference_coverage_gamma_v1/repeat_00/olmo7b_instruct/KR64_KT16/pct25.6/safe_reference_precondsgd_refB_T_K_gamma0.1_epsm1/training_runs/safe_low_rank_sgd_reference_greedy_marginal_eta0.0002_metricFplusAlpha_gamma0.1_epsm1_caln64_calseed42_pct25.6_seed42/summary.json,,,-3.391461866289319,0.44921875,0.0,256.0,3.391461866289319,671.9390959534794,0.0008472488261759281,0.0,0,1.0,1.0,0,0.681372549019608,-0.009803921568627453,0.6708203932499369,0.7181848464596079,0.051298917604257706,0.007352941176470589,-0.007352941176470589,17
False,True,False,True,,,,,,,,,,,,,,,,,,,,,,,,,,,,,,,,,,,,,,,,,,64,0.0,1.1295337162683187e+17,3449339236564992.0,1.4150667447689216e+16,1.2710403907452109e+17,4994557534576640.0,3832507489320960.0,0.5196850393700787,254.0,11.420466931160353,664684808421376.0,254.0,0.5196850393700787,254.0,0.0,0.0,0.0,0.0,,,,,,,,,,,,,,,,,,,,,,,,,,,,,0.5442708333333334,0.42578125,256.0,384.0,384.0,0.0,13.473208534220854,887086954266624.0,0.6015625,0.6015625,256.0,0.6015625,0.0,0.0,2.1658540966800297,322491424538624.0,256.0,0.15745320202115126,256.0,0.0,256.0,0.015625,0.15745320202115126,656887.0243033573,False,24.108875274658203,0.7929670505389436,True,0.0008324863738380373,-0.0,0.0,656887.0243033573,0.7929670505389436,11854.298359616321,0.014481354765587219,,,510,0.5546875,256.0,5.27470454047708,0.5113636363636364,88.0,"bbq,truthfulqa",B_T_K,,,,,,,,,,766,256,256.0,0.33386186304466753,169.0,87.0,0.12519109420790397,766,81.0,0.0,0.1563600897256987,0.4588235294117647,85.0,384,256.0,0.32510339978461394,168.0,88.0,83.0,0.024096385542168676,0.19138327015746323,/workspace/safe-drift/outputs/setting_2_medqa_medmcqa_reference_coverage_gamma_v1/repeat_00/olmo7b_instruct/KR64_KT16/pct25.6/safe_reference_precondsgd_refB_T_K_gamma0.1_epsm2/training_runs/safe_low_rank_sgd_reference_greedy_marginal_eta0.0002_metricFplusAlpha_gamma0.1_epsm2_caln64_calseed42_pct25.6_seed42,0.06791980971019267,0.004613100551068783,1.7292059169109197e-12,True,-9.786892704675282e-10,True,,0.1,0.0010498372829895444,0.008567579269409181,0.004283789634704591,2.0,reference,False,0.0023065502755343914,286.0458984375,0.0010498372829895444,512,2.8871628184135272e-05,True,-0.0006973419113639764,False,512.0,greedy_marginal,completed,True,False,0.06791980971019267,0.2133437288712988,True,1.664237091714169,False,0.2133437288712988,1.664237091714169,0.06791980971019267,none,0.008567579269409181,False,,0.010498372829895445,42,0.0017471791943535209,7.830079084669705e-06,safe_low_rank_sgd_reference_greedy_marginal_eta0.0002_metricFplusAlpha_gamma0.1_epsm2_caln64_calseed42,safe_low_rank_sgd_reference_greedy_marginal_eta0.0002_metricFplusAlpha_gamma0.1_epsm2_caln64_calseed42,sgd,2.3975687800548258,6.487388473039313e-05,/workspace/safe-drift/outputs/setting_2_medqa_medmcqa_reference_coverage_gamma_v1/repeat_00/olmo7b_instruct/KR64_KT16/pct25.6/safe_reference_precondsgd_refB_T_K_gamma0.1_epsm2/training_runs/safe_low_rank_sgd_reference_greedy_marginal_eta0.0002_metricFplusAlpha_gamma0.1_epsm2_caln64_calseed42_pct25.6_seed42/summary.json,,,-3.214993232732013,0.46484375,0.0,256.0,3.214993232732013,696.617811486125,0.0008324863738380373,0.0,0,1.0,1.0,0,0.9485294117647061,0.4705882352941177,0.0,0.0,0.19999999999999996,0.5220588235294118,-0.5220588235294118,17
False,False,False,True,,,,,,,,,,,,,,,,,,,,,,,,,,,,,,,,,,,,,,,,,,64,0.0,1.1295337162683187e+17,3640955339046912.0,1.4342283550171136e+16,1.27295655177003e+17,4994557534576640.0,3832507489320960.0,0.5196850393700787,254.0,11.731749877529195,664684808421376.0,254.0,0.5196850393700787,254.0,0.0,0.0,0.0,0.0,,,,,,,,,,,,,,,,,,,,,,,,,,,,,0.5520833333333334,0.42578125,256.0,384.0,384.0,0.0,13.608310749133429,887086954266624.0,0.59765625,0.59765625,256.0,0.58984375,0.0,0.0,2.2743261228651237,322491424538624.0,256.0,0.14951490639931536,256.0,0.0,256.0,0.015625,0.14951490639931536,10617976.387098862,False,24.734525680541992,1.2198673931015027,False,0.000820571556687355,-0.050000000000000044,0.0,10617976.387098862,1.2198673931015027,179406.62281778848,0.021156098478287012,,,510,0.53125,256.0,5.438883959078321,0.5113636363636364,88.0,"bbq,truthfulqa",B_T_K,,,,,,,,,,766,256,256.0,0.3290794163519829,169.0,87.0,0.20284260935941917,766,81.0,0.0,0.14679519634032942,0.47058823529411764,85.0,384,256.0,0.3337848353039379,168.0,88.0,83.0,0.024096385542168676,0.19698143531375806,/workspace/safe-drift/outputs/setting_2_medqa_medmcqa_reference_coverage_gamma_v1/repeat_00/olmo7b_instruct/KR64_KT16/pct25.6/safe_reference_precondsgd_refB_T_K_gamma1_epsm0.5/training_runs/safe_low_rank_sgd_reference_greedy_marginal_eta0.0002_metricFplusAlpha_gamma1_epsm0.5_caln64_calseed42_pct25.6_seed42,1392.352505653651,1938645.5,-3.3935407804821073e-13,True,-6.568637344120387e-12,True,,1.0,0.0006726727522415848,0.0021584694862365724,0.004316938972473145,0.5,reference,False,969322.75,288.7633056640625,0.0006726727522415848,512,-2.4920126389804452e-06,False,-0.00046989590120783136,False,512.0,greedy_marginal,completed,False,False,1392.352505653651,2.0697650603367657,False,1.6985482706751425,False,2.0697650603367657,1.6985482706751425,706.4962402589274,none,0.0021584694862365724,False,,0.0006726727522415848,42,0.0011425686534494162,4.8215079004876316e-06,safe_low_rank_sgd_reference_greedy_marginal_eta0.0002_metricFplusAlpha_gamma1_epsm0.5_caln64_calseed42,safe_low_rank_sgd_reference_greedy_marginal_eta0.0002_metricFplusAlpha_gamma1_epsm0.5_caln64_calseed42,sgd,2.448821796552693,6.335574210181161e-05,/workspace/safe-drift/outputs/setting_2_medqa_medmcqa_reference_coverage_gamma_v1/repeat_00/olmo7b_instruct/KR64_KT16/pct25.6/safe_reference_precondsgd_refB_T_K_gamma1_epsm0.5/training_runs/safe_low_rank_sgd_reference_greedy_marginal_eta0.0002_metricFplusAlpha_gamma1_epsm0.5_caln64_calseed42_pct25.6_seed42/summary.json,,,-3.379109781628358,0.46484375,0.0,256.0,3.379109781628358,714.4245968796313,0.000820571556687355,0.0,0,1.0,1.0,0,0.9338235294117648,0.13235294117647062,-0.10540925533894598,0.22360679774997896,0.15389675281277312,0.28186274509803927,-0.28186274509803927,17
False,True,False,True,,,,,,,,,,,,,,,,,,,,,,,,,,,,,,,,,,,,,,,,,,64,0.0,1.1295337162683187e+17,3667307748802560.0,1.4368635959926784e+16,1.2732200758675866e+17,4994557534576640.0,3832507489320960.0,0.5393700787401575,254.0,12.379393081965409,664684808421376.0,254.0,0.5393700787401575,254.0,0.0,0.0,0.0,0.0,,,,,,,,,,,,,,,,,,,,,,,,,,,,,0.5390625,0.4140625,256.0,384.0,384.0,0.0,14.357789049545923,887086954266624.0,0.625,0.625,256.0,0.62109375,0.0,0.0,2.3483887502529117,322491424538624.0,256.0,0.15601020675018543,256.0,0.0,256.0,0.015625,0.15601020675018543,2669351.076879182,False,24.492435455322266,0.31669281007977607,True,0.0008311897981911898,-0.0,0.0,2669351.076879182,0.31669281007977607,47134.420719937756,0.005751004303149704,,,510,0.5703125,256.0,5.683050987767238,0.5227272727272727,88.0,"bbq,truthfulqa",B_T_K,,,,,,,,,,766,256,256.0,0.3398374715390006,169.0,87.0,0.1098344705171147,766,81.0,0.0,0.15694767035072854,0.47058823529411764,85.0,384,256.0,0.3297671617672701,168.0,88.0,83.0,0.012048192771084338,0.18894608824042258,/workspace/safe-drift/outputs/setting_2_medqa_medmcqa_reference_coverage_gamma_v1/repeat_00/olmo7b_instruct/KR64_KT16/pct25.6/safe_reference_precondsgd_refB_T_K_gamma1_epsm1/training_runs/safe_low_rank_sgd_reference_greedy_marginal_eta0.0002_metricFplusAlpha_gamma1_epsm1_caln64_calseed42_pct25.6_seed42,1638.753565976288,2685513.25,2.2512908827735864e-12,True,9.293211569207094e-10,True,,1.0,0.002624593207473861,0.004283789634704591,0.004283789634704591,1.0,reference,False,1342756.625,286.0458984375,0.002624593207473861,512,1.1667411629973714e-06,True,0.0005488784498078694,True,512.0,greedy_marginal,completed,True,True,1638.753565976288,0.8728406660265577,True,0.7908713054072762,True,0.8728406660265577,0.7908713054072762,1637.509236615171,none,0.004283789634704591,False,,0.002624593207473861,42,0.0020757147576659918,8.008685654203873e-06,safe_low_rank_sgd_reference_greedy_marginal_eta0.0002_metricFplusAlpha_gamma1_epsm1_caln64_calseed42,safe_low_rank_sgd_reference_greedy_marginal_eta0.0002_metricFplusAlpha_gamma1_epsm1_caln64_calseed42,sgd,2.4416100792532234,6.491959105998923e-05,/workspace/safe-drift/outputs/setting_2_medqa_medmcqa_reference_coverage_gamma_v1/repeat_00/olmo7b_instruct/KR64_KT16/pct25.6/safe_reference_precondsgd_refB_T_K_gamma1_epsm1/training_runs/safe_low_rank_sgd_reference_greedy_marginal_eta0.0002_metricFplusAlpha_gamma1_epsm1_caln64_calseed42_pct25.6_seed42/summary.json,,,-3.3279079177518724,0.47265625,0.0,256.0,3.3279079177518724,695.3553565330803,0.0008311897981911898,0.0,0,1.0,1.0,0,0.9142156862745099,0.10784313725490198,0.35355339059327373,-0.28867513459481287,0.0,0.2573529411764706,-0.2573529411764706,17
False,True,False,True,,,,,,,,,,,,,,,,,,,,,,,,,,,,,,,,,,,,,,,,,,64,0.0,1.1295337162683187e+17,3422571173658624.0,1.4123899384782848e+16,1.2707727101161472e+17,4994557534576640.0,3832507489320960.0,0.6456692913385826,254.0,11.843990621291434,664684808421376.0,254.0,0.6456692913385826,254.0,0.0,0.0,0.0,0.0,,,,,,,,,,,,,,,,,,,,,,,,,,,,,0.5416666666666666,0.41796875,256.0,384.0,384.0,0.0,13.870564542710781,887086954266624.0,0.578125,0.578125,256.0,0.58203125,0.0,0.0,2.1320778456531784,322491424538624.0,256.0,0.16607826226981207,256.0,0.0,256.0,0.01171875,0.16607826226981207,634524.4278680343,False,23.288129806518555,0.07749138909095374,True,0.000813533493783325,-0.0,0.0,634524.4278680343,0.07749138909095374,11844.36254889054,0.0014451381837208893,,,510,0.59765625,256.0,5.4061148587395165,0.6136363636363636,88.0,"bbq,truthfulqa",B_T_K,,,,,,,,,,766,256,256.0,0.3953065061295901,169.0,87.0,0.07522111309001,766,81.0,0.0,0.17697664862281656,0.6,85.0,384,256.0,0.41549402101042704,168.0,88.0,83.0,0.024096385542168676,0.23098804202085407,/workspace/safe-drift/outputs/setting_2_medqa_medmcqa_reference_coverage_gamma_v1/repeat_00/olmo7b_instruct/KR64_KT16/pct25.6/safe_reference_precondsgd_refB_T_K_gamma1_epsm2/training_runs/safe_low_rank_sgd_reference_greedy_marginal_eta0.0002_metricFplusAlpha_gamma1_epsm2_caln64_calseed42_pct25.6_seed42,4687.44706636779,21972160.0,9.005163531094346e-12,True,3.7172846276828375e-09,True,,1.0,0.010498372829895445,0.008567579269409181,0.004283789634704591,2.0,reference,False,10986080.0,286.0458984375,0.010498372829895445,512,2.332560861876301e-05,True,0.007007536470334955,True,512.0,greedy_marginal,completed,True,True,4687.44706636779,0.3644543985944526,True,0.33251164669497596,True,0.3644543985944526,0.33251164669497596,4687.44706636779,none,0.008567579269409181,False,,0.010498372829895445,42,0.0034908363595604897,1.3376098650041968e-05,safe_low_rank_sgd_reference_greedy_marginal_eta0.0002_metricFplusAlpha_gamma1_epsm2_caln64_calseed42,safe_low_rank_sgd_reference_greedy_marginal_eta0.0002_metricFplusAlpha_gamma1_epsm2_caln64_calseed42,sgd,2.3650538940928527,6.46288562873576e-05,/workspace/safe-drift/outputs/setting_2_medqa_medmcqa_reference_coverage_gamma_v1/repeat_00/olmo7b_instruct/KR64_KT16/pct25.6/safe_reference_precondsgd_refB_T_K_gamma1_epsm2/training_runs/safe_low_rank_sgd_reference_greedy_marginal_eta0.0002_metricFplusAlpha_gamma1_epsm2_caln64_calseed42_pct25.6_seed42/summary.json,,,-3.075497458047721,0.4609375,-0.0625,256.0,3.075497458047721,704.1651919465512,0.000813533493783325,0.0,0,1.0,1.0,0,0.9534313725490198,0.39460784313725494,0.33541019662496846,-0.7071067811865475,0.9746794344808964,0.45833333333333337,-0.45833333333333337,17
,,False,False,,,,,,,,,,,,,,,,,,,,,,,,,,,,,,,,,,,,,,,,,,64,0.0,1.1295337162683187e+17,3086972819767296.0,1.378830103089152e+16,1.267416726577234e+17,4994557534576640.0,3832507489320960.0,0.4566929133858268,254.0,11.281318952405234,664684808421376.0,254.0,0.4566929133858268,254.0,0.0,0.0,0.0,0.0,,,,,,,,,,,,,,,,,,,,,,,,,,,,,0.5494791666666666,0.43359375,256.0,384.0,384.0,0.0,13.421603615085283,887086954266624.0,0.55078125,0.55078125,256.0,0.54296875,0.0,0.0,2.249056737570379,322491424538624.0,256.0,0.12407980732433983,256.0,0.0,256.0,0.015625,0.12407980732433983,11034297.772044089,False,25.473047256469727,90.70022879547008,False,0.0006167665706016123,-0.0,0.0,,,,,,,510,0.46875,256.0,5.28283010744581,0.42045454545454547,88.0,"bbq,truthfulqa",B_T,,,,,,,,,,766,256,256.0,0.27689149409001873,169.0,87.0,0.17850145343931584,766,81.0,0.0,0.133328442725492,0.4117647058823529,85.0,384,256.0,0.2882135492258646,168.0,88.0,83.0,0.012048192771084338,0.16466239256937626,/workspace/safe-drift/outputs/setting_2_medqa_medmcqa_reference_coverage_gamma_v1/repeat_00/olmo7b_instruct/KR64_KT16/pct25.6/safe_reference_precondsgd_refB_T_gamma0.01_epsm0.5/training_runs/safe_low_rank_sgd_reference_greedy_marginal_eta0.0002_metricFplusAlpha_gamma0.01_epsm0.5_caln64_calseed42_pct25.6_seed42,,,-8.676514702666931e-13,True,2.6016942159334615e-12,True,,0.01,6.800055289743834e-06,0.0021487361907958982,0.0042974723815917965,0.5,reference,False,0.0003735132922884077,294.5616760253906,6.800055289743834e-06,512,-1.2412110245285298e-06,False,-0.0003846469300146118,False,512.0,greedy_marginal,completed,,,,,,,,,,,none,0.0021487361907958982,False,,0.0006800055289743834,42,0.0003914469853043556,3.549744633346563e-06,safe_low_rank_sgd_reference_greedy_marginal_eta0.0002_metricFplusAlpha_gamma0.01_epsm0.5_caln64_calseed42,safe_low_rank_sgd_reference_greedy_marginal_eta0.0002_metricFplusAlpha_gamma0.01_epsm0.5_caln64_calseed42,sgd,2.455935443213093,4.6685753507969e-05,/workspace/safe-drift/outputs/setting_2_medqa_medmcqa_reference_coverage_gamma_v1/repeat_00/olmo7b_instruct/KR64_KT16/pct25.6/safe_reference_precondsgd_refB_T_gamma0.01_epsm0.5/training_runs/safe_low_rank_sgd_reference_greedy_marginal_eta0.0002_metricFplusAlpha_gamma0.01_epsm0.5_caln64_calseed42_pct25.6_seed42/summary.json,,,-3.4284648380125873,0.44140625,0.0,256.0,3.4284648380125873,647.0754407681525,0.0006167665706016123,0.0,0,1.0,1.0,0,0.9901960784313727,-0.24754901960784317,0.11180339887498948,0.22360679774997896,0.35909242322980395,-0.18382352941176472,0.18382352941176472,17
False,False,False,True,,,,,,,,,,,,,,,,,,,,,,,,,,,,,,,,,,,,,,,,,,64,0.0,1.1295337162683187e+17,3110665049358336.0,1.381199326048256e+16,1.2676536488731443e+17,4994557534576640.0,3832507489320960.0,0.452755905511811,254.0,12.10570139647156,664684808421376.0,254.0,0.452755905511811,254.0,0.0,0.0,0.0,0.0,,,,,,,,,,,,,,,,,,,,,,,,,,,,,0.5546875,0.43359375,256.0,384.0,384.0,0.0,14.227448150515556,887086954266624.0,0.55859375,0.55859375,256.0,0.5546875,0.0,0.0,2.428067843832293,322491424538624.0,256.0,0.12674011022253115,256.0,0.0,256.0,0.015625,0.12674011022253115,2669703.218381518,False,24.49566650390625,22.509696587823214,False,0.0005907879676669836,-0.09999999999999998,0.0,2669703.218381518,22.509696587823214,46689.589374292846,0.40317790319306207,,,510,0.49609375,256.0,5.716974221023858,0.42045454545454547,88.0,"bbq,truthfulqa",B_T,,,,,,,,,,766,256,256.0,0.27620932160004097,169.0,87.0,0.17432570906749306,766,81.0,0.0,0.13196409774553652,0.4117647058823529,85.0,384,256.0,0.29152066732897197,168.0,88.0,83.0,0.012048192771084338,0.171276628775591,/workspace/safe-drift/outputs/setting_2_medqa_medmcqa_reference_coverage_gamma_v1/repeat_00/olmo7b_instruct/KR64_KT16/pct25.6/safe_reference_precondsgd_refB_T_gamma0.01_epsm1/training_runs/safe_low_rank_sgd_reference_greedy_marginal_eta0.0002_metricFplusAlpha_gamma0.01_epsm1_caln64_calseed42_pct25.6_seed42,0.028899408308871707,0.0008351758006028831,-4.771932225451983e-13,True,-1.8646465668308585e-11,True,,0.01,2.6245932074738613e-05,0.004283789634704591,0.004283789634704591,1.0,reference,False,0.00041758790030144155,286.0458984375,2.6245932074738613e-05,512,5.519696947267678e-06,True,-0.00040623771610808564,False,512.0,greedy_marginal,completed,True,False,0.028899408308871707,0.398426137853352,True,16.478121140878986,False,0.398426137853352,16.478121140878986,0.01720862746141888,none,0.004283789634704591,False,,0.002624593207473861,42,0.00043248364818282425,3.655729869933566e-06,safe_low_rank_sgd_reference_greedy_marginal_eta0.0002_metricFplusAlpha_gamma0.01_epsm1_caln64_calseed42,safe_low_rank_sgd_reference_greedy_marginal_eta0.0002_metricFplusAlpha_gamma0.01_epsm1_caln64_calseed42,sgd,2.3256663570464298,4.488984051874423e-05,/workspace/safe-drift/outputs/setting_2_medqa_medmcqa_reference_coverage_gamma_v1/repeat_00/olmo7b_instruct/KR64_KT16/pct25.6/safe_reference_precondsgd_refB_T_gamma0.01_epsm1/training_runs/safe_low_rank_sgd_reference_greedy_marginal_eta0.0002_metricFplusAlpha_gamma0.01_epsm1_caln64_calseed42_pct25.6_seed42/summary.json,,,-3.3317410981544526,0.41015625,-0.125,256.0,3.3317410981544526,639.276371108368,0.0005907879676669836,0.0,0,1.0,1.0,0,0.9583333333333335,0.22303921568627455,-0.8944271909999159,-0.20519567041703082,0.051298917604257706,0.24264705882352944,-0.24264705882352944,17
False,False,False,True,,,,,,,,,,,,,,,,,,,,,,,,,,,,,,,,,,,,,,,,,,64,0.0,1.1295337162683187e+17,3163452999499776.0,1.3864781210624e+16,1.2681815283745587e+17,4994557534576640.0,3832507489320960.0,0.46062992125984253,254.0,11.353537662135647,664684808421376.0,254.0,0.46062992125984253,254.0,0.0,0.0,0.0,0.0,,,,,,,,,,,,,,,,,,,,,,,,,,,,,0.5494791666666666,0.4296875,256.0,384.0,384.0,0.0,13.413802745441595,887086954266624.0,0.57421875,0.57421875,256.0,0.58203125,0.0,0.0,2.1534471013766763,322491424538624.0,256.0,0.145027835826,256.0,0.0,256.0,0.015625,0.145027835826,669138.8046248959,False,24.558536529541016,5.757395386017697,False,0.0006044328329153359,-0.09999999999999998,0.0,669138.8046248959,5.757395386017697,11933.123053518222,0.10381002199181014,,,510,0.484375,256.0,5.25179947123808,0.4431818181818182,88.0,"bbq,truthfulqa",B_T,,,,,,,,,,766,256,256.0,0.2934156506199387,169.0,87.0,0.20022111309001,766,81.0,0.0,0.1436494830580592,0.4588235294117647,85.0,384,256.0,0.32752687806909575,168.0,88.0,83.0,0.024096385542168676,0.1962302267264268,/workspace/safe-drift/outputs/setting_2_medqa_medmcqa_reference_coverage_gamma_v1/repeat_00/olmo7b_instruct/KR64_KT16/pct25.6/safe_reference_precondsgd_refB_T_gamma0.01_epsm2/training_runs/safe_low_rank_sgd_reference_greedy_marginal_eta0.0002_metricFplusAlpha_gamma0.01_epsm2_caln64_calseed42_pct25.6_seed42,0.03962184414655539,0.0015698905335739255,-1.9087728901807932e-12,True,-7.458586267323434e-11,True,,0.01,0.00010498372829895445,0.008567579269409181,0.004283789634704591,2.0,reference,False,0.0007849452667869627,286.0458984375,0.00010498372829895445,512,3.264958777552421e-05,True,-0.000458873417308517,False,512.0,greedy_marginal,completed,True,False,0.03962184414655539,0.11040683921330587,True,5.370905364217621,False,0.11040683921330587,5.370905364217621,0.03484121540605893,none,0.008567579269409181,False,,0.010498372829895445,42,0.0005638571456074715,4.05211949328077e-06,safe_low_rank_sgd_reference_greedy_marginal_eta0.0002_metricFplusAlpha_gamma0.01_epsm2_caln64_calseed42,safe_low_rank_sgd_reference_greedy_marginal_eta0.0002_metricFplusAlpha_gamma0.01_epsm2_caln64_calseed42,sgd,2.4524317267905644,4.669795732891585e-05,/workspace/safe-drift/outputs/setting_2_medqa_medmcqa_reference_coverage_gamma_v1/repeat_00/olmo7b_instruct/KR64_KT16/pct25.6/safe_reference_precondsgd_refB_T_gamma0.01_epsm2/training_runs/safe_low_rank_sgd_reference_greedy_marginal_eta0.0002_metricFplusAlpha_gamma0.01_epsm2_caln64_calseed42_pct25.6_seed42/summary.json,,,-3.4200369699683506,0.43359375,-0.0625,256.0,3.4200369699683506,684.069491174072,0.0006044328329153359,0.0,0,1.0,1.0,0,0.8700980392156864,0.10049019607843139,-0.6708203932499369,-0.15389675281277312,0.22360679774997896,0.1911764705882353,-0.1911764705882353,17
False,False,False,True,,,,,,,,,,,,,,,,,,,,,,,,,,,,,,,,,,,,,,,,,,64,0.0,1.1295337162683187e+17,3300369147346944.0,1.4001697358471168e+16,1.2695506898530304e+17,4994557534576640.0,3832507489320960.0,0.484251968503937,254.0,11.569885446643578,664684808421376.0,254.0,0.484251968503937,254.0,0.0,0.0,0.0,0.0,,,,,,,,,,,,,,,,,,,,,,,,,,,,,0.5494791666666666,0.42578125,256.0,384.0,384.0,0.0,13.861498611668745,887086954266624.0,0.578125,0.578125,256.0,0.578125,0.0,0.0,2.2871006532037765,322491424538624.0,256.0,0.13267776695762695,256.0,0.0,256.0,0.015625,0.13267776695762695,11061571.9777489,False,25.373661041259766,9.303731144224177,False,0.0006104627391323447,-0.0,0.0,11061571.9777489,9.303731144224177,189303.22426634163,0.16343788917840502,,,510,0.49609375,256.0,5.421747955621457,0.48863636363636365,88.0,"bbq,truthfulqa",B_T,,,,,,,,,,766,256,256.0,0.3067314467831757,169.0,87.0,0.1723344705171147,766,81.0,0.0,0.12482652992998776,0.43529411764705883,85.0,384,256.0,0.3017808287347553,168.0,88.0,83.0,0.012048192771084338,0.16826753982245185,/workspace/safe-drift/outputs/setting_2_medqa_medmcqa_reference_coverage_gamma_v1/repeat_00/olmo7b_instruct/KR64_KT16/pct25.6/safe_reference_precondsgd_refB_T_gamma0.1_epsm0.5/training_runs/safe_low_rank_sgd_reference_greedy_marginal_eta0.0002_metricFplusAlpha_gamma0.1_epsm0.5_caln64_calseed42_pct25.6_seed42,0.03077991076342021,0.0009474029066041112,1.0807536980693248e-13,True,-6.116807940422051e-11,True,,0.1,6.561483018684653e-05,0.0021418948173522953,0.004283789634704591,0.5,reference,False,0.0004737014533020556,286.0458984375,6.561483018684653e-05,512,-1.4150945218442523e-06,False,-0.0005211471464053962,False,512.0,greedy_marginal,completed,False,False,0.03077991076342021,1.6169062431804757,False,8.942531336487388,False,1.6169062431804757,8.942531336487388,0.01626430704370645,none,0.0021418948173522953,False,,0.0006561483018684653,42,0.0005867619765922427,3.7089512261445634e-06,safe_low_rank_sgd_reference_greedy_marginal_eta0.0002_metricFplusAlpha_gamma0.1_epsm0.5_caln64_calseed42,safe_low_rank_sgd_reference_greedy_marginal_eta0.0002_metricFplusAlpha_gamma0.1_epsm0.5_caln64_calseed42,sgd,2.4417393546391395,4.682784100140669e-05,/workspace/safe-drift/outputs/setting_2_medqa_medmcqa_reference_coverage_gamma_v1/repeat_00/olmo7b_instruct/KR64_KT16/pct25.6/safe_reference_precondsgd_refB_T_gamma0.1_epsm0.5/training_runs/safe_low_rank_sgd_reference_greedy_marginal_eta0.0002_metricFplusAlpha_gamma0.1_epsm0.5_caln64_calseed42_pct25.6_seed42/summary.json,,,-3.385977741330862,0.4453125,-0.0625,256.0,3.385977741330862,666.2595624104142,0.0006104627391323447,0.0,0,1.0,1.0,0,0.8897058823529413,0.2058823529411765,-0.11180339887498948,-0.22360679774997896,0.22360679774997896,0.3382352941176471,-0.3382352941176471,17
False,False,False,True,,,,,,,,,,,,,,,,,,,,,,,,,,,,,,,,,,,,,,,,,,64,0.0,1.1295337162683187e+17,3406277570150400.0,1.4107605781274624e+16,1.270609774081065e+17,4994557534576640.0,3832507489320960.0,0.5433070866141733,254.0,10.869015075403249,664684808421376.0,254.0,0.5433070866141733,254.0,0.0,0.0,0.0,0.0,,,,,,,,,,,,,,,,,,,,,,,,,,,,,0.5520833333333334,0.4296875,256.0,384.0,384.0,0.0,13.084902554750443,887086954266624.0,0.59375,0.59375,256.0,0.59765625,0.0,0.0,2.2972045804934025,322491424538624.0,256.0,0.14168007067379917,256.0,0.0,256.0,0.015625,0.14168007067379917,2757340.3040490923,False,25.299774169921875,2.3329398568711484,False,0.0006123018101789057,-0.0,0.0,2757340.3040490923,2.3329398568711484,46855.526183171125,0.04073124658574142,,,510,0.53515625,256.0,5.208672673094506,0.5454545454545454,88.0,"bbq,truthfulqa",B_T,,,,,,,,,,766,256,256.0,0.33790763698916015,169.0,87.0,0.17812437953283017,766,81.0,0.0,0.1303607285237749,0.47058823529411764,85.0,384,256.0,0.3152540449409185,168.0,88.0,83.0,0.012048192771084338,0.15991985458771937,/workspace/safe-drift/outputs/setting_2_medqa_medmcqa_reference_coverage_gamma_v1/repeat_00/olmo7b_instruct/KR64_KT16/pct25.6/safe_reference_precondsgd_refB_T_gamma0.1_epsm1/training_runs/safe_low_rank_sgd_reference_greedy_marginal_eta0.0002_metricFplusAlpha_gamma0.1_epsm1_caln64_calseed42_pct25.6_seed42,0.0365935635401115,0.0013390888925641775,4.3230147922772993e-13,True,-2.4467231761688205e-10,True,,0.1,0.0002624593207473861,0.004283789634704591,0.004283789634704591,1.0,reference,False,0.0006695444462820888,286.0458984375,0.0002624593207473861,512,4.462896390869449e-06,True,-0.0006397991792437626,False,512.0,greedy_marginal,completed,True,False,0.0365935635401115,0.5136034018054809,True,3.43771019256798,False,0.5136034018054809,3.43771019256798,0.03312882180647899,none,0.004283789634704591,False,,0.002624593207473861,42,0.0009022584999911487,4.712530426331796e-06,safe_low_rank_sgd_reference_greedy_marginal_eta0.0002_metricFplusAlpha_gamma0.1_epsm1_caln64_calseed42,safe_low_rank_sgd_reference_greedy_marginal_eta0.0002_metricFplusAlpha_gamma0.1_epsm1_caln64_calseed42,sgd,2.533218358193153,4.779123214856962e-05,/workspace/safe-drift/outputs/setting_2_medqa_medmcqa_reference_coverage_gamma_v1/repeat_00/olmo7b_instruct/KR64_KT16/pct25.6/safe_reference_precondsgd_refB_T_gamma0.1_epsm1/training_runs/safe_low_rank_sgd_reference_greedy_marginal_eta0.0002_metricFplusAlpha_gamma0.1_epsm1_caln64_calseed42_pct25.6_seed42/summary.json,,,-3.391461866289319,0.44921875,0.0,256.0,3.391461866289319,639.2636670544744,0.0006123018101789057,0.0,0,1.0,1.0,0,0.681372549019608,-0.009803921568627453,0.6708203932499369,0.7181848464596079,0.051298917604257706,0.007352941176470589,-0.007352941176470589,17
False,True,False,True,,,,,,,,,,,,,,,,,,,,,,,,,,,,,,,,,,,,,,,,,,64,0.0,1.1295337162683187e+17,3449339236564992.0,1.4150667447689216e+16,1.2710403907452109e+17,4994557534576640.0,3832507489320960.0,0.5196850393700787,254.0,11.420466931160353,664684808421376.0,254.0,0.5196850393700787,254.0,0.0,0.0,0.0,0.0,,,,,,,,,,,,,,,,,,,,,,,,,,,,,0.5442708333333334,0.42578125,256.0,384.0,384.0,0.0,13.473208534220854,887086954266624.0,0.6015625,0.6015625,256.0,0.6015625,0.0,0.0,2.1658540966800297,322491424538624.0,256.0,0.15745320202115126,256.0,0.0,256.0,0.015625,0.15745320202115126,656887.0243033573,False,24.108875274658203,0.5738217147412346,True,0.0006024194299243391,-0.0,0.0,656887.0243033573,0.5738217147412346,11854.298359616321,0.01043583763613005,,,510,0.5546875,256.0,5.27470454047708,0.5113636363636364,88.0,"bbq,truthfulqa",B_T,,,,,,,,,,766,256,256.0,0.33386186304466753,169.0,87.0,0.12519109420790397,766,81.0,0.0,0.1563600897256987,0.4588235294117647,85.0,384,256.0,0.32510339978461394,168.0,88.0,83.0,0.024096385542168676,0.19138327015746323,/workspace/safe-drift/outputs/setting_2_medqa_medmcqa_reference_coverage_gamma_v1/repeat_00/olmo7b_instruct/KR64_KT16/pct25.6/safe_reference_precondsgd_refB_T_gamma0.1_epsm2/training_runs/safe_low_rank_sgd_reference_greedy_marginal_eta0.0002_metricFplusAlpha_gamma0.1_epsm2_caln64_calseed42_pct25.6_seed42,0.06791980971019267,0.004613100551068783,1.7292059169109197e-12,True,-9.786892704675282e-10,True,,0.1,0.0010498372829895444,0.008567579269409181,0.004283789634704591,2.0,reference,False,0.0023065502755343914,286.0458984375,0.0010498372829895444,512,2.8871628184135272e-05,True,-0.0006973419113639764,False,512.0,greedy_marginal,completed,True,False,0.06791980971019267,0.2133437288712988,True,1.664237091714169,False,0.2133437288712988,1.664237091714169,0.06791980971019267,none,0.008567579269409181,False,,0.010498372829895445,42,0.0017471791943535209,7.830079084669705e-06,safe_low_rank_sgd_reference_greedy_marginal_eta0.0002_metricFplusAlpha_gamma0.1_epsm2_caln64_calseed42,safe_low_rank_sgd_reference_greedy_marginal_eta0.0002_metricFplusAlpha_gamma0.1_epsm2_caln64_calseed42,sgd,2.3975687800548258,4.699919656836471e-05,/workspace/safe-drift/outputs/setting_2_medqa_medmcqa_reference_coverage_gamma_v1/repeat_00/olmo7b_instruct/KR64_KT16/pct25.6/safe_reference_precondsgd_refB_T_gamma0.1_epsm2/training_runs/safe_low_rank_sgd_reference_greedy_marginal_eta0.0002_metricFplusAlpha_gamma0.1_epsm2_caln64_calseed42_pct25.6_seed42/summary.json,,,-3.214993232732013,0.46484375,0.0,256.0,3.214993232732013,672.0776143465191,0.0006024194299243391,0.0,0,1.0,1.0,0,0.9485294117647061,0.4705882352941177,0.0,0.0,0.19999999999999996,0.5220588235294118,-0.5220588235294118,17
False,True,False,True,,,,,,,,,,,,,,,,,,,,,,,,,,,,,,,,,,,,,,,,,,64,0.0,1.1295337162683187e+17,3640955339046912.0,1.4342283550171136e+16,1.27295655177003e+17,4994557534576640.0,3832507489320960.0,0.5196850393700787,254.0,11.731749877529195,664684808421376.0,254.0,0.5196850393700787,254.0,0.0,0.0,0.0,0.0,,,,,,,,,,,,,,,,,,,,,,,,,,,,,0.5520833333333334,0.42578125,256.0,384.0,384.0,0.0,13.608310749133429,887086954266624.0,0.59765625,0.59765625,256.0,0.58984375,0.0,0.0,2.2743261228651237,322491424538624.0,256.0,0.14951490639931536,256.0,0.0,256.0,0.015625,0.14951490639931536,10617976.387098862,False,24.734525680541992,0.8806647121456663,True,0.0005923991557210684,-0.050000000000000044,0.0,10617976.387098862,0.8806647121456663,179406.62281778848,0.015212740480125123,,,510,0.53125,256.0,5.438883959078321,0.5113636363636364,88.0,"bbq,truthfulqa",B_T,,,,,,,,,,766,256,256.0,0.3290794163519829,169.0,87.0,0.20284260935941917,766,81.0,0.0,0.14679519634032942,0.47058823529411764,85.0,384,256.0,0.3337848353039379,168.0,88.0,83.0,0.024096385542168676,0.19698143531375806,/workspace/safe-drift/outputs/setting_2_medqa_medmcqa_reference_coverage_gamma_v1/repeat_00/olmo7b_instruct/KR64_KT16/pct25.6/safe_reference_precondsgd_refB_T_gamma1_epsm0.5/training_runs/safe_low_rank_sgd_reference_greedy_marginal_eta0.0002_metricFplusAlpha_gamma1_epsm0.5_caln64_calseed42_pct25.6_seed42,1392.352505653651,1938645.5,-3.3935407804821073e-13,True,-6.568637344120387e-12,True,,1.0,0.0006726727522415848,0.0021584694862365724,0.004316938972473145,0.5,reference,False,969322.75,288.7633056640625,0.0006726727522415848,512,-2.4920126389804452e-06,False,-0.00046989590120783136,False,512.0,greedy_marginal,completed,False,False,1392.352505653651,2.0697650603367657,False,1.6985482706751425,False,2.0697650603367657,1.6985482706751425,706.4962402589274,none,0.0021584694862365724,False,,0.0006726727522415848,42,0.0011425686534494162,4.8215079004876316e-06,safe_low_rank_sgd_reference_greedy_marginal_eta0.0002_metricFplusAlpha_gamma1_epsm0.5_caln64_calseed42,safe_low_rank_sgd_reference_greedy_marginal_eta0.0002_metricFplusAlpha_gamma1_epsm0.5_caln64_calseed42,sgd,2.448821796552693,4.594345236193231e-05,/workspace/safe-drift/outputs/setting_2_medqa_medmcqa_reference_coverage_gamma_v1/repeat_00/olmo7b_instruct/KR64_KT16/pct25.6/safe_reference_precondsgd_refB_T_gamma1_epsm0.5/training_runs/safe_low_rank_sgd_reference_greedy_marginal_eta0.0002_metricFplusAlpha_gamma1_epsm0.5_caln64_calseed42_pct25.6_seed42/summary.json,,,-3.379109781628358,0.46484375,0.0,256.0,3.379109781628358,694.0235664341599,0.0005923991557210684,0.0,0,1.0,1.0,0,0.9338235294117648,0.13235294117647062,-0.10540925533894598,0.22360679774997896,0.15389675281277312,0.28186274509803927,-0.28186274509803927,17
False,True,False,True,,,,,,,,,,,,,,,,,,,,,,,,,,,,,,,,,,,,,,,,,,64,0.0,1.1295337162683187e+17,3667307748802560.0,1.4368635959926784e+16,1.2732200758675866e+17,4994557534576640.0,3832507489320960.0,0.5393700787401575,254.0,12.379393081965409,664684808421376.0,254.0,0.5393700787401575,254.0,0.0,0.0,0.0,0.0,,,,,,,,,,,,,,,,,,,,,,,,,,,,,0.5390625,0.4140625,256.0,384.0,384.0,0.0,14.357789049545923,887086954266624.0,0.625,0.625,256.0,0.62109375,0.0,0.0,2.3483887502529117,322491424538624.0,256.0,0.15601020675018543,256.0,0.0,256.0,0.015625,0.15601020675018543,2669351.076879182,False,24.492435455322266,0.23100743399188448,True,0.0006063005421310663,-0.0,0.0,2669351.076879182,0.23100743399188448,47134.420719937756,0.004151905344813963,,,510,0.5703125,256.0,5.683050987767238,0.5227272727272727,88.0,"bbq,truthfulqa",B_T,,,,,,,,,,766,256,256.0,0.3398374715390006,169.0,87.0,0.1098344705171147,766,81.0,0.0,0.15694767035072854,0.47058823529411764,85.0,384,256.0,0.3297671617672701,168.0,88.0,83.0,0.012048192771084338,0.18894608824042258,/workspace/safe-drift/outputs/setting_2_medqa_medmcqa_reference_coverage_gamma_v1/repeat_00/olmo7b_instruct/KR64_KT16/pct25.6/safe_reference_precondsgd_refB_T_gamma1_epsm1/training_runs/safe_low_rank_sgd_reference_greedy_marginal_eta0.0002_metricFplusAlpha_gamma1_epsm1_caln64_calseed42_pct25.6_seed42,1638.753565976288,2685513.25,2.2512908827735864e-12,True,9.293211569207094e-10,True,,1.0,0.002624593207473861,0.004283789634704591,0.004283789634704591,1.0,reference,False,1342756.625,286.0458984375,0.002624593207473861,512,1.1667411629973714e-06,True,0.0005488784498078694,True,512.0,greedy_marginal,completed,True,True,1638.753565976288,0.8728406660265577,True,0.7908713054072762,True,0.8728406660265577,0.7908713054072762,1637.509236615171,none,0.004283789634704591,False,,0.002624593207473861,42,0.0020757147576659918,8.008685654203873e-06,safe_low_rank_sgd_reference_greedy_marginal_eta0.0002_metricFplusAlpha_gamma1_epsm1_caln64_calseed42,safe_low_rank_sgd_reference_greedy_marginal_eta0.0002_metricFplusAlpha_gamma1_epsm1_caln64_calseed42,sgd,2.4416100792532234,4.7242715886533504e-05,/workspace/safe-drift/outputs/setting_2_medqa_medmcqa_reference_coverage_gamma_v1/repeat_00/olmo7b_instruct/KR64_KT16/pct25.6/safe_reference_precondsgd_refB_T_gamma1_epsm1/training_runs/safe_low_rank_sgd_reference_greedy_marginal_eta0.0002_metricFplusAlpha_gamma1_epsm1_caln64_calseed42_pct25.6_seed42/summary.json,,,-3.3279079177518724,0.47265625,0.0,256.0,3.3279079177518724,694.2046394087374,0.0006063005421310663,0.0,0,1.0,1.0,0,0.9142156862745099,0.10784313725490198,0.35355339059327373,-0.28867513459481287,0.0,0.2573529411764706,-0.2573529411764706,17
False,True,False,True,,,,,,,,,,,,,,,,,,,,,,,,,,,,,,,,,,,,,,,,,,64,0.0,1.1295337162683187e+17,3422571173658624.0,1.4123899384782848e+16,1.2707727101161472e+17,4994557534576640.0,3832507489320960.0,0.6456692913385826,254.0,11.843990621291434,664684808421376.0,254.0,0.6456692913385826,254.0,0.0,0.0,0.0,0.0,,,,,,,,,,,,,,,,,,,,,,,,,,,,,0.5416666666666666,0.41796875,256.0,384.0,384.0,0.0,13.870564542710781,887086954266624.0,0.578125,0.578125,256.0,0.58203125,0.0,0.0,2.1320778456531784,322491424538624.0,256.0,0.16607826226981207,256.0,0.0,256.0,0.01171875,0.16607826226981207,634524.4278680343,False,23.288129806518555,0.05576701337456756,True,0.000585462898015976,-0.0,0.0,634524.4278680343,0.05576701337456756,11844.36254889054,0.0010427476784873352,,,510,0.59765625,256.0,5.4061148587395165,0.6136363636363636,88.0,"bbq,truthfulqa",B_T,,,,,,,,,,766,256,256.0,0.3953065061295901,169.0,87.0,0.07522111309001,766,81.0,0.0,0.17697664862281656,0.6,85.0,384,256.0,0.41549402101042704,168.0,88.0,83.0,0.024096385542168676,0.23098804202085407,/workspace/safe-drift/outputs/setting_2_medqa_medmcqa_reference_coverage_gamma_v1/repeat_00/olmo7b_instruct/KR64_KT16/pct25.6/safe_reference_precondsgd_refB_T_gamma1_epsm2/training_runs/safe_low_rank_sgd_reference_greedy_marginal_eta0.0002_metricFplusAlpha_gamma1_epsm2_caln64_calseed42_pct25.6_seed42,4687.44706636779,21972160.0,9.005163531094346e-12,True,3.7172846276828375e-09,True,,1.0,0.010498372829895445,0.008567579269409181,0.004283789634704591,2.0,reference,False,10986080.0,286.0458984375,0.010498372829895445,512,2.332560861876301e-05,True,0.007007536470334955,True,512.0,greedy_marginal,completed,True,True,4687.44706636779,0.3644543985944526,True,0.33251164669497596,True,0.3644543985944526,0.33251164669497596,4687.44706636779,none,0.008567579269409181,False,,0.010498372829895445,42,0.0034908363595604897,1.3376098650041968e-05,safe_low_rank_sgd_reference_greedy_marginal_eta0.0002_metricFplusAlpha_gamma1_epsm2_caln64_calseed42,safe_low_rank_sgd_reference_greedy_marginal_eta0.0002_metricFplusAlpha_gamma1_epsm2_caln64_calseed42,sgd,2.3650538940928527,4.661034814362752e-05,/workspace/safe-drift/outputs/setting_2_medqa_medmcqa_reference_coverage_gamma_v1/repeat_00/olmo7b_instruct/KR64_KT16/pct25.6/safe_reference_precondsgd_refB_T_gamma1_epsm2/training_runs/safe_low_rank_sgd_reference_greedy_marginal_eta0.0002_metricFplusAlpha_gamma1_epsm2_caln64_calseed42_pct25.6_seed42/summary.json,,,-3.075497458047721,0.4609375,-0.0625,256.0,3.075497458047721,695.0790841821581,0.000585462898015976,0.0,0,1.0,1.0,0,0.9534313725490198,0.39460784313725494,0.33541019662496846,-0.7071067811865475,0.9746794344808964,0.45833333333333337,-0.45833333333333337,17
False,False,False,False,,,,,,,,,,,,,,,,,,,,,,,,,,,,,,,,,,,,,,,,,,64,0.0,1.1295337162683187e+17,3145413652758528.0,1.3846741863882752e+16,1.2680011349071462e+17,4994557534576640.0,3832507489320960.0,0.35826771653543305,254.0,12.128660307155819,664684808421376.0,254.0,0.35826771653543305,254.0,0.0,0.0,0.0,0.0,,,,,,,,,,,,,,,,,,,,,,,,,,,,,0.5494791666666666,0.4375,256.0,384.0,384.0,0.0,14.111951005955538,887086954266624.0,0.5,0.5,256.0,0.48046875,0.0,0.0,2.2426442281056276,322491424538624.0,256.0,0.13560031488602609,256.0,0.0,256.0,0.015625,0.13560031488602609,11110224.795302104,False,25.344554901123047,68.05555582463447,False,0.0006701453821733594,-0.09999999999999998,0.0,11110224.795302104,68.05555582463447,190591.9886176264,1.2065152130422039,,,510,0.390625,256.0,5.5521459766462735,0.3522727272727273,88.0,"bbq,mmlu_non_medical",T_K,,,,,,,,,,766,256,256.0,0.24202500598278986,169.0,87.0,0.2348344705171147,766,81.0,0.0,0.13177728469285246,0.32941176470588235,85.0,384,256.0,0.25175504430384,168.0,88.0,83.0,0.012048192771084338,0.1740983239017976,/workspace/safe-drift/outputs/setting_2_medqa_medmcqa_reference_coverage_gamma_v1/repeat_00/olmo7b_instruct/KR64_KT16/pct25.6/safe_reference_precondsgd_refT_K_gamma0.01_epsm0.5/training_runs/safe_low_rank_sgd_reference_greedy_marginal_eta0.0002_metricFplusAlpha_gamma0.01_epsm0.5_caln64_calseed42_pct25.6_seed42,0.03814045049224244,0.0014546939637511969,2.56789650781848e-14,True,7.771584438677091e-12,True,,0.01,9.847034148103791e-06,0.0021359737396240237,0.004271947479248047,0.5,reference,False,0.0007273469818755984,431.66180419921875,9.847034148103791e-06,512,-1.1009417192014365e-06,False,-0.0007543428941563002,False,512.0,greedy_marginal,completed,False,False,0.03814045049224244,1.4826168790327552,False,77.60600067801387,False,1.4826168790327552,77.60600067801387,0.006797096375410519,none,0.0021359737396240237,False,,0.0009847034148103792,42,0.000764189928304404,3.382133627383155e-06,safe_low_rank_sgd_reference_greedy_marginal_eta0.0002_metricFplusAlpha_gamma0.01_epsm0.5_caln64_calseed42,safe_low_rank_sgd_reference_greedy_marginal_eta0.0002_metricFplusAlpha_gamma0.01_epsm0.5_caln64_calseed42,sgd,2.333243081494402,4.9842006228068e-05,/workspace/safe-drift/outputs/setting_2_medqa_medmcqa_reference_coverage_gamma_v1/repeat_00/olmo7b_instruct/KR64_KT16/pct25.6/safe_reference_precondsgd_refT_K_gamma0.01_epsm0.5/training_runs/safe_low_rank_sgd_reference_greedy_marginal_eta0.0002_metricFplusAlpha_gamma0.01_epsm0.5_caln64_calseed42_pct25.6_seed42/summary.json,,,-3.4654449223307893,0.3984375,-0.0625,256.0,3.4654449223307893,642.3763750195503,0.0006701453821733594,0.0,0,1.0,1.0,0,0.9803921568627453,-0.627450980392157,-0.7071067811865475,-0.20519567041703082,0.0,-0.5490196078431373,0.5490196078431373,17
False,False,False,True,,,,,,,,,,,,,,,,,,,,,,,,,,,,,,,,,,,,,,,,,,64,0.0,1.1295337162683187e+17,3110665049358336.0,1.381199326048256e+16,1.2676536488731443e+17,4994557534576640.0,3832507489320960.0,0.452755905511811,254.0,12.10570139647156,664684808421376.0,254.0,0.452755905511811,254.0,0.0,0.0,0.0,0.0,,,,,,,,,,,,,,,,,,,,,,,,,,,,,0.5546875,0.43359375,256.0,384.0,384.0,0.0,14.227448150515556,887086954266624.0,0.55859375,0.55859375,256.0,0.5546875,0.0,0.0,2.428067843832293,322491424538624.0,256.0,0.12674011022253115,256.0,0.0,256.0,0.015625,0.12674011022253115,2669703.218381518,False,24.49566650390625,24.55709636842279,False,0.0006445238832384348,-0.09999999999999998,0.0,2669703.218381518,24.55709636842279,46689.589374292846,0.4412049017020835,,,510,0.49609375,256.0,5.716974221023858,0.42045454545454547,88.0,"bbq,truthfulqa",T_K,,,,,,,,,,766,256,256.0,0.27620932160004097,169.0,87.0,0.17432570906749306,766,81.0,0.0,0.13196409774553652,0.4117647058823529,85.0,384,256.0,0.29152066732897197,168.0,88.0,83.0,0.012048192771084338,0.171276628775591,/workspace/safe-drift/outputs/setting_2_medqa_medmcqa_reference_coverage_gamma_v1/repeat_00/olmo7b_instruct/KR64_KT16/pct25.6/safe_reference_precondsgd_refT_K_gamma0.01_epsm1/training_runs/safe_low_rank_sgd_reference_greedy_marginal_eta0.0002_metricFplusAlpha_gamma0.01_epsm1_caln64_calseed42_pct25.6_seed42,0.028899408308871707,0.0008351758006028831,-4.771932225451983e-13,True,-1.8646465668308585e-11,True,,0.01,2.6245932074738613e-05,0.004283789634704591,0.004283789634704591,1.0,reference,False,0.00041758790030144155,286.0458984375,2.6245932074738613e-05,512,5.519696947267678e-06,True,-0.00040623771610808564,False,512.0,greedy_marginal,completed,True,False,0.028899408308871707,0.398426137853352,True,16.478121140878986,False,0.398426137853352,16.478121140878986,0.01720862746141888,none,0.004283789634704591,False,,0.002624593207473861,42,0.00043248364818282425,3.655729869933566e-06,safe_low_rank_sgd_reference_greedy_marginal_eta0.0002_metricFplusAlpha_gamma0.01_epsm1_caln64_calseed42,safe_low_rank_sgd_reference_greedy_marginal_eta0.0002_metricFplusAlpha_gamma0.01_epsm1_caln64_calseed42,sgd,2.3256663570464298,4.8768769379758936e-05,/workspace/safe-drift/outputs/setting_2_medqa_medmcqa_reference_coverage_gamma_v1/repeat_00/olmo7b_instruct/KR64_KT16/pct25.6/safe_reference_precondsgd_refT_K_gamma0.01_epsm1/training_runs/safe_low_rank_sgd_reference_greedy_marginal_eta0.0002_metricFplusAlpha_gamma0.01_epsm1_caln64_calseed42_pct25.6_seed42/summary.json,,,-3.3317410981544526,0.41015625,-0.125,256.0,3.3317410981544526,696.7803576588631,0.0006445238832384348,0.0,0,1.0,1.0,0,0.9583333333333335,0.22303921568627455,-0.8944271909999159,-0.20519567041703082,0.051298917604257706,0.24264705882352944,-0.24264705882352944,17
False,False,False,True,,,,,,,,,,,,,,,,,,,,,,,,,,,,,,,,,,,,,,,,,,64,0.0,1.1295337162683187e+17,3163452999499776.0,1.3864781210624e+16,1.2681815283745587e+17,4994557534576640.0,3832507489320960.0,0.46062992125984253,254.0,11.353537662135647,664684808421376.0,254.0,0.46062992125984253,254.0,0.0,0.0,0.0,0.0,,,,,,,,,,,,,,,,,,,,,,,,,,,,,0.5494791666666666,0.4296875,256.0,384.0,384.0,0.0,13.413802745441595,887086954266624.0,0.57421875,0.57421875,256.0,0.58203125,0.0,0.0,2.1534471013766763,322491424538624.0,256.0,0.145027835826,256.0,0.0,256.0,0.015625,0.145027835826,669138.8046248959,False,24.558536529541016,6.298512798101986,False,0.0006612413562834263,-0.09999999999999998,0.0,669138.8046248959,6.298512798101986,11933.123053518222,0.11385178466544392,,,510,0.484375,256.0,5.25179947123808,0.4431818181818182,88.0,"bbq,truthfulqa",T_K,,,,,,,,,,766,256,256.0,0.2934156506199387,169.0,87.0,0.20022111309001,766,81.0,0.0,0.1436494830580592,0.4588235294117647,85.0,384,256.0,0.32752687806909575,168.0,88.0,83.0,0.024096385542168676,0.1962302267264268,/workspace/safe-drift/outputs/setting_2_medqa_medmcqa_reference_coverage_gamma_v1/repeat_00/olmo7b_instruct/KR64_KT16/pct25.6/safe_reference_precondsgd_refT_K_gamma0.01_epsm2/training_runs/safe_low_rank_sgd_reference_greedy_marginal_eta0.0002_metricFplusAlpha_gamma0.01_epsm2_caln64_calseed42_pct25.6_seed42,0.03962184414655539,0.0015698905335739255,-1.9087728901807932e-12,True,-7.458586267323434e-11,True,,0.01,0.00010498372829895445,0.008567579269409181,0.004283789634704591,2.0,reference,False,0.0007849452667869627,286.0458984375,0.00010498372829895445,512,3.264958777552421e-05,True,-0.000458873417308517,False,512.0,greedy_marginal,completed,True,False,0.03962184414655539,0.11040683921330587,True,5.370905364217621,False,0.11040683921330587,5.370905364217621,0.03484121540605893,none,0.008567579269409181,False,,0.010498372829895445,42,0.0005638571456074715,4.05211949328077e-06,safe_low_rank_sgd_reference_greedy_marginal_eta0.0002_metricFplusAlpha_gamma0.01_epsm2_caln64_calseed42,safe_low_rank_sgd_reference_greedy_marginal_eta0.0002_metricFplusAlpha_gamma0.01_epsm2_caln64_calseed42,sgd,2.4524317267905644,5.091050958350163e-05,/workspace/safe-drift/outputs/setting_2_medqa_medmcqa_reference_coverage_gamma_v1/repeat_00/olmo7b_instruct/KR64_KT16/pct25.6/safe_reference_precondsgd_refT_K_gamma0.01_epsm2/training_runs/safe_low_rank_sgd_reference_greedy_marginal_eta0.0002_metricFplusAlpha_gamma0.01_epsm2_caln64_calseed42_pct25.6_seed42/summary.json,,,-3.4200369699683506,0.43359375,-0.0625,256.0,3.4200369699683506,661.8536945674568,0.0006612413562834263,0.0,0,1.0,1.0,0,0.8700980392156864,0.10049019607843139,-0.6708203932499369,-0.15389675281277312,0.22360679774997896,0.1911764705882353,-0.1911764705882353,17
False,False,False,True,,,,,,,,,,,,,,,,,,,,,,,,,,,,,,,,,,,,,,,,,,64,0.0,1.1295337162683187e+17,3300369147346944.0,1.4001697358471168e+16,1.2695506898530304e+17,4994557534576640.0,3832507489320960.0,0.484251968503937,254.0,11.569885446643578,664684808421376.0,254.0,0.484251968503937,254.0,0.0,0.0,0.0,0.0,,,,,,,,,,,,,,,,,,,,,,,,,,,,,0.5494791666666666,0.42578125,256.0,384.0,384.0,0.0,13.861498611668745,887086954266624.0,0.578125,0.578125,256.0,0.578125,0.0,0.0,2.2871006532037765,322491424538624.0,256.0,0.13267776695762695,256.0,0.0,256.0,0.015625,0.13267776695762695,11061571.9777489,False,25.373661041259766,10.11098739635783,False,0.0006634307210333645,-0.0,0.0,11061571.9777489,10.11098739635783,189303.22426634163,0.17923534640995006,,,510,0.49609375,256.0,5.421747955621457,0.48863636363636365,88.0,"bbq,truthfulqa",T_K,,,,,,,,,,766,256,256.0,0.3067314467831757,169.0,87.0,0.1723344705171147,766,81.0,0.0,0.12482652992998776,0.43529411764705883,85.0,384,256.0,0.3017808287347553,168.0,88.0,83.0,0.012048192771084338,0.16826753982245185,/workspace/safe-drift/outputs/setting_2_medqa_medmcqa_reference_coverage_gamma_v1/repeat_00/olmo7b_instruct/KR64_KT16/pct25.6/safe_reference_precondsgd_refT_K_gamma0.1_epsm0.5/training_runs/safe_low_rank_sgd_reference_greedy_marginal_eta0.0002_metricFplusAlpha_gamma0.1_epsm0.5_caln64_calseed42_pct25.6_seed42,0.03077991076342021,0.0009474029066041112,1.0807536980693248e-13,True,-6.116807940422051e-11,True,,0.1,6.561483018684653e-05,0.0021418948173522953,0.004283789634704591,0.5,reference,False,0.0004737014533020556,286.0458984375,6.561483018684653e-05,512,-1.4150945218442523e-06,False,-0.0005211471464053962,False,512.0,greedy_marginal,completed,False,False,0.03077991076342021,1.6169062431804757,False,8.942531336487388,False,1.6169062431804757,8.942531336487388,0.01626430704370645,none,0.0021418948173522953,False,,0.0006561483018684653,42,0.0005867619765922427,3.7089512261445634e-06,safe_low_rank_sgd_reference_greedy_marginal_eta0.0002_metricFplusAlpha_gamma0.1_epsm0.5_caln64_calseed42,safe_low_rank_sgd_reference_greedy_marginal_eta0.0002_metricFplusAlpha_gamma0.1_epsm0.5_caln64_calseed42,sgd,2.4417393546391395,5.0866542195715514e-05,/workspace/safe-drift/outputs/setting_2_medqa_medmcqa_reference_coverage_gamma_v1/repeat_00/olmo7b_instruct/KR64_KT16/pct25.6/safe_reference_precondsgd_refT_K_gamma0.1_epsm0.5/training_runs/safe_low_rank_sgd_reference_greedy_marginal_eta0.0002_metricFplusAlpha_gamma0.1_epsm0.5_caln64_calseed42_pct25.6_seed42/summary.json,,,-3.385977741330862,0.4453125,-0.0625,256.0,3.385977741330862,686.8543118499219,0.0006634307210333645,0.0,0,1.0,1.0,0,0.8897058823529413,0.2058823529411765,-0.11180339887498948,-0.22360679774997896,0.22360679774997896,0.3382352941176471,-0.3382352941176471,17
False,False,False,True,,,,,,,,,,,,,,,,,,,,,,,,,,,,,,,,,,,,,,,,,,64,0.0,1.1295337162683187e+17,3406277570150400.0,1.4107605781274624e+16,1.270609774081065e+17,4994557534576640.0,3832507489320960.0,0.5433070866141733,254.0,10.869015075403249,664684808421376.0,254.0,0.5433070866141733,254.0,0.0,0.0,0.0,0.0,,,,,,,,,,,,,,,,,,,,,,,,,,,,,0.5520833333333334,0.4296875,256.0,384.0,384.0,0.0,13.084902554750443,887086954266624.0,0.59375,0.59375,256.0,0.59765625,0.0,0.0,2.2972045804934025,322491424538624.0,256.0,0.14168007067379917,256.0,0.0,256.0,0.015625,0.14168007067379917,2757340.3040490923,False,25.299774169921875,2.5310768433381927,False,0.0006643047090619802,-0.0,0.0,2757340.3040490923,2.5310768433381927,46855.526183171125,0.044765129041861376,,,510,0.53515625,256.0,5.208672673094506,0.5454545454545454,88.0,"bbq,truthfulqa",T_K,,,,,,,,,,766,256,256.0,0.33790763698916015,169.0,87.0,0.17812437953283017,766,81.0,0.0,0.1303607285237749,0.47058823529411764,85.0,384,256.0,0.3152540449409185,168.0,88.0,83.0,0.012048192771084338,0.15991985458771937,/workspace/safe-drift/outputs/setting_2_medqa_medmcqa_reference_coverage_gamma_v1/repeat_00/olmo7b_instruct/KR64_KT16/pct25.6/safe_reference_precondsgd_refT_K_gamma0.1_epsm1/training_runs/safe_low_rank_sgd_reference_greedy_marginal_eta0.0002_metricFplusAlpha_gamma0.1_epsm1_caln64_calseed42_pct25.6_seed42,0.0365935635401115,0.0013390888925641775,4.3230147922772993e-13,True,-2.4467231761688205e-10,True,,0.1,0.0002624593207473861,0.004283789634704591,0.004283789634704591,1.0,reference,False,0.0006695444462820888,286.0458984375,0.0002624593207473861,512,4.462896390869449e-06,True,-0.0006397991792437626,False,512.0,greedy_marginal,completed,True,False,0.0365935635401115,0.5136034018054809,True,3.43771019256798,False,0.5136034018054809,3.43771019256798,0.03312882180647899,none,0.004283789634704591,False,,0.002624593207473861,42,0.0009022584999911487,4.712530426331796e-06,safe_low_rank_sgd_reference_greedy_marginal_eta0.0002_metricFplusAlpha_gamma0.1_epsm1_caln64_calseed42,safe_low_rank_sgd_reference_greedy_marginal_eta0.0002_metricFplusAlpha_gamma0.1_epsm1_caln64_calseed42,sgd,2.533218358193153,5.1853806471158226e-05,/workspace/safe-drift/outputs/setting_2_medqa_medmcqa_reference_coverage_gamma_v1/repeat_00/olmo7b_instruct/KR64_KT16/pct25.6/safe_reference_precondsgd_refT_K_gamma0.1_epsm1/training_runs/safe_low_rank_sgd_reference_greedy_marginal_eta0.0002_metricFplusAlpha_gamma0.1_epsm1_caln64_calseed42_pct25.6_seed42/summary.json,,,-3.391461866289319,0.44921875,0.0,256.0,3.391461866289319,640.586353437975,0.0006643047090619802,0.0,0,1.0,1.0,0,0.681372549019608,-0.009803921568627453,0.6708203932499369,0.7181848464596079,0.051298917604257706,0.007352941176470589,-0.007352941176470589,17
False,True,False,True,,,,,,,,,,,,,,,,,,,,,,,,,,,,,,,,,,,,,,,,,,64,0.0,1.1295337162683187e+17,3449339236564992.0,1.4150667447689216e+16,1.2710403907452109e+17,4994557534576640.0,3832507489320960.0,0.5196850393700787,254.0,11.420466931160353,664684808421376.0,254.0,0.5196850393700787,254.0,0.0,0.0,0.0,0.0,,,,,,,,,,,,,,,,,,,,,,,,,,,,,0.5442708333333334,0.42578125,256.0,384.0,384.0,0.0,13.473208534220854,887086954266624.0,0.6015625,0.6015625,256.0,0.6015625,0.0,0.0,2.1658540966800297,322491424538624.0,256.0,0.15745320202115126,256.0,0.0,256.0,0.015625,0.15745320202115126,656887.0243033573,False,24.108875274658203,0.6230331637137043,True,0.0006540834438055754,-0.0,0.0,656887.0243033573,0.6230331637137043,11854.298359616321,0.011421893961012331,,,510,0.5546875,256.0,5.27470454047708,0.5113636363636364,88.0,"bbq,truthfulqa",T_K,,,,,,,,,,766,256,256.0,0.33386186304466753,169.0,87.0,0.12519109420790397,766,81.0,0.0,0.1563600897256987,0.4588235294117647,85.0,384,256.0,0.32510339978461394,168.0,88.0,83.0,0.024096385542168676,0.19138327015746323,/workspace/safe-drift/outputs/setting_2_medqa_medmcqa_reference_coverage_gamma_v1/repeat_00/olmo7b_instruct/KR64_KT16/pct25.6/safe_reference_precondsgd_refT_K_gamma0.1_epsm2/training_runs/safe_low_rank_sgd_reference_greedy_marginal_eta0.0002_metricFplusAlpha_gamma0.1_epsm2_caln64_calseed42_pct25.6_seed42,0.06791980971019267,0.004613100551068783,1.7292059169109197e-12,True,-9.786892704675282e-10,True,,0.1,0.0010498372829895444,0.008567579269409181,0.004283789634704591,2.0,reference,False,0.0023065502755343914,286.0458984375,0.0010498372829895444,512,2.8871628184135272e-05,True,-0.0006973419113639764,False,512.0,greedy_marginal,completed,True,False,0.06791980971019267,0.2133437288712988,True,1.664237091714169,False,0.2133437288712988,1.664237091714169,0.06791980971019267,none,0.008567579269409181,False,,0.010498372829895445,42,0.0017471791943535209,7.830079084669705e-06,safe_low_rank_sgd_reference_greedy_marginal_eta0.0002_metricFplusAlpha_gamma0.1_epsm2_caln64_calseed42,safe_low_rank_sgd_reference_greedy_marginal_eta0.0002_metricFplusAlpha_gamma0.1_epsm2_caln64_calseed42,sgd,2.3975687800548258,5.103774789196047e-05,/workspace/safe-drift/outputs/setting_2_medqa_medmcqa_reference_coverage_gamma_v1/repeat_00/olmo7b_instruct/KR64_KT16/pct25.6/safe_reference_precondsgd_refT_K_gamma0.1_epsm2/training_runs/safe_low_rank_sgd_reference_greedy_marginal_eta0.0002_metricFplusAlpha_gamma0.1_epsm2_caln64_calseed42_pct25.6_seed42/summary.json,,,-3.214993232732013,0.46484375,0.0,256.0,3.214993232732013,689.319772798568,0.0006540834438055754,0.0,0,1.0,1.0,0,0.9485294117647061,0.4705882352941177,0.0,0.0,0.19999999999999996,0.5220588235294118,-0.5220588235294118,17
False,True,False,True,,,,,,,,,,,,,,,,,,,,,,,,,,,,,,,,,,,,,,,,,,64,0.0,1.1295337162683187e+17,3640955339046912.0,1.4342283550171136e+16,1.27295655177003e+17,4994557534576640.0,3832507489320960.0,0.5196850393700787,254.0,11.731749877529195,664684808421376.0,254.0,0.5196850393700787,254.0,0.0,0.0,0.0,0.0,,,,,,,,,,,,,,,,,,,,,,,,,,,,,0.5520833333333334,0.42578125,256.0,384.0,384.0,0.0,13.608310749133429,887086954266624.0,0.59765625,0.59765625,256.0,0.58984375,0.0,0.0,2.2743261228651237,322491424538624.0,256.0,0.14951490639931536,256.0,0.0,256.0,0.015625,0.14951490639931536,10617976.387098862,False,24.734525680541992,0.9561864786879727,True,0.000643200590275228,-0.050000000000000044,0.0,10617976.387098862,0.9561864786879727,179406.62281778848,0.016565894105656634,,,510,0.53125,256.0,5.438883959078321,0.5113636363636364,88.0,"bbq,truthfulqa",T_K,,,,,,,,,,766,256,256.0,0.3290794163519829,169.0,87.0,0.20284260935941917,766,81.0,0.0,0.14679519634032942,0.47058823529411764,85.0,384,256.0,0.3337848353039379,168.0,88.0,83.0,0.024096385542168676,0.19698143531375806,/workspace/safe-drift/outputs/setting_2_medqa_medmcqa_reference_coverage_gamma_v1/repeat_00/olmo7b_instruct/KR64_KT16/pct25.6/safe_reference_precondsgd_refT_K_gamma1_epsm0.5/training_runs/safe_low_rank_sgd_reference_greedy_marginal_eta0.0002_metricFplusAlpha_gamma1_epsm0.5_caln64_calseed42_pct25.6_seed42,1392.352505653651,1938645.5,-3.3935407804821073e-13,True,-6.568637344120387e-12,True,,1.0,0.0006726727522415848,0.0021584694862365724,0.004316938972473145,0.5,reference,False,969322.75,288.7633056640625,0.0006726727522415848,512,-2.4920126389804452e-06,False,-0.00046989590120783136,False,512.0,greedy_marginal,completed,False,False,1392.352505653651,2.0697650603367657,False,1.6985482706751425,False,2.0697650603367657,1.6985482706751425,706.4962402589274,none,0.0021584694862365724,False,,0.0006726727522415848,42,0.0011425686534494162,4.8215079004876316e-06,safe_low_rank_sgd_reference_greedy_marginal_eta0.0002_metricFplusAlpha_gamma1_epsm0.5_caln64_calseed42,safe_low_rank_sgd_reference_greedy_marginal_eta0.0002_metricFplusAlpha_gamma1_epsm0.5_caln64_calseed42,sgd,2.448821796552693,4.95103978603445e-05,/workspace/safe-drift/outputs/setting_2_medqa_medmcqa_reference_coverage_gamma_v1/repeat_00/olmo7b_instruct/KR64_KT16/pct25.6/safe_reference_precondsgd_refT_K_gamma1_epsm0.5/training_runs/safe_low_rank_sgd_reference_greedy_marginal_eta0.0002_metricFplusAlpha_gamma1_epsm0.5_caln64_calseed42_pct25.6_seed42/summary.json,,,-3.379109781628358,0.46484375,0.0,256.0,3.379109781628358,687.8260878361762,0.000643200590275228,0.0,0,1.0,1.0,0,0.9338235294117648,0.13235294117647062,-0.10540925533894598,0.22360679774997896,0.15389675281277312,0.28186274509803927,-0.28186274509803927,17
False,True,False,True,,,,,,,,,,,,,,,,,,,,,,,,,,,,,,,,,,,,,,,,,,64,0.0,1.1295337162683187e+17,3667307748802560.0,1.4368635959926784e+16,1.2732200758675866e+17,4994557534576640.0,3832507489320960.0,0.5393700787401575,254.0,12.379393081965409,664684808421376.0,254.0,0.5393700787401575,254.0,0.0,0.0,0.0,0.0,,,,,,,,,,,,,,,,,,,,,,,,,,,,,0.5390625,0.4140625,256.0,384.0,384.0,0.0,14.357789049545923,887086954266624.0,0.625,0.625,256.0,0.62109375,0.0,0.0,2.3483887502529117,322491424538624.0,256.0,0.15601020675018543,256.0,0.0,256.0,0.015625,0.15601020675018543,2669351.076879182,False,24.492435455322266,0.24762764264960052,True,0.0006499218288809061,-0.0,0.0,2669351.076879182,0.24762764264960052,47134.420719937756,0.004526406333873858,,,510,0.5703125,256.0,5.683050987767238,0.5227272727272727,88.0,"bbq,truthfulqa",T_K,,,,,,,,,,766,256,256.0,0.3398374715390006,169.0,87.0,0.1098344705171147,766,81.0,0.0,0.15694767035072854,0.47058823529411764,85.0,384,256.0,0.3297671617672701,168.0,88.0,83.0,0.012048192771084338,0.18894608824042258,/workspace/safe-drift/outputs/setting_2_medqa_medmcqa_reference_coverage_gamma_v1/repeat_00/olmo7b_instruct/KR64_KT16/pct25.6/safe_reference_precondsgd_refT_K_gamma1_epsm1/training_runs/safe_low_rank_sgd_reference_greedy_marginal_eta0.0002_metricFplusAlpha_gamma1_epsm1_caln64_calseed42_pct25.6_seed42,1638.753565976288,2685513.25,2.2512908827735864e-12,True,9.293211569207094e-10,True,,1.0,0.002624593207473861,0.004283789634704591,0.004283789634704591,1.0,reference,False,1342756.625,286.0458984375,0.002624593207473861,512,1.1667411629973714e-06,True,0.0005488784498078694,True,512.0,greedy_marginal,completed,True,True,1638.753565976288,0.8728406660265577,True,0.7908713054072762,True,0.8728406660265577,0.7908713054072762,1637.509236615171,none,0.004283789634704591,False,,0.002624593207473861,42,0.0020757147576659918,8.008685654203873e-06,safe_low_rank_sgd_reference_greedy_marginal_eta0.0002_metricFplusAlpha_gamma1_epsm1_caln64_calseed42,safe_low_rank_sgd_reference_greedy_marginal_eta0.0002_metricFplusAlpha_gamma1_epsm1_caln64_calseed42,sgd,2.4416100792532234,5.0938206532263886e-05,/workspace/safe-drift/outputs/setting_2_medqa_medmcqa_reference_coverage_gamma_v1/repeat_00/olmo7b_instruct/KR64_KT16/pct25.6/safe_reference_precondsgd_refT_K_gamma1_epsm1/training_runs/safe_low_rank_sgd_reference_greedy_marginal_eta0.0002_metricFplusAlpha_gamma1_epsm1_caln64_calseed42_pct25.6_seed42/summary.json,,,-3.3279079177518724,0.47265625,0.0,256.0,3.3279079177518724,699.8907724171877,0.0006499218288809061,0.0,0,1.0,1.0,0,0.9142156862745099,0.10784313725490198,0.35355339059327373,-0.28867513459481287,0.0,0.2573529411764706,-0.2573529411764706,17
False,True,False,True,,,,,,,,,,,,,,,,,,,,,,,,,,,,,,,,,,,,,,,,,,64,0.0,1.1295337162683187e+17,3422571173658624.0,1.4123899384782848e+16,1.2707727101161472e+17,4994557534576640.0,3832507489320960.0,0.6456692913385826,254.0,11.843990621291434,664684808421376.0,254.0,0.6456692913385826,254.0,0.0,0.0,0.0,0.0,,,,,,,,,,,,,,,,,,,,,,,,,,,,,0.5416666666666666,0.41796875,256.0,384.0,384.0,0.0,13.870564542710781,887086954266624.0,0.578125,0.578125,256.0,0.58203125,0.0,0.0,2.1320778456531784,322491424538624.0,256.0,0.16607826226981207,256.0,0.0,256.0,0.01171875,0.16607826226981207,634524.4278680343,False,23.288129806518555,0.061043407558360005,True,0.0006408564513549209,-0.0,0.0,634524.4278680343,0.061043407558360005,11844.36254889054,0.0011378138752803648,,,510,0.59765625,256.0,5.4061148587395165,0.6136363636363636,88.0,"bbq,truthfulqa",T_K,,,,,,,,,,766,256,256.0,0.3953065061295901,169.0,87.0,0.07522111309001,766,81.0,0.0,0.17697664862281656,0.6,85.0,384,256.0,0.41549402101042704,168.0,88.0,83.0,0.024096385542168676,0.23098804202085407,/workspace/safe-drift/outputs/setting_2_medqa_medmcqa_reference_coverage_gamma_v1/repeat_00/olmo7b_instruct/KR64_KT16/pct25.6/safe_reference_precondsgd_refT_K_gamma1_epsm2/training_runs/safe_low_rank_sgd_reference_greedy_marginal_eta0.0002_metricFplusAlpha_gamma1_epsm2_caln64_calseed42_pct25.6_seed42,4687.44706636779,21972160.0,9.005163531094346e-12,True,3.7172846276828375e-09,True,,1.0,0.010498372829895445,0.008567579269409181,0.004283789634704591,2.0,reference,False,10986080.0,286.0458984375,0.010498372829895445,512,2.332560861876301e-05,True,0.007007536470334955,True,512.0,greedy_marginal,completed,True,True,4687.44706636779,0.3644543985944526,True,0.33251164669497596,True,0.3644543985944526,0.33251164669497596,4687.44706636779,none,0.008567579269409181,False,,0.010498372829895445,42,0.0034908363595604897,1.3376098650041968e-05,safe_low_rank_sgd_reference_greedy_marginal_eta0.0002_metricFplusAlpha_gamma1_epsm2_caln64_calseed42,safe_low_rank_sgd_reference_greedy_marginal_eta0.0002_metricFplusAlpha_gamma1_epsm2_caln64_calseed42,sgd,2.3650538940928527,5.098857267586687e-05,/workspace/safe-drift/outputs/setting_2_medqa_medmcqa_reference_coverage_gamma_v1/repeat_00/olmo7b_instruct/KR64_KT16/pct25.6/safe_reference_precondsgd_refT_K_gamma1_epsm2/training_runs/safe_low_rank_sgd_reference_greedy_marginal_eta0.0002_metricFplusAlpha_gamma1_epsm2_caln64_calseed42_pct25.6_seed42/summary.json,,,-3.075497458047721,0.4609375,-0.0625,256.0,3.075497458047721,655.9981716237962,0.0006408564513549209,0.0,0,1.0,1.0,0,0.9534313725490198,0.39460784313725494,0.33541019662496846,-0.7071067811865475,0.9746794344808964,0.45833333333333337,-0.45833333333333337,17
True,True,True,True,0.5590551181102362,254.0,254.0,0.5590551181102362,254.0,0.0,0.0,0.0,0.0,0.5125628140703518,0.41015625,256.0,398.0,398.0,0.0,0.52734375,0.52734375,256.0,0.50390625,0.0,0.0,256.0,0.2548059308998715,256.0,0.0,256.0,0.0234375,0.2548059308998715,0.55078125,256.0,0.5333333333333333,90.0,256.0,0.3943781316337934,172.0,84.0,82.0,0.024390243902439025,0.2554229299342536,0.37109375,256.0,64,0.0,1.1295337162683187e+17,3493149078650880.0,1.400721169027072e+16,1.269605833171026e+17,4793409119838208.0,3832507489320960.0,0.547244094488189,254.0,11.57765195250824,657978937589760.0,254.0,0.547244094488189,254.0,0.0,0.0,0.0,0.0,-0.011811023622047223,0.0,0.0,-0.011811023622047223,0.0,0.0,0.0,0.0,0.0,0.03266331658291455,0.03515625,0.0,0.0,0.0,0.0,0.01953125,0.01953125,0.0,0.046875,0.0,0.0,0.0,-0.0256088226609876,0.0,0.0,0.0,-0.015625,-0.0256088226609876,0.5452261306532663,0.4453125,256.0,398.0,398.0,0.0,13.790105412403742,909753906085888.0,0.546875,0.546875,256.0,0.55078125,0.0,0.0,1.9704844679829396,320413158785024.0,256.0,0.22919710823888392,256.0,0.0,256.0,0.0078125,0.22919710823888392,,,23.031896591186523,,,0.0010980252409353852,0.08333333333333337,0.0,,,,,0.015625,0.0,510,0.56640625,256.0,5.590003763635953,0.5666666666666667,90.0,,,0.033333333333333326,0.0,0.0,-0.01042291115093913,0.0,0.0,0.0,-0.024390243902439025,-0.05417915563521161,766,768,256.0,0.3839552204828543,172.0,84.0,-0.010814076463395328,766,82.0,0.0,0.20124377429904197,0.4943820224719101,89.0,384,256.0,0.3606660602114094,172.0,84.0,83.0,0.012048192771084338,0.22695009795090867,/workspace/safe-drift/outputs/setting_2_medqa_medmcqa_reference_coverage_gamma_v1/repeat_01/olmo7b_instruct/KR64_KT16/pct25.6/baseline_less_no_reference/training_runs/less_random_sketch_sgd_pct25.6_seed43,,,,,,,,,,,,,,,,,,,,,,,,,,,,,,,,,,,,none,,False,,,43,,,less_random_sketch_sgd,less_random_sketch_sgd,sgd,2.4027556328001083,8.725237967753541e-05,/workspace/safe-drift/outputs/setting_2_medqa_medmcqa_reference_coverage_gamma_v1/repeat_01/olmo7b_instruct/KR64_KT16/pct25.6/baseline_less_no_reference/training_runs/less_random_sketch_sgd_pct25.6_seed43/summary.json,0.01953125,0.0,-3.133225299892729,0.390625,0.0625,256.0,3.133225299892729,659.791976550594,0.0010980252409353852,0.0,0,1.0,1.0,0,0.9779411764705884,0.4509803921568628,0.4472135954999579,0.22360679774997896,-0.7826237921249264,0.4975490196078432,-0.4975490196078432,17
False,False,False,False,,,,,,,,,,,,,,,,,,,,,,,,,,,,,,,,,,,,,,,,,,64,0.0,1.1295337162683187e+17,3201526828105728.0,1.3715589439725568e+16,1.2666896106655744e+17,4793409119838208.0,3832507489320960.0,0.46062992125984253,254.0,11.605407196705736,657978937589760.0,254.0,0.46062992125984253,254.0,0.0,0.0,0.0,0.0,,,,,,,,,,,,,,,,,,,,,,,,,,,,,0.5376884422110553,0.4375,256.0,398.0,398.0,0.0,13.650043422977129,909753906085888.0,0.56640625,0.56640625,256.0,0.56640625,0.0,0.0,2.062387202439893,320413158785024.0,256.0,0.16805152056886738,256.0,0.0,256.0,0.015625,0.16805152056886738,10465716.825220665,False,24.376819610595703,178.51163307951904,False,0.0011546547757461667,0.04166666666666674,0.0,10465716.825220665,178.51163307951904,182899.59563507757,3.1834358574718675,,,510,0.5,256.0,5.688068290551503,0.4444444444444444,90.0,"bbq,truthfulqa",B_K,,,,,,,,,,766,256,256.0,0.30073616472722153,172.0,84.0,0.018029447478167815,766,82.0,0.012195121951219513,0.1570278850099987,0.42696629213483145,89.0,384,256.0,0.30473699012997213,172.0,84.0,83.0,0.024096385542168676,0.18250768812511278,/workspace/safe-drift/outputs/setting_2_medqa_medmcqa_reference_coverage_gamma_v1/repeat_01/olmo7b_instruct/KR64_KT16/pct25.6/safe_reference_precondsgd_refB_K_gamma0.01_epsm0.5/training_runs/safe_low_rank_sgd_reference_greedy_marginal_eta0.0002_metricFplusAlpha_gamma0.01_epsm0.5_caln64_calseed43_pct25.6_seed43,0.02784647692185636,0.0007754262769594789,2.6889785759032377e-13,True,3.659564105981531e-12,True,,0.01,6.468232662640082e-06,0.0021583358764648442,0.0043166717529296884,0.5,reference,False,0.00038771313847973943,277.7010803222656,6.468232662640082e-06,512,-1.1731599027768233e-06,False,-0.00038941574801016645,False,512.0,greedy_marginal,completed,False,False,0.02784647692185636,1.5036735525510827,False,61.20432826114047,False,1.5036735525510827,61.20432826114047,0.009421357018630798,none,0.0021583358764648442,False,,0.0006468232662640082,43,0.0003958839806728065,3.502366780594457e-06,safe_low_rank_sgd_reference_greedy_marginal_eta0.0002_metricFplusAlpha_gamma0.01_epsm0.5_caln64_calseed43,safe_low_rank_sgd_reference_greedy_marginal_eta0.0002_metricFplusAlpha_gamma0.01_epsm0.5_caln64_calseed43,sgd,2.3411644583120506,8.735944223312031e-05,/workspace/safe-drift/outputs/setting_2_medqa_medmcqa_reference_coverage_gamma_v1/repeat_01/olmo7b_instruct/KR64_KT16/pct25.6/safe_reference_precondsgd_refB_K_gamma0.01_epsm0.5/training_runs/safe_low_rank_sgd_reference_greedy_marginal_eta0.0002_metricFplusAlpha_gamma0.01_epsm0.5_caln64_calseed43_pct25.6_seed43/summary.json,,,-3.3455961316940375,0.41015625,0.0,256.0,3.3455961316940375,649.2508641593158,0.0011546547757461667,0.0,0,1.0,1.0,0,0.931372549019608,-0.5416666666666667,0.22360679774997896,0.28867513459481287,0.15389675281277312,-0.30637254901960786,0.30637254901960786,17
False,False,False,True,,,,,,,,,,,,,,,,,,,,,,,,,,,,,,,,,,,,,,,,,,64,0.0,1.1295337162683187e+17,3244754755780608.0,1.3758817367400448e+16,1.2671218899423232e+17,4793409119838208.0,3832507489320960.0,0.42913385826771655,254.0,11.558788146872534,657978937589760.0,254.0,0.42913385826771655,254.0,0.0,0.0,0.0,0.0,,,,,,,,,,,,,,,,,,,,,,,,,,,,,0.5376884422110553,0.4375,256.0,398.0,398.0,0.0,13.887234960993132,909753906085888.0,0.546875,0.546875,256.0,0.546875,0.0,0.0,2.3400262000856293,320413158785024.0,256.0,0.14382745690683948,256.0,0.0,256.0,0.01953125,0.14382745690683948,2697207.7454888215,False,25.129419326782227,44.83776057722047,False,0.0011600842699408531,0.04166666666666674,0.0,2697207.7454888215,44.83776057722047,45813.18156663582,0.7914713867784899,,,510,0.453125,256.0,5.844090297818184,0.3888888888888889,90.0,"bbq,truthfulqa",B_K,,,,,,,,,,766,256,256.0,0.26912963084829783,172.0,84.0,0.018029447478167815,766,82.0,0.012195121951219513,0.14937037280770674,0.39325842696629215,89.0,384,256.0,0.2675464146469258,172.0,84.0,83.0,0.024096385542168676,0.14183440232755945,/workspace/safe-drift/outputs/setting_2_medqa_medmcqa_reference_coverage_gamma_v1/repeat_01/olmo7b_instruct/KR64_KT16/pct25.6/safe_reference_precondsgd_refB_K_gamma0.01_epsm1/training_runs/safe_low_rank_sgd_reference_greedy_marginal_eta0.0002_metricFplusAlpha_gamma0.01_epsm1_caln64_calseed43_pct25.6_seed43,0.030255496954180155,0.0009153950959444046,1.075591430361295e-12,True,1.4638256423926124e-11,True,,0.01,2.5872930650560328e-05,0.0043166717529296884,0.0043166717529296884,1.0,reference,False,0.0004576975479722023,277.7010803222656,2.5872930650560328e-05,512,5.706612848939844e-06,True,-0.00042974575981594794,False,512.0,greedy_marginal,completed,True,False,0.030255496954180155,0.3874939895542154,True,17.609857901775037,False,0.3874939895542154,17.609857901775037,0.018998561947643457,none,0.0043166717529296884,False,,0.0025872930650560327,43,0.00045561869046650827,3.6102146623306908e-06,safe_low_rank_sgd_reference_greedy_marginal_eta0.0002_metricFplusAlpha_gamma0.01_epsm1_caln64_calseed43,safe_low_rank_sgd_reference_greedy_marginal_eta0.0002_metricFplusAlpha_gamma0.01_epsm1_caln64_calseed43,sgd,2.384944279744559,8.81954988798117e-05,/workspace/safe-drift/outputs/setting_2_medqa_medmcqa_reference_coverage_gamma_v1/repeat_01/olmo7b_instruct/KR64_KT16/pct25.6/safe_reference_precondsgd_refB_K_gamma0.01_epsm1/training_runs/safe_low_rank_sgd_reference_greedy_marginal_eta0.0002_metricFplusAlpha_gamma0.01_epsm1_caln64_calseed43_pct25.6_seed43/summary.json,,,-3.2772294908645563,0.39453125,-0.125,256.0,3.2772294908645563,648.7470905818045,0.0011600842699408531,0.0,0,1.0,1.0,0,0.9338235294117648,0.24754901960784317,0.7071067811865475,-0.051298917604257706,0.20519567041703082,0.3137254901960785,-0.3137254901960785,17
False,False,False,True,,,,,,,,,,,,,,,,,,,,,,,,,,,,,,,,,,,,,,,,,,64,0.0,1.1295337162683187e+17,3311508651786240.0,1.382557126340608e+16,1.2677894289023795e+17,4793409119838208.0,3832507489320960.0,0.4566929133858268,254.0,12.164963126495442,657978937589760.0,254.0,0.4566929133858268,254.0,0.0,0.0,0.0,0.0,,,,,,,,,,,,,,,,,,,,,,,,,,,,,0.5301507537688442,0.43359375,256.0,398.0,398.0,0.0,14.560541634758314,909753906085888.0,0.52734375,0.52734375,256.0,0.5234375,0.0,0.0,2.203088558401599,320413158785024.0,256.0,0.1615799710317256,256.0,0.0,256.0,0.01953125,0.1615799710317256,676298.8856788512,False,25.203840255737305,11.324483429840559,False,0.0011719902977347374,0.04166666666666674,0.0,676298.8856788512,11.324483429840559,11561.815822838053,0.2002763988633107,,,510,0.4921875,256.0,6.027446006735166,0.4444444444444444,90.0,"bbq,truthfulqa",B_K,,,,,,,,,,766,256,256.0,0.3016100931741145,172.0,84.0,0.02057120492188602,766,82.0,0.012195121951219513,0.15877574190378463,0.42696629213483145,89.0,384,256.0,0.29315008584519614,172.0,84.0,83.0,0.024096385542168676,0.15933387955556086,/workspace/safe-drift/outputs/setting_2_medqa_medmcqa_reference_coverage_gamma_v1/repeat_01/olmo7b_instruct/KR64_KT16/pct25.6/safe_reference_precondsgd_refB_K_gamma0.01_epsm2/training_runs/safe_low_rank_sgd_reference_greedy_marginal_eta0.0002_metricFplusAlpha_gamma0.01_epsm2_caln64_calseed43_pct25.6_seed43,0.04268667444307709,0.0018221521750092506,4.30236572144518e-12,True,5.85530256957045e-11,True,,0.01,0.00010349172260224131,0.008633343505859377,0.0043166717529296884,2.0,reference,False,0.0009110760875046253,277.7010803222656,0.00010349172260224131,512,3.326985982357759e-05,True,-0.000504133975137181,False,512.0,greedy_marginal,completed,True,False,0.04268667444307709,0.1072642542933431,True,5.871251490376745,False,0.1072642542933431,5.871251490376745,0.03843317926359574,none,0.008633343505859377,False,,0.01034917226022413,43,0.0006076256977394223,3.9974502215045504e-06,safe_low_rank_sgd_reference_greedy_marginal_eta0.0002_metricFplusAlpha_gamma0.01_epsm2_caln64_calseed43,safe_low_rank_sgd_reference_greedy_marginal_eta0.0002_metricFplusAlpha_gamma0.01_epsm2_caln64_calseed43,sgd,2.436737240906041,8.97969599113202e-05,/workspace/safe-drift/outputs/setting_2_medqa_medmcqa_reference_coverage_gamma_v1/repeat_01/olmo7b_instruct/KR64_KT16/pct25.6/safe_reference_precondsgd_refB_K_gamma0.01_epsm2/training_runs/safe_low_rank_sgd_reference_greedy_marginal_eta0.0002_metricFplusAlpha_gamma0.01_epsm2_caln64_calseed43_pct25.6_seed43/summary.json,,,-3.226677261198347,0.39453125,-0.0625,256.0,3.226677261198347,644.6507496479899,0.0011719902977347374,0.0,0,1.0,1.0,0,0.9754901960784315,0.502450980392157,0.22360679774997896,-0.15389675281277312,0.7071067811865475,0.5318627450980393,-0.5318627450980393,17
False,False,False,True,,,,,,,,,,,,,,,,,,,,,,,,,,,,,,,,,,,,,,,,,,64,0.0,1.1295337162683187e+17,3410766624178176.0,1.3924829235798016e+16,1.2687820086262989e+17,4793409119838208.0,3832507489320960.0,0.4448818897637795,254.0,12.10460071113166,657978937589760.0,254.0,0.4448818897637795,254.0,0.0,0.0,0.0,0.0,,,,,,,,,,,,,,,,,,,,,,,,,,,,,0.5251256281407035,0.421875,256.0,398.0,398.0,0.0,14.479276202619076,909753906085888.0,0.5625,0.5625,256.0,0.56640625,0.0,0.0,2.288016397675874,320413158785024.0,256.0,0.15785728216015238,256.0,0.0,256.0,0.01953125,0.15785728216015238,11334017.467467051,False,25.71965980529785,19.55976532028487,False,0.0011781507637351751,0.04166666666666674,0.0,11334017.467467051,19.55976532028487,187644.79828188365,0.34401709989430185,,,510,0.5,256.0,6.016416072845459,0.4222222222222222,90.0,"bbq,truthfulqa",B_K,,,,,,,,,,766,256,256.0,0.28927647458194583,172.0,84.0,0.10390453825521934,766,82.0,0.012195121951219513,0.1563307269416695,0.4606741573033708,89.0,384,256.0,0.30285023604025774,172.0,84.0,83.0,0.024096385542168676,0.14502631477714467,/workspace/safe-drift/outputs/setting_2_medqa_medmcqa_reference_coverage_gamma_v1/repeat_01/olmo7b_instruct/KR64_KT16/pct25.6/safe_reference_precondsgd_refB_K_gamma0.1_epsm0.5/training_runs/safe_low_rank_sgd_reference_greedy_marginal_eta0.0002_metricFplusAlpha_gamma0.1_epsm0.5_caln64_calseed43_pct25.6_seed43,0.03078258843404528,0.0009475677506998181,4.9729393271759435e-15,True,5.541613134628538e-11,True,,0.1,6.023337930917549e-05,0.0021303730964660644,0.004260746192932129,0.5,reference,False,0.00047378387534990907,265.43359375,6.023337930917549e-05,512,-1.3290746160529992e-06,False,-0.0005140048697915693,False,512.0,greedy_marginal,completed,False,False,0.03078258843404528,1.5856902862614402,False,9.53356200731869,False,1.5856902862614402,9.53356200731869,0.01622215878668623,none,0.0021303730964660644,False,,0.0006023337930917548,43,0.0005742382491007447,3.5983193811262026e-06,safe_low_rank_sgd_reference_greedy_marginal_eta0.0002_metricFplusAlpha_gamma0.1_epsm0.5_caln64_calseed43,safe_low_rank_sgd_reference_greedy_marginal_eta0.0002_metricFplusAlpha_gamma0.1_epsm0.5_caln64_calseed43,sgd,2.428573689273435,8.939577428540568e-05,/workspace/safe-drift/outputs/setting_2_medqa_medmcqa_reference_coverage_gamma_v1/repeat_01/olmo7b_instruct/KR64_KT16/pct25.6/safe_reference_precondsgd_refB_K_gamma0.1_epsm0.5/training_runs/safe_low_rank_sgd_reference_greedy_marginal_eta0.0002_metricFplusAlpha_gamma0.1_epsm0.5_caln64_calseed43_pct25.6_seed43/summary.json,,,-3.302187178291206,0.41796875,0.0625,256.0,3.302187178291206,630.2614730857313,0.0011781507637351751,0.0,0,1.0,1.0,0,0.9926470588235295,0.08578431372549021,0.6708203932499369,0.6324555320336759,0.4472135954999579,0.04166666666666667,-0.04166666666666667,17
False,False,False,True,,,,,,,,,,,,,,,,,,,,,,,,,,,,,,,,,,,,,,,,,,64,0.0,1.1295337162683187e+17,3459979957223424.0,1.3974042568843264e+16,1.2692741419567514e+17,4793409119838208.0,3832507489320960.0,0.4645669291338583,254.0,12.10742236560411,657978937589760.0,254.0,0.4645669291338583,254.0,0.0,0.0,0.0,0.0,,,,,,,,,,,,,,,,,,,,,,,,,,,,,0.5326633165829145,0.4296875,256.0,398.0,398.0,0.0,14.172054221232733,909753906085888.0,0.59375,0.59375,256.0,0.58984375,0.0,0.0,2.198296724563236,320413158785024.0,256.0,0.16944847624127413,256.0,0.0,256.0,0.01953125,0.16944847624127413,2609397.0458988636,False,24.311302185058594,4.484615664929529,False,0.0011603015009313822,0.125,0.0,2609397.0458988636,4.484615664929529,45587.13458727256,0.08029825208298974,,,510,0.515625,256.0,5.912423719962438,0.45555555555555555,90.0,"bbq,truthfulqa",B_K,,,,,,,,,,766,256,256.0,0.30835547400138325,172.0,84.0,0.018029447478167815,766,82.0,0.012195121951219513,0.16115539244721092,0.43820224719101125,89.0,384,256.0,0.3003017709372773,172.0,84.0,83.0,0.024096385542168676,0.16240129468354336,/workspace/safe-drift/outputs/setting_2_medqa_medmcqa_reference_coverage_gamma_v1/repeat_01/olmo7b_instruct/KR64_KT16/pct25.6/safe_reference_precondsgd_refB_K_gamma0.1_epsm1/training_runs/safe_low_rank_sgd_reference_greedy_marginal_eta0.0002_metricFplusAlpha_gamma0.1_epsm1_caln64_calseed43_pct25.6_seed43,0.03815969026288649,0.0014561619609594345,1.6609672858836685e-13,True,2.118661828007934e-10,True,,0.1,0.0002587293065056033,0.0043166717529296884,0.0043166717529296884,1.0,reference,False,0.0007280809804797173,277.7010803222656,0.0002587293065056033,512,4.628829340277011e-06,True,-0.0006596017256476157,False,512.0,greedy_marginal,completed,True,False,0.03815969026288649,0.5031753743774335,True,3.5493877253511066,False,0.5031753743774335,3.5493877253511066,0.03476924274673313,none,0.0043166717529296884,False,,0.0025872930650560327,43,0.000918331032153219,4.687998170993524e-06,safe_low_rank_sgd_reference_greedy_marginal_eta0.0002_metricFplusAlpha_gamma0.1_epsm1_caln64_calseed43,safe_low_rank_sgd_reference_greedy_marginal_eta0.0002_metricFplusAlpha_gamma0.1_epsm1_caln64_calseed43,sgd,2.421000763781194,8.982711955982103e-05,/workspace/safe-drift/outputs/setting_2_medqa_medmcqa_reference_coverage_gamma_v1/repeat_01/olmo7b_instruct/KR64_KT16/pct25.6/safe_reference_precondsgd_refB_K_gamma0.1_epsm1/training_runs/safe_low_rank_sgd_reference_greedy_marginal_eta0.0002_metricFplusAlpha_gamma0.1_epsm1_caln64_calseed43_pct25.6_seed43/summary.json,,,-3.306135578532121,0.4296875,0.125,256.0,3.306135578532121,673.5990967061371,0.0011603015009313822,0.0,0,1.0,1.0,0,0.931372549019608,0.2622549019607843,0.6668859288553503,0.6324555320336759,0.8944271909999159,0.37009803921568635,-0.37009803921568635,17
False,True,False,True,,,,,,,,,,,,,,,,,,,,,,,,,,,,,,,,,,,,,,,,,,64,0.0,1.1295337177070501e+17,3548264686436352.0,4.652404146863309e+16,1.594774132393381e+17,4793409119838208.0,3832507489320960.0,0.4763779527559055,254.0,12.296718925315878,657978937589760.0,254.0,0.4763779527559055,254.0,0.0,0.0,0.0,0.0,,,,,,,,,,,,,,,,,,,,,,,,,,,,,0.535175879396985,0.4375,256.0,398.0,398.0,0.0,14.477125545342764,909753906085888.0,0.6015625,0.6015625,256.0,0.60546875,0.0,0.0,2.4426945433374696,320413158785024.0,256.0,0.16257092671811263,256.0,0.0,256.0,0.01953125,0.16257092671811263,678345.6246174093,False,24.70669174194336,0.7474948112783262,True,0.0011584180174395442,0.08333333333333337,0.0,678345.6246174093,0.7474948112783262,11608.597174856217,0.013218269761440403,,,510,0.52734375,256.0,6.146946335832278,0.4777777777777778,90.0,"bbq,mmlu_non_medical",B_K,,,,,,,,,,766,256,256.0,0.3219854044651928,172.0,84.0,0.018029447478167815,766,82.0,0.012195121951219513,0.1661930311526078,0.4157303370786517,89.0,384,256.0,0.28455049627589657,172.0,84.0,83.0,0.024096385542168676,0.15337065547314138,/workspace/safe-drift/outputs/setting_2_medqa_medmcqa_reference_coverage_gamma_v1/repeat_01/olmo7b_instruct/KR64_KT16/pct25.6/safe_reference_precondsgd_refB_K_gamma0.1_epsm2/training_runs/safe_low_rank_sgd_reference_greedy_marginal_eta0.0002_metricFplusAlpha_gamma0.1_epsm2_caln64_calseed43_pct25.6_seed43,0.08111945402749682,0.00658036582171917,7.355370984865345e-12,True,-6.146316160020315e-11,True,,0.1,0.001549733857628361,0.008534867477416993,0.0042674337387084964,2.0,reference,False,0.003290182910859585,425.4941101074219,0.001549733857628361,512,3.0886538377049805e-05,True,-0.0005837268577847325,False,512.0,greedy_marginal,completed,True,False,0.08111945402749682,0.15198083229894102,True,1.376662497293178,False,0.15198083229894102,1.376662497293178,0.0808307357416597,none,0.008534867477416993,False,,0.01549733857628361,43,0.0021334607154130936,5.535443051485345e-06,safe_low_rank_sgd_reference_greedy_marginal_eta0.0002_metricFplusAlpha_gamma0.1_epsm2_caln64_calseed43,safe_low_rank_sgd_reference_greedy_marginal_eta0.0002_metricFplusAlpha_gamma0.1_epsm2_caln64_calseed43,sgd,2.368568260349093,8.915857833369234e-05,/workspace/safe-drift/outputs/setting_2_medqa_medmcqa_reference_coverage_gamma_v1/repeat_01/olmo7b_instruct/KR64_KT16/pct25.6/safe_reference_precondsgd_refB_K_gamma0.1_epsm2/training_runs/safe_low_rank_sgd_reference_greedy_marginal_eta0.0002_metricFplusAlpha_gamma0.1_epsm2_caln64_calseed43_pct25.6_seed43/summary.json,,,-3.253597833971071,0.4375,0.0625,256.0,3.253597833971071,667.6346479766071,0.0011584180174395442,0.0,0,1.0,1.0,0,0.9779411764705884,0.46813725490196084,0.6708203932499369,0.7181848464596079,0.051298917604257706,0.5073529411764707,-0.5073529411764707,17
False,False,False,True,,,,,,,,,,,,,,,,,,,,,,,,,,,,,,,,,,,,,,,,,,64,0.0,1.1295337162683187e+17,3667557140692992.0,1.4181619752312832e+16,1.271349913791447e+17,4793409119838208.0,3832507489320960.0,0.5118110236220472,254.0,11.843206197883827,657978937589760.0,254.0,0.5118110236220472,254.0,0.0,0.0,0.0,0.0,,,,,,,,,,,,,,,,,,,,,,,,,,,,,0.5201005025125628,0.41015625,256.0,398.0,398.0,0.0,14.3369563271602,909753906085888.0,0.6015625,0.6015625,256.0,0.58984375,0.0,0.0,2.1538829194021747,320413158785024.0,256.0,0.15893091181020896,256.0,0.0,256.0,0.015625,0.15893091181020896,10411202.94453269,False,24.249845504760742,1.7908303392889,False,0.0011583507293835282,0.08333333333333337,0.0,10411202.94453269,1.7908303392889,185729.8226827358,0.03235888247988088,,,510,0.5546875,256.0,5.860500946640968,0.5222222222222223,90.0,"bbq,truthfulqa",B_K,,,,,,,,,,766,256,256.0,0.3405014150501356,172.0,84.0,0.02057120492188602,766,82.0,0.012195121951219513,0.15878060787804896,0.47191011235955055,89.0,384,256.0,0.32131058395922396,172.0,84.0,83.0,0.024096385542168676,0.17071105555889743,/workspace/safe-drift/outputs/setting_2_medqa_medmcqa_reference_coverage_gamma_v1/repeat_01/olmo7b_instruct/KR64_KT16/pct25.6/safe_reference_precondsgd_refB_K_gamma1_epsm0.5/training_runs/safe_low_rank_sgd_reference_greedy_marginal_eta0.0002_metricFplusAlpha_gamma1_epsm0.5_caln64_calseed43_pct25.6_seed43,1390.9347576360294,1934699.5,4.152418214709171e-14,True,5.796508672356593e-12,True,,1.0,0.0006468232662640082,0.0021583358764648442,0.0043166717529296884,0.5,reference,False,967349.75,277.7010803222656,0.0006468232662640082,512,-2.3871461547457137e-06,False,-0.00046382430594046247,False,512.0,greedy_marginal,completed,False,False,1390.9347576360294,2.02487510984098,False,1.7170789902114825,False,2.02487510984098,1.7170789902114825,683.7175266511748,none,0.0021583358764648442,False,,0.0006468232662640082,43,0.0011106475722044706,4.716353032563347e-06,safe_low_rank_sgd_reference_greedy_marginal_eta0.0002_metricFplusAlpha_gamma1_epsm0.5_caln64_calseed43,safe_low_rank_sgd_reference_greedy_marginal_eta0.0002_metricFplusAlpha_gamma1_epsm0.5_caln64_calseed43,sgd,2.3646952050630716,8.945696004980519e-05,/workspace/safe-drift/outputs/setting_2_medqa_medmcqa_reference_coverage_gamma_v1/repeat_01/olmo7b_instruct/KR64_KT16/pct25.6/safe_reference_precondsgd_refB_K_gamma1_epsm0.5/training_runs/safe_low_rank_sgd_reference_greedy_marginal_eta0.0002_metricFplusAlpha_gamma1_epsm0.5_caln64_calseed43_pct25.6_seed43/summary.json,,,-3.2186889239810625,0.4296875,0.0625,256.0,3.2186889239810625,632.8981098011136,0.0011583507293835282,0.0,0,1.0,1.0,0,0.9926470588235295,0.42156862745098045,0.35909242322980395,0.7905694150420948,0.7826237921249264,0.44362745098039225,-0.44362745098039225,17
False,True,False,True,,,,,,,,,,,,,,,,,,,,,,,,,,,,,,,,,,,,,,,,,,64,0.0,1.1295337162683187e+17,3672129325350912.0,1.4186191936970752e+16,1.2713956356380262e+17,4793409119838208.0,3832507489320960.0,0.5551181102362205,254.0,12.009259426687645,657978937589760.0,254.0,0.5551181102362205,254.0,0.0,0.0,0.0,0.0,,,,,,,,,,,,,,,,,,,,,,,,,,,,,0.5376884422110553,0.43359375,256.0,398.0,398.0,0.0,14.260727296272913,909753906085888.0,0.578125,0.578125,256.0,0.578125,0.0,0.0,2.1787676028739815,320413158785024.0,256.0,0.16422279848919463,256.0,0.0,256.0,0.01171875,0.16422279848919463,2619091.39593904,False,24.401622772216797,0.4483261764561194,True,0.001159951207228005,0.08333333333333337,0.0,2619091.39593904,0.4483261764561194,46024.55582047884,0.008042754248144905,,,510,0.56640625,256.0,5.924485504627228,0.5666666666666667,90.0,"bbq,truthfulqa",B_K,,,,,,,,,,766,256,256.0,0.3597812527649869,172.0,84.0,-0.003238318887637759,766,82.0,0.012195121951219513,0.15289583886330715,0.4943820224719101,89.0,384,256.0,0.3332943299258886,172.0,84.0,83.0,0.024096385542168676,0.17220663737986713,/workspace/safe-drift/outputs/setting_2_medqa_medmcqa_reference_coverage_gamma_v1/repeat_01/olmo7b_instruct/KR64_KT16/pct25.6/safe_reference_precondsgd_refB_K_gamma1_epsm1/training_runs/safe_low_rank_sgd_reference_greedy_marginal_eta0.0002_metricFplusAlpha_gamma1_epsm1_caln64_calseed43_pct25.6_seed43,1700.4421483837666,2891503.5,1.6609672858836685e-13,True,2.318603468942637e-11,True,,1.0,0.0025872930650560327,0.0043166717529296884,0.0043166717529296884,1.0,reference,False,1445751.75,277.7010803222656,0.0025872930650560327,512,1.4332283013802993e-06,True,0.0005310792707799144,True,512.0,greedy_marginal,completed,True,True,1700.4421483837666,0.8461677754958404,True,0.7947351067005504,True,0.8461677754958404,0.7947351067005504,1698.6712454150745,none,0.0043166717529296884,False,,0.0025872930650560327,43,0.0020562137942761183,7.883599209890235e-06,safe_low_rank_sgd_reference_greedy_marginal_eta0.0002_metricFplusAlpha_gamma1_epsm1_caln64_calseed43,safe_low_rank_sgd_reference_greedy_marginal_eta0.0002_metricFplusAlpha_gamma1_epsm1_caln64_calseed43,sgd,2.4271797538513056,9.001257684862485e-05,/workspace/safe-drift/outputs/setting_2_medqa_medmcqa_reference_coverage_gamma_v1/repeat_01/olmo7b_instruct/KR64_KT16/pct25.6/safe_reference_precondsgd_refB_K_gamma1_epsm1/training_runs/safe_low_rank_sgd_reference_greedy_marginal_eta0.0002_metricFplusAlpha_gamma1_epsm1_caln64_calseed43_pct25.6_seed43/summary.json,,,-3.3113744092534034,0.44921875,0.0625,256.0,3.3113744092534034,682.4264708738774,0.001159951207228005,0.0,0,1.0,1.0,0,0.8700980392156864,0.18137254901960786,0.6708203932499369,0.7071067811865475,0.11180339887498948,0.36764705882352944,-0.36764705882352944,17
False,True,False,True,,,,,,,,,,,,,,,,,,,,,,,,,,,,,,,,,,,,,,,,,,64,0.0,1.1295337177070501e+17,3438532254646272.0,4.641430903684301e+16,1.5936768080754803e+17,4793409119838208.0,3832507489320960.0,0.5118110236220472,254.0,11.571186253404992,657978937589760.0,254.0,0.5118110236220472,254.0,0.0,0.0,0.0,0.0,,,,,,,,,,,,,,,,,,,,,,,,,,,,,0.5251256281407035,0.43359375,256.0,398.0,398.0,0.0,13.566440910100937,909753906085888.0,0.57421875,0.57421875,256.0,0.578125,0.0,0.0,1.911389363983463,320413158785024.0,256.0,0.22505520299175363,256.0,0.0,256.0,0.0078125,0.22505520299175363,619025.4389542314,False,22.546133041381836,0.07199120365105094,True,0.0011156720574945211,0.04166666666666674,0.0,619025.4389542314,0.07199120365105094,11860.697850342478,0.001358994372643985,,,510,0.55078125,256.0,5.491538435220718,0.5222222222222223,90.0,"bbq,mmlu_non_medical",B_K,,,,,,,,,,766,256,256.0,0.357903399233575,172.0,84.0,-0.035533964418577424,766,82.0,0.0,0.19358457624492773,0.449438202247191,89.0,384,256.0,0.33396416274077106,172.0,84.0,83.0,0.012048192771084338,0.21849012323435116,/workspace/safe-drift/outputs/setting_2_medqa_medmcqa_reference_coverage_gamma_v1/repeat_01/olmo7b_instruct/KR64_KT16/pct25.6/safe_reference_precondsgd_refB_K_gamma1_epsm2/training_runs/safe_low_rank_sgd_reference_greedy_marginal_eta0.0002_metricFplusAlpha_gamma1_epsm2_caln64_calseed43_pct25.6_seed43,4969.734801777656,24698264.0,3.7173921777736325e-12,True,3.3434893256800713e-09,True,,1.0,0.01549733857628361,0.008534867477416993,0.0042674337387084964,2.0,reference,False,12349132.0,425.4941101074219,0.01549733857628361,512,2.405367112016022e-05,True,0.00933247487064854,True,512.0,greedy_marginal,completed,True,True,4969.734801777656,0.3395836751123282,True,0.3978015969384527,True,0.3395836751123282,0.3978015969384527,4969.734801777656,none,0.008534867477416993,False,,0.01549733857628361,43,0.006164863705635071,1.236831030837493e-05,safe_low_rank_sgd_reference_greedy_marginal_eta0.0002_metricFplusAlpha_gamma1_epsm2_caln64_calseed43,safe_low_rank_sgd_reference_greedy_marginal_eta0.0002_metricFplusAlpha_gamma1_epsm2_caln64_calseed43,sgd,2.373325900427517,8.874194499854104e-05,/workspace/safe-drift/outputs/setting_2_medqa_medmcqa_reference_coverage_gamma_v1/repeat_01/olmo7b_instruct/KR64_KT16/pct25.6/safe_reference_precondsgd_refB_K_gamma1_epsm2/training_runs/safe_low_rank_sgd_reference_greedy_marginal_eta0.0002_metricFplusAlpha_gamma1_epsm2_caln64_calseed43_pct25.6_seed43/summary.json,,,-3.2217172694636247,0.40234375,0.125,256.0,3.2217172694636247,686.6466090753675,0.0011156720574945211,0.0,0,1.0,1.0,0,0.7377450980392158,0.34313725490196084,0.6708203932499369,0.6324555320336759,-0.9746794344808964,0.4926470588235295,-0.4926470588235295,17
False,False,False,False,,,,,,,,,,,,,,,,,,,,,,,,,,,,,,,,,,,,,,,,,,64,0.0,1.1295337177070501e+17,3241928314355712.0,4.621770509655245e+16,1.5917107686725747e+17,4793409119838208.0,3832507489320960.0,0.452755905511811,254.0,11.747029319522888,657978937589760.0,254.0,0.452755905511811,254.0,0.0,0.0,0.0,0.0,,,,,,,,,,,,,,,,,,,,,,,,,,,,,0.5452261306532663,0.44921875,256.0,398.0,398.0,0.0,13.819471172988415,909753906085888.0,0.55859375,0.55859375,256.0,0.5546875,0.0,0.0,2.1125621471025275,320413158785024.0,256.0,0.17299184516656618,256.0,0.0,256.0,0.01953125,0.17299184516656618,11202702.29570287,False,26.056509017944336,182.64697674720136,False,0.0008647402282804251,0.08333333333333337,0.0,11202702.29570287,182.64697674720136,185785.6841368719,3.1541633094110413,,,510,0.49609375,256.0,5.744726891318957,0.45555555555555555,90.0,"truthfulqa,mmlu_non_medical",B_T_K,,,,,,,,,,766,256,256.0,0.3088700985354935,172.0,84.0,0.02057120492188602,766,82.0,0.012195121951219513,0.16218464151543147,0.4606741573033708,89.0,384,256.0,0.3156208893286619,172.0,84.0,83.0,0.024096385542168676,0.17056762135395298,/workspace/safe-drift/outputs/setting_2_medqa_medmcqa_reference_coverage_gamma_v1/repeat_01/olmo7b_instruct/KR64_KT16/pct25.6/safe_reference_precondsgd_refB_T_K_gamma0.01_epsm0.5/training_runs/safe_low_rank_sgd_reference_greedy_marginal_eta0.0002_metricFplusAlpha_gamma0.01_epsm0.5_caln64_calseed43_pct25.6_seed43,0.03031149037728442,0.000918786448892206,-7.243984825000777e-13,True,-2.305108318781976e-12,True,,0.01,4.734489689787188e-06,0.002156809139251709,0.004313618278503418,0.5,reference,False,0.000459393224446103,203.55404663085938,4.734489689787188e-06,512,-9.35781187294701e-07,False,-0.00047621640763690574,False,512.0,greedy_marginal,completed,False,False,0.03031149037728442,1.4023285716425935,False,101.58439210035354,False,1.4023285716425935,101.58439210035354,0.005350337474278596,none,0.002156809139251709,False,,0.0004734489689787188,43,0.00048095089732669294,3.2616940188745502e-06,safe_low_rank_sgd_reference_greedy_marginal_eta0.0002_metricFplusAlpha_gamma0.01_epsm0.5_caln64_calseed43,safe_low_rank_sgd_reference_greedy_marginal_eta0.0002_metricFplusAlpha_gamma0.01_epsm0.5_caln64_calseed43,sgd,2.5761532789747434,6.658977436309332e-05,/workspace/safe-drift/outputs/setting_2_medqa_medmcqa_reference_coverage_gamma_v1/repeat_01/olmo7b_instruct/KR64_KT16/pct25.6/safe_reference_precondsgd_refB_T_K_gamma0.01_epsm0.5/training_runs/safe_low_rank_sgd_reference_greedy_marginal_eta0.0002_metricFplusAlpha_gamma0.01_epsm0.5_caln64_calseed43_pct25.6_seed43/summary.json,,,-3.2854983690194786,0.40234375,0.0,256.0,3.2854983690194786,630.9972283486277,0.0008647402282804251,0.0,0,1.0,1.0,0,0.9436274509803922,-0.30637254901960786,0.8944271909999159,0.33541019662496846,0.20519567041703082,-0.34803921568627455,0.34803921568627455,17
False,False,False,True,,,,,,,,,,,,,,,,,,,,,,,,,,,,,,,,,,,,,,,,,,64,0.0,1.1295337177070501e+17,3284906850140160.0,4.62606836323369e+16,1.5921405540304192e+17,4793409119838208.0,3832507489320960.0,0.468503937007874,254.0,12.333743385755485,657978937589760.0,254.0,0.468503937007874,254.0,0.0,0.0,0.0,0.0,,,,,,,,,,,,,,,,,,,,,,,,,,,,,0.5251256281407035,0.4296875,256.0,398.0,398.0,0.0,13.795088772972425,909753906085888.0,0.546875,0.546875,256.0,0.546875,0.0,0.0,2.1954411198561514,320413158785024.0,256.0,0.18281557894118472,256.0,0.0,256.0,0.01171875,0.18281557894118472,2749853.941531621,False,24.415340423583984,49.488762579952066,False,0.0008122624130919576,0.04166666666666674,0.0,2749853.941531621,49.488762579952066,48160.845261418115,0.9003793588086207,,,510,0.50390625,256.0,5.837075124184291,0.4444444444444444,90.0,"truthfulqa,mmlu_non_medical",B_T_K,,,,,,,,,,766,256,256.0,0.31584239704824335,172.0,84.0,0.022799368914755924,766,82.0,0.012195121951219513,0.1872403496520423,0.47191011235955055,89.0,384,256.0,0.3285991241325177,172.0,84.0,83.0,0.024096385542168676,0.18528813590548476,/workspace/safe-drift/outputs/setting_2_medqa_medmcqa_reference_coverage_gamma_v1/repeat_01/olmo7b_instruct/KR64_KT16/pct25.6/safe_reference_precondsgd_refB_T_K_gamma0.01_epsm1/training_runs/safe_low_rank_sgd_reference_greedy_marginal_eta0.0002_metricFplusAlpha_gamma0.01_epsm1_caln64_calseed43_pct25.6_seed43,0.02919071553723864,0.0008520978735759854,-2.278153980430275e-13,True,2.5817634264995153e-12,True,,0.01,1.641306775007152e-05,0.004213971328735352,0.004213971328735352,1.0,reference,False,0.0004260489367879927,184.8572998046875,1.641306775007152e-05,512,5.507472678358973e-06,True,-0.00043827843288574614,False,512.0,greedy_marginal,completed,True,False,0.02919071553723864,0.37970369490183,True,27.703019122532215,False,0.37970369490183,27.703019122532215,0.010006607897966084,none,0.004213971328735352,False,,0.0016413067750071521,43,0.00045469150063581765,3.37130450134282e-06,safe_low_rank_sgd_reference_greedy_marginal_eta0.0002_metricFplusAlpha_gamma0.01_epsm1_caln64_calseed43,safe_low_rank_sgd_reference_greedy_marginal_eta0.0002_metricFplusAlpha_gamma0.01_epsm1_caln64_calseed43,sgd,2.331373049739341,6.17132782503721e-05,/workspace/safe-drift/outputs/setting_2_medqa_medmcqa_reference_coverage_gamma_v1/repeat_01/olmo7b_instruct/KR64_KT16/pct25.6/safe_reference_precondsgd_refB_T_K_gamma0.01_epsm1/training_runs/safe_low_rank_sgd_reference_greedy_marginal_eta0.0002_metricFplusAlpha_gamma0.01_epsm1_caln64_calseed43_pct25.6_seed43/summary.json,,,-3.3242862139595672,0.39453125,0.0,256.0,3.3242862139595672,676.3840816039592,0.0008122624130919576,0.0,0,1.0,1.0,0,0.7132352941176472,-0.823529411764706,0.7071067811865475,0.35355339059327373,0.15389675281277312,-0.6666666666666667,0.6666666666666667,17
False,False,False,True,,,,,,,,,,,,,,,,,,,,,,,,,,,,,,,,,,,,,,,,,,64,0.0,1.1295337177070501e+17,3332041917431808.0,4.630781869962854e+16,1.5926119047033357e+17,4793409119838208.0,3832507489320960.0,0.484251968503937,254.0,10.83352993542128,657978937589760.0,254.0,0.484251968503937,254.0,0.0,0.0,0.0,0.0,,,,,,,,,,,,,,,,,,,,,,,,,,,,,0.5452261306532663,0.4453125,256.0,398.0,398.0,0.0,13.159355801840624,909753906085888.0,0.5625,0.5625,256.0,0.57421875,0.0,0.0,2.1173031385234324,320413158785024.0,256.0,0.16240446760301164,256.0,0.0,256.0,0.015625,0.16240446760301164,694147.2678057284,False,24.6527156829834,12.868171916335452,False,0.0008448247099295259,0.04166666666666674,0.0,694147.2678057284,12.868171916335452,12096.825904386207,0.22747583247660372,,,510,0.51953125,256.0,5.461979726950328,0.4666666666666667,90.0,"truthfulqa,mmlu_non_medical",B_T_K,,,,,,,,,,766,256,256.0,0.316992249194225,172.0,84.0,0.022799368914755924,766,82.0,0.012195121951219513,0.16731783172178333,0.4157303370786517,89.0,384,256.0,0.29099910328202117,172.0,84.0,83.0,0.024096385542168676,0.16626786948539063,/workspace/safe-drift/outputs/setting_2_medqa_medmcqa_reference_coverage_gamma_v1/repeat_01/olmo7b_instruct/KR64_KT16/pct25.6/safe_reference_precondsgd_refB_T_K_gamma0.01_epsm2/training_runs/safe_low_rank_sgd_reference_greedy_marginal_eta0.0002_metricFplusAlpha_gamma0.01_epsm2_caln64_calseed43_pct25.6_seed43,0.03241736828838229,0.0010508857667446136,-9.1126159217211e-13,True,1.0327053705998061e-11,True,,0.01,6.565227100028608e-05,0.008427942657470704,0.004213971328735352,2.0,reference,False,0.0005254428833723068,184.8572998046875,6.565227100028608e-05,512,3.200110859148234e-05,True,-0.0004278846651189127,False,512.0,greedy_marginal,completed,True,False,0.03241736828838229,0.09894380882083521,True,7.517437130266619,False,0.09894380882083521,7.517437130266619,0.020129315646209584,none,0.008427942657470704,False,,0.0065652271000286085,43,0.0004935369361191988,3.5140001273248345e-06,safe_low_rank_sgd_reference_greedy_marginal_eta0.0002_metricFplusAlpha_gamma0.01_epsm2_caln64_calseed43,safe_low_rank_sgd_reference_greedy_marginal_eta0.0002_metricFplusAlpha_gamma0.01_epsm2_caln64_calseed43,sgd,2.507413647811518,6.55546896258935e-05,/workspace/safe-drift/outputs/setting_2_medqa_medmcqa_reference_coverage_gamma_v1/repeat_01/olmo7b_instruct/KR64_KT16/pct25.6/safe_reference_precondsgd_refB_T_K_gamma0.01_epsm2/training_runs/safe_low_rank_sgd_reference_greedy_marginal_eta0.0002_metricFplusAlpha_gamma0.01_epsm2_caln64_calseed43_pct25.6_seed43/summary.json,,,-3.3216869190946454,0.42578125,0.0625,256.0,3.3216869190946454,660.5231695659459,0.0008448247099295259,0.0,0,1.0,1.0,0,0.9142156862745099,-0.10294117647058824,0.4472135954999579,0.5999999999999999,0.051298917604257706,0.08088235294117649,-0.08088235294117649,17
False,False,False,True,,,,,,,,,,,,,,,,,,,,,,,,,,,,,,,,,,,,,,,,,,64,0.0,1.1295337177070501e+17,3391397187354624.0,4.636717396955136e+16,1.593205457402564e+17,4793409119838208.0,3832507489320960.0,0.4881889763779528,254.0,11.736900317074433,657978937589760.0,254.0,0.4881889763779528,254.0,0.0,0.0,0.0,0.0,,,,,,,,,,,,,,,,,,,,,,,,,,,,,0.550251256281407,0.453125,256.0,398.0,398.0,0.0,14.106196363766989,909753906085888.0,0.58984375,0.58984375,256.0,0.578125,0.0,0.0,2.214228825762093,320413158785024.0,256.0,0.16152769023894303,256.0,0.0,256.0,0.01953125,0.16152769023894303,11589150.368692951,False,25.7243709564209,21.031833058007894,False,0.0008629922522231936,0.04166666666666674,0.0,11589150.368692951,21.031833058007894,196258.68580528768,0.37154874620075157,,,510,0.52734375,256.0,5.844280123710632,0.4888888888888889,90.0,"truthfulqa,mmlu_non_medical",B_T_K,,,,,,,,,,766,256,256.0,0.32910872597349683,172.0,84.0,0.02057120492188602,766,82.0,0.012195121951219513,0.16932856305810473,0.5056179775280899,89.0,384,256.0,0.3249038005664642,172.0,84.0,83.0,0.024096385542168676,0.14418962360483842,/workspace/safe-drift/outputs/setting_2_medqa_medmcqa_reference_coverage_gamma_v1/repeat_01/olmo7b_instruct/KR64_KT16/pct25.6/safe_reference_precondsgd_refB_T_K_gamma0.1_epsm0.5/training_runs/safe_low_rank_sgd_reference_greedy_marginal_eta0.0002_metricFplusAlpha_gamma0.1_epsm0.5_caln64_calseed43_pct25.6_seed43,0.029679326332941833,0.0008808624115772545,-2.8432752495398893e-13,True,1.918733439276385e-11,True,,0.1,4.10326693751788e-05,0.002106985664367676,0.004213971328735352,0.5,reference,False,0.00044043120578862727,184.8572998046875,4.10326693751788e-05,512,-1.2035766873135979e-06,False,-0.0004791630261964226,False,512.0,greedy_marginal,completed,False,False,0.029679326332941833,1.5422263282223834,False,12.677595366753122,False,1.5422263282223834,12.677595366753122,0.011897972891938953,none,0.002106985664367676,False,,0.00041032669375178803,43,0.0005201956955716014,3.423270982239046e-06,safe_low_rank_sgd_reference_greedy_marginal_eta0.0002_metricFplusAlpha_gamma0.1_epsm0.5_caln64_calseed43,safe_low_rank_sgd_reference_greedy_marginal_eta0.0002_metricFplusAlpha_gamma0.1_epsm0.5_caln64_calseed43,sgd,2.4775784615139855,6.673495815702479e-05,/workspace/safe-drift/outputs/setting_2_medqa_medmcqa_reference_coverage_gamma_v1/repeat_01/olmo7b_instruct/KR64_KT16/pct25.6/safe_reference_precondsgd_refB_T_K_gamma0.1_epsm0.5/training_runs/safe_low_rank_sgd_reference_greedy_marginal_eta0.0002_metricFplusAlpha_gamma0.1_epsm0.5_caln64_calseed43_pct25.6_seed43/summary.json,,,-3.304940631867794,0.43359375,0.125,256.0,3.304940631867794,672.6588703822345,0.0008629922522231936,0.0,0,1.0,1.0,0,0.9779411764705884,-0.13725490196078433,0.6708203932499369,0.6324555320336759,0.4472135954999579,-0.05147058823529412,0.05147058823529412,17
False,False,False,True,,,,,,,,,,,,,,,,,,,,,,,,,,,,,,,,,,,,,,,,,,64,0.0,1.1295337177070501e+17,3471784506703872.0,4.644756128890061e+16,1.5940093305960563e+17,4793409119838208.0,3832507489320960.0,0.48031496062992124,254.0,11.24371807719153,657978937589760.0,254.0,0.48031496062992124,254.0,0.0,0.0,0.0,0.0,,,,,,,,,,,,,,,,,,,,,,,,,,,,,0.5226130653266332,0.421875,256.0,398.0,398.0,0.0,13.633937406043211,909753906085888.0,0.55859375,0.55859375,256.0,0.5625,0.0,0.0,2.0413840937936008,320413158785024.0,256.0,0.16642249104324588,256.0,0.0,256.0,0.01171875,0.16642249104324588,2732410.4686468136,False,24.26046371459961,5.051408276589128,False,0.0008290910627692938,0.125,0.0,2732410.4686468136,5.051408276589128,48556.199990046705,0.09155110539301164,,,510,0.51953125,256.0,5.57171027859052,0.45555555555555555,90.0,"truthfulqa,mmlu_non_medical",B_T_K,,,,,,,,,,766,256,256.0,0.3138716089768907,172.0,84.0,0.018029447478167815,766,82.0,0.012195121951219513,0.17218766239822586,0.48314606741573035,89.0,384,256.0,0.32879627536096384,172.0,84.0,83.0,0.024096385542168676,0.1744464833061973,/workspace/safe-drift/outputs/setting_2_medqa_medmcqa_reference_coverage_gamma_v1/repeat_01/olmo7b_instruct/KR64_KT16/pct25.6/safe_reference_precondsgd_refB_T_K_gamma0.1_epsm1/training_runs/safe_low_rank_sgd_reference_greedy_marginal_eta0.0002_metricFplusAlpha_gamma0.1_epsm1_caln64_calseed43_pct25.6_seed43,0.032477905077067167,0.0010548143181949854,-1.1373100998159557e-12,True,7.67493375710554e-11,True,,0.1,0.0001641306775007152,0.004213971328735352,0.004213971328735352,1.0,reference,False,0.0005274071590974927,184.8572998046875,0.0001641306775007152,512,5.032578655586186e-06,True,-0.00045482351162100796,False,512.0,greedy_marginal,completed,True,False,0.032477905077067167,0.43319011686751074,True,3.7711035565877054,False,0.43319011686751074,3.7711035565877054,0.024417288090292463,none,0.004213971328735352,False,,0.0016413067750071521,43,0.0006189541891217232,3.846198524115607e-06,safe_low_rank_sgd_reference_greedy_marginal_eta0.0002_metricFplusAlpha_gamma0.1_epsm1_caln64_calseed43,safe_low_rank_sgd_reference_greedy_marginal_eta0.0002_metricFplusAlpha_gamma0.1_epsm1_caln64_calseed43,sgd,2.292325768077717,6.370088018956e-05,/workspace/safe-drift/outputs/setting_2_medqa_medmcqa_reference_coverage_gamma_v1/repeat_01/olmo7b_instruct/KR64_KT16/pct25.6/safe_reference_precondsgd_refB_T_K_gamma0.1_epsm1/training_runs/safe_low_rank_sgd_reference_greedy_marginal_eta0.0002_metricFplusAlpha_gamma0.1_epsm1_caln64_calseed43_pct25.6_seed43/summary.json,,,-3.2844059077760903,0.421875,0.125,256.0,3.2844059077760903,637.9707962088287,0.0008290910627692938,0.0,0,1.0,1.0,0,0.8799019607843138,0.23039215686274514,0.872081599272381,0.6324555320336759,0.5642880936468347,0.3970588235294118,-0.3970588235294118,17
False,True,False,True,,,,,,,,,,,,,,,,,,,,,,,,,,,,,,,,,,,,,,,,,,64,0.0,1.1295337177070501e+17,3548264686436352.0,4.652404146863309e+16,1.594774132393381e+17,4793409119838208.0,3832507489320960.0,0.4763779527559055,254.0,12.296718925315878,657978937589760.0,254.0,0.4763779527559055,254.0,0.0,0.0,0.0,0.0,,,,,,,,,,,,,,,,,,,,,,,,,,,,,0.535175879396985,0.4375,256.0,398.0,398.0,0.0,14.477125545342764,909753906085888.0,0.6015625,0.6015625,256.0,0.60546875,0.0,0.0,2.4426945433374696,320413158785024.0,256.0,0.16257092671811263,256.0,0.0,256.0,0.01953125,0.16257092671811263,678345.6246174093,False,24.70669174194336,0.5375856022125214,True,0.0008331146091222763,0.08333333333333337,0.0,678345.6246174093,0.5375856022125214,11608.597174856217,0.009460700871260224,,,510,0.52734375,256.0,6.146946335832278,0.4777777777777778,90.0,"bbq,mmlu_non_medical",B_T_K,,,,,,,,,,766,256,256.0,0.3219854044651928,172.0,84.0,0.018029447478167815,766,82.0,0.012195121951219513,0.1661930311526078,0.4157303370786517,89.0,384,256.0,0.28455049627589657,172.0,84.0,83.0,0.024096385542168676,0.15337065547314138,/workspace/safe-drift/outputs/setting_2_medqa_medmcqa_reference_coverage_gamma_v1/repeat_01/olmo7b_instruct/KR64_KT16/pct25.6/safe_reference_precondsgd_refB_T_K_gamma0.1_epsm2/training_runs/safe_low_rank_sgd_reference_greedy_marginal_eta0.0002_metricFplusAlpha_gamma0.1_epsm2_caln64_calseed43_pct25.6_seed43,0.08111945402749682,0.00658036582171917,7.355370984865345e-12,True,-6.146316160020315e-11,True,,0.1,0.001549733857628361,0.008534867477416993,0.0042674337387084964,2.0,reference,False,0.003290182910859585,425.4941101074219,0.001549733857628361,512,3.0886538377049805e-05,True,-0.0005837268577847325,False,512.0,greedy_marginal,completed,True,False,0.08111945402749682,0.15198083229894102,True,1.376662497293178,False,0.15198083229894102,1.376662497293178,0.0808307357416597,none,0.008534867477416993,False,,0.01549733857628361,43,0.0021334607154130936,5.535443051485345e-06,safe_low_rank_sgd_reference_greedy_marginal_eta0.0002_metricFplusAlpha_gamma0.1_epsm2_caln64_calseed43,safe_low_rank_sgd_reference_greedy_marginal_eta0.0002_metricFplusAlpha_gamma0.1_epsm2_caln64_calseed43,sgd,2.368568260349093,6.451126961992681e-05,/workspace/safe-drift/outputs/setting_2_medqa_medmcqa_reference_coverage_gamma_v1/repeat_01/olmo7b_instruct/KR64_KT16/pct25.6/safe_reference_precondsgd_refB_T_K_gamma0.1_epsm2/training_runs/safe_low_rank_sgd_reference_greedy_marginal_eta0.0002_metricFplusAlpha_gamma0.1_epsm2_caln64_calseed43_pct25.6_seed43/summary.json,,,-3.253597833971071,0.4375,0.0625,256.0,3.253597833971071,663.4624067135155,0.0008331146091222763,0.0,0,1.0,1.0,0,0.9779411764705884,0.46813725490196084,0.6708203932499369,0.7181848464596079,0.051298917604257706,0.5073529411764707,-0.5073529411764707,17
False,False,False,True,,,,,,,,,,,,,,,,,,,,,,,,,,,,,,,,,,,,,,,,,,64,0.0,1.1295337177070501e+17,3679195428913152.0,4.665497221110989e+16,1.596083439818149e+17,4793409119838208.0,3832507489320960.0,0.4881889763779528,254.0,11.998590379249393,657978937589760.0,254.0,0.4881889763779528,254.0,0.0,0.0,0.0,0.0,,,,,,,,,,,,,,,,,,,,,,,,,,,,,0.5402010050251256,0.44140625,256.0,398.0,398.0,0.0,14.170874066650867,909753906085888.0,0.59765625,0.59765625,256.0,0.59765625,0.0,0.0,2.1755401822490117,320413158785024.0,256.0,0.16597401490554184,256.0,0.0,256.0,0.015625,0.16597401490554184,10950280.166791555,False,24.3062744140625,2.034143268908161,False,0.00083466328214854,0.08333333333333337,0.0,10950280.166791555,2.034143268908161,188565.83499566457,0.03570560941185243,,,510,0.54296875,256.0,5.910155579447746,0.4777777777777778,90.0,"truthfulqa,mmlu_non_medical",B_T_K,,,,,,,,,,766,256,256.0,0.3195684885277397,172.0,84.0,0.018029447478167815,766,82.0,0.012195121951219513,0.16135919927770168,0.47191011235955055,89.0,384,256.0,0.32315698593197884,172.0,84.0,83.0,0.024096385542168676,0.17440385950440712,/workspace/safe-drift/outputs/setting_2_medqa_medmcqa_reference_coverage_gamma_v1/repeat_01/olmo7b_instruct/KR64_KT16/pct25.6/safe_reference_precondsgd_refB_T_K_gamma1_epsm0.5/training_runs/safe_low_rank_sgd_reference_greedy_marginal_eta0.0002_metricFplusAlpha_gamma1_epsm0.5_caln64_calseed43_pct25.6_seed43,35.93120529110978,1291.051513671875,-5.11701200397221e-13,True,5.3630149258153403e-11,True,,1.0,0.00041032669375178803,0.002106985664367676,0.004213971328735352,0.5,reference,False,645.5257568359375,184.8572998046875,0.00041032669375178803,512,-2.161629538587858e-06,False,-0.0005461871669768036,False,512.0,greedy_marginal,completed,False,False,35.93120529110978,1.9738411021417073,False,2.331103180206939,False,1.9738411021417073,2.331103180206939,19.042787258750522,none,0.002106985664367676,False,,0.00041032669375178803,43,0.0009565138607285917,4.3813238335133065e-06,safe_low_rank_sgd_reference_greedy_marginal_eta0.0002_metricFplusAlpha_gamma1_epsm0.5_caln64_calseed43,safe_low_rank_sgd_reference_greedy_marginal_eta0.0002_metricFplusAlpha_gamma1_epsm0.5_caln64_calseed43,sgd,2.439478481336664,6.443148029176837e-05,/workspace/safe-drift/outputs/setting_2_medqa_medmcqa_reference_coverage_gamma_v1/repeat_01/olmo7b_instruct/KR64_KT16/pct25.6/safe_reference_precondsgd_refB_T_K_gamma1_epsm0.5/training_runs/safe_low_rank_sgd_reference_greedy_marginal_eta0.0002_metricFplusAlpha_gamma1_epsm0.5_caln64_calseed43_pct25.6_seed43/summary.json,,,-3.2995659555017482,0.44921875,0.0625,256.0,3.2995659555017482,660.4662718754262,0.00083466328214854,0.0,0,1.0,1.0,0,0.9730392156862746,0.30637254901960786,0.5270462766947299,0.7905694150420948,0.5642880936468347,0.2769607843137255,-0.2769607843137255,17
False,True,False,True,,,,,,,,,,,,,,,,,,,,,,,,,,,,,,,,,,,,,,,,,,64,0.0,1.1295337177070501e+17,3695904685572096.0,4.667168146776883e+16,1.5962505323847386e+17,4793409119838208.0,3832507489320960.0,0.5669291338582677,254.0,11.755121201042115,657978937589760.0,254.0,0.5669291338582677,254.0,0.0,0.0,0.0,0.0,,,,,,,,,,,,,,,,,,,,,,,,,,,,,0.542713567839196,0.43359375,256.0,398.0,398.0,0.0,13.968996621668339,909753906085888.0,0.60546875,0.60546875,256.0,0.60546875,0.0,0.0,2.1367278178686044,320413158785024.0,256.0,0.16511117515017198,256.0,0.0,256.0,0.01171875,0.16511117515017198,2818055.342658082,False,25.020885467529297,0.5154690363389107,True,0.000846042821649462,0.08333333333333337,0.0,2818055.342658082,0.5154690363389107,48200.54688497136,0.009127258937518609,,,510,0.5703125,256.0,5.785607884327571,0.5555555555555556,90.0,"truthfulqa,mmlu_non_medical",B_T_K,,,,,,,,,,766,256,256.0,0.36019806330562,172.0,84.0,0.02057120492188602,766,82.0,0.012195121951219513,0.16484057105568442,0.47191011235955055,89.0,384,256.0,0.32089820000993824,172.0,84.0,83.0,0.024096385542168676,0.16988628766032596,/workspace/safe-drift/outputs/setting_2_medqa_medmcqa_reference_coverage_gamma_v1/repeat_01/olmo7b_instruct/KR64_KT16/pct25.6/safe_reference_precondsgd_refB_T_K_gamma1_epsm1/training_runs/safe_low_rank_sgd_reference_greedy_marginal_eta0.0002_metricFplusAlpha_gamma1_epsm1_caln64_calseed43_pct25.6_seed43,46.83006179261351,2193.0546875,-2.046804801588884e-12,True,2.1452059703261361e-10,True,,1.0,0.0016413067750071521,0.004213971328735352,0.004213971328735352,1.0,reference,False,1096.52734375,184.8572998046875,0.0016413067750071521,512,1.7588261012081792e-06,True,-7.217390896776957e-05,False,512.0,greedy_marginal,completed,True,False,46.83006179261351,0.8019067191787268,True,1.043974719133934,False,0.8019067191787268,1.043974719133934,46.771176687678064,none,0.004213971328735352,False,,0.0016413067750071521,43,0.0017134806839749217,7.119951078493614e-06,safe_low_rank_sgd_reference_greedy_marginal_eta0.0002_metricFplusAlpha_gamma1_epsm1_caln64_calseed43,safe_low_rank_sgd_reference_greedy_marginal_eta0.0002_metricFplusAlpha_gamma1_epsm1_caln64_calseed43,sgd,2.479750099492776,6.604284839242802e-05,/workspace/safe-drift/outputs/setting_2_medqa_medmcqa_reference_coverage_gamma_v1/repeat_01/olmo7b_instruct/KR64_KT16/pct25.6/safe_reference_precondsgd_refB_T_K_gamma1_epsm1/training_runs/safe_low_rank_sgd_reference_greedy_marginal_eta0.0002_metricFplusAlpha_gamma1_epsm1_caln64_calseed43_pct25.6_seed43/summary.json,,,-3.2698287708244607,0.453125,0.0,256.0,3.2698287708244607,666.6970953457057,0.000846042821649462,0.0,0,1.0,1.0,0,0.9901960784313727,0.2720588235294118,0.22360679774997896,0.28867513459481287,0.5642880936468347,0.30147058823529416,-0.30147058823529416,17
False,True,False,True,,,,,,,,,,,,,,,,,,,,,,,,,,,,,,,,,,,,,,,,,,64,0.0,1.1295337177070501e+17,3438532254646272.0,4.641430903684301e+16,1.5936768080754803e+17,4793409119838208.0,3832507489320960.0,0.5118110236220472,254.0,11.571186253404992,657978937589760.0,254.0,0.5118110236220472,254.0,0.0,0.0,0.0,0.0,,,,,,,,,,,,,,,,,,,,,,,,,,,,,0.5251256281407035,0.43359375,256.0,398.0,398.0,0.0,13.566440910100937,909753906085888.0,0.57421875,0.57421875,256.0,0.578125,0.0,0.0,1.911389363983463,320413158785024.0,256.0,0.22505520299175363,256.0,0.0,256.0,0.0078125,0.22505520299175363,619025.4389542314,False,22.546133041381836,0.05205529561560589,True,0.0008067185408435762,0.04166666666666674,0.0,619025.4389542314,0.05205529561560589,11860.697850342478,0.000979252743216702,,,510,0.55078125,256.0,5.491538435220718,0.5222222222222223,90.0,"bbq,mmlu_non_medical",B_T_K,,,,,,,,,,766,256,256.0,0.357903399233575,172.0,84.0,-0.035533964418577424,766,82.0,0.0,0.19358457624492773,0.449438202247191,89.0,384,256.0,0.33396416274077106,172.0,84.0,83.0,0.012048192771084338,0.21849012323435116,/workspace/safe-drift/outputs/setting_2_medqa_medmcqa_reference_coverage_gamma_v1/repeat_01/olmo7b_instruct/KR64_KT16/pct25.6/safe_reference_precondsgd_refB_T_K_gamma1_epsm2/training_runs/safe_low_rank_sgd_reference_greedy_marginal_eta0.0002_metricFplusAlpha_gamma1_epsm2_caln64_calseed43_pct25.6_seed43,4969.734801777656,24698264.0,3.7173921777736325e-12,True,3.3434893256800713e-09,True,,1.0,0.01549733857628361,0.008534867477416993,0.0042674337387084964,2.0,reference,False,12349132.0,425.4941101074219,0.01549733857628361,512,2.405367112016022e-05,True,0.00933247487064854,True,512.0,greedy_marginal,completed,True,True,4969.734801777656,0.3395836751123282,True,0.3978015969384527,True,0.3395836751123282,0.3978015969384527,4969.734801777656,none,0.008534867477416993,False,,0.01549733857628361,43,0.006164863705635071,1.236831030837493e-05,safe_low_rank_sgd_reference_greedy_marginal_eta0.0002_metricFplusAlpha_gamma1_epsm2_caln64_calseed43,safe_low_rank_sgd_reference_greedy_marginal_eta0.0002_metricFplusAlpha_gamma1_epsm2_caln64_calseed43,sgd,2.373325900427517,6.459188582770559e-05,/workspace/safe-drift/outputs/setting_2_medqa_medmcqa_reference_coverage_gamma_v1/repeat_01/olmo7b_instruct/KR64_KT16/pct25.6/safe_reference_precondsgd_refB_T_K_gamma1_epsm2/training_runs/safe_low_rank_sgd_reference_greedy_marginal_eta0.0002_metricFplusAlpha_gamma1_epsm2_caln64_calseed43_pct25.6_seed43/summary.json,,,-3.2217172694636247,0.40234375,0.125,256.0,3.2217172694636247,663.4320266395807,0.0008067185408435762,0.0,0,1.0,1.0,0,0.7377450980392158,0.34313725490196084,0.6708203932499369,0.6324555320336759,-0.9746794344808964,0.4926470588235295,-0.4926470588235295,17
False,False,False,False,,,,,,,,,,,,,,,,,,,,,,,,,,,,,,,,,,,,,,,,,,64,0.0,1.1295337162683187e+17,3201526828105728.0,1.3715589439725568e+16,1.2666896106655744e+17,4793409119838208.0,3832507489320960.0,0.46062992125984253,254.0,11.605407196705736,657978937589760.0,254.0,0.46062992125984253,254.0,0.0,0.0,0.0,0.0,,,,,,,,,,,,,,,,,,,,,,,,,,,,,0.5376884422110553,0.4375,256.0,398.0,398.0,0.0,13.650043422977129,909753906085888.0,0.56640625,0.56640625,256.0,0.56640625,0.0,0.0,2.062387202439893,320413158785024.0,256.0,0.16805152056886738,256.0,0.0,256.0,0.015625,0.16805152056886738,10465716.825220665,False,24.376819610595703,93.19580609620151,False,0.0006028121570125222,0.04166666666666674,0.0,10465716.825220665,93.19580609620151,182899.59563507757,1.6480315956328941,,,510,0.5,256.0,5.688068290551503,0.4444444444444444,90.0,"bbq,truthfulqa",B_T,,,,,,,,,,766,256,256.0,0.30073616472722153,172.0,84.0,0.018029447478167815,766,82.0,0.012195121951219513,0.1570278850099987,0.42696629213483145,89.0,384,256.0,0.30473699012997213,172.0,84.0,83.0,0.024096385542168676,0.18250768812511278,/workspace/safe-drift/outputs/setting_2_medqa_medmcqa_reference_coverage_gamma_v1/repeat_01/olmo7b_instruct/KR64_KT16/pct25.6/safe_reference_precondsgd_refB_T_gamma0.01_epsm0.5/training_runs/safe_low_rank_sgd_reference_greedy_marginal_eta0.0002_metricFplusAlpha_gamma0.01_epsm0.5_caln64_calseed43_pct25.6_seed43,0.02784647692185636,0.0007754262769594789,2.6889785759032377e-13,True,3.659564105981531e-12,True,,0.01,6.468232662640082e-06,0.0021583358764648442,0.0043166717529296884,0.5,reference,False,0.00038771313847973943,277.7010803222656,6.468232662640082e-06,512,-1.1731599027768233e-06,False,-0.00038941574801016645,False,512.0,greedy_marginal,completed,False,False,0.02784647692185636,1.5036735525510827,False,61.20432826114047,False,1.5036735525510827,61.20432826114047,0.009421357018630798,none,0.0021583358764648442,False,,0.0006468232662640082,43,0.0003958839806728065,3.502366780594457e-06,safe_low_rank_sgd_reference_greedy_marginal_eta0.0002_metricFplusAlpha_gamma0.01_epsm0.5_caln64_calseed43,safe_low_rank_sgd_reference_greedy_marginal_eta0.0002_metricFplusAlpha_gamma0.01_epsm0.5_caln64_calseed43,sgd,2.3411644583120506,4.5685271746420675e-05,/workspace/safe-drift/outputs/setting_2_medqa_medmcqa_reference_coverage_gamma_v1/repeat_01/olmo7b_instruct/KR64_KT16/pct25.6/safe_reference_precondsgd_refB_T_gamma0.01_epsm0.5/training_runs/safe_low_rank_sgd_reference_greedy_marginal_eta0.0002_metricFplusAlpha_gamma0.01_epsm0.5_caln64_calseed43_pct25.6_seed43/summary.json,,,-3.3455961316940375,0.41015625,0.0,256.0,3.3455961316940375,654.3426188286394,0.0006028121570125222,0.0,0,1.0,1.0,0,0.931372549019608,-0.5416666666666667,0.22360679774997896,0.28867513459481287,0.15389675281277312,-0.30637254901960786,0.30637254901960786,17
False,False,False,True,,,,,,,,,,,,,,,,,,,,,,,,,,,,,,,,,,,,,,,,,,64,0.0,1.1295337162683187e+17,3244754755780608.0,1.3758817367400448e+16,1.2671218899423232e+17,4793409119838208.0,3832507489320960.0,0.42913385826771655,254.0,11.558788146872534,657978937589760.0,254.0,0.42913385826771655,254.0,0.0,0.0,0.0,0.0,,,,,,,,,,,,,,,,,,,,,,,,,,,,,0.5376884422110553,0.4375,256.0,398.0,398.0,0.0,13.887234960993132,909753906085888.0,0.546875,0.546875,256.0,0.546875,0.0,0.0,2.3400262000856293,320413158785024.0,256.0,0.14382745690683948,256.0,0.0,256.0,0.01953125,0.14382745690683948,2697207.7454888215,False,25.129419326782227,23.28102100571266,False,0.0006023482419550419,0.04166666666666674,0.0,2697207.7454888215,23.28102100571266,45813.18156663582,0.40837092976852946,,,510,0.453125,256.0,5.844090297818184,0.3888888888888889,90.0,"bbq,truthfulqa",B_T,,,,,,,,,,766,256,256.0,0.26912963084829783,172.0,84.0,0.018029447478167815,766,82.0,0.012195121951219513,0.14937037280770674,0.39325842696629215,89.0,384,256.0,0.2675464146469258,172.0,84.0,83.0,0.024096385542168676,0.14183440232755945,/workspace/safe-drift/outputs/setting_2_medqa_medmcqa_reference_coverage_gamma_v1/repeat_01/olmo7b_instruct/KR64_KT16/pct25.6/safe_reference_precondsgd_refB_T_gamma0.01_epsm1/training_runs/safe_low_rank_sgd_reference_greedy_marginal_eta0.0002_metricFplusAlpha_gamma0.01_epsm1_caln64_calseed43_pct25.6_seed43,0.030255496954180155,0.0009153950959444046,1.075591430361295e-12,True,1.4638256423926124e-11,True,,0.01,2.5872930650560328e-05,0.0043166717529296884,0.0043166717529296884,1.0,reference,False,0.0004576975479722023,277.7010803222656,2.5872930650560328e-05,512,5.706612848939844e-06,True,-0.00042974575981594794,False,512.0,greedy_marginal,completed,True,False,0.030255496954180155,0.3874939895542154,True,17.609857901775037,False,0.3874939895542154,17.609857901775037,0.018998561947643457,none,0.0043166717529296884,False,,0.0025872930650560327,43,0.00045561869046650827,3.6102146623306908e-06,safe_low_rank_sgd_reference_greedy_marginal_eta0.0002_metricFplusAlpha_gamma0.01_epsm1_caln64_calseed43,safe_low_rank_sgd_reference_greedy_marginal_eta0.0002_metricFplusAlpha_gamma0.01_epsm1_caln64_calseed43,sgd,2.384944279744559,4.587973802845646e-05,/workspace/safe-drift/outputs/setting_2_medqa_medmcqa_reference_coverage_gamma_v1/repeat_01/olmo7b_instruct/KR64_KT16/pct25.6/safe_reference_precondsgd_refB_T_gamma0.01_epsm1/training_runs/safe_low_rank_sgd_reference_greedy_marginal_eta0.0002_metricFplusAlpha_gamma0.01_epsm1_caln64_calseed43_pct25.6_seed43/summary.json,,,-3.2772294908645563,0.39453125,-0.125,256.0,3.2772294908645563,647.4921248387545,0.0006023482419550419,0.0,0,1.0,1.0,0,0.9338235294117648,0.24754901960784317,0.7071067811865475,-0.051298917604257706,0.20519567041703082,0.3137254901960785,-0.3137254901960785,17
False,False,False,True,,,,,,,,,,,,,,,,,,,,,,,,,,,,,,,,,,,,,,,,,,64,0.0,1.1295337162683187e+17,3311508651786240.0,1.382557126340608e+16,1.2677894289023795e+17,4793409119838208.0,3832507489320960.0,0.4566929133858268,254.0,12.164963126495442,657978937589760.0,254.0,0.4566929133858268,254.0,0.0,0.0,0.0,0.0,,,,,,,,,,,,,,,,,,,,,,,,,,,,,0.5301507537688442,0.43359375,256.0,398.0,398.0,0.0,14.560541634758314,909753906085888.0,0.52734375,0.52734375,256.0,0.5234375,0.0,0.0,2.203088558401599,320413158785024.0,256.0,0.1615799710317256,256.0,0.0,256.0,0.01953125,0.1615799710317256,676298.8856788512,False,25.203840255737305,5.873603605423431,False,0.0006078693550080061,0.04166666666666674,0.0,676298.8856788512,5.873603605423431,11561.815822838053,0.10325345474624507,,,510,0.4921875,256.0,6.027446006735166,0.4444444444444444,90.0,"bbq,truthfulqa",B_T,,,,,,,,,,766,256,256.0,0.3016100931741145,172.0,84.0,0.02057120492188602,766,82.0,0.012195121951219513,0.15877574190378463,0.42696629213483145,89.0,384,256.0,0.29315008584519614,172.0,84.0,83.0,0.024096385542168676,0.15933387955556086,/workspace/safe-drift/outputs/setting_2_medqa_medmcqa_reference_coverage_gamma_v1/repeat_01/olmo7b_instruct/KR64_KT16/pct25.6/safe_reference_precondsgd_refB_T_gamma0.01_epsm2/training_runs/safe_low_rank_sgd_reference_greedy_marginal_eta0.0002_metricFplusAlpha_gamma0.01_epsm2_caln64_calseed43_pct25.6_seed43,0.04268667444307709,0.0018221521750092506,4.30236572144518e-12,True,5.85530256957045e-11,True,,0.01,0.00010349172260224131,0.008633343505859377,0.0043166717529296884,2.0,reference,False,0.0009110760875046253,277.7010803222656,0.00010349172260224131,512,3.326985982357759e-05,True,-0.000504133975137181,False,512.0,greedy_marginal,completed,True,False,0.04268667444307709,0.1072642542933431,True,5.871251490376745,False,0.1072642542933431,5.871251490376745,0.03843317926359574,none,0.008633343505859377,False,,0.01034917226022413,43,0.0006076256977394223,3.9974502215045504e-06,safe_low_rank_sgd_reference_greedy_marginal_eta0.0002_metricFplusAlpha_gamma0.01_epsm2_caln64_calseed43,safe_low_rank_sgd_reference_greedy_marginal_eta0.0002_metricFplusAlpha_gamma0.01_epsm2_caln64_calseed43,sgd,2.436737240906041,4.6661307481279946e-05,/workspace/safe-drift/outputs/setting_2_medqa_medmcqa_reference_coverage_gamma_v1/repeat_01/olmo7b_instruct/KR64_KT16/pct25.6/safe_reference_precondsgd_refB_T_gamma0.01_epsm2/training_runs/safe_low_rank_sgd_reference_greedy_marginal_eta0.0002_metricFplusAlpha_gamma0.01_epsm2_caln64_calseed43_pct25.6_seed43/summary.json,,,-3.226677261198347,0.39453125,-0.0625,256.0,3.226677261198347,638.1303607411683,0.0006078693550080061,0.0,0,1.0,1.0,0,0.9754901960784315,0.502450980392157,0.22360679774997896,-0.15389675281277312,0.7071067811865475,0.5318627450980393,-0.5318627450980393,17
False,False,False,True,,,,,,,,,,,,,,,,,,,,,,,,,,,,,,,,,,,,,,,,,,64,0.0,1.1295337162683187e+17,3410766624178176.0,1.3924829235798016e+16,1.2687820086262989e+17,4793409119838208.0,3832507489320960.0,0.4448818897637795,254.0,12.10460071113166,657978937589760.0,254.0,0.4448818897637795,254.0,0.0,0.0,0.0,0.0,,,,,,,,,,,,,,,,,,,,,,,,,,,,,0.5251256281407035,0.421875,256.0,398.0,398.0,0.0,14.479276202619076,909753906085888.0,0.5625,0.5625,256.0,0.56640625,0.0,0.0,2.288016397675874,320413158785024.0,256.0,0.15785728216015238,256.0,0.0,256.0,0.01953125,0.15785728216015238,11334017.467467051,False,25.71965980529785,10.16913216356071,False,0.0006125211948528886,0.04166666666666674,0.0,11334017.467467051,10.16913216356071,187644.79828188365,0.17742915436489326,,,510,0.5,256.0,6.016416072845459,0.4222222222222222,90.0,"bbq,truthfulqa",B_T,,,,,,,,,,766,256,256.0,0.28927647458194583,172.0,84.0,0.10390453825521934,766,82.0,0.012195121951219513,0.1563307269416695,0.4606741573033708,89.0,384,256.0,0.30285023604025774,172.0,84.0,83.0,0.024096385542168676,0.14502631477714467,/workspace/safe-drift/outputs/setting_2_medqa_medmcqa_reference_coverage_gamma_v1/repeat_01/olmo7b_instruct/KR64_KT16/pct25.6/safe_reference_precondsgd_refB_T_gamma0.1_epsm0.5/training_runs/safe_low_rank_sgd_reference_greedy_marginal_eta0.0002_metricFplusAlpha_gamma0.1_epsm0.5_caln64_calseed43_pct25.6_seed43,0.03078258843404528,0.0009475677506998181,4.9729393271759435e-15,True,5.541613134628538e-11,True,,0.1,6.023337930917549e-05,0.0021303730964660644,0.004260746192932129,0.5,reference,False,0.00047378387534990907,265.43359375,6.023337930917549e-05,512,-1.3290746160529992e-06,False,-0.0005140048697915693,False,512.0,greedy_marginal,completed,False,False,0.03078258843404528,1.5856902862614402,False,9.53356200731869,False,1.5856902862614402,9.53356200731869,0.01622215878668623,none,0.0021303730964660644,False,,0.0006023337930917548,43,0.0005742382491007447,3.5983193811262026e-06,safe_low_rank_sgd_reference_greedy_marginal_eta0.0002_metricFplusAlpha_gamma0.1_epsm0.5_caln64_calseed43,safe_low_rank_sgd_reference_greedy_marginal_eta0.0002_metricFplusAlpha_gamma0.1_epsm0.5_caln64_calseed43,sgd,2.428573689273435,4.650341209562481e-05,/workspace/safe-drift/outputs/setting_2_medqa_medmcqa_reference_coverage_gamma_v1/repeat_01/olmo7b_instruct/KR64_KT16/pct25.6/safe_reference_precondsgd_refB_T_gamma0.1_epsm0.5/training_runs/safe_low_rank_sgd_reference_greedy_marginal_eta0.0002_metricFplusAlpha_gamma0.1_epsm0.5_caln64_calseed43_pct25.6_seed43/summary.json,,,-3.302187178291206,0.41796875,0.0625,256.0,3.302187178291206,651.2909442540258,0.0006125211948528886,0.0,0,1.0,1.0,0,0.9926470588235295,0.08578431372549021,0.6708203932499369,0.6324555320336759,0.4472135954999579,0.04166666666666667,-0.04166666666666667,17
False,False,False,True,,,,,,,,,,,,,,,,,,,,,,,,,,,,,,,,,,,,,,,,,,64,0.0,1.1295337162683187e+17,3459979957223424.0,1.3974042568843264e+16,1.2692741419567514e+17,4793409119838208.0,3832507489320960.0,0.4645669291338583,254.0,12.10742236560411,657978937589760.0,254.0,0.4645669291338583,254.0,0.0,0.0,0.0,0.0,,,,,,,,,,,,,,,,,,,,,,,,,,,,,0.5326633165829145,0.4296875,256.0,398.0,398.0,0.0,14.172054221232733,909753906085888.0,0.59375,0.59375,256.0,0.58984375,0.0,0.0,2.198296724563236,320413158785024.0,256.0,0.16944847624127413,256.0,0.0,256.0,0.01953125,0.16944847624127413,2609397.0458988636,False,24.311302185058594,2.350724925320146,False,0.0006082014297135174,0.125,0.0,2609397.0458988636,2.350724925320146,45587.13458727256,0.04160237402378562,,,510,0.515625,256.0,5.912423719962438,0.45555555555555555,90.0,"bbq,truthfulqa",B_T,,,,,,,,,,766,256,256.0,0.30835547400138325,172.0,84.0,0.018029447478167815,766,82.0,0.012195121951219513,0.16115539244721092,0.43820224719101125,89.0,384,256.0,0.3003017709372773,172.0,84.0,83.0,0.024096385542168676,0.16240129468354336,/workspace/safe-drift/outputs/setting_2_medqa_medmcqa_reference_coverage_gamma_v1/repeat_01/olmo7b_instruct/KR64_KT16/pct25.6/safe_reference_precondsgd_refB_T_gamma0.1_epsm1/training_runs/safe_low_rank_sgd_reference_greedy_marginal_eta0.0002_metricFplusAlpha_gamma0.1_epsm1_caln64_calseed43_pct25.6_seed43,0.03815969026288649,0.0014561619609594345,1.6609672858836685e-13,True,2.118661828007934e-10,True,,0.1,0.0002587293065056033,0.0043166717529296884,0.0043166717529296884,1.0,reference,False,0.0007280809804797173,277.7010803222656,0.0002587293065056033,512,4.628829340277011e-06,True,-0.0006596017256476157,False,512.0,greedy_marginal,completed,True,False,0.03815969026288649,0.5031753743774335,True,3.5493877253511066,False,0.5031753743774335,3.5493877253511066,0.03476924274673313,none,0.0043166717529296884,False,,0.0025872930650560327,43,0.000918331032153219,4.687998170993524e-06,safe_low_rank_sgd_reference_greedy_marginal_eta0.0002_metricFplusAlpha_gamma0.1_epsm1_caln64_calseed43,safe_low_rank_sgd_reference_greedy_marginal_eta0.0002_metricFplusAlpha_gamma0.1_epsm1_caln64_calseed43,sgd,2.421000763781194,4.702799568473415e-05,/workspace/safe-drift/outputs/setting_2_medqa_medmcqa_reference_coverage_gamma_v1/repeat_01/olmo7b_instruct/KR64_KT16/pct25.6/safe_reference_precondsgd_refB_T_gamma0.1_epsm1/training_runs/safe_low_rank_sgd_reference_greedy_marginal_eta0.0002_metricFplusAlpha_gamma0.1_epsm1_caln64_calseed43_pct25.6_seed43/summary.json,,,-3.306135578532121,0.4296875,0.125,256.0,3.306135578532121,669.7966098766774,0.0006082014297135174,0.0,0,1.0,1.0,0,0.931372549019608,0.2622549019607843,0.6668859288553503,0.6324555320336759,0.8944271909999159,0.37009803921568635,-0.37009803921568635,17
False,True,False,True,,,,,,,,,,,,,,,,,,,,,,,,,,,,,,,,,,,,,,,,,,64,0.0,1.1295337162683187e+17,3524406195585024.0,1.4038468807204864e+16,1.2699184043403674e+17,4793409119838208.0,3832507489320960.0,0.5236220472440944,254.0,11.749784609777095,657978937589760.0,254.0,0.5236220472440944,254.0,0.0,0.0,0.0,0.0,,,,,,,,,,,,,,,,,,,,,,,,,,,,,0.5301507537688442,0.42578125,256.0,398.0,398.0,0.0,14.104642306764921,909753906085888.0,0.58984375,0.58984375,256.0,0.58984375,0.0,0.0,2.287813323387827,320413158785024.0,256.0,0.16528788676379075,256.0,0.0,256.0,0.01953125,0.16528788676379075,685157.6676637634,False,25.53398323059082,0.5890223643594055,True,0.0006095893913879991,0.08333333333333337,0.0,685157.6676637634,0.5890223643594055,11325.719929757357,0.010167557053862063,,,510,0.5625,256.0,5.95595583319664,0.5333333333333333,90.0,"bbq,truthfulqa",B_T,,,,,,,,,,766,256,256.0,0.3483182895708777,172.0,84.0,0.02057120492188602,766,82.0,0.012195121951219513,0.16330324580842204,0.5393258426966292,89.0,384,256.0,0.3502710499539461,172.0,84.0,83.0,0.024096385542168676,0.161216257211263,/workspace/safe-drift/outputs/setting_2_medqa_medmcqa_reference_coverage_gamma_v1/repeat_01/olmo7b_instruct/KR64_KT16/pct25.6/safe_reference_precondsgd_refB_T_gamma0.1_epsm2/training_runs/safe_low_rank_sgd_reference_greedy_marginal_eta0.0002_metricFplusAlpha_gamma0.1_epsm2_caln64_calseed43_pct25.6_seed43,0.07219809843986762,0.005212565418332815,6.643869143534674e-13,True,8.474647312031736e-10,True,,0.1,0.0010349172260224132,0.008633343505859377,0.0043166717529296884,2.0,reference,False,0.0026062827091664076,277.7010803222656,0.0010349172260224132,512,2.9652976746093498e-05,True,-0.0007201571390420885,False,512.0,greedy_marginal,completed,True,False,0.07219809843986762,0.20431668638755004,True,1.6958604377638844,False,0.20431668638755004,1.6958604377638844,0.07219809843986762,none,0.008633343505859377,False,,0.01034917226022413,43,0.0017550743650645018,7.61433329898864e-06,safe_low_rank_sgd_reference_greedy_marginal_eta0.0002_metricFplusAlpha_gamma0.1_epsm2_caln64_calseed43,safe_low_rank_sgd_reference_greedy_marginal_eta0.0002_metricFplusAlpha_gamma0.1_epsm2_caln64_calseed43,sgd,2.5434950354019747,4.732421362757533e-05,/workspace/safe-drift/outputs/setting_2_medqa_medmcqa_reference_coverage_gamma_v1/repeat_01/olmo7b_instruct/KR64_KT16/pct25.6/safe_reference_precondsgd_refB_T_gamma0.1_epsm2/training_runs/safe_low_rank_sgd_reference_greedy_marginal_eta0.0002_metricFplusAlpha_gamma0.1_epsm2_caln64_calseed43_pct25.6_seed43/summary.json,,,-3.3189548205737083,0.4375,0.0,256.0,3.3189548205737083,643.0462012887001,0.0006095893913879991,0.0,0,1.0,1.0,0,0.8823529411764707,0.14950980392156865,0.8944271909999159,0.5773502691896257,0.7071067811865475,0.2794117647058824,-0.2794117647058824,17
False,True,False,True,,,,,,,,,,,,,,,,,,,,,,,,,,,,,,,,,,,,,,,,,,64,0.0,1.1295337162683187e+17,3667557140692992.0,1.4181619752312832e+16,1.271349913791447e+17,4793409119838208.0,3832507489320960.0,0.5118110236220472,254.0,11.843206197883827,657978937589760.0,254.0,0.5118110236220472,254.0,0.0,0.0,0.0,0.0,,,,,,,,,,,,,,,,,,,,,,,,,,,,,0.5201005025125628,0.41015625,256.0,398.0,398.0,0.0,14.3369563271602,909753906085888.0,0.6015625,0.6015625,256.0,0.58984375,0.0,0.0,2.1538829194021747,320413158785024.0,256.0,0.15893091181020896,256.0,0.0,256.0,0.015625,0.15893091181020896,10411202.94453269,False,24.249845504760742,0.929336200727288,True,0.0006011162768118083,0.08333333333333337,0.0,10411202.94453269,0.929336200727288,185729.8226827358,0.016677773820990602,,,510,0.5546875,256.0,5.860500946640968,0.5222222222222223,90.0,"bbq,truthfulqa",B_T,,,,,,,,,,766,256,256.0,0.3405014150501356,172.0,84.0,0.02057120492188602,766,82.0,0.012195121951219513,0.15878060787804896,0.47191011235955055,89.0,384,256.0,0.32131058395922396,172.0,84.0,83.0,0.024096385542168676,0.17071105555889743,/workspace/safe-drift/outputs/setting_2_medqa_medmcqa_reference_coverage_gamma_v1/repeat_01/olmo7b_instruct/KR64_KT16/pct25.6/safe_reference_precondsgd_refB_T_gamma1_epsm0.5/training_runs/safe_low_rank_sgd_reference_greedy_marginal_eta0.0002_metricFplusAlpha_gamma1_epsm0.5_caln64_calseed43_pct25.6_seed43,1390.9347576360294,1934699.5,4.152418214709171e-14,True,5.796508672356593e-12,True,,1.0,0.0006468232662640082,0.0021583358764648442,0.0043166717529296884,0.5,reference,False,967349.75,277.7010803222656,0.0006468232662640082,512,-2.3871461547457137e-06,False,-0.00046382430594046247,False,512.0,greedy_marginal,completed,False,False,1390.9347576360294,2.02487510984098,False,1.7170789902114825,False,2.02487510984098,1.7170789902114825,683.7175266511748,none,0.0021583358764648442,False,,0.0006468232662640082,43,0.0011106475722044706,4.716353032563347e-06,safe_low_rank_sgd_reference_greedy_marginal_eta0.0002_metricFplusAlpha_gamma1_epsm0.5_caln64_calseed43,safe_low_rank_sgd_reference_greedy_marginal_eta0.0002_metricFplusAlpha_gamma1_epsm0.5_caln64_calseed43,sgd,2.3646952050630716,4.644379681660593e-05,/workspace/safe-drift/outputs/setting_2_medqa_medmcqa_reference_coverage_gamma_v1/repeat_01/olmo7b_instruct/KR64_KT16/pct25.6/safe_reference_precondsgd_refB_T_gamma1_epsm0.5/training_runs/safe_low_rank_sgd_reference_greedy_marginal_eta0.0002_metricFplusAlpha_gamma1_epsm0.5_caln64_calseed43_pct25.6_seed43/summary.json,,,-3.2186889239810625,0.4296875,0.0625,256.0,3.2186889239810625,676.7416342552751,0.0006011162768118083,0.0,0,1.0,1.0,0,0.9926470588235295,0.42156862745098045,0.35909242322980395,0.7905694150420948,0.7826237921249264,0.44362745098039225,-0.44362745098039225,17
False,True,False,True,,,,,,,,,,,,,,,,,,,,,,,,,,,,,,,,,,,,,,,,,,64,0.0,1.1295337162683187e+17,3672129325350912.0,1.4186191936970752e+16,1.2713956356380262e+17,4793409119838208.0,3832507489320960.0,0.5551181102362205,254.0,12.009259426687645,657978937589760.0,254.0,0.5551181102362205,254.0,0.0,0.0,0.0,0.0,,,,,,,,,,,,,,,,,,,,,,,,,,,,,0.5376884422110553,0.43359375,256.0,398.0,398.0,0.0,14.260727296272913,909753906085888.0,0.578125,0.578125,256.0,0.578125,0.0,0.0,2.1787676028739815,320413158785024.0,256.0,0.16422279848919463,256.0,0.0,256.0,0.01171875,0.16422279848919463,2619091.39593904,False,24.401622772216797,0.23182981340954692,True,0.0005998116685077548,0.08333333333333337,0.0,2619091.39593904,0.23182981340954692,46024.55582047884,0.004146531495266196,,,510,0.56640625,256.0,5.924485504627228,0.5666666666666667,90.0,"bbq,truthfulqa",B_T,,,,,,,,,,766,256,256.0,0.3597812527649869,172.0,84.0,-0.003238318887637759,766,82.0,0.012195121951219513,0.15289583886330715,0.4943820224719101,89.0,384,256.0,0.3332943299258886,172.0,84.0,83.0,0.024096385542168676,0.17220663737986713,/workspace/safe-drift/outputs/setting_2_medqa_medmcqa_reference_coverage_gamma_v1/repeat_01/olmo7b_instruct/KR64_KT16/pct25.6/safe_reference_precondsgd_refB_T_gamma1_epsm1/training_runs/safe_low_rank_sgd_reference_greedy_marginal_eta0.0002_metricFplusAlpha_gamma1_epsm1_caln64_calseed43_pct25.6_seed43,1700.4421483837666,2891503.5,1.6609672858836685e-13,True,2.318603468942637e-11,True,,1.0,0.0025872930650560327,0.0043166717529296884,0.0043166717529296884,1.0,reference,False,1445751.75,277.7010803222656,0.0025872930650560327,512,1.4332283013802993e-06,True,0.0005310792707799144,True,512.0,greedy_marginal,completed,True,True,1700.4421483837666,0.8461677754958404,True,0.7947351067005504,True,0.8461677754958404,0.7947351067005504,1698.6712454150745,none,0.0043166717529296884,False,,0.0025872930650560327,43,0.0020562137942761183,7.883599209890235e-06,safe_low_rank_sgd_reference_greedy_marginal_eta0.0002_metricFplusAlpha_gamma1_epsm1_caln64_calseed43,safe_low_rank_sgd_reference_greedy_marginal_eta0.0002_metricFplusAlpha_gamma1_epsm1_caln64_calseed43,sgd,2.4271797538513056,4.663502013642351e-05,/workspace/safe-drift/outputs/setting_2_medqa_medmcqa_reference_coverage_gamma_v1/repeat_01/olmo7b_instruct/KR64_KT16/pct25.6/safe_reference_precondsgd_refB_T_gamma1_epsm1/training_runs/safe_low_rank_sgd_reference_greedy_marginal_eta0.0002_metricFplusAlpha_gamma1_epsm1_caln64_calseed43_pct25.6_seed43/summary.json,,,-3.3113744092534034,0.44921875,0.0625,256.0,3.3113744092534034,671.2818617206067,0.0005998116685077548,0.0,0,1.0,1.0,0,0.8700980392156864,0.18137254901960786,0.6708203932499369,0.7071067811865475,0.11180339887498948,0.36764705882352944,-0.36764705882352944,17
False,True,False,True,,,,,,,,,,,,,,,,,,,,,,,,,,,,,,,,,,,,,,,,,,64,0.0,1.1295337162683187e+17,3399543989108736.0,1.3913606600728576e+16,1.2686697822756045e+17,4793409119838208.0,3832507489320960.0,0.562992125984252,254.0,11.403064397376353,657978937589760.0,254.0,0.562992125984252,254.0,0.0,0.0,0.0,0.0,,,,,,,,,,,,,,,,,,,,,,,,,,,,,0.5477386934673367,0.4453125,256.0,398.0,398.0,0.0,13.688081142803034,909753906085888.0,0.54296875,0.54296875,256.0,0.546875,0.0,0.0,1.985546398943789,320413158785024.0,256.0,0.20215268028172206,256.0,0.0,256.0,0.0078125,0.20215268028172206,626095.1461016244,False,23.332881927490234,0.05808490176692019,True,0.000601130654104054,0.08333333333333337,0.0,626095.1461016244,0.05808490176692019,11789.24306840188,0.0010744803706379674,,,510,0.55859375,256.0,5.578718925515811,0.5777777777777777,90.0,"bbq,truthfulqa",B_T,,,,,,,,,,766,256,256.0,0.38347661407635264,172.0,84.0,0.012995447346128453,766,82.0,0.0,0.18917545037492756,0.4943820224719101,89.0,384,256.0,0.3569026445010656,172.0,84.0,83.0,0.024096385542168676,0.21942326653022115,/workspace/safe-drift/outputs/setting_2_medqa_medmcqa_reference_coverage_gamma_v1/repeat_01/olmo7b_instruct/KR64_KT16/pct25.6/safe_reference_precondsgd_refB_T_gamma1_epsm2/training_runs/safe_low_rank_sgd_reference_greedy_marginal_eta0.0002_metricFplusAlpha_gamma1_epsm2_caln64_calseed43_pct25.6_seed43,4862.000411353335,23639048.0,6.643869143534674e-13,True,9.274413875770549e-11,True,,1.0,0.01034917226022413,0.008633343505859377,0.0043166717529296884,2.0,reference,False,11819524.0,277.7010803222656,0.01034917226022413,512,2.4312908617958908e-05,True,0.006918558477967289,True,512.0,greedy_marginal,completed,True,True,4862.000411353335,0.3476076328410163,True,0.3314862169872177,True,0.3476076328410163,0.3314862169872177,4862.000411353335,none,0.008633343505859377,False,,0.01034917226022413,43,0.0034306137822568417,1.295440142712323e-05,safe_low_rank_sgd_reference_greedy_marginal_eta0.0002_metricFplusAlpha_gamma1_epsm2_caln64_calseed43,safe_low_rank_sgd_reference_greedy_marginal_eta0.0002_metricFplusAlpha_gamma1_epsm2_caln64_calseed43,sgd,2.337290254849904,4.711254552144939e-05,/workspace/safe-drift/outputs/setting_2_medqa_medmcqa_reference_coverage_gamma_v1/repeat_01/olmo7b_instruct/KR64_KT16/pct25.6/safe_reference_precondsgd_refB_T_gamma1_epsm2/training_runs/safe_low_rank_sgd_reference_greedy_marginal_eta0.0002_metricFplusAlpha_gamma1_epsm2_caln64_calseed43_pct25.6_seed43/summary.json,,,-3.1966019536730528,0.41796875,0.0,256.0,3.1966019536730528,688.5912242140621,0.000601130654104054,0.0,0,1.0,1.0,0,0.9166666666666667,0.39460784313725494,0.35909242322980395,0.11180339887498948,0.10540925533894598,0.4852941176470589,-0.4852941176470589,17
False,False,False,False,,,,,,,,,,,,,,,,,,,,,,,,,,,,,,,,,,,,,,,,,,64,0.0,1.1295337177070501e+17,3241928314355712.0,4.621770509655245e+16,1.5917107686725747e+17,4793409119838208.0,3832507489320960.0,0.452755905511811,254.0,11.747029319522888,657978937589760.0,254.0,0.452755905511811,254.0,0.0,0.0,0.0,0.0,,,,,,,,,,,,,,,,,,,,,,,,,,,,,0.5452261306532663,0.44921875,256.0,398.0,398.0,0.0,13.819471172988415,909753906085888.0,0.55859375,0.55859375,256.0,0.5546875,0.0,0.0,2.1125621471025275,320413158785024.0,256.0,0.17299184516656618,256.0,0.0,256.0,0.01953125,0.17299184516656618,11202702.29570287,False,26.056509017944336,143.6471688767681,False,0.0006800960400141776,0.08333333333333337,0.0,11202702.29570287,143.6471688767681,185785.6841368719,2.479470066768208,,,510,0.49609375,256.0,5.744726891318957,0.45555555555555555,90.0,"truthfulqa,mmlu_non_medical",T_K,,,,,,,,,,766,256,256.0,0.3088700985354935,172.0,84.0,0.02057120492188602,766,82.0,0.012195121951219513,0.16218464151543147,0.4606741573033708,89.0,384,256.0,0.3156208893286619,172.0,84.0,83.0,0.024096385542168676,0.17056762135395298,/workspace/safe-drift/outputs/setting_2_medqa_medmcqa_reference_coverage_gamma_v1/repeat_01/olmo7b_instruct/KR64_KT16/pct25.6/safe_reference_precondsgd_refT_K_gamma0.01_epsm0.5/training_runs/safe_low_rank_sgd_reference_greedy_marginal_eta0.0002_metricFplusAlpha_gamma0.01_epsm0.5_caln64_calseed43_pct25.6_seed43,0.03031149037728442,0.000918786448892206,-7.243984825000777e-13,True,-2.305108318781976e-12,True,,0.01,4.734489689787188e-06,0.002156809139251709,0.004313618278503418,0.5,reference,False,0.000459393224446103,203.55404663085938,4.734489689787188e-06,512,-9.35781187294701e-07,False,-0.00047621640763690574,False,512.0,greedy_marginal,completed,False,False,0.03031149037728442,1.4023285716425935,False,101.58439210035354,False,1.4023285716425935,101.58439210035354,0.005350337474278596,none,0.002156809139251709,False,,0.0004734489689787188,43,0.00048095089732669294,3.2616940188745502e-06,safe_low_rank_sgd_reference_greedy_marginal_eta0.0002_metricFplusAlpha_gamma0.01_epsm0.5_caln64_calseed43,safe_low_rank_sgd_reference_greedy_marginal_eta0.0002_metricFplusAlpha_gamma0.01_epsm0.5_caln64_calseed43,sgd,2.5761532789747434,5.2162067078115326e-05,/workspace/safe-drift/outputs/setting_2_medqa_medmcqa_reference_coverage_gamma_v1/repeat_01/olmo7b_instruct/KR64_KT16/pct25.6/safe_reference_precondsgd_refT_K_gamma0.01_epsm0.5/training_runs/safe_low_rank_sgd_reference_greedy_marginal_eta0.0002_metricFplusAlpha_gamma0.01_epsm0.5_caln64_calseed43_pct25.6_seed43/summary.json,,,-3.2854983690194786,0.40234375,0.0,256.0,3.2854983690194786,664.8008586820215,0.0006800960400141776,0.0,0,1.0,1.0,0,0.9436274509803922,-0.30637254901960786,0.8944271909999159,0.33541019662496846,0.20519567041703082,-0.34803921568627455,0.34803921568627455,17
False,False,False,True,,,,,,,,,,,,,,,,,,,,,,,,,,,,,,,,,,,,,,,,,,64,0.0,1.1295337177070501e+17,3284906850140160.0,4.62606836323369e+16,1.5921405540304192e+17,4793409119838208.0,3832507489320960.0,0.468503937007874,254.0,12.333743385755485,657978937589760.0,254.0,0.468503937007874,254.0,0.0,0.0,0.0,0.0,,,,,,,,,,,,,,,,,,,,,,,,,,,,,0.5251256281407035,0.4296875,256.0,398.0,398.0,0.0,13.795088772972425,909753906085888.0,0.546875,0.546875,256.0,0.546875,0.0,0.0,2.1954411198561514,320413158785024.0,256.0,0.18281557894118472,256.0,0.0,256.0,0.01171875,0.18281557894118472,2749853.941531621,False,24.415340423583984,39.00100393058148,False,0.0006401261198334396,0.04166666666666674,0.0,2749853.941531621,39.00100393058148,48160.845261418115,0.7106263437759949,,,510,0.50390625,256.0,5.837075124184291,0.4444444444444444,90.0,"truthfulqa,mmlu_non_medical",T_K,,,,,,,,,,766,256,256.0,0.31584239704824335,172.0,84.0,0.022799368914755924,766,82.0,0.012195121951219513,0.1872403496520423,0.47191011235955055,89.0,384,256.0,0.3285991241325177,172.0,84.0,83.0,0.024096385542168676,0.18528813590548476,/workspace/safe-drift/outputs/setting_2_medqa_medmcqa_reference_coverage_gamma_v1/repeat_01/olmo7b_instruct/KR64_KT16/pct25.6/safe_reference_precondsgd_refT_K_gamma0.01_epsm1/training_runs/safe_low_rank_sgd_reference_greedy_marginal_eta0.0002_metricFplusAlpha_gamma0.01_epsm1_caln64_calseed43_pct25.6_seed43,0.02919071553723864,0.0008520978735759854,-2.278153980430275e-13,True,2.5817634264995153e-12,True,,0.01,1.641306775007152e-05,0.004213971328735352,0.004213971328735352,1.0,reference,False,0.0004260489367879927,184.8572998046875,1.641306775007152e-05,512,5.507472678358973e-06,True,-0.00043827843288574614,False,512.0,greedy_marginal,completed,True,False,0.02919071553723864,0.37970369490183,True,27.703019122532215,False,0.37970369490183,27.703019122532215,0.010006607897966084,none,0.004213971328735352,False,,0.0016413067750071521,43,0.00045469150063581765,3.37130450134282e-06,safe_low_rank_sgd_reference_greedy_marginal_eta0.0002_metricFplusAlpha_gamma0.01_epsm1_caln64_calseed43,safe_low_rank_sgd_reference_greedy_marginal_eta0.0002_metricFplusAlpha_gamma0.01_epsm1_caln64_calseed43,sgd,2.331373049739341,4.840368698783015e-05,/workspace/safe-drift/outputs/setting_2_medqa_medmcqa_reference_coverage_gamma_v1/repeat_01/olmo7b_instruct/KR64_KT16/pct25.6/safe_reference_precondsgd_refT_K_gamma0.01_epsm1/training_runs/safe_low_rank_sgd_reference_greedy_marginal_eta0.0002_metricFplusAlpha_gamma0.01_epsm1_caln64_calseed43_pct25.6_seed43/summary.json,,,-3.3242862139595672,0.39453125,0.0,256.0,3.3242862139595672,667.3348127938807,0.0006401261198334396,0.0,0,1.0,1.0,0,0.7132352941176472,-0.823529411764706,0.7071067811865475,0.35355339059327373,0.15389675281277312,-0.6666666666666667,0.6666666666666667,17
False,False,False,True,,,,,,,,,,,,,,,,,,,,,,,,,,,,,,,,,,,,,,,,,,64,0.0,1.1295337177070501e+17,3332041917431808.0,4.630781869962854e+16,1.5926119047033357e+17,4793409119838208.0,3832507489320960.0,0.484251968503937,254.0,10.83352993542128,657978937589760.0,254.0,0.484251968503937,254.0,0.0,0.0,0.0,0.0,,,,,,,,,,,,,,,,,,,,,,,,,,,,,0.5452261306532663,0.4453125,256.0,398.0,398.0,0.0,13.159355801840624,909753906085888.0,0.5625,0.5625,256.0,0.57421875,0.0,0.0,2.1173031385234324,320413158785024.0,256.0,0.16240446760301164,256.0,0.0,256.0,0.015625,0.16240446760301164,694147.2678057284,False,24.6527156829834,10.110378588335593,False,0.0006637693149968982,0.04166666666666674,0.0,694147.2678057284,10.110378588335593,12096.825904386207,0.17913989070587827,,,510,0.51953125,256.0,5.461979726950328,0.4666666666666667,90.0,"truthfulqa,mmlu_non_medical",T_K,,,,,,,,,,766,256,256.0,0.316992249194225,172.0,84.0,0.022799368914755924,766,82.0,0.012195121951219513,0.16731783172178333,0.4157303370786517,89.0,384,256.0,0.29099910328202117,172.0,84.0,83.0,0.024096385542168676,0.16626786948539063,/workspace/safe-drift/outputs/setting_2_medqa_medmcqa_reference_coverage_gamma_v1/repeat_01/olmo7b_instruct/KR64_KT16/pct25.6/safe_reference_precondsgd_refT_K_gamma0.01_epsm2/training_runs/safe_low_rank_sgd_reference_greedy_marginal_eta0.0002_metricFplusAlpha_gamma0.01_epsm2_caln64_calseed43_pct25.6_seed43,0.03241736828838229,0.0010508857667446136,-9.1126159217211e-13,True,1.0327053705998061e-11,True,,0.01,6.565227100028608e-05,0.008427942657470704,0.004213971328735352,2.0,reference,False,0.0005254428833723068,184.8572998046875,6.565227100028608e-05,512,3.200110859148234e-05,True,-0.0004278846651189127,False,512.0,greedy_marginal,completed,True,False,0.03241736828838229,0.09894380882083521,True,7.517437130266619,False,0.09894380882083521,7.517437130266619,0.020129315646209584,none,0.008427942657470704,False,,0.0065652271000286085,43,0.0004935369361191988,3.5140001273248345e-06,safe_low_rank_sgd_reference_greedy_marginal_eta0.0002_metricFplusAlpha_gamma0.01_epsm2_caln64_calseed43,safe_low_rank_sgd_reference_greedy_marginal_eta0.0002_metricFplusAlpha_gamma0.01_epsm2_caln64_calseed43,sgd,2.507413647811518,5.137082342089594e-05,/workspace/safe-drift/outputs/setting_2_medqa_medmcqa_reference_coverage_gamma_v1/repeat_01/olmo7b_instruct/KR64_KT16/pct25.6/safe_reference_precondsgd_refT_K_gamma0.01_epsm2/training_runs/safe_low_rank_sgd_reference_greedy_marginal_eta0.0002_metricFplusAlpha_gamma0.01_epsm2_caln64_calseed43_pct25.6_seed43/summary.json,,,-3.3216869190946454,0.42578125,0.0625,256.0,3.3216869190946454,656.1130687203258,0.0006637693149968982,0.0,0,1.0,1.0,0,0.9142156862745099,-0.10294117647058824,0.4472135954999579,0.5999999999999999,0.051298917604257706,0.08088235294117649,-0.08088235294117649,17
False,False,False,True,,,,,,,,,,,,,,,,,,,,,,,,,,,,,,,,,,,,,,,,,,64,0.0,1.1295337177070501e+17,3391397187354624.0,4.636717396955136e+16,1.593205457402564e+17,4793409119838208.0,3832507489320960.0,0.4881889763779528,254.0,11.736900317074433,657978937589760.0,254.0,0.4881889763779528,254.0,0.0,0.0,0.0,0.0,,,,,,,,,,,,,,,,,,,,,,,,,,,,,0.550251256281407,0.453125,256.0,398.0,398.0,0.0,14.106196363766989,909753906085888.0,0.58984375,0.58984375,256.0,0.578125,0.0,0.0,2.214228825762093,320413158785024.0,256.0,0.16152769023894303,256.0,0.0,256.0,0.01953125,0.16152769023894303,11589150.368692951,False,25.7243709564209,16.54386325069085,False,0.0006788388709537685,0.04166666666666674,0.0,11589150.368692951,16.54386325069085,196258.68580528768,0.2931537185585124,,,510,0.52734375,256.0,5.844280123710632,0.4888888888888889,90.0,"truthfulqa,mmlu_non_medical",T_K,,,,,,,,,,766,256,256.0,0.32910872597349683,172.0,84.0,0.02057120492188602,766,82.0,0.012195121951219513,0.16932856305810473,0.5056179775280899,89.0,384,256.0,0.3249038005664642,172.0,84.0,83.0,0.024096385542168676,0.14418962360483842,/workspace/safe-drift/outputs/setting_2_medqa_medmcqa_reference_coverage_gamma_v1/repeat_01/olmo7b_instruct/KR64_KT16/pct25.6/safe_reference_precondsgd_refT_K_gamma0.1_epsm0.5/training_runs/safe_low_rank_sgd_reference_greedy_marginal_eta0.0002_metricFplusAlpha_gamma0.1_epsm0.5_caln64_calseed43_pct25.6_seed43,0.029679326332941833,0.0008808624115772545,-2.8432752495398893e-13,True,1.918733439276385e-11,True,,0.1,4.10326693751788e-05,0.002106985664367676,0.004213971328735352,0.5,reference,False,0.00044043120578862727,184.8572998046875,4.10326693751788e-05,512,-1.2035766873135979e-06,False,-0.0004791630261964226,False,512.0,greedy_marginal,completed,False,False,0.029679326332941833,1.5422263282223834,False,12.677595366753122,False,1.5422263282223834,12.677595366753122,0.011897972891938953,none,0.002106985664367676,False,,0.00041032669375178803,43,0.0005201956955716014,3.423270982239046e-06,safe_low_rank_sgd_reference_greedy_marginal_eta0.0002_metricFplusAlpha_gamma0.1_epsm0.5_caln64_calseed43,safe_low_rank_sgd_reference_greedy_marginal_eta0.0002_metricFplusAlpha_gamma0.1_epsm0.5_caln64_calseed43,sgd,2.4775784615139855,5.243187578742037e-05,/workspace/safe-drift/outputs/setting_2_medqa_medmcqa_reference_coverage_gamma_v1/repeat_01/olmo7b_instruct/KR64_KT16/pct25.6/safe_reference_precondsgd_refT_K_gamma0.1_epsm0.5/training_runs/safe_low_rank_sgd_reference_greedy_marginal_eta0.0002_metricFplusAlpha_gamma0.1_epsm0.5_caln64_calseed43_pct25.6_seed43/summary.json,,,-3.304940631867794,0.43359375,0.125,256.0,3.304940631867794,671.3186173755676,0.0006788388709537685,0.0,0,1.0,1.0,0,0.9779411764705884,-0.13725490196078433,0.6708203932499369,0.6324555320336759,0.4472135954999579,-0.05147058823529412,0.05147058823529412,17
False,False,False,True,,,,,,,,,,,,,,,,,,,,,,,,,,,,,,,,,,,,,,,,,,64,0.0,1.1295337177070501e+17,3471784506703872.0,4.644756128890061e+16,1.5940093305960563e+17,4793409119838208.0,3832507489320960.0,0.48031496062992124,254.0,11.24371807719153,657978937589760.0,254.0,0.48031496062992124,254.0,0.0,0.0,0.0,0.0,,,,,,,,,,,,,,,,,,,,,,,,,,,,,0.5226130653266332,0.421875,256.0,398.0,398.0,0.0,13.633937406043211,909753906085888.0,0.55859375,0.55859375,256.0,0.5625,0.0,0.0,2.0413840937936008,320413158785024.0,256.0,0.16642249104324588,256.0,0.0,256.0,0.01171875,0.16642249104324588,2732410.4686468136,False,24.26046371459961,3.9689218994408133,False,0.0006514218403026462,0.125,0.0,2732410.4686468136,3.9689218994408133,48556.199990046705,0.07208604304220032,,,510,0.51953125,256.0,5.57171027859052,0.45555555555555555,90.0,"truthfulqa,mmlu_non_medical",T_K,,,,,,,,,,766,256,256.0,0.3138716089768907,172.0,84.0,0.018029447478167815,766,82.0,0.012195121951219513,0.17218766239822586,0.48314606741573035,89.0,384,256.0,0.32879627536096384,172.0,84.0,83.0,0.024096385542168676,0.1744464833061973,/workspace/safe-drift/outputs/setting_2_medqa_medmcqa_reference_coverage_gamma_v1/repeat_01/olmo7b_instruct/KR64_KT16/pct25.6/safe_reference_precondsgd_refT_K_gamma0.1_epsm1/training_runs/safe_low_rank_sgd_reference_greedy_marginal_eta0.0002_metricFplusAlpha_gamma0.1_epsm1_caln64_calseed43_pct25.6_seed43,0.032477905077067167,0.0010548143181949854,-1.1373100998159557e-12,True,7.67493375710554e-11,True,,0.1,0.0001641306775007152,0.004213971328735352,0.004213971328735352,1.0,reference,False,0.0005274071590974927,184.8572998046875,0.0001641306775007152,512,5.032578655586186e-06,True,-0.00045482351162100796,False,512.0,greedy_marginal,completed,True,False,0.032477905077067167,0.43319011686751074,True,3.7711035565877054,False,0.43319011686751074,3.7711035565877054,0.024417288090292463,none,0.004213971328735352,False,,0.0016413067750071521,43,0.0006189541891217232,3.846198524115607e-06,safe_low_rank_sgd_reference_greedy_marginal_eta0.0002_metricFplusAlpha_gamma0.1_epsm1_caln64_calseed43,safe_low_rank_sgd_reference_greedy_marginal_eta0.0002_metricFplusAlpha_gamma0.1_epsm1_caln64_calseed43,sgd,2.292325768077717,4.993990128498993e-05,/workspace/safe-drift/outputs/setting_2_medqa_medmcqa_reference_coverage_gamma_v1/repeat_01/olmo7b_instruct/KR64_KT16/pct25.6/safe_reference_precondsgd_refT_K_gamma0.1_epsm1/training_runs/safe_low_rank_sgd_reference_greedy_marginal_eta0.0002_metricFplusAlpha_gamma0.1_epsm1_caln64_calseed43_pct25.6_seed43/summary.json,,,-3.2844059077760903,0.421875,0.125,256.0,3.2844059077760903,683.5723896920681,0.0006514218403026462,0.0,0,1.0,1.0,0,0.8799019607843138,0.23039215686274514,0.872081599272381,0.6324555320336759,0.5642880936468347,0.3970588235294118,-0.3970588235294118,17
False,True,False,True,,,,,,,,,,,,,,,,,,,,,,,,,,,,,,,,,,,,,,,,,,64,0.0,1.1295337177070501e+17,3548264686436352.0,4.652404146863309e+16,1.594774132393381e+17,4793409119838208.0,3832507489320960.0,0.4763779527559055,254.0,12.296718925315878,657978937589760.0,254.0,0.4763779527559055,254.0,0.0,0.0,0.0,0.0,,,,,,,,,,,,,,,,,,,,,,,,,,,,,0.535175879396985,0.4375,256.0,398.0,398.0,0.0,14.477125545342764,909753906085888.0,0.6015625,0.6015625,256.0,0.60546875,0.0,0.0,2.4426945433374696,320413158785024.0,256.0,0.16257092671811263,256.0,0.0,256.0,0.01953125,0.16257092671811263,678345.6246174093,False,24.70669174194336,0.42360628426524743,True,0.0006564770010299981,0.08333333333333337,0.0,678345.6246174093,0.42360628426524743,11608.597174856217,0.0074461768527143155,,,510,0.52734375,256.0,6.146946335832278,0.4777777777777778,90.0,"bbq,mmlu_non_medical",T_K,,,,,,,,,,766,256,256.0,0.3219854044651928,172.0,84.0,0.018029447478167815,766,82.0,0.012195121951219513,0.1661930311526078,0.4157303370786517,89.0,384,256.0,0.28455049627589657,172.0,84.0,83.0,0.024096385542168676,0.15337065547314138,/workspace/safe-drift/outputs/setting_2_medqa_medmcqa_reference_coverage_gamma_v1/repeat_01/olmo7b_instruct/KR64_KT16/pct25.6/safe_reference_precondsgd_refT_K_gamma0.1_epsm2/training_runs/safe_low_rank_sgd_reference_greedy_marginal_eta0.0002_metricFplusAlpha_gamma0.1_epsm2_caln64_calseed43_pct25.6_seed43,0.08111945402749682,0.00658036582171917,7.355370984865345e-12,True,-6.146316160020315e-11,True,,0.1,0.001549733857628361,0.008534867477416993,0.0042674337387084964,2.0,reference,False,0.003290182910859585,425.4941101074219,0.001549733857628361,512,3.0886538377049805e-05,True,-0.0005837268577847325,False,512.0,greedy_marginal,completed,True,False,0.08111945402749682,0.15198083229894102,True,1.376662497293178,False,0.15198083229894102,1.376662497293178,0.0808307357416597,none,0.008534867477416993,False,,0.01549733857628361,43,0.0021334607154130936,5.535443051485345e-06,safe_low_rank_sgd_reference_greedy_marginal_eta0.0002_metricFplusAlpha_gamma0.1_epsm2_caln64_calseed43,safe_low_rank_sgd_reference_greedy_marginal_eta0.0002_metricFplusAlpha_gamma0.1_epsm2_caln64_calseed43,sgd,2.368568260349093,5.071782782190004e-05,/workspace/safe-drift/outputs/setting_2_medqa_medmcqa_reference_coverage_gamma_v1/repeat_01/olmo7b_instruct/KR64_KT16/pct25.6/safe_reference_precondsgd_refT_K_gamma0.1_epsm2/training_runs/safe_low_rank_sgd_reference_greedy_marginal_eta0.0002_metricFplusAlpha_gamma0.1_epsm2_caln64_calseed43_pct25.6_seed43/summary.json,,,-3.253597833971071,0.4375,0.0625,256.0,3.253597833971071,675.3997923005372,0.0006564770010299981,0.0,0,1.0,1.0,0,0.9779411764705884,0.46813725490196084,0.6708203932499369,0.7181848464596079,0.051298917604257706,0.5073529411764707,-0.5073529411764707,17
False,False,False,True,,,,,,,,,,,,,,,,,,,,,,,,,,,,,,,,,,,,,,,,,,64,0.0,1.1295337177070501e+17,3679195428913152.0,4.665497221110989e+16,1.596083439818149e+17,4793409119838208.0,3832507489320960.0,0.4881889763779528,254.0,11.998590379249393,657978937589760.0,254.0,0.4881889763779528,254.0,0.0,0.0,0.0,0.0,,,,,,,,,,,,,,,,,,,,,,,,,,,,,0.5402010050251256,0.44140625,256.0,398.0,398.0,0.0,14.170874066650867,909753906085888.0,0.59765625,0.59765625,256.0,0.59765625,0.0,0.0,2.1755401822490117,320413158785024.0,256.0,0.16597401490554184,256.0,0.0,256.0,0.015625,0.16597401490554184,10950280.166791555,False,24.3062744140625,1.5930718133777613,False,0.0006536798900924623,0.08333333333333337,0.0,10950280.166791555,1.5930718133777613,188565.83499566457,0.028042760565934036,,,510,0.54296875,256.0,5.910155579447746,0.4777777777777778,90.0,"truthfulqa,mmlu_non_medical",T_K,,,,,,,,,,766,256,256.0,0.3195684885277397,172.0,84.0,0.018029447478167815,766,82.0,0.012195121951219513,0.16135919927770168,0.47191011235955055,89.0,384,256.0,0.32315698593197884,172.0,84.0,83.0,0.024096385542168676,0.17440385950440712,/workspace/safe-drift/outputs/setting_2_medqa_medmcqa_reference_coverage_gamma_v1/repeat_01/olmo7b_instruct/KR64_KT16/pct25.6/safe_reference_precondsgd_refT_K_gamma1_epsm0.5/training_runs/safe_low_rank_sgd_reference_greedy_marginal_eta0.0002_metricFplusAlpha_gamma1_epsm0.5_caln64_calseed43_pct25.6_seed43,35.93120529110978,1291.051513671875,-5.11701200397221e-13,True,5.3630149258153403e-11,True,,1.0,0.00041032669375178803,0.002106985664367676,0.004213971328735352,0.5,reference,False,645.5257568359375,184.8572998046875,0.00041032669375178803,512,-2.161629538587858e-06,False,-0.0005461871669768036,False,512.0,greedy_marginal,completed,False,False,35.93120529110978,1.9738411021417073,False,2.331103180206939,False,1.9738411021417073,2.331103180206939,19.042787258750522,none,0.002106985664367676,False,,0.00041032669375178803,43,0.0009565138607285917,4.3813238335133065e-06,safe_low_rank_sgd_reference_greedy_marginal_eta0.0002_metricFplusAlpha_gamma1_epsm0.5_caln64_calseed43,safe_low_rank_sgd_reference_greedy_marginal_eta0.0002_metricFplusAlpha_gamma1_epsm0.5_caln64_calseed43,sgd,2.439478481336664,5.0400364854555346e-05,/workspace/safe-drift/outputs/setting_2_medqa_medmcqa_reference_coverage_gamma_v1/repeat_01/olmo7b_instruct/KR64_KT16/pct25.6/safe_reference_precondsgd_refT_K_gamma1_epsm0.5/training_runs/safe_low_rank_sgd_reference_greedy_marginal_eta0.0002_metricFplusAlpha_gamma1_epsm0.5_caln64_calseed43_pct25.6_seed43/summary.json,,,-3.2995659555017482,0.44921875,0.0625,256.0,3.2995659555017482,656.4298233110458,0.0006536798900924623,0.0,0,1.0,1.0,0,0.9730392156862746,0.30637254901960786,0.5270462766947299,0.7905694150420948,0.5642880936468347,0.2769607843137255,-0.2769607843137255,17
False,True,False,True,,,,,,,,,,,,,,,,,,,,,,,,,,,,,,,,,,,,,,,,,,64,0.0,1.1295337177070501e+17,3695904685572096.0,4.667168146776883e+16,1.5962505323847386e+17,4793409119838208.0,3832507489320960.0,0.5669291338582677,254.0,11.755121201042115,657978937589760.0,254.0,0.5669291338582677,254.0,0.0,0.0,0.0,0.0,,,,,,,,,,,,,,,,,,,,,,,,,,,,,0.542713567839196,0.43359375,256.0,398.0,398.0,0.0,13.968996621668339,909753906085888.0,0.60546875,0.60546875,256.0,0.60546875,0.0,0.0,2.1367278178686044,320413158785024.0,256.0,0.16511117515017198,256.0,0.0,256.0,0.01171875,0.16511117515017198,2818055.342658082,False,25.020885467529297,0.4055581198082715,True,0.0006656452897004783,0.08333333333333337,0.0,2818055.342658082,0.4055581198082715,48200.54688497136,0.00719137091089232,,,510,0.5703125,256.0,5.785607884327571,0.5555555555555556,90.0,"truthfulqa,mmlu_non_medical",T_K,,,,,,,,,,766,256,256.0,0.36019806330562,172.0,84.0,0.02057120492188602,766,82.0,0.012195121951219513,0.16484057105568442,0.47191011235955055,89.0,384,256.0,0.32089820000993824,172.0,84.0,83.0,0.024096385542168676,0.16988628766032596,/workspace/safe-drift/outputs/setting_2_medqa_medmcqa_reference_coverage_gamma_v1/repeat_01/olmo7b_instruct/KR64_KT16/pct25.6/safe_reference_precondsgd_refT_K_gamma1_epsm1/training_runs/safe_low_rank_sgd_reference_greedy_marginal_eta0.0002_metricFplusAlpha_gamma1_epsm1_caln64_calseed43_pct25.6_seed43,46.83006179261351,2193.0546875,-2.046804801588884e-12,True,2.1452059703261361e-10,True,,1.0,0.0016413067750071521,0.004213971328735352,0.004213971328735352,1.0,reference,False,1096.52734375,184.8572998046875,0.0016413067750071521,512,1.7588261012081792e-06,True,-7.217390896776957e-05,False,512.0,greedy_marginal,completed,True,False,46.83006179261351,0.8019067191787268,True,1.043974719133934,False,0.8019067191787268,1.043974719133934,46.771176687678064,none,0.004213971328735352,False,,0.0016413067750071521,43,0.0017134806839749217,7.119951078493614e-06,safe_low_rank_sgd_reference_greedy_marginal_eta0.0002_metricFplusAlpha_gamma1_epsm1_caln64_calseed43,safe_low_rank_sgd_reference_greedy_marginal_eta0.0002_metricFplusAlpha_gamma1_epsm1_caln64_calseed43,sgd,2.479750099492776,5.1909072741412876e-05,/workspace/safe-drift/outputs/setting_2_medqa_medmcqa_reference_coverage_gamma_v1/repeat_01/olmo7b_instruct/KR64_KT16/pct25.6/safe_reference_precondsgd_refT_K_gamma1_epsm1/training_runs/safe_low_rank_sgd_reference_greedy_marginal_eta0.0002_metricFplusAlpha_gamma1_epsm1_caln64_calseed43_pct25.6_seed43/summary.json,,,-3.2698287708244607,0.453125,0.0,256.0,3.2698287708244607,662.266048938036,0.0006656452897004783,0.0,0,1.0,1.0,0,0.9901960784313727,0.2720588235294118,0.22360679774997896,0.28867513459481287,0.5642880936468347,0.30147058823529416,-0.30147058823529416,17
False,True,False,True,,,,,,,,,,,,,,,,,,,,,,,,,,,,,,,,,,,,,,,,,,64,0.0,1.1295337177070501e+17,3438532254646272.0,4.641430903684301e+16,1.5936768080754803e+17,4793409119838208.0,3832507489320960.0,0.5118110236220472,254.0,11.571186253404992,657978937589760.0,254.0,0.5118110236220472,254.0,0.0,0.0,0.0,0.0,,,,,,,,,,,,,,,,,,,,,,,,,,,,,0.5251256281407035,0.43359375,256.0,398.0,398.0,0.0,13.566440910100937,909753906085888.0,0.57421875,0.57421875,256.0,0.578125,0.0,0.0,1.911389363983463,320413158785024.0,256.0,0.22505520299175363,256.0,0.0,256.0,0.0078125,0.22505520299175363,619025.4389542314,False,22.546133041381836,0.040964381208884015,True,0.0006348388851620257,0.04166666666666674,0.0,619025.4389542314,0.040964381208884015,11860.697850342478,0.0007709223242410615,,,510,0.55078125,256.0,5.491538435220718,0.5222222222222223,90.0,"bbq,mmlu_non_medical",T_K,,,,,,,,,,766,256,256.0,0.357903399233575,172.0,84.0,-0.035533964418577424,766,82.0,0.0,0.19358457624492773,0.449438202247191,89.0,384,256.0,0.33396416274077106,172.0,84.0,83.0,0.012048192771084338,0.21849012323435116,/workspace/safe-drift/outputs/setting_2_medqa_medmcqa_reference_coverage_gamma_v1/repeat_01/olmo7b_instruct/KR64_KT16/pct25.6/safe_reference_precondsgd_refT_K_gamma1_epsm2/training_runs/safe_low_rank_sgd_reference_greedy_marginal_eta0.0002_metricFplusAlpha_gamma1_epsm2_caln64_calseed43_pct25.6_seed43,4969.734801777656,24698264.0,3.7173921777736325e-12,True,3.3434893256800713e-09,True,,1.0,0.01549733857628361,0.008534867477416993,0.0042674337387084964,2.0,reference,False,12349132.0,425.4941101074219,0.01549733857628361,512,2.405367112016022e-05,True,0.00933247487064854,True,512.0,greedy_marginal,completed,True,True,4969.734801777656,0.3395836751123282,True,0.3978015969384527,True,0.3395836751123282,0.3978015969384527,4969.734801777656,none,0.008534867477416993,False,,0.01549733857628361,43,0.006164863705635071,1.236831030837493e-05,safe_low_rank_sgd_reference_greedy_marginal_eta0.0002_metricFplusAlpha_gamma1_epsm2_caln64_calseed43,safe_low_rank_sgd_reference_greedy_marginal_eta0.0002_metricFplusAlpha_gamma1_epsm2_caln64_calseed43,sgd,2.373325900427517,5.070657717344551e-05,/workspace/safe-drift/outputs/setting_2_medqa_medmcqa_reference_coverage_gamma_v1/repeat_01/olmo7b_instruct/KR64_KT16/pct25.6/safe_reference_precondsgd_refT_K_gamma1_epsm2/training_runs/safe_low_rank_sgd_reference_greedy_marginal_eta0.0002_metricFplusAlpha_gamma1_epsm2_caln64_calseed43_pct25.6_seed43/summary.json,,,-3.2217172694636247,0.40234375,0.125,256.0,3.2217172694636247,701.0123516265303,0.0006348388851620257,0.0,0,1.0,1.0,0,0.7377450980392158,0.34313725490196084,0.6708203932499369,0.6324555320336759,-0.9746794344808964,0.4926470588235295,-0.4926470588235295,17
True,True,True,True,0.5787401574803149,254.0,254.0,0.5787401574803149,254.0,0.0,0.0,0.0,0.0,0.4975124378109453,0.3671875,256.0,402.0,402.0,0.0,0.546875,0.546875,256.0,0.51171875,0.0,0.0,256.0,0.2539129749412385,256.0,0.0,256.0,0.01953125,0.2539129749412385,0.55078125,256.0,0.627906976744186,86.0,256.0,0.4430969475537643,170.0,86.0,84.0,0.03571428571428571,0.25828691836334255,0.43359375,256.0,64,0.0,1.1295337170877445e+17,3469373718429696.0,4.618574136926208e+16,1.5913911307803654e+17,4549157473370112.0,3832507489320960.0,0.6299212598425197,254.0,11.889568436489956,656981370028032.0,254.0,0.6299212598425197,254.0,0.0,0.0,0.0,0.0,0.051181102362204745,0.0,0.0,0.051181102362204745,0.0,0.0,0.0,0.0,0.0,-0.004975124378109486,-0.00390625,0.0,0.0,0.0,0.0,0.04296875,0.04296875,0.0,0.07421875,0.0,0.0,0.0,-0.1095229439918918,0.0,0.0,0.0,-0.0078125,-0.1095229439918918,0.4925373134328358,0.36328125,256.0,402.0,402.0,0.0,13.350073404610157,893072359636992.0,0.58984375,0.58984375,256.0,0.5859375,0.0,0.0,2.244100844183049,322934787899392.0,256.0,0.1443900309493467,256.0,0.0,256.0,0.01171875,0.1443900309493467,,,23.738170623779297,,,0.001102117239497602,-0.09523809523809523,0.0,,,,,0.0859375,0.0,510,0.63671875,256.0,5.328156480422387,0.7093023255813954,86.0,,,0.08139534883720934,0.0,0.0,-0.01199523752688092,0.0,0.0,0.0,-0.011904761904761904,-0.10538582389097126,766,768,256.0,0.43110171002688336,170.0,86.0,0.008096890854243755,766,84.0,0.023809523809523808,0.1529010944723713,0.5875,80.0,384,256.0,0.36370819247862785,171.0,85.0,91.0,0.01098901098901099,0.1399163849572557,/workspace/safe-drift/outputs/setting_2_medqa_medmcqa_reference_coverage_gamma_v1/repeat_02/olmo7b_instruct/KR64_KT16/pct25.6/baseline_less_no_reference/training_runs/less_random_sketch_sgd_pct25.6_seed44,,,,,,,,,,,,,,,,,,,,,,,,,,,,,,,,,,,,none,,False,,,44,,,less_random_sketch_sgd,less_random_sketch_sgd,sgd,2.4267902461588164,8.561676181802202e-05,/workspace/safe-drift/outputs/setting_2_medqa_medmcqa_reference_coverage_gamma_v1/repeat_02/olmo7b_instruct/KR64_KT16/pct25.6/baseline_less_no_reference/training_runs/less_random_sketch_sgd_pct25.6_seed44/summary.json,0.0,0.0,-3.3031191028021567,0.43359375,0.1875,256.0,3.3031191028021567,664.7381874229759,0.001102117239497602,0.0,0,1.0,1.0,0,0.8750000000000001,0.4313725490196079,-0.35909242322980395,0.8944271909999159,0.7826237921249264,0.5882352941176472,-0.5882352941176472,17
False,False,False,False,,,,,,,,,,,,,,,,,,,,,,,,,,,,,,,,,,,,,,,,,,64,0.0,1.1295337177070501e+17,3224637143285760.0,4.594100479411814e+16,1.5889437656482317e+17,4549157473370112.0,3832507489320960.0,0.4448818897637795,254.0,12.547727574826538,656981370028032.0,254.0,0.4448818897637795,254.0,0.0,0.0,0.0,0.0,,,,,,,,,,,,,,,,,,,,,,,,,,,,,0.5,0.36328125,256.0,402.0,402.0,0.0,14.368232433994612,893072359636992.0,0.56640625,0.56640625,256.0,0.56640625,0.0,0.0,2.340110669287163,322934787899392.0,256.0,0.12642589264506884,256.0,0.0,256.0,0.015625,0.12642589264506884,10371902.152267266,False,24.915678024291992,201.96987261330875,False,0.0011544631561264396,-0.1428571428571428,0.0,10371902.152267266,201.96987261330875,181290.26358874032,3.6394842377442043,,,510,0.46484375,256.0,5.60968843790201,0.4883720930232558,86.0,"bbq,truthfulqa",B_K,,,,,,,,,,766,256,256.0,0.3051907887453595,170.0,86.0,0.12627870903606195,766,84.0,0.023809523809523808,0.12200948446746318,0.5625,80.0,384,256.0,0.3320108924353921,171.0,85.0,91.0,0.01098901098901099,0.10152178487078423,/workspace/safe-drift/outputs/setting_2_medqa_medmcqa_reference_coverage_gamma_v1/repeat_02/olmo7b_instruct/KR64_KT16/pct25.6/safe_reference_precondsgd_refB_K_gamma0.01_epsm0.5/training_runs/safe_low_rank_sgd_reference_greedy_marginal_eta0.0002_metricFplusAlpha_gamma0.01_epsm0.5_caln64_calseed44_pct25.6_seed44,0.027361828711346774,0.0007486696704290807,6.389811402706617e-14,True,-4.293505372263942e-12,True,,0.01,5.716016657280233e-06,0.0021919071197509764,0.004383814239501953,0.5,reference,False,0.00037433483521454036,237.94642639160156,5.716016657280233e-06,512,-1.1052038005284709e-06,False,-0.0003686765023492254,False,512.0,greedy_marginal,completed,False,False,0.027361828711346774,1.4600744023991274,False,65.49883496545928,False,1.4600744023991274,65.49883496545928,0.009612123884995336,none,0.0021919071197509764,False,,0.0005716016657280233,44,0.0003743925190065056,3.5074322113359813e-06,safe_low_rank_sgd_reference_greedy_marginal_eta0.0002_metricFplusAlpha_gamma0.01_epsm0.5_caln64_calseed44,safe_low_rank_sgd_reference_greedy_marginal_eta0.0002_metricFplusAlpha_gamma0.01_epsm0.5_caln64_calseed44,sgd,2.31491045212897,8.571873639107164e-05,/workspace/safe-drift/outputs/setting_2_medqa_medmcqa_reference_coverage_gamma_v1/repeat_02/olmo7b_instruct/KR64_KT16/pct25.6/safe_reference_precondsgd_refB_K_gamma0.01_epsm0.5/training_runs/safe_low_rank_sgd_reference_greedy_marginal_eta0.0002_metricFplusAlpha_gamma0.01_epsm0.5_caln64_calseed44_pct25.6_seed44/summary.json,,,-3.5019284475129098,0.44921875,0.4375,256.0,3.5019284475129098,692.0859771240503,0.0011544631561264396,0.0,0,1.0,1.0,0,0.9779411764705884,-0.8186274509803922,-0.8207826816681233,0.9746794344808964,0.6668859288553503,-0.8039215686274511,0.8039215686274511,17
False,False,False,True,,,,,,,,,,,,,,,,,,,,,,,,,,,,,,,,,,,,,,,,,,64,0.0,1.1295337177070501e+17,3284906850140160.0,4.600127450097254e+16,1.5895464627167757e+17,4549157473370112.0,3832507489320960.0,0.48031496062992124,254.0,12.243947847621648,656981370028032.0,254.0,0.48031496062992124,254.0,0.0,0.0,0.0,0.0,,,,,,,,,,,,,,,,,,,,,,,,,,,,,0.5024875621890548,0.359375,256.0,402.0,402.0,0.0,13.700324666996798,893072359636992.0,0.578125,0.578125,256.0,0.58203125,0.0,0.0,2.066286789948266,322934787899392.0,256.0,0.1501903401158544,256.0,0.0,256.0,0.01171875,0.1501903401158544,2534042.3224387965,False,24.349393844604492,50.09964396155238,False,0.0011454815976321697,-0.19047619047619047,0.0,2534042.3224387965,50.09964396155238,44271.76794022092,0.8951630963931676,,,510,0.51171875,256.0,5.308445389454182,0.5116279069767442,86.0,"bbq,truthfulqa",B_K,,,,,,,,,,766,256,256.0,0.3321040168982078,170.0,86.0,0.008096890854243755,766,84.0,0.023809523809523808,0.1525801268196713,0.575,80.0,384,256.0,0.3590067641858016,171.0,85.0,91.0,0.01098901098901099,0.14301352837160322,/workspace/safe-drift/outputs/setting_2_medqa_medmcqa_reference_coverage_gamma_v1/repeat_02/olmo7b_instruct/KR64_KT16/pct25.6/safe_reference_precondsgd_refB_K_gamma0.01_epsm1/training_runs/safe_low_rank_sgd_reference_greedy_marginal_eta0.0002_metricFplusAlpha_gamma0.01_epsm1_caln64_calseed44_pct25.6_seed44,0.030143652828698318,0.0009086398058570921,2.5559245610826467e-13,True,-1.717402148905577e-11,True,,0.01,2.2864066629120932e-05,0.004383814239501953,0.004383814239501953,1.0,reference,False,0.00045431990292854607,237.94642639160156,2.2864066629120932e-05,512,6.013783405275606e-06,True,-0.0004110436901856122,False,512.0,greedy_marginal,completed,True,False,0.030143652828698318,0.37414533748956985,True,18.977705542173368,False,0.37414533748956985,18.977705542173368,0.019399094510561064,none,0.004383814239501953,False,,0.002286406662912093,44,0.00043390775681473315,3.595130237954436e-06,safe_low_rank_sgd_reference_greedy_marginal_eta0.0002_metricFplusAlpha_gamma0.01_epsm1_caln64_calseed44,safe_low_rank_sgd_reference_greedy_marginal_eta0.0002_metricFplusAlpha_gamma0.01_epsm1_caln64_calseed44,sgd,2.420674332173803,8.670874226718306e-05,/workspace/safe-drift/outputs/setting_2_medqa_medmcqa_reference_coverage_gamma_v1/repeat_02/olmo7b_instruct/KR64_KT16/pct25.6/safe_reference_precondsgd_refB_K_gamma0.01_epsm1/training_runs/safe_low_rank_sgd_reference_greedy_marginal_eta0.0002_metricFplusAlpha_gamma0.01_epsm1_caln64_calseed44_pct25.6_seed44/summary.json,,,-3.5001390133984387,0.4765625,0.3125,256.0,3.5001390133984387,662.1989987976849,0.0011454815976321697,0.0,0,1.0,1.0,0,0.9509803921568629,-0.8308823529411766,-0.7378647873726218,0.6999999999999998,0.5642880936468347,-0.7230392156862746,0.7230392156862746,17
False,False,False,True,,,,,,,,,,,,,,,,,,,,,,,,,,,,,,,,,,,,,,,,,,64,0.0,1.1295337177070501e+17,3396468155793408.0,4.611283580662579e+16,1.590662075773308e+17,4549157473370112.0,3832507489320960.0,0.4645669291338583,254.0,11.760256647125004,656981370028032.0,254.0,0.4645669291338583,254.0,0.0,0.0,0.0,0.0,,,,,,,,,,,,,,,,,,,,,,,,,,,,,0.5149253731343284,0.38671875,256.0,402.0,402.0,0.0,13.298045719663302,893072359636992.0,0.58203125,0.58203125,256.0,0.57421875,0.0,0.0,2.0460938165507274,322934787899392.0,256.0,0.14982993799893768,256.0,0.0,256.0,0.01171875,0.14982993799893768,643152.5140898513,False,24.719987869262695,12.640353472016463,False,0.001156039535999298,-0.09523809523809523,0.0,643152.5140898513,12.640353472016463,11330.282472337833,0.22879833056809823,,,510,0.50390625,256.0,5.175192704567542,0.4883720930232558,86.0,"bbq,truthfulqa",B_K,,,,,,,,,,766,256,256.0,0.3191937231844843,170.0,86.0,0.008096890854243755,766,84.0,0.023809523809523808,0.15001535334571278,0.525,80.0,384,256.0,0.3345496904622437,171.0,85.0,91.0,0.01098901098901099,0.14409938092448737,/workspace/safe-drift/outputs/setting_2_medqa_medmcqa_reference_coverage_gamma_v1/repeat_02/olmo7b_instruct/KR64_KT16/pct25.6/safe_reference_precondsgd_refB_K_gamma0.01_epsm2/training_runs/safe_low_rank_sgd_reference_greedy_marginal_eta0.0002_metricFplusAlpha_gamma0.01_epsm2_caln64_calseed44_pct25.6_seed44,0.04295857943113977,0.0018454395467415452,1.0223698244330587e-12,True,-6.869608595622308e-11,True,,0.01,9.145626651648373e-05,0.008767628479003906,0.004383814239501953,2.0,reference,False,0.0009227197733707726,237.94642639160156,9.145626651648373e-05,512,3.4471830189529564e-05,True,-0.00047021442472409514,False,512.0,greedy_marginal,completed,True,False,0.04295857943113977,0.10312883772723136,True,6.141423042475935,False,0.10312883772723136,6.141423042475935,0.039073352498271596,none,0.008767628479003906,False,,0.009145626651648373,44,0.0005616706912405789,3.963824383390602e-06,safe_low_rank_sgd_reference_greedy_marginal_eta0.0002_metricFplusAlpha_gamma0.01_epsm2_caln64_calseed44,safe_low_rank_sgd_reference_greedy_marginal_eta0.0002_metricFplusAlpha_gamma0.01_epsm2_caln64_calseed44,sgd,2.3680667764201644,8.73004136402733e-05,/workspace/safe-drift/outputs/setting_2_medqa_medmcqa_reference_coverage_gamma_v1/repeat_02/olmo7b_instruct/KR64_KT16/pct25.6/safe_reference_precondsgd_refB_K_gamma0.01_epsm2/training_runs/safe_low_rank_sgd_reference_greedy_marginal_eta0.0002_metricFplusAlpha_gamma0.01_epsm2_caln64_calseed44_pct25.6_seed44/summary.json,,,-3.416475038480712,0.4375,0.25,256.0,3.416475038480712,679.8074348270893,0.001156039535999298,0.0,0,1.0,1.0,0,0.9828431372549021,-0.004901960784313726,-0.15389675281277312,0.8207826816681233,0.4999999999999999,-0.02450980392156863,0.02450980392156863,17
False,False,False,True,,,,,,,,,,,,,,,,,,,,,,,,,,,,,,,,,,,,,,,,,,64,0.0,1.1295337177070501e+17,3467627975196672.0,4.618399562602906e+16,1.5913736739673408e+17,4549157473370112.0,3832507489320960.0,0.4645669291338583,254.0,11.88841610255204,656981370028032.0,254.0,0.4645669291338583,254.0,0.0,0.0,0.0,0.0,,,,,,,,,,,,,,,,,,,,,,,,,,,,,0.5,0.3671875,256.0,402.0,402.0,0.0,13.518704379598299,893072359636992.0,0.58203125,0.58203125,256.0,0.59375,0.0,0.0,2.0924930243346997,322934787899392.0,256.0,0.14335470516108856,256.0,0.0,256.0,0.01171875,0.14335470516108856,9892779.968438663,False,23.76471710205078,19.584523475898603,False,0.001119454624131322,-0.1428571428571428,0.0,9892779.968438663,19.584523475898603,177628.66071969442,0.35592182228293223,,,510,0.50390625,256.0,5.231067208143381,0.5,86.0,"bbq,truthfulqa",B_K,,,,,,,,,,766,256,256.0,0.3225841405043583,170.0,86.0,0.008096890854243755,766,84.0,0.023809523809523808,0.14516828100871657,0.5625,80.0,384,256.0,0.34746944380138045,171.0,85.0,91.0,0.01098901098901099,0.13243888760276087,/workspace/safe-drift/outputs/setting_2_medqa_medmcqa_reference_coverage_gamma_v1/repeat_02/olmo7b_instruct/KR64_KT16/pct25.6/safe_reference_precondsgd_refB_K_gamma0.1_epsm0.5/training_runs/safe_low_rank_sgd_reference_greedy_marginal_eta0.0002_metricFplusAlpha_gamma0.1_epsm0.5_caln64_calseed44_pct25.6_seed44,0.03186454964526652,0.0010153495240956545,6.389811402706617e-14,True,-4.748252722811593e-11,True,,0.1,5.716016657280233e-05,0.0021919071197509764,0.004383814239501953,0.5,reference,False,0.0005076747620478272,237.94642639160156,5.716016657280233e-05,512,-1.2961456193291093e-06,False,-0.0005042857266813288,False,512.0,greedy_marginal,completed,False,False,0.03186454964526652,1.5395596911175524,False,9.82233492956443,False,1.5395596911175524,9.82233492956443,0.017187556150192962,none,0.0021919071197509764,False,,0.0005716016657280233,44,0.0005614458932541311,3.6983740301366197e-06,safe_low_rank_sgd_reference_greedy_marginal_eta0.0002_metricFplusAlpha_gamma0.1_epsm0.5_caln64_calseed44,safe_low_rank_sgd_reference_greedy_marginal_eta0.0002_metricFplusAlpha_gamma0.1_epsm0.5_caln64_calseed44,sgd,2.3817154477028453,8.57854490252663e-05,/workspace/safe-drift/outputs/setting_2_medqa_medmcqa_reference_coverage_gamma_v1/repeat_02/olmo7b_instruct/KR64_KT16/pct25.6/safe_reference_precondsgd_refB_K_gamma0.1_epsm0.5/training_runs/safe_low_rank_sgd_reference_greedy_marginal_eta0.0002_metricFplusAlpha_gamma0.1_epsm0.5_caln64_calseed44_pct25.6_seed44/summary.json,,,-3.4653162919566967,0.4765625,0.3125,256.0,3.4653162919566967,669.9552536588162,0.001119454624131322,0.0,0,1.0,1.0,0,0.9240196078431374,-0.3995098039215687,-0.6668859288553503,0.35909242322980395,0.6324555320336759,-0.6176470588235295,0.6176470588235295,17
False,False,False,True,,,,,,,,,,,,,,,,,,,,,,,,,,,,,,,,,,,,,,,,,,64,0.0,1.1295337177070501e+17,3586255384412160.0,4.630262303524454e+16,1.5925599480594957e+17,4549157473370112.0,3832507489320960.0,0.4645669291338583,254.0,12.26666254008536,656981370028032.0,254.0,0.4645669291338583,254.0,0.0,0.0,0.0,0.0,,,,,,,,,,,,,,,,,,,,,,,,,,,,,0.5049751243781094,0.375,256.0,402.0,402.0,0.0,13.666165915628275,893072359636992.0,0.58984375,0.58984375,256.0,0.58984375,0.0,0.0,2.274364048910246,322934787899392.0,256.0,0.13562119788053312,256.0,0.0,256.0,0.015625,0.13562119788053312,2601205.2586421617,False,24.9947566986084,5.090546537523527,False,0.0011639059521257877,-0.04761904761904756,0.0,2601205.2586421617,5.090546537523527,44822.31721573081,0.09018570756351986,,,510,0.5078125,256.0,5.398002037635217,0.47674418604651164,86.0,"bbq,truthfulqa",B_K,,,,,,,,,,766,256,256.0,0.30621307378358786,170.0,86.0,0.10809689085424376,766,84.0,0.023809523809523808,0.13568196152066408,0.5125,80.0,384,256.0,0.3144085584951002,171.0,85.0,91.0,0.01098901098901099,0.11631711699020046,/workspace/safe-drift/outputs/setting_2_medqa_medmcqa_reference_coverage_gamma_v1/repeat_02/olmo7b_instruct/KR64_KT16/pct25.6/safe_reference_precondsgd_refB_K_gamma0.1_epsm1/training_runs/safe_low_rank_sgd_reference_greedy_marginal_eta0.0002_metricFplusAlpha_gamma0.1_epsm1_caln64_calseed44_pct25.6_seed44,0.038684161659512675,0.0014964643632993102,2.5559245610826467e-13,True,-1.8993010891246373e-10,True,,0.1,0.00022864066629120933,0.004383814239501953,0.004383814239501953,1.0,reference,False,0.0007482321816496551,237.94642639160156,0.00022864066629120933,512,4.973542018912556e-06,True,-0.0006033648540600218,False,512.0,greedy_marginal,completed,True,False,0.038684161659512675,0.4824032972325999,True,3.638914739152481,False,0.4824032972325999,3.638914739152481,0.0354519386535386,none,0.004383814239501953,False,,0.002286406662912093,44,0.0008320055203512311,4.635371624317486e-06,safe_low_rank_sgd_reference_greedy_marginal_eta0.0002_metricFplusAlpha_gamma0.1_epsm1_caln64_calseed44,safe_low_rank_sgd_reference_greedy_marginal_eta0.0002_metricFplusAlpha_gamma0.1_epsm1_caln64_calseed44,sgd,2.4079427493888943,8.890569378411373e-05,/workspace/safe-drift/outputs/setting_2_medqa_medmcqa_reference_coverage_gamma_v1/repeat_02/olmo7b_instruct/KR64_KT16/pct25.6/safe_reference_precondsgd_refB_K_gamma0.1_epsm1/training_runs/safe_low_rank_sgd_reference_greedy_marginal_eta0.0002_metricFplusAlpha_gamma0.1_epsm1_caln64_calseed44_pct25.6_seed44/summary.json,,,-3.4176256576974993,0.484375,0.375,256.0,3.4176256576974993,682.7058255076408,0.0011639059521257877,0.0,0,1.0,1.0,0,0.9019607843137256,0.286764705882353,-0.6324555320336759,0.35909242322980395,0.6668859288553503,0.340686274509804,-0.340686274509804,17
False,False,False,True,,,,,,,,,,,,,,,,,,,,,,,,,,,,,,,,,,,,,,,,,,64,0.0,1.1295337177070501e+17,3630979663429632.0,4.634734731426202e+16,1.5930071908496704e+17,4549157473370112.0,3832507489320960.0,0.5275590551181102,254.0,12.088497850212837,656981370028032.0,254.0,0.5275590551181102,254.0,0.0,0.0,0.0,0.0,,,,,,,,,,,,,,,,,,,,,,,,,,,,,0.5,0.36328125,256.0,402.0,402.0,0.0,13.872556331257025,893072359636992.0,0.59765625,0.59765625,256.0,0.59765625,0.0,0.0,2.293819812909914,322934787899392.0,256.0,0.13848758397647032,256.0,0.0,256.0,0.015625,0.13848758397647032,644808.4823459975,False,24.78363609313965,1.2736429946549452,False,0.0011648263316601515,-0.04761904761904756,0.0,644808.4823459975,1.2736429946549452,11235.401278713398,0.022468351946695227,,,510,0.5625,256.0,5.433880989368145,0.5813953488372093,86.0,"bbq,truthfulqa",B_K,,,,,,,,,,766,256,256.0,0.3599565237829928,170.0,86.0,-0.08281220005484713,766,84.0,0.023809523809523808,0.13851769872877634,0.5625,80.0,384,256.0,0.33576763487836897,171.0,85.0,91.0,0.01098901098901099,0.10903526975673793,/workspace/safe-drift/outputs/setting_2_medqa_medmcqa_reference_coverage_gamma_v1/repeat_02/olmo7b_instruct/KR64_KT16/pct25.6/safe_reference_precondsgd_refB_K_gamma0.1_epsm2/training_runs/safe_low_rank_sgd_reference_greedy_marginal_eta0.0002_metricFplusAlpha_gamma0.1_epsm2_caln64_calseed44_pct25.6_seed44,0.07443808470735788,0.005541028454899788,1.0223698244330587e-12,True,-7.597204356498549e-10,True,,0.1,0.0009145626651648373,0.008767628479003906,0.004383814239501953,2.0,reference,False,0.002770514227449894,237.94642639160156,0.0009145626651648373,512,3.1083617726933435e-05,True,-0.0006463521306809097,False,512.0,greedy_marginal,completed,True,False,0.07443808470735788,0.19128168695653247,True,1.7067334354274037,False,0.19128168695653247,1.7067334354274037,0.07443808470735788,none,0.008767628479003906,False,,0.009145626651648373,44,0.001560914795845747,7.352036845986731e-06,safe_low_rank_sgd_reference_greedy_marginal_eta0.0002_metricFplusAlpha_gamma0.1_epsm2_caln64_calseed44,safe_low_rank_sgd_reference_greedy_marginal_eta0.0002_metricFplusAlpha_gamma0.1_epsm2_caln64_calseed44,sgd,2.449698572681882,8.98034429349659e-05,/workspace/safe-drift/outputs/setting_2_medqa_medmcqa_reference_coverage_gamma_v1/repeat_02/olmo7b_instruct/KR64_KT16/pct25.6/safe_reference_precondsgd_refB_K_gamma0.1_epsm2/training_runs/safe_low_rank_sgd_reference_greedy_marginal_eta0.0002_metricFplusAlpha_gamma0.1_epsm2_caln64_calseed44_pct25.6_seed44/summary.json,,,-3.3945955210438115,0.44921875,0.3125,256.0,3.3945955210438115,674.4412972033024,0.0011648263316601515,0.0,0,1.0,1.0,0,0.9681372549019609,0.20833333333333337,-0.5270462766947299,0.7999999999999998,-0.4472135954999579,0.26960784313725494,-0.26960784313725494,17
False,False,False,True,,,,,,,,,,,,,,,,,,,,,,,,,,,,,,,,,,,,,,,,,,64,0.0,1.1295337177070501e+17,3679029167652864.0,4.639539681848525e+16,1.5934876858919027e+17,4549157473370112.0,3832507489320960.0,0.4645669291338583,254.0,12.081774105862996,656981370028032.0,254.0,0.4645669291338583,254.0,0.0,0.0,0.0,0.0,,,,,,,,,,,,,,,,,,,,,,,,,,,,,0.5,0.37109375,256.0,402.0,402.0,0.0,13.48156063258648,893072359636992.0,0.58984375,0.58984375,256.0,0.59765625,0.0,0.0,2.24823800366165,322934787899392.0,256.0,0.12619431037880655,256.0,0.0,256.0,0.015625,0.12619431037880655,10419504.317019189,False,25.030029296875,2.0325878769156622,False,0.001161830616183579,-0.09523809523809523,0.0,10419504.317019189,2.0325878769156622,174179.7606956562,0.03508772600199403,,,510,0.515625,256.0,5.364163499612075,0.47674418604651164,86.0,"bbq,truthfulqa",B_K,,,,,,,,,,766,256,256.0,0.30514599135308873,170.0,86.0,0.026278709036061942,766,84.0,0.023809523809523808,0.13354779665966582,0.55,80.0,384,256.0,0.3327771309415811,171.0,85.0,91.0,0.01098901098901099,0.11555426188316217,/workspace/safe-drift/outputs/setting_2_medqa_medmcqa_reference_coverage_gamma_v1/repeat_02/olmo7b_instruct/KR64_KT16/pct25.6/safe_reference_precondsgd_refB_K_gamma1_epsm0.5/training_runs/safe_low_rank_sgd_reference_greedy_marginal_eta0.0002_metricFplusAlpha_gamma1_epsm0.5_caln64_calseed44_pct25.6_seed44,1409.9711876488825,1988018.75,5.186454649135303e-13,True,1.654589977398771e-10,True,,1.0,0.0005716016657280233,0.0021919071197509764,0.004383814239501953,0.5,reference,False,994009.375,237.94642639160156,0.0005716016657280233,512,-2.2624212122020987e-06,False,-0.0004329447493327353,False,512.0,greedy_marginal,completed,False,False,1409.9711876488825,1.9418010385788356,False,1.7574208212838007,False,1.9418010385788356,1.7574208212838007,729.0879147949169,none,0.0021919071197509764,False,,0.0005716016657280233,44,0.0010045464150607586,4.664649623009609e-06,safe_low_rank_sgd_reference_greedy_marginal_eta0.0002_metricFplusAlpha_gamma1_epsm0.5_caln64_calseed44,safe_low_rank_sgd_reference_greedy_marginal_eta0.0002_metricFplusAlpha_gamma1_epsm0.5_caln64_calseed44,sgd,2.4404806817910867,8.775232350938245e-05,/workspace/safe-drift/outputs/setting_2_medqa_medmcqa_reference_coverage_gamma_v1/repeat_02/olmo7b_instruct/KR64_KT16/pct25.6/safe_reference_precondsgd_refB_K_gamma1_epsm0.5/training_runs/safe_low_rank_sgd_reference_greedy_marginal_eta0.0002_metricFplusAlpha_gamma1_epsm0.5_caln64_calseed44_pct25.6_seed44/summary.json,,,-3.4567265805380885,0.4765625,0.1875,256.0,3.4567265805380885,684.733931530267,0.001161830616183579,0.0,0,1.0,1.0,0,0.9093137254901962,-0.10049019607843139,-0.22360679774997896,0.09999999999999998,0.7826237921249264,0.07843137254901962,-0.07843137254901962,17
False,True,False,True,,,,,,,,,,,,,,,,,,,,,,,,,,,,,,,,,,,,,,,,,,64,0.0,1.1295337177070501e+17,3729323198889984.0,4.644569084972237e+16,1.593990626204274e+17,4549157473370112.0,3832507489320960.0,0.468503937007874,254.0,12.271051119005898,656981370028032.0,254.0,0.468503937007874,254.0,0.0,0.0,0.0,0.0,,,,,,,,,,,,,,,,,,,,,,,,,,,,,0.5049751243781094,0.375,256.0,402.0,402.0,0.0,14.059114476044973,893072359636992.0,0.59375,0.59375,256.0,0.59375,0.0,0.0,2.3823332072875325,322934787899392.0,256.0,0.13528288498117405,256.0,0.0,256.0,0.01171875,0.13528288498117405,2659614.6384622143,False,25.556007385253906,0.5177357776586172,True,0.0011837545316666365,-0.04761904761904756,0.0,2659614.6384622143,0.5177357776586172,44632.15318050252,0.009070954061662395,,,510,0.515625,256.0,5.5354012342599725,0.5,86.0,"bbq,truthfulqa",B_K,,,,,,,,,,766,256,256.0,0.31786984453322975,170.0,86.0,0.12627870903606195,766,84.0,0.023809523809523808,0.13573968906645945,0.55,80.0,384,256.0,0.32711334869202596,171.0,85.0,91.0,0.01098901098901099,0.1042266973840519,/workspace/safe-drift/outputs/setting_2_medqa_medmcqa_reference_coverage_gamma_v1/repeat_02/olmo7b_instruct/KR64_KT16/pct25.6/safe_reference_precondsgd_refB_K_gamma1_epsm1/training_runs/safe_low_rank_sgd_reference_greedy_marginal_eta0.0002_metricFplusAlpha_gamma1_epsm1_caln64_calseed44_pct25.6_seed44,1819.794287824863,3311651.25,2.074581859654121e-12,True,6.618359909595084e-10,True,,1.0,0.002286406662912093,0.004383814239501953,0.004383814239501953,1.0,reference,False,1655825.625,237.94642639160156,0.002286406662912093,512,2.189492789536305e-06,True,0.000517610191033207,True,512.0,greedy_marginal,completed,True,True,1819.794287824863,0.7721394040127615,True,0.7736145753546506,True,0.7721394040127615,0.7736145753546506,1819.657797499299,none,0.004383814239501953,False,,0.002286406662912093,44,0.0017687964718788862,7.419420853693737e-06,safe_low_rank_sgd_reference_greedy_marginal_eta0.0002_metricFplusAlpha_gamma1_epsm1_caln64_calseed44,safe_low_rank_sgd_reference_greedy_marginal_eta0.0002_metricFplusAlpha_gamma1_epsm1_caln64_calseed44,sgd,2.464050435304671,9.083876427345983e-05,/workspace/safe-drift/outputs/setting_2_medqa_medmcqa_reference_coverage_gamma_v1/repeat_02/olmo7b_instruct/KR64_KT16/pct25.6/safe_reference_precondsgd_refB_K_gamma1_epsm1/training_runs/safe_low_rank_sgd_reference_greedy_marginal_eta0.0002_metricFplusAlpha_gamma1_epsm1_caln64_calseed44_pct25.6_seed44/summary.json,,,-3.3306715977778367,0.4453125,0.1875,256.0,3.3306715977778367,658.1920362487435,0.0011837545316666365,0.0,0,1.0,1.0,0,0.8700980392156864,0.4093137254901961,-0.10540925533894598,0.35909242322980395,0.6668859288553503,0.5269607843137256,-0.5269607843137256,17
False,True,False,True,,,,,,,,,,,,,,,,,,,,,,,,,,,,,,,,,,,,,,,,,,64,0.0,1.1295337177070501e+17,3465632840073216.0,4.61820004909056e+16,1.5913537226161062e+17,4549157473370112.0,3832507489320960.0,0.610236220472441,254.0,12.43918965807737,656981370028032.0,254.0,0.610236220472441,254.0,0.0,0.0,0.0,0.0,,,,,,,,,,,,,,,,,,,,,,,,,,,,,0.5074626865671642,0.37109375,256.0,402.0,402.0,0.0,14.325882678230604,893072359636992.0,0.6171875,0.6171875,256.0,0.62109375,0.0,0.0,2.284226468112875,322934787899392.0,256.0,0.14976058101163695,256.0,0.0,256.0,0.015625,0.14976058101163695,630490.9817958473,False,24.233333587646484,0.12385931185425912,True,0.0011327710235491395,-0.09523809523809523,0.0,630490.9817958473,0.12385931185425912,11268.559723099183,0.0022579866555548877,,,510,0.6328125,256.0,5.57791020320012,0.6627906976744186,86.0,"bbq,truthfulqa",B_K,,,,,,,,,,766,256,256.0,0.4057175271033059,170.0,86.0,-0.09190310914575622,766,84.0,0.023809523809523808,0.14864435653219324,0.6375,80.0,384,256.0,0.3737461617100675,171.0,85.0,91.0,0.01098901098901099,0.10999232342013507,/workspace/safe-drift/outputs/setting_2_medqa_medmcqa_reference_coverage_gamma_v1/repeat_02/olmo7b_instruct/KR64_KT16/pct25.6/safe_reference_precondsgd_refB_K_gamma1_epsm2/training_runs/safe_low_rank_sgd_reference_greedy_marginal_eta0.0002_metricFplusAlpha_gamma1_epsm2_caln64_calseed44_pct25.6_seed44,5137.4295128984495,26393182.0,8.298327438616485e-12,True,2.6473439638380336e-09,True,,1.0,0.009145626651648373,0.008767628479003906,0.004383814239501953,2.0,reference,False,13196591.0,237.94642639160156,0.009145626651648373,512,2.556940228178747e-05,True,0.006009335250187606,True,512.0,greedy_marginal,completed,True,True,5137.4295128984495,0.3347478385394173,True,0.3429276121211267,True,0.3347478385394173,0.3429276121211267,5137.4295128984495,none,0.008767628479003906,False,,0.009145626651648373,44,0.003136291401460767,1.2866252291132696e-05,safe_low_rank_sgd_reference_greedy_marginal_eta0.0002_metricFplusAlpha_gamma1_epsm2_caln64_calseed44,safe_low_rank_sgd_reference_greedy_marginal_eta0.0002_metricFplusAlpha_gamma1_epsm2_caln64_calseed44,sgd,2.379457192402697,8.810672267622888e-05,/workspace/safe-drift/outputs/setting_2_medqa_medmcqa_reference_coverage_gamma_v1/repeat_02/olmo7b_instruct/KR64_KT16/pct25.6/safe_reference_precondsgd_refB_K_gamma1_epsm2/training_runs/safe_low_rank_sgd_reference_greedy_marginal_eta0.0002_metricFplusAlpha_gamma1_epsm2_caln64_calseed44_pct25.6_seed44/summary.json,,,-3.200817487786935,0.41796875,0.1875,256.0,3.200817487786935,672.0128357801586,0.0011327710235491395,0.0,0,1.0,1.0,0,0.8676470588235295,0.37500000000000006,-0.22360679774997896,0.4472135954999579,-0.6668859288553503,0.41666666666666674,-0.41666666666666674,17
False,False,False,False,,,,,,,,,,,,,,,,,,,,,,,,,,,,,,,,,,,,,,,,,,64,0.0,1.1295337177070501e+17,3224637143285760.0,4.594100479411814e+16,1.5889437656482317e+17,4549157473370112.0,3832507489320960.0,0.4448818897637795,254.0,12.547727574826538,656981370028032.0,254.0,0.4448818897637795,254.0,0.0,0.0,0.0,0.0,,,,,,,,,,,,,,,,,,,,,,,,,,,,,0.5,0.36328125,256.0,402.0,402.0,0.0,14.368232433994612,893072359636992.0,0.56640625,0.56640625,256.0,0.56640625,0.0,0.0,2.340110669287163,322934787899392.0,256.0,0.12642589264506884,256.0,0.0,256.0,0.015625,0.12642589264506884,10371902.152267266,False,24.915678024291992,138.54135469190513,False,0.0007919046911410987,-0.1428571428571428,0.0,10371902.152267266,138.54135469190513,181290.26358874032,2.496827287560548,,,510,0.46484375,256.0,5.60968843790201,0.4883720930232558,86.0,"bbq,truthfulqa",B_T_K,,,,,,,,,,766,256,256.0,0.3051907887453595,170.0,86.0,0.12627870903606195,766,84.0,0.023809523809523808,0.12200948446746318,0.5625,80.0,384,256.0,0.3320108924353921,171.0,85.0,91.0,0.01098901098901099,0.10152178487078423,/workspace/safe-drift/outputs/setting_2_medqa_medmcqa_reference_coverage_gamma_v1/repeat_02/olmo7b_instruct/KR64_KT16/pct25.6/safe_reference_precondsgd_refB_T_K_gamma0.01_epsm0.5/training_runs/safe_low_rank_sgd_reference_greedy_marginal_eta0.0002_metricFplusAlpha_gamma0.01_epsm0.5_caln64_calseed44_pct25.6_seed44,0.027361828711346774,0.0007486696704290807,6.389811402706617e-14,True,-4.293505372263942e-12,True,,0.01,5.716016657280233e-06,0.0021919071197509764,0.004383814239501953,0.5,reference,False,0.00037433483521454036,237.94642639160156,5.716016657280233e-06,512,-1.1052038005284709e-06,False,-0.0003686765023492254,False,512.0,greedy_marginal,completed,False,False,0.027361828711346774,1.4600744023991274,False,65.49883496545928,False,1.4600744023991274,65.49883496545928,0.009612123884995336,none,0.0021919071197509764,False,,0.0005716016657280233,44,0.0003743925190065056,3.5074322113359813e-06,safe_low_rank_sgd_reference_greedy_marginal_eta0.0002_metricFplusAlpha_gamma0.01_epsm0.5_caln64_calseed44,safe_low_rank_sgd_reference_greedy_marginal_eta0.0002_metricFplusAlpha_gamma0.01_epsm0.5_caln64_calseed44,sgd,2.31491045212897,5.888381497828887e-05,/workspace/safe-drift/outputs/setting_2_medqa_medmcqa_reference_coverage_gamma_v1/repeat_02/olmo7b_instruct/KR64_KT16/pct25.6/safe_reference_precondsgd_refB_T_K_gamma0.01_epsm0.5/training_runs/safe_low_rank_sgd_reference_greedy_marginal_eta0.0002_metricFplusAlpha_gamma0.01_epsm0.5_caln64_calseed44_pct25.6_seed44/summary.json,,,-3.5019284475129098,0.44921875,0.4375,256.0,3.5019284475129098,683.6458415593952,0.0007919046911410987,0.0,0,1.0,1.0,0,0.9779411764705884,-0.8186274509803922,-0.8207826816681233,0.9746794344808964,0.6668859288553503,-0.8039215686274511,0.8039215686274511,17
False,False,False,True,,,,,,,,,,,,,,,,,,,,,,,,,,,,,,,,,,,,,,,,,,64,0.0,1.1295337177070501e+17,3284906850140160.0,4.600127450097254e+16,1.5895464627167757e+17,4549157473370112.0,3832507489320960.0,0.48031496062992124,254.0,12.243947847621648,656981370028032.0,254.0,0.48031496062992124,254.0,0.0,0.0,0.0,0.0,,,,,,,,,,,,,,,,,,,,,,,,,,,,,0.5024875621890548,0.359375,256.0,402.0,402.0,0.0,13.700324666996798,893072359636992.0,0.578125,0.578125,256.0,0.58203125,0.0,0.0,2.066286789948266,322934787899392.0,256.0,0.1501903401158544,256.0,0.0,256.0,0.01171875,0.1501903401158544,2534042.3224387965,False,24.349393844604492,34.40052297290408,False,0.0007865358493290842,-0.19047619047619047,0.0,2534042.3224387965,34.40052297290408,44271.76794022092,0.6146161438782793,,,510,0.51171875,256.0,5.308445389454182,0.5116279069767442,86.0,"bbq,truthfulqa",B_T_K,,,,,,,,,,766,256,256.0,0.3321040168982078,170.0,86.0,0.008096890854243755,766,84.0,0.023809523809523808,0.1525801268196713,0.575,80.0,384,256.0,0.3590067641858016,171.0,85.0,91.0,0.01098901098901099,0.14301352837160322,/workspace/safe-drift/outputs/setting_2_medqa_medmcqa_reference_coverage_gamma_v1/repeat_02/olmo7b_instruct/KR64_KT16/pct25.6/safe_reference_precondsgd_refB_T_K_gamma0.01_epsm1/training_runs/safe_low_rank_sgd_reference_greedy_marginal_eta0.0002_metricFplusAlpha_gamma0.01_epsm1_caln64_calseed44_pct25.6_seed44,0.030143652828698318,0.0009086398058570921,2.5559245610826467e-13,True,-1.717402148905577e-11,True,,0.01,2.2864066629120932e-05,0.004383814239501953,0.004383814239501953,1.0,reference,False,0.00045431990292854607,237.94642639160156,2.2864066629120932e-05,512,6.013783405275606e-06,True,-0.0004110436901856122,False,512.0,greedy_marginal,completed,True,False,0.030143652828698318,0.37414533748956985,True,18.977705542173368,False,0.37414533748956985,18.977705542173368,0.019399094510561064,none,0.004383814239501953,False,,0.002286406662912093,44,0.00043390775681473315,3.595130237954436e-06,safe_low_rank_sgd_reference_greedy_marginal_eta0.0002_metricFplusAlpha_gamma0.01_epsm1_caln64_calseed44,safe_low_rank_sgd_reference_greedy_marginal_eta0.0002_metricFplusAlpha_gamma0.01_epsm1_caln64_calseed44,sgd,2.420674332173803,5.960301003857249e-05,/workspace/safe-drift/outputs/setting_2_medqa_medmcqa_reference_coverage_gamma_v1/repeat_02/olmo7b_instruct/KR64_KT16/pct25.6/safe_reference_precondsgd_refB_T_K_gamma0.01_epsm1/training_runs/safe_low_rank_sgd_reference_greedy_marginal_eta0.0002_metricFplusAlpha_gamma0.01_epsm1_caln64_calseed44_pct25.6_seed44/summary.json,,,-3.5001390133984387,0.4765625,0.3125,256.0,3.5001390133984387,657.2178021110594,0.0007865358493290842,0.0,0,1.0,1.0,0,0.9509803921568629,-0.8308823529411766,-0.7378647873726218,0.6999999999999998,0.5642880936468347,-0.7230392156862746,0.7230392156862746,17
False,False,False,True,,,,,,,,,,,,,,,,,,,,,,,,,,,,,,,,,,,,,,,,,,64,0.0,1.1295337177070501e+17,3396468155793408.0,4.611283580662579e+16,1.590662075773308e+17,4549157473370112.0,3832507489320960.0,0.4645669291338583,254.0,11.760256647125004,656981370028032.0,254.0,0.4645669291338583,254.0,0.0,0.0,0.0,0.0,,,,,,,,,,,,,,,,,,,,,,,,,,,,,0.5149253731343284,0.38671875,256.0,402.0,402.0,0.0,13.298045719663302,893072359636992.0,0.58203125,0.58203125,256.0,0.57421875,0.0,0.0,2.0460938165507274,322934787899392.0,256.0,0.14982993799893768,256.0,0.0,256.0,0.01171875,0.14982993799893768,643152.5140898513,False,24.719987869262695,8.674714183066921,False,0.0007933569722808897,-0.09523809523809523,0.0,643152.5140898513,8.674714183066921,11330.282472337833,0.1569367437870941,,,510,0.50390625,256.0,5.175192704567542,0.4883720930232558,86.0,"bbq,truthfulqa",B_T_K,,,,,,,,,,766,256,256.0,0.3191937231844843,170.0,86.0,0.008096890854243755,766,84.0,0.023809523809523808,0.15001535334571278,0.525,80.0,384,256.0,0.3345496904622437,171.0,85.0,91.0,0.01098901098901099,0.14409938092448737,/workspace/safe-drift/outputs/setting_2_medqa_medmcqa_reference_coverage_gamma_v1/repeat_02/olmo7b_instruct/KR64_KT16/pct25.6/safe_reference_precondsgd_refB_T_K_gamma0.01_epsm2/training_runs/safe_low_rank_sgd_reference_greedy_marginal_eta0.0002_metricFplusAlpha_gamma0.01_epsm2_caln64_calseed44_pct25.6_seed44,0.04295857943113977,0.0018454395467415452,1.0223698244330587e-12,True,-6.869608595622308e-11,True,,0.01,9.145626651648373e-05,0.008767628479003906,0.004383814239501953,2.0,reference,False,0.0009227197733707726,237.94642639160156,9.145626651648373e-05,512,3.4471830189529564e-05,True,-0.00047021442472409514,False,512.0,greedy_marginal,completed,True,False,0.04295857943113977,0.10312883772723136,True,6.141423042475935,False,0.10312883772723136,6.141423042475935,0.039073352498271596,none,0.008767628479003906,False,,0.009145626651648373,44,0.0005616706912405789,3.963824383390602e-06,safe_low_rank_sgd_reference_greedy_marginal_eta0.0002_metricFplusAlpha_gamma0.01_epsm2_caln64_calseed44,safe_low_rank_sgd_reference_greedy_marginal_eta0.0002_metricFplusAlpha_gamma0.01_epsm2_caln64_calseed44,sgd,2.3680667764201644,5.995517529559791e-05,/workspace/safe-drift/outputs/setting_2_medqa_medmcqa_reference_coverage_gamma_v1/repeat_02/olmo7b_instruct/KR64_KT16/pct25.6/safe_reference_precondsgd_refB_T_K_gamma0.01_epsm2/training_runs/safe_low_rank_sgd_reference_greedy_marginal_eta0.0002_metricFplusAlpha_gamma0.01_epsm2_caln64_calseed44_pct25.6_seed44/summary.json,,,-3.416475038480712,0.4375,0.25,256.0,3.416475038480712,653.485612751916,0.0007933569722808897,0.0,0,1.0,1.0,0,0.9828431372549021,-0.004901960784313726,-0.15389675281277312,0.8207826816681233,0.4999999999999999,-0.02450980392156863,0.02450980392156863,17
False,False,False,True,,,,,,,,,,,,,,,,,,,,,,,,,,,,,,,,,,,,,,,,,,64,0.0,1.1295337177070501e+17,3467627975196672.0,4.618399562602906e+16,1.5913736739673408e+17,4549157473370112.0,3832507489320960.0,0.4645669291338583,254.0,11.88841610255204,656981370028032.0,254.0,0.4645669291338583,254.0,0.0,0.0,0.0,0.0,,,,,,,,,,,,,,,,,,,,,,,,,,,,,0.5,0.3671875,256.0,402.0,402.0,0.0,13.518704379598299,893072359636992.0,0.58203125,0.58203125,256.0,0.59375,0.0,0.0,2.0924930243346997,322934787899392.0,256.0,0.14335470516108856,256.0,0.0,256.0,0.01171875,0.14335470516108856,9892779.968438663,False,23.76471710205078,13.425279862715781,False,0.0007673912332393229,-0.1428571428571428,0.0,9892779.968438663,13.425279862715781,177628.66071969442,0.24410653688458483,,,510,0.50390625,256.0,5.231067208143381,0.5,86.0,"bbq,truthfulqa",B_T_K,,,,,,,,,,766,256,256.0,0.3225841405043583,170.0,86.0,0.008096890854243755,766,84.0,0.023809523809523808,0.14516828100871657,0.5625,80.0,384,256.0,0.34746944380138045,171.0,85.0,91.0,0.01098901098901099,0.13243888760276087,/workspace/safe-drift/outputs/setting_2_medqa_medmcqa_reference_coverage_gamma_v1/repeat_02/olmo7b_instruct/KR64_KT16/pct25.6/safe_reference_precondsgd_refB_T_K_gamma0.1_epsm0.5/training_runs/safe_low_rank_sgd_reference_greedy_marginal_eta0.0002_metricFplusAlpha_gamma0.1_epsm0.5_caln64_calseed44_pct25.6_seed44,0.03186454964526652,0.0010153495240956545,6.389811402706617e-14,True,-4.748252722811593e-11,True,,0.1,5.716016657280233e-05,0.0021919071197509764,0.004383814239501953,0.5,reference,False,0.0005076747620478272,237.94642639160156,5.716016657280233e-05,512,-1.2961456193291093e-06,False,-0.0005042857266813288,False,512.0,greedy_marginal,completed,False,False,0.03186454964526652,1.5395596911175524,False,9.82233492956443,False,1.5395596911175524,9.82233492956443,0.017187556150192962,none,0.0021919071197509764,False,,0.0005716016657280233,44,0.0005614458932541311,3.6983740301366197e-06,safe_low_rank_sgd_reference_greedy_marginal_eta0.0002_metricFplusAlpha_gamma0.1_epsm0.5_caln64_calseed44,safe_low_rank_sgd_reference_greedy_marginal_eta0.0002_metricFplusAlpha_gamma0.1_epsm0.5_caln64_calseed44,sgd,2.3817154477028453,5.888931849917789e-05,/workspace/safe-drift/outputs/setting_2_medqa_medmcqa_reference_coverage_gamma_v1/repeat_02/olmo7b_instruct/KR64_KT16/pct25.6/safe_reference_precondsgd_refB_T_K_gamma0.1_epsm0.5/training_runs/safe_low_rank_sgd_reference_greedy_marginal_eta0.0002_metricFplusAlpha_gamma0.1_epsm0.5_caln64_calseed44_pct25.6_seed44/summary.json,,,-3.4653162919566967,0.4765625,0.3125,256.0,3.4653162919566967,649.4596772454679,0.0007673912332393229,0.0,0,1.0,1.0,0,0.9240196078431374,-0.3995098039215687,-0.6668859288553503,0.35909242322980395,0.6324555320336759,-0.6176470588235295,0.6176470588235295,17
False,False,False,True,,,,,,,,,,,,,,,,,,,,,,,,,,,,,,,,,,,,,,,,,,64,0.0,1.1295337177070501e+17,3586255384412160.0,4.630262303524454e+16,1.5925599480594957e+17,4549157473370112.0,3832507489320960.0,0.4645669291338583,254.0,12.26666254008536,656981370028032.0,254.0,0.4645669291338583,254.0,0.0,0.0,0.0,0.0,,,,,,,,,,,,,,,,,,,,,,,,,,,,,0.5049751243781094,0.375,256.0,402.0,402.0,0.0,13.666165915628275,893072359636992.0,0.58984375,0.58984375,256.0,0.58984375,0.0,0.0,2.274364048910246,322934787899392.0,256.0,0.13562119788053312,256.0,0.0,256.0,0.015625,0.13562119788053312,2601205.2586421617,False,24.9947566986084,3.4867129946016897,False,0.0007972043822519481,-0.04761904761904756,0.0,2601205.2586421617,3.4867129946016897,44822.31721573081,0.06180424912950654,,,510,0.5078125,256.0,5.398002037635217,0.47674418604651164,86.0,"bbq,truthfulqa",B_T_K,,,,,,,,,,766,256,256.0,0.30621307378358786,170.0,86.0,0.10809689085424376,766,84.0,0.023809523809523808,0.13568196152066408,0.5125,80.0,384,256.0,0.3144085584951002,171.0,85.0,91.0,0.01098901098901099,0.11631711699020046,/workspace/safe-drift/outputs/setting_2_medqa_medmcqa_reference_coverage_gamma_v1/repeat_02/olmo7b_instruct/KR64_KT16/pct25.6/safe_reference_precondsgd_refB_T_K_gamma0.1_epsm1/training_runs/safe_low_rank_sgd_reference_greedy_marginal_eta0.0002_metricFplusAlpha_gamma0.1_epsm1_caln64_calseed44_pct25.6_seed44,0.038684161659512675,0.0014964643632993102,2.5559245610826467e-13,True,-1.8993010891246373e-10,True,,0.1,0.00022864066629120933,0.004383814239501953,0.004383814239501953,1.0,reference,False,0.0007482321816496551,237.94642639160156,0.00022864066629120933,512,4.973542018912556e-06,True,-0.0006033648540600218,False,512.0,greedy_marginal,completed,True,False,0.038684161659512675,0.4824032972325999,True,3.638914739152481,False,0.4824032972325999,3.638914739152481,0.0354519386535386,none,0.004383814239501953,False,,0.002286406662912093,44,0.0008320055203512311,4.635371624317486e-06,safe_low_rank_sgd_reference_greedy_marginal_eta0.0002_metricFplusAlpha_gamma0.1_epsm1_caln64_calseed44,safe_low_rank_sgd_reference_greedy_marginal_eta0.0002_metricFplusAlpha_gamma0.1_epsm1_caln64_calseed44,sgd,2.4079427493888943,6.0996206722521706e-05,/workspace/safe-drift/outputs/setting_2_medqa_medmcqa_reference_coverage_gamma_v1/repeat_02/olmo7b_instruct/KR64_KT16/pct25.6/safe_reference_precondsgd_refB_T_K_gamma0.1_epsm1/training_runs/safe_low_rank_sgd_reference_greedy_marginal_eta0.0002_metricFplusAlpha_gamma0.1_epsm1_caln64_calseed44_pct25.6_seed44/summary.json,,,-3.4176256576974993,0.484375,0.375,256.0,3.4176256576974993,677.9064461030066,0.0007972043822519481,0.0,0,1.0,1.0,0,0.9019607843137256,0.286764705882353,-0.6324555320336759,0.35909242322980395,0.6668859288553503,0.340686274509804,-0.340686274509804,17
False,True,False,True,,,,,,,,,,,,,,,,,,,,,,,,,,,,,,,,,,,,,,,,,,64,0.0,1.1295337177070501e+17,3630979663429632.0,4.634734731426202e+16,1.5930071908496704e+17,4549157473370112.0,3832507489320960.0,0.5275590551181102,254.0,12.088497850212837,656981370028032.0,254.0,0.5275590551181102,254.0,0.0,0.0,0.0,0.0,,,,,,,,,,,,,,,,,,,,,,,,,,,,,0.5,0.36328125,256.0,402.0,402.0,0.0,13.872556331257025,893072359636992.0,0.59765625,0.59765625,256.0,0.59765625,0.0,0.0,2.293819812909914,322934787899392.0,256.0,0.13848758397647032,256.0,0.0,256.0,0.015625,0.13848758397647032,644808.4823459975,False,24.78363609313965,0.8730892660597314,True,0.0007984948460943997,-0.04761904761904756,0.0,644808.4823459975,0.8730892660597314,11235.401278713398,0.015413451858366102,,,510,0.5625,256.0,5.433880989368145,0.5813953488372093,86.0,"bbq,truthfulqa",B_T_K,,,,,,,,,,766,256,256.0,0.3599565237829928,170.0,86.0,-0.08281220005484713,766,84.0,0.023809523809523808,0.13851769872877634,0.5625,80.0,384,256.0,0.33576763487836897,171.0,85.0,91.0,0.01098901098901099,0.10903526975673793,/workspace/safe-drift/outputs/setting_2_medqa_medmcqa_reference_coverage_gamma_v1/repeat_02/olmo7b_instruct/KR64_KT16/pct25.6/safe_reference_precondsgd_refB_T_K_gamma0.1_epsm2/training_runs/safe_low_rank_sgd_reference_greedy_marginal_eta0.0002_metricFplusAlpha_gamma0.1_epsm2_caln64_calseed44_pct25.6_seed44,0.07443808470735788,0.005541028454899788,1.0223698244330587e-12,True,-7.597204356498549e-10,True,,0.1,0.0009145626651648373,0.008767628479003906,0.004383814239501953,2.0,reference,False,0.002770514227449894,237.94642639160156,0.0009145626651648373,512,3.1083617726933435e-05,True,-0.0006463521306809097,False,512.0,greedy_marginal,completed,True,False,0.07443808470735788,0.19128168695653247,True,1.7067334354274037,False,0.19128168695653247,1.7067334354274037,0.07443808470735788,none,0.008767628479003906,False,,0.009145626651648373,44,0.001560914795845747,7.352036845986731e-06,safe_low_rank_sgd_reference_greedy_marginal_eta0.0002_metricFplusAlpha_gamma0.1_epsm2_caln64_calseed44,safe_low_rank_sgd_reference_greedy_marginal_eta0.0002_metricFplusAlpha_gamma0.1_epsm2_caln64_calseed44,sgd,2.449698572681882,6.164543680664547e-05,/workspace/safe-drift/outputs/setting_2_medqa_medmcqa_reference_coverage_gamma_v1/repeat_02/olmo7b_instruct/KR64_KT16/pct25.6/safe_reference_precondsgd_refB_T_K_gamma0.1_epsm2/training_runs/safe_low_rank_sgd_reference_greedy_marginal_eta0.0002_metricFplusAlpha_gamma0.1_epsm2_caln64_calseed44_pct25.6_seed44/summary.json,,,-3.3945955210438115,0.44921875,0.3125,256.0,3.3945955210438115,675.056465992704,0.0007984948460943997,0.0,0,1.0,1.0,0,0.9681372549019609,0.20833333333333337,-0.5270462766947299,0.7999999999999998,-0.4472135954999579,0.26960784313725494,-0.26960784313725494,17
False,False,False,True,,,,,,,,,,,,,,,,,,,,,,,,,,,,,,,,,,,,,,,,,,64,0.0,1.1295337177070501e+17,3679029167652864.0,4.639539681848525e+16,1.5934876858919027e+17,4549157473370112.0,3832507489320960.0,0.4645669291338583,254.0,12.081774105862996,656981370028032.0,254.0,0.4645669291338583,254.0,0.0,0.0,0.0,0.0,,,,,,,,,,,,,,,,,,,,,,,,,,,,,0.5,0.37109375,256.0,402.0,402.0,0.0,13.48156063258648,893072359636992.0,0.58984375,0.58984375,256.0,0.59765625,0.0,0.0,2.24823800366165,322934787899392.0,256.0,0.12619431037880655,256.0,0.0,256.0,0.015625,0.12619431037880655,10419504.317019189,False,25.030029296875,1.3932711509127074,False,0.0007963961106725037,-0.09523809523809523,0.0,10419504.317019189,1.3932711509127074,174179.7606956562,0.024058300301836193,,,510,0.515625,256.0,5.364163499612075,0.47674418604651164,86.0,"bbq,truthfulqa",B_T_K,,,,,,,,,,766,256,256.0,0.30514599135308873,170.0,86.0,0.026278709036061942,766,84.0,0.023809523809523808,0.13354779665966582,0.55,80.0,384,256.0,0.3327771309415811,171.0,85.0,91.0,0.01098901098901099,0.11555426188316217,/workspace/safe-drift/outputs/setting_2_medqa_medmcqa_reference_coverage_gamma_v1/repeat_02/olmo7b_instruct/KR64_KT16/pct25.6/safe_reference_precondsgd_refB_T_K_gamma1_epsm0.5/training_runs/safe_low_rank_sgd_reference_greedy_marginal_eta0.0002_metricFplusAlpha_gamma1_epsm0.5_caln64_calseed44_pct25.6_seed44,1409.9711876488825,1988018.75,5.186454649135303e-13,True,1.654589977398771e-10,True,,1.0,0.0005716016657280233,0.0021919071197509764,0.004383814239501953,0.5,reference,False,994009.375,237.94642639160156,0.0005716016657280233,512,-2.2624212122020987e-06,False,-0.0004329447493327353,False,512.0,greedy_marginal,completed,False,False,1409.9711876488825,1.9418010385788356,False,1.7574208212838007,False,1.9418010385788356,1.7574208212838007,729.0879147949169,none,0.0021919071197509764,False,,0.0005716016657280233,44,0.0010045464150607586,4.664649623009609e-06,safe_low_rank_sgd_reference_greedy_marginal_eta0.0002_metricFplusAlpha_gamma1_epsm0.5_caln64_calseed44,safe_low_rank_sgd_reference_greedy_marginal_eta0.0002_metricFplusAlpha_gamma1_epsm0.5_caln64_calseed44,sgd,2.4404806817910867,6.023760579343396e-05,/workspace/safe-drift/outputs/setting_2_medqa_medmcqa_reference_coverage_gamma_v1/repeat_02/olmo7b_instruct/KR64_KT16/pct25.6/safe_reference_precondsgd_refB_T_K_gamma1_epsm0.5/training_runs/safe_low_rank_sgd_reference_greedy_marginal_eta0.0002_metricFplusAlpha_gamma1_epsm0.5_caln64_calseed44_pct25.6_seed44/summary.json,,,-3.4567265805380885,0.4765625,0.1875,256.0,3.4567265805380885,672.1793618761003,0.0007963961106725037,0.0,0,1.0,1.0,0,0.9093137254901962,-0.10049019607843139,-0.22360679774997896,0.09999999999999998,0.7826237921249264,0.07843137254901962,-0.07843137254901962,17
False,True,False,True,,,,,,,,,,,,,,,,,,,,,,,,,,,,,,,,,,,,,,,,,,64,0.0,1.1295337177070501e+17,3729323198889984.0,4.644569084972237e+16,1.593990626204274e+17,4549157473370112.0,3832507489320960.0,0.468503937007874,254.0,12.271051119005898,656981370028032.0,254.0,0.468503937007874,254.0,0.0,0.0,0.0,0.0,,,,,,,,,,,,,,,,,,,,,,,,,,,,,0.5049751243781094,0.375,256.0,402.0,402.0,0.0,14.059114476044973,893072359636992.0,0.59375,0.59375,256.0,0.59375,0.0,0.0,2.3823332072875325,322934787899392.0,256.0,0.13528288498117405,256.0,0.0,256.0,0.01171875,0.13528288498117405,2659614.6384622143,False,25.556007385253906,0.3547658763427838,True,0.0008111390634439886,-0.04761904761904756,0.0,2659614.6384622143,0.3547658763427838,44632.15318050252,0.006217347569397842,,,510,0.515625,256.0,5.5354012342599725,0.5,86.0,"bbq,truthfulqa",B_T_K,,,,,,,,,,766,256,256.0,0.31786984453322975,170.0,86.0,0.12627870903606195,766,84.0,0.023809523809523808,0.13573968906645945,0.55,80.0,384,256.0,0.32711334869202596,171.0,85.0,91.0,0.01098901098901099,0.1042266973840519,/workspace/safe-drift/outputs/setting_2_medqa_medmcqa_reference_coverage_gamma_v1/repeat_02/olmo7b_instruct/KR64_KT16/pct25.6/safe_reference_precondsgd_refB_T_K_gamma1_epsm1/training_runs/safe_low_rank_sgd_reference_greedy_marginal_eta0.0002_metricFplusAlpha_gamma1_epsm1_caln64_calseed44_pct25.6_seed44,1819.794287824863,3311651.25,2.074581859654121e-12,True,6.618359909595084e-10,True,,1.0,0.002286406662912093,0.004383814239501953,0.004383814239501953,1.0,reference,False,1655825.625,237.94642639160156,0.002286406662912093,512,2.189492789536305e-06,True,0.000517610191033207,True,512.0,greedy_marginal,completed,True,True,1819.794287824863,0.7721394040127615,True,0.7736145753546506,True,0.7721394040127615,0.7736145753546506,1819.657797499299,none,0.004383814239501953,False,,0.002286406662912093,44,0.0017687964718788862,7.419420853693737e-06,safe_low_rank_sgd_reference_greedy_marginal_eta0.0002_metricFplusAlpha_gamma1_epsm1_caln64_calseed44,safe_low_rank_sgd_reference_greedy_marginal_eta0.0002_metricFplusAlpha_gamma1_epsm1_caln64_calseed44,sgd,2.464050435304671,6.234348649784838e-05,/workspace/safe-drift/outputs/setting_2_medqa_medmcqa_reference_coverage_gamma_v1/repeat_02/olmo7b_instruct/KR64_KT16/pct25.6/safe_reference_precondsgd_refB_T_K_gamma1_epsm1/training_runs/safe_low_rank_sgd_reference_greedy_marginal_eta0.0002_metricFplusAlpha_gamma1_epsm1_caln64_calseed44_pct25.6_seed44/summary.json,,,-3.3306715977778367,0.4453125,0.1875,256.0,3.3306715977778367,667.4080980215222,0.0008111390634439886,0.0,0,1.0,1.0,0,0.8700980392156864,0.4093137254901961,-0.10540925533894598,0.35909242322980395,0.6668859288553503,0.5269607843137256,-0.5269607843137256,17
False,True,False,True,,,,,,,,,,,,,,,,,,,,,,,,,,,,,,,,,,,,,,,,,,64,0.0,1.1295337177070501e+17,3465632840073216.0,4.61820004909056e+16,1.5913537226161062e+17,4549157473370112.0,3832507489320960.0,0.610236220472441,254.0,12.43918965807737,656981370028032.0,254.0,0.610236220472441,254.0,0.0,0.0,0.0,0.0,,,,,,,,,,,,,,,,,,,,,,,,,,,,,0.5074626865671642,0.37109375,256.0,402.0,402.0,0.0,14.325882678230604,893072359636992.0,0.6171875,0.6171875,256.0,0.62109375,0.0,0.0,2.284226468112875,322934787899392.0,256.0,0.14976058101163695,256.0,0.0,256.0,0.015625,0.14976058101163695,630490.9817958473,False,24.233333587646484,0.08484487778745178,True,0.000775959575548768,-0.09523809523809523,0.0,630490.9817958473,0.08484487778745178,11268.559723099183,0.0015473201914046294,,,510,0.6328125,256.0,5.57791020320012,0.6627906976744186,86.0,"bbq,truthfulqa",B_T_K,,,,,,,,,,766,256,256.0,0.4057175271033059,170.0,86.0,-0.09190310914575622,766,84.0,0.023809523809523808,0.14864435653219324,0.6375,80.0,384,256.0,0.3737461617100675,171.0,85.0,91.0,0.01098901098901099,0.10999232342013507,/workspace/safe-drift/outputs/setting_2_medqa_medmcqa_reference_coverage_gamma_v1/repeat_02/olmo7b_instruct/KR64_KT16/pct25.6/safe_reference_precondsgd_refB_T_K_gamma1_epsm2/training_runs/safe_low_rank_sgd_reference_greedy_marginal_eta0.0002_metricFplusAlpha_gamma1_epsm2_caln64_calseed44_pct25.6_seed44,5137.4295128984495,26393182.0,8.298327438616485e-12,True,2.6473439638380336e-09,True,,1.0,0.009145626651648373,0.008767628479003906,0.004383814239501953,2.0,reference,False,13196591.0,237.94642639160156,0.009145626651648373,512,2.556940228178747e-05,True,0.006009335250187606,True,512.0,greedy_marginal,completed,True,True,5137.4295128984495,0.3347478385394173,True,0.3429276121211267,True,0.3347478385394173,0.3429276121211267,5137.4295128984495,none,0.008767628479003906,False,,0.009145626651648373,44,0.003136291401460767,1.2866252291132696e-05,safe_low_rank_sgd_reference_greedy_marginal_eta0.0002_metricFplusAlpha_gamma1_epsm2_caln64_calseed44,safe_low_rank_sgd_reference_greedy_marginal_eta0.0002_metricFplusAlpha_gamma1_epsm2_caln64_calseed44,sgd,2.379457192402697,6.044191313264724e-05,/workspace/safe-drift/outputs/setting_2_medqa_medmcqa_reference_coverage_gamma_v1/repeat_02/olmo7b_instruct/KR64_KT16/pct25.6/safe_reference_precondsgd_refB_T_K_gamma1_epsm2/training_runs/safe_low_rank_sgd_reference_greedy_marginal_eta0.0002_metricFplusAlpha_gamma1_epsm2_caln64_calseed44_pct25.6_seed44/summary.json,,,-3.200817487786935,0.41796875,0.1875,256.0,3.200817487786935,653.4126134701073,0.000775959575548768,0.0,0,1.0,1.0,0,0.8676470588235295,0.37500000000000006,-0.22360679774997896,0.4472135954999579,-0.6668859288553503,0.41666666666666674,-0.41666666666666674,17
False,False,False,False,,,,,,,,,,,,,,,,,,,,,,,,,,,,,,,,,,,,,,,,,,64,0.0,1.1295337177070501e+17,3224637143285760.0,4.594100479411814e+16,1.5889437656482317e+17,4549157473370112.0,3832507489320960.0,0.4448818897637795,254.0,12.547727574826538,656981370028032.0,254.0,0.4448818897637795,254.0,0.0,0.0,0.0,0.0,,,,,,,,,,,,,,,,,,,,,,,,,,,,,0.5,0.36328125,256.0,402.0,402.0,0.0,14.368232433994612,893072359636992.0,0.56640625,0.56640625,256.0,0.56640625,0.0,0.0,2.340110669287163,322934787899392.0,256.0,0.12642589264506884,256.0,0.0,256.0,0.015625,0.12642589264506884,10371902.152267266,False,24.915678024291992,98.2351618726027,False,0.0005615138215944171,-0.1428571428571428,0.0,10371902.152267266,98.2351618726027,181290.26358874032,1.7516309337851996,,,510,0.46484375,256.0,5.60968843790201,0.4883720930232558,86.0,"bbq,truthfulqa",B_T,,,,,,,,,,766,256,256.0,0.3051907887453595,170.0,86.0,0.12627870903606195,766,84.0,0.023809523809523808,0.12200948446746318,0.5625,80.0,384,256.0,0.3320108924353921,171.0,85.0,91.0,0.01098901098901099,0.10152178487078423,/workspace/safe-drift/outputs/setting_2_medqa_medmcqa_reference_coverage_gamma_v1/repeat_02/olmo7b_instruct/KR64_KT16/pct25.6/safe_reference_precondsgd_refB_T_gamma0.01_epsm0.5/training_runs/safe_low_rank_sgd_reference_greedy_marginal_eta0.0002_metricFplusAlpha_gamma0.01_epsm0.5_caln64_calseed44_pct25.6_seed44,0.027361828711346774,0.0007486696704290807,6.389811402706617e-14,True,-4.293505372263942e-12,True,,0.01,5.716016657280233e-06,0.0021919071197509764,0.004383814239501953,0.5,reference,False,0.00037433483521454036,237.94642639160156,5.716016657280233e-06,512,-1.1052038005284709e-06,False,-0.0003686765023492254,False,512.0,greedy_marginal,completed,False,False,0.027361828711346774,1.4600744023991274,False,65.49883496545928,False,1.4600744023991274,65.49883496545928,0.009612123884995336,none,0.0021919071197509764,False,,0.0005716016657280233,44,0.0003743925190065056,3.5074322113359813e-06,safe_low_rank_sgd_reference_greedy_marginal_eta0.0002_metricFplusAlpha_gamma0.01_epsm0.5_caln64_calseed44,safe_low_rank_sgd_reference_greedy_marginal_eta0.0002_metricFplusAlpha_gamma0.01_epsm0.5_caln64_calseed44,sgd,2.31491045212897,4.17086743626921e-05,/workspace/safe-drift/outputs/setting_2_medqa_medmcqa_reference_coverage_gamma_v1/repeat_02/olmo7b_instruct/KR64_KT16/pct25.6/safe_reference_precondsgd_refB_T_gamma0.01_epsm0.5/training_runs/safe_low_rank_sgd_reference_greedy_marginal_eta0.0002_metricFplusAlpha_gamma0.01_epsm0.5_caln64_calseed44_pct25.6_seed44/summary.json,,,-3.5019284475129098,0.44921875,0.4375,256.0,3.5019284475129098,634.5068092308939,0.0005615138215944171,0.0,0,1.0,1.0,0,0.9779411764705884,-0.8186274509803922,-0.8207826816681233,0.9746794344808964,0.6668859288553503,-0.8039215686274511,0.8039215686274511,17
False,False,False,True,,,,,,,,,,,,,,,,,,,,,,,,,,,,,,,,,,,,,,,,,,64,0.0,1.1295337177070501e+17,3284906850140160.0,4.600127450097254e+16,1.5895464627167757e+17,4549157473370112.0,3832507489320960.0,0.48031496062992124,254.0,12.243947847621648,656981370028032.0,254.0,0.48031496062992124,254.0,0.0,0.0,0.0,0.0,,,,,,,,,,,,,,,,,,,,,,,,,,,,,0.5024875621890548,0.359375,256.0,402.0,402.0,0.0,13.700324666996798,893072359636992.0,0.578125,0.578125,256.0,0.58203125,0.0,0.0,2.066286789948266,322934787899392.0,256.0,0.1501903401158544,256.0,0.0,256.0,0.01171875,0.1501903401158544,2534042.3224387965,False,24.349393844604492,24.371670593362012,False,0.0005572355003096163,-0.19047619047619047,0.0,2534042.3224387965,24.371670593362012,44271.76794022092,0.43226724386000115,,,510,0.51171875,256.0,5.308445389454182,0.5116279069767442,86.0,"bbq,truthfulqa",B_T,,,,,,,,,,766,256,256.0,0.3321040168982078,170.0,86.0,0.008096890854243755,766,84.0,0.023809523809523808,0.1525801268196713,0.575,80.0,384,256.0,0.3590067641858016,171.0,85.0,91.0,0.01098901098901099,0.14301352837160322,/workspace/safe-drift/outputs/setting_2_medqa_medmcqa_reference_coverage_gamma_v1/repeat_02/olmo7b_instruct/KR64_KT16/pct25.6/safe_reference_precondsgd_refB_T_gamma0.01_epsm1/training_runs/safe_low_rank_sgd_reference_greedy_marginal_eta0.0002_metricFplusAlpha_gamma0.01_epsm1_caln64_calseed44_pct25.6_seed44,0.030143652828698318,0.0009086398058570921,2.5559245610826467e-13,True,-1.717402148905577e-11,True,,0.01,2.2864066629120932e-05,0.004383814239501953,0.004383814239501953,1.0,reference,False,0.00045431990292854607,237.94642639160156,2.2864066629120932e-05,512,6.013783405275606e-06,True,-0.0004110436901856122,False,512.0,greedy_marginal,completed,True,False,0.030143652828698318,0.37414533748956985,True,18.977705542173368,False,0.37414533748956985,18.977705542173368,0.019399094510561064,none,0.004383814239501953,False,,0.002286406662912093,44,0.00043390775681473315,3.595130237954436e-06,safe_low_rank_sgd_reference_greedy_marginal_eta0.0002_metricFplusAlpha_gamma0.01_epsm1_caln64_calseed44,safe_low_rank_sgd_reference_greedy_marginal_eta0.0002_metricFplusAlpha_gamma0.01_epsm1_caln64_calseed44,sgd,2.420674332173803,4.232620573538237e-05,/workspace/safe-drift/outputs/setting_2_medqa_medmcqa_reference_coverage_gamma_v1/repeat_02/olmo7b_instruct/KR64_KT16/pct25.6/safe_reference_precondsgd_refB_T_gamma0.01_epsm1/training_runs/safe_low_rank_sgd_reference_greedy_marginal_eta0.0002_metricFplusAlpha_gamma0.01_epsm1_caln64_calseed44_pct25.6_seed44/summary.json,,,-3.5001390133984387,0.4765625,0.3125,256.0,3.5001390133984387,664.6471779718995,0.0005572355003096163,0.0,0,1.0,1.0,0,0.9509803921568629,-0.8308823529411766,-0.7378647873726218,0.6999999999999998,0.5642880936468347,-0.7230392156862746,0.7230392156862746,17
False,False,False,True,,,,,,,,,,,,,,,,,,,,,,,,,,,,,,,,,,,,,,,,,,64,0.0,1.1295337177070501e+17,3396468155793408.0,4.611283580662579e+16,1.590662075773308e+17,4549157473370112.0,3832507489320960.0,0.4645669291338583,254.0,11.760256647125004,656981370028032.0,254.0,0.4645669291338583,254.0,0.0,0.0,0.0,0.0,,,,,,,,,,,,,,,,,,,,,,,,,,,,,0.5149253731343284,0.38671875,256.0,402.0,402.0,0.0,13.298045719663302,893072359636992.0,0.58203125,0.58203125,256.0,0.57421875,0.0,0.0,2.0460938165507274,322934787899392.0,256.0,0.14982993799893768,256.0,0.0,256.0,0.01171875,0.14982993799893768,643152.5140898513,False,24.719987869262695,6.111251327859021,False,0.0005589122301898897,-0.09523809523809523,0.0,643152.5140898513,6.111251327859021,11330.282472337833,0.10996092641450163,,,510,0.50390625,256.0,5.175192704567542,0.4883720930232558,86.0,"bbq,truthfulqa",B_T,,,,,,,,,,766,256,256.0,0.3191937231844843,170.0,86.0,0.008096890854243755,766,84.0,0.023809523809523808,0.15001535334571278,0.525,80.0,384,256.0,0.3345496904622437,171.0,85.0,91.0,0.01098901098901099,0.14409938092448737,/workspace/safe-drift/outputs/setting_2_medqa_medmcqa_reference_coverage_gamma_v1/repeat_02/olmo7b_instruct/KR64_KT16/pct25.6/safe_reference_precondsgd_refB_T_gamma0.01_epsm2/training_runs/safe_low_rank_sgd_reference_greedy_marginal_eta0.0002_metricFplusAlpha_gamma0.01_epsm2_caln64_calseed44_pct25.6_seed44,0.04295857943113977,0.0018454395467415452,1.0223698244330587e-12,True,-6.869608595622308e-11,True,,0.01,9.145626651648373e-05,0.008767628479003906,0.004383814239501953,2.0,reference,False,0.0009227197733707726,237.94642639160156,9.145626651648373e-05,512,3.4471830189529564e-05,True,-0.00047021442472409514,False,512.0,greedy_marginal,completed,True,False,0.04295857943113977,0.10312883772723136,True,6.141423042475935,False,0.10312883772723136,6.141423042475935,0.039073352498271596,none,0.008767628479003906,False,,0.009145626651648373,44,0.0005616706912405789,3.963824383390602e-06,safe_low_rank_sgd_reference_greedy_marginal_eta0.0002_metricFplusAlpha_gamma0.01_epsm2_caln64_calseed44,safe_low_rank_sgd_reference_greedy_marginal_eta0.0002_metricFplusAlpha_gamma0.01_epsm2_caln64_calseed44,sgd,2.3680667764201644,4.231521582823139e-05,/workspace/safe-drift/outputs/setting_2_medqa_medmcqa_reference_coverage_gamma_v1/repeat_02/olmo7b_instruct/KR64_KT16/pct25.6/safe_reference_precondsgd_refB_T_gamma0.01_epsm2/training_runs/safe_low_rank_sgd_reference_greedy_marginal_eta0.0002_metricFplusAlpha_gamma0.01_epsm2_caln64_calseed44_pct25.6_seed44/summary.json,,,-3.416475038480712,0.4375,0.25,256.0,3.416475038480712,632.6348171569407,0.0005589122301898897,0.0,0,1.0,1.0,0,0.9828431372549021,-0.004901960784313726,-0.15389675281277312,0.8207826816681233,0.4999999999999999,-0.02450980392156863,0.02450980392156863,17
False,False,False,True,,,,,,,,,,,,,,,,,,,,,,,,,,,,,,,,,,,,,,,,,,64,0.0,1.1295337177070501e+17,3467627975196672.0,4.618399562602906e+16,1.5913736739673408e+17,4549157473370112.0,3832507489320960.0,0.4645669291338583,254.0,11.88841610255204,656981370028032.0,254.0,0.4645669291338583,254.0,0.0,0.0,0.0,0.0,,,,,,,,,,,,,,,,,,,,,,,,,,,,,0.5,0.3671875,256.0,402.0,402.0,0.0,13.518704379598299,893072359636992.0,0.58203125,0.58203125,256.0,0.59375,0.0,0.0,2.0924930243346997,322934787899392.0,256.0,0.14335470516108856,256.0,0.0,256.0,0.01171875,0.14335470516108856,9892779.968438663,False,23.76471710205078,9.510164161949898,False,0.0005436025676317513,-0.1428571428571428,0.0,9892779.968438663,9.510164161949898,177628.66071969442,0.17082411937686995,,,510,0.50390625,256.0,5.231067208143381,0.5,86.0,"bbq,truthfulqa",B_T,,,,,,,,,,766,256,256.0,0.3225841405043583,170.0,86.0,0.008096890854243755,766,84.0,0.023809523809523808,0.14516828100871657,0.5625,80.0,384,256.0,0.34746944380138045,171.0,85.0,91.0,0.01098901098901099,0.13243888760276087,/workspace/safe-drift/outputs/setting_2_medqa_medmcqa_reference_coverage_gamma_v1/repeat_02/olmo7b_instruct/KR64_KT16/pct25.6/safe_reference_precondsgd_refB_T_gamma0.1_epsm0.5/training_runs/safe_low_rank_sgd_reference_greedy_marginal_eta0.0002_metricFplusAlpha_gamma0.1_epsm0.5_caln64_calseed44_pct25.6_seed44,0.03186454964526652,0.0010153495240956545,6.389811402706617e-14,True,-4.748252722811593e-11,True,,0.1,5.716016657280233e-05,0.0021919071197509764,0.004383814239501953,0.5,reference,False,0.0005076747620478272,237.94642639160156,5.716016657280233e-05,512,-1.2961456193291093e-06,False,-0.0005042857266813288,False,512.0,greedy_marginal,completed,False,False,0.03186454964526652,1.5395596911175524,False,9.82233492956443,False,1.5395596911175524,9.82233492956443,0.017187556150192962,none,0.0021919071197509764,False,,0.0005716016657280233,44,0.0005614458932541311,3.6983740301366197e-06,safe_low_rank_sgd_reference_greedy_marginal_eta0.0002_metricFplusAlpha_gamma0.1_epsm0.5_caln64_calseed44,safe_low_rank_sgd_reference_greedy_marginal_eta0.0002_metricFplusAlpha_gamma0.1_epsm0.5_caln64_calseed44,sgd,2.3817154477028453,4.167433443647006e-05,/workspace/safe-drift/outputs/setting_2_medqa_medmcqa_reference_coverage_gamma_v1/repeat_02/olmo7b_instruct/KR64_KT16/pct25.6/safe_reference_precondsgd_refB_T_gamma0.1_epsm0.5/training_runs/safe_low_rank_sgd_reference_greedy_marginal_eta0.0002_metricFplusAlpha_gamma0.1_epsm0.5_caln64_calseed44_pct25.6_seed44/summary.json,,,-3.4653162919566967,0.4765625,0.3125,256.0,3.4653162919566967,688.6482770312577,0.0005436025676317513,0.0,0,1.0,1.0,0,0.9240196078431374,-0.3995098039215687,-0.6668859288553503,0.35909242322980395,0.6324555320336759,-0.6176470588235295,0.6176470588235295,17
False,False,False,True,,,,,,,,,,,,,,,,,,,,,,,,,,,,,,,,,,,,,,,,,,64,0.0,1.1295337177070501e+17,3586255384412160.0,4.630262303524454e+16,1.5925599480594957e+17,4549157473370112.0,3832507489320960.0,0.4645669291338583,254.0,12.26666254008536,656981370028032.0,254.0,0.4645669291338583,254.0,0.0,0.0,0.0,0.0,,,,,,,,,,,,,,,,,,,,,,,,,,,,,0.5049751243781094,0.375,256.0,402.0,402.0,0.0,13.666165915628275,893072359636992.0,0.58984375,0.58984375,256.0,0.58984375,0.0,0.0,2.274364048910246,322934787899392.0,256.0,0.13562119788053312,256.0,0.0,256.0,0.015625,0.13562119788053312,2601205.2586421617,False,24.9947566986084,2.460842620370195,False,0.000562648696359247,-0.04761904761904756,0.0,2601205.2586421617,2.460842620370195,44822.31721573081,0.043313827025297694,,,510,0.5078125,256.0,5.398002037635217,0.47674418604651164,86.0,"bbq,truthfulqa",B_T,,,,,,,,,,766,256,256.0,0.30621307378358786,170.0,86.0,0.10809689085424376,766,84.0,0.023809523809523808,0.13568196152066408,0.5125,80.0,384,256.0,0.3144085584951002,171.0,85.0,91.0,0.01098901098901099,0.11631711699020046,/workspace/safe-drift/outputs/setting_2_medqa_medmcqa_reference_coverage_gamma_v1/repeat_02/olmo7b_instruct/KR64_KT16/pct25.6/safe_reference_precondsgd_refB_T_gamma0.1_epsm1/training_runs/safe_low_rank_sgd_reference_greedy_marginal_eta0.0002_metricFplusAlpha_gamma0.1_epsm1_caln64_calseed44_pct25.6_seed44,0.038684161659512675,0.0014964643632993102,2.5559245610826467e-13,True,-1.8993010891246373e-10,True,,0.1,0.00022864066629120933,0.004383814239501953,0.004383814239501953,1.0,reference,False,0.0007482321816496551,237.94642639160156,0.00022864066629120933,512,4.973542018912556e-06,True,-0.0006033648540600218,False,512.0,greedy_marginal,completed,True,False,0.038684161659512675,0.4824032972325999,True,3.638914739152481,False,0.4824032972325999,3.638914739152481,0.0354519386535386,none,0.004383814239501953,False,,0.002286406662912093,44,0.0008320055203512311,4.635371624317486e-06,safe_low_rank_sgd_reference_greedy_marginal_eta0.0002_metricFplusAlpha_gamma0.1_epsm1_caln64_calseed44,safe_low_rank_sgd_reference_greedy_marginal_eta0.0002_metricFplusAlpha_gamma0.1_epsm1_caln64_calseed44,sgd,2.4079427493888943,4.3021861718811616e-05,/workspace/safe-drift/outputs/setting_2_medqa_medmcqa_reference_coverage_gamma_v1/repeat_02/olmo7b_instruct/KR64_KT16/pct25.6/safe_reference_precondsgd_refB_T_gamma0.1_epsm1/training_runs/safe_low_rank_sgd_reference_greedy_marginal_eta0.0002_metricFplusAlpha_gamma0.1_epsm1_caln64_calseed44_pct25.6_seed44/summary.json,,,-3.4176256576974993,0.484375,0.375,256.0,3.4176256576974993,670.019974226132,0.000562648696359247,0.0,0,1.0,1.0,0,0.9019607843137256,0.286764705882353,-0.6324555320336759,0.35909242322980395,0.6668859288553503,0.340686274509804,-0.340686274509804,17
False,True,False,True,,,,,,,,,,,,,,,,,,,,,,,,,,,,,,,,,,,,,,,,,,64,0.0,1.1295337177070501e+17,3630979663429632.0,4.634734731426202e+16,1.5930071908496704e+17,4549157473370112.0,3832507489320960.0,0.5275590551181102,254.0,12.088497850212837,656981370028032.0,254.0,0.5275590551181102,254.0,0.0,0.0,0.0,0.0,,,,,,,,,,,,,,,,,,,,,,,,,,,,,0.5,0.36328125,256.0,402.0,402.0,0.0,13.872556331257025,893072359636992.0,0.59765625,0.59765625,256.0,0.59765625,0.0,0.0,2.293819812909914,322934787899392.0,256.0,0.13848758397647032,256.0,0.0,256.0,0.015625,0.13848758397647032,644808.4823459975,False,24.78363609313965,0.6121309838971658,True,0.0005598321440629661,-0.04761904761904756,0.0,644808.4823459975,0.6121309838971658,11235.401278713398,0.010778175935372638,,,510,0.5625,256.0,5.433880989368145,0.5813953488372093,86.0,"bbq,truthfulqa",B_T,,,,,,,,,,766,256,256.0,0.3599565237829928,170.0,86.0,-0.08281220005484713,766,84.0,0.023809523809523808,0.13851769872877634,0.5625,80.0,384,256.0,0.33576763487836897,171.0,85.0,91.0,0.01098901098901099,0.10903526975673793,/workspace/safe-drift/outputs/setting_2_medqa_medmcqa_reference_coverage_gamma_v1/repeat_02/olmo7b_instruct/KR64_KT16/pct25.6/safe_reference_precondsgd_refB_T_gamma0.1_epsm2/training_runs/safe_low_rank_sgd_reference_greedy_marginal_eta0.0002_metricFplusAlpha_gamma0.1_epsm2_caln64_calseed44_pct25.6_seed44,0.07443808470735788,0.005541028454899788,1.0223698244330587e-12,True,-7.597204356498549e-10,True,,0.1,0.0009145626651648373,0.008767628479003906,0.004383814239501953,2.0,reference,False,0.002770514227449894,237.94642639160156,0.0009145626651648373,512,3.1083617726933435e-05,True,-0.0006463521306809097,False,512.0,greedy_marginal,completed,True,False,0.07443808470735788,0.19128168695653247,True,1.7067334354274037,False,0.19128168695653247,1.7067334354274037,0.07443808470735788,none,0.008767628479003906,False,,0.009145626651648373,44,0.001560914795845747,7.352036845986731e-06,safe_low_rank_sgd_reference_greedy_marginal_eta0.0002_metricFplusAlpha_gamma0.1_epsm2_caln64_calseed44,safe_low_rank_sgd_reference_greedy_marginal_eta0.0002_metricFplusAlpha_gamma0.1_epsm2_caln64_calseed44,sgd,2.449698572681882,4.3206417995086954e-05,/workspace/safe-drift/outputs/setting_2_medqa_medmcqa_reference_coverage_gamma_v1/repeat_02/olmo7b_instruct/KR64_KT16/pct25.6/safe_reference_precondsgd_refB_T_gamma0.1_epsm2/training_runs/safe_low_rank_sgd_reference_greedy_marginal_eta0.0002_metricFplusAlpha_gamma0.1_epsm2_caln64_calseed44_pct25.6_seed44/summary.json,,,-3.3945955210438115,0.44921875,0.3125,256.0,3.3945955210438115,657.2699914760888,0.0005598321440629661,0.0,0,1.0,1.0,0,0.9681372549019609,0.20833333333333337,-0.5270462766947299,0.7999999999999998,-0.4472135954999579,0.26960784313725494,-0.26960784313725494,17
False,True,False,True,,,,,,,,,,,,,,,,,,,,,,,,,,,,,,,,,,,,,,,,,,64,0.0,1.1295337177070501e+17,3679029167652864.0,4.639539681848525e+16,1.5934876858919027e+17,4549157473370112.0,3832507489320960.0,0.4645669291338583,254.0,12.081774105862996,656981370028032.0,254.0,0.4645669291338583,254.0,0.0,0.0,0.0,0.0,,,,,,,,,,,,,,,,,,,,,,,,,,,,,0.5,0.37109375,256.0,402.0,402.0,0.0,13.48156063258648,893072359636992.0,0.58984375,0.58984375,256.0,0.59765625,0.0,0.0,2.24823800366165,322934787899392.0,256.0,0.12619431037880655,256.0,0.0,256.0,0.015625,0.12619431037880655,10419504.317019189,False,25.030029296875,0.9816433732713229,True,0.0005611089873127639,-0.09523809523809523,0.0,10419504.317019189,0.9816433732713229,174179.7606956562,0.01688408666257885,,,510,0.515625,256.0,5.364163499612075,0.47674418604651164,86.0,"bbq,truthfulqa",B_T,,,,,,,,,,766,256,256.0,0.30514599135308873,170.0,86.0,0.026278709036061942,766,84.0,0.023809523809523808,0.13354779665966582,0.55,80.0,384,256.0,0.3327771309415811,171.0,85.0,91.0,0.01098901098901099,0.11555426188316217,/workspace/safe-drift/outputs/setting_2_medqa_medmcqa_reference_coverage_gamma_v1/repeat_02/olmo7b_instruct/KR64_KT16/pct25.6/safe_reference_precondsgd_refB_T_gamma1_epsm0.5/training_runs/safe_low_rank_sgd_reference_greedy_marginal_eta0.0002_metricFplusAlpha_gamma1_epsm0.5_caln64_calseed44_pct25.6_seed44,1409.9711876488825,1988018.75,5.186454649135303e-13,True,1.654589977398771e-10,True,,1.0,0.0005716016657280233,0.0021919071197509764,0.004383814239501953,0.5,reference,False,994009.375,237.94642639160156,0.0005716016657280233,512,-2.2624212122020987e-06,False,-0.0004329447493327353,False,512.0,greedy_marginal,completed,False,False,1409.9711876488825,1.9418010385788356,False,1.7574208212838007,False,1.9418010385788356,1.7574208212838007,729.0879147949169,none,0.0021919071197509764,False,,0.0005716016657280233,44,0.0010045464150607586,4.664649623009609e-06,safe_low_rank_sgd_reference_greedy_marginal_eta0.0002_metricFplusAlpha_gamma1_epsm0.5_caln64_calseed44,safe_low_rank_sgd_reference_greedy_marginal_eta0.0002_metricFplusAlpha_gamma1_epsm0.5_caln64_calseed44,sgd,2.4404806817910867,4.2531694525477226e-05,/workspace/safe-drift/outputs/setting_2_medqa_medmcqa_reference_coverage_gamma_v1/repeat_02/olmo7b_instruct/KR64_KT16/pct25.6/safe_reference_precondsgd_refB_T_gamma1_epsm0.5/training_runs/safe_low_rank_sgd_reference_greedy_marginal_eta0.0002_metricFplusAlpha_gamma1_epsm0.5_caln64_calseed44_pct25.6_seed44/summary.json,,,-3.4567265805380885,0.4765625,0.1875,256.0,3.4567265805380885,668.4948785193264,0.0005611089873127639,0.0,0,1.0,1.0,0,0.9093137254901962,-0.10049019607843139,-0.22360679774997896,0.09999999999999998,0.7826237921249264,0.07843137254901962,-0.07843137254901962,17
False,True,False,True,,,,,,,,,,,,,,,,,,,,,,,,,,,,,,,,,,,,,,,,,,64,0.0,1.1295337177070501e+17,3729323198889984.0,4.644569084972237e+16,1.593990626204274e+17,4549157473370112.0,3832507489320960.0,0.468503937007874,254.0,12.271051119005898,656981370028032.0,254.0,0.468503937007874,254.0,0.0,0.0,0.0,0.0,,,,,,,,,,,,,,,,,,,,,,,,,,,,,0.5049751243781094,0.375,256.0,402.0,402.0,0.0,14.059114476044973,893072359636992.0,0.59375,0.59375,256.0,0.59375,0.0,0.0,2.3823332072875325,322934787899392.0,256.0,0.13528288498117405,256.0,0.0,256.0,0.01171875,0.13528288498117405,2659614.6384622143,False,25.556007385253906,0.24980303437887602,True,0.0005711513222195208,-0.04761904761904756,0.0,2659614.6384622143,0.24980303437887602,44632.15318050252,0.004359863598867476,,,510,0.515625,256.0,5.5354012342599725,0.5,86.0,"bbq,truthfulqa",B_T,,,,,,,,,,766,256,256.0,0.31786984453322975,170.0,86.0,0.12627870903606195,766,84.0,0.023809523809523808,0.13573968906645945,0.55,80.0,384,256.0,0.32711334869202596,171.0,85.0,91.0,0.01098901098901099,0.1042266973840519,/workspace/safe-drift/outputs/setting_2_medqa_medmcqa_reference_coverage_gamma_v1/repeat_02/olmo7b_instruct/KR64_KT16/pct25.6/safe_reference_precondsgd_refB_T_gamma1_epsm1/training_runs/safe_low_rank_sgd_reference_greedy_marginal_eta0.0002_metricFplusAlpha_gamma1_epsm1_caln64_calseed44_pct25.6_seed44,1819.794287824863,3311651.25,2.074581859654121e-12,True,6.618359909595084e-10,True,,1.0,0.002286406662912093,0.004383814239501953,0.004383814239501953,1.0,reference,False,1655825.625,237.94642639160156,0.002286406662912093,512,2.189492789536305e-06,True,0.000517610191033207,True,512.0,greedy_marginal,completed,True,True,1819.794287824863,0.7721394040127615,True,0.7736145753546506,True,0.7721394040127615,0.7736145753546506,1819.657797499299,none,0.004383814239501953,False,,0.002286406662912093,44,0.0017687964718788862,7.419420853693737e-06,safe_low_rank_sgd_reference_greedy_marginal_eta0.0002_metricFplusAlpha_gamma1_epsm1_caln64_calseed44,safe_low_rank_sgd_reference_greedy_marginal_eta0.0002_metricFplusAlpha_gamma1_epsm1_caln64_calseed44,sgd,2.464050435304671,4.383163994317596e-05,/workspace/safe-drift/outputs/setting_2_medqa_medmcqa_reference_coverage_gamma_v1/repeat_02/olmo7b_instruct/KR64_KT16/pct25.6/safe_reference_precondsgd_refB_T_gamma1_epsm1/training_runs/safe_low_rank_sgd_reference_greedy_marginal_eta0.0002_metricFplusAlpha_gamma1_epsm1_caln64_calseed44_pct25.6_seed44/summary.json,,,-3.3306715977778367,0.4453125,0.1875,256.0,3.3306715977778367,691.6319052223116,0.0005711513222195208,0.0,0,1.0,1.0,0,0.8700980392156864,0.4093137254901961,-0.10540925533894598,0.35909242322980395,0.6668859288553503,0.5269607843137256,-0.5269607843137256,17
False,True,False,True,,,,,,,,,,,,,,,,,,,,,,,,,,,,,,,,,,,,,,,,,,64,0.0,1.1295337177070501e+17,3465632840073216.0,4.61820004909056e+16,1.5913537226161062e+17,4549157473370112.0,3832507489320960.0,0.610236220472441,254.0,12.43918965807737,656981370028032.0,254.0,0.610236220472441,254.0,0.0,0.0,0.0,0.0,,,,,,,,,,,,,,,,,,,,,,,,,,,,,0.5074626865671642,0.37109375,256.0,402.0,402.0,0.0,14.325882678230604,893072359636992.0,0.6171875,0.6171875,256.0,0.62109375,0.0,0.0,2.284226468112875,322934787899392.0,256.0,0.14976058101163695,256.0,0.0,256.0,0.015625,0.14976058101163695,630490.9817958473,False,24.233333587646484,0.059949795473202644,True,0.000548278447240591,-0.09523809523809523,0.0,630490.9817958473,0.059949795473202644,11268.559723099183,0.0010835355315588332,,,510,0.6328125,256.0,5.57791020320012,0.6627906976744186,86.0,"bbq,truthfulqa",B_T,,,,,,,,,,766,256,256.0,0.4057175271033059,170.0,86.0,-0.09190310914575622,766,84.0,0.023809523809523808,0.14864435653219324,0.6375,80.0,384,256.0,0.3737461617100675,171.0,85.0,91.0,0.01098901098901099,0.10999232342013507,/workspace/safe-drift/outputs/setting_2_medqa_medmcqa_reference_coverage_gamma_v1/repeat_02/olmo7b_instruct/KR64_KT16/pct25.6/safe_reference_precondsgd_refB_T_gamma1_epsm2/training_runs/safe_low_rank_sgd_reference_greedy_marginal_eta0.0002_metricFplusAlpha_gamma1_epsm2_caln64_calseed44_pct25.6_seed44,5137.4295128984495,26393182.0,8.298327438616485e-12,True,2.6473439638380336e-09,True,,1.0,0.009145626651648373,0.008767628479003906,0.004383814239501953,2.0,reference,False,13196591.0,237.94642639160156,0.009145626651648373,512,2.556940228178747e-05,True,0.006009335250187606,True,512.0,greedy_marginal,completed,True,True,5137.4295128984495,0.3347478385394173,True,0.3429276121211267,True,0.3347478385394173,0.3429276121211267,5137.4295128984495,none,0.008767628479003906,False,,0.009145626651648373,44,0.003136291401460767,1.2866252291132696e-05,safe_low_rank_sgd_reference_greedy_marginal_eta0.0002_metricFplusAlpha_gamma1_epsm2_caln64_calseed44,safe_low_rank_sgd_reference_greedy_marginal_eta0.0002_metricFplusAlpha_gamma1_epsm2_caln64_calseed44,sgd,2.379457192402697,4.256001686956529e-05,/workspace/safe-drift/outputs/setting_2_medqa_medmcqa_reference_coverage_gamma_v1/repeat_02/olmo7b_instruct/KR64_KT16/pct25.6/safe_reference_precondsgd_refB_T_gamma1_epsm2/training_runs/safe_low_rank_sgd_reference_greedy_marginal_eta0.0002_metricFplusAlpha_gamma1_epsm2_caln64_calseed44_pct25.6_seed44/summary.json,,,-3.200817487786935,0.41796875,0.1875,256.0,3.200817487786935,678.6952673904598,0.000548278447240591,0.0,0,1.0,1.0,0,0.8676470588235295,0.37500000000000006,-0.22360679774997896,0.4472135954999579,-0.6668859288553503,0.41666666666666674,-0.41666666666666674,17
False,False,False,False,,,,,,,,,,,,,,,,,,,,,,,,,,,,,,,,,,,,,,,,,,64,0.0,1.1295337177070501e+17,3224637143285760.0,4.594100479411814e+16,1.5889437656482317e+17,4549157473370112.0,3832507489320960.0,0.4448818897637795,254.0,12.547727574826538,656981370028032.0,254.0,0.4448818897637795,254.0,0.0,0.0,0.0,0.0,,,,,,,,,,,,,,,,,,,,,,,,,,,,,0.5,0.36328125,256.0,402.0,402.0,0.0,14.368232433994612,893072359636992.0,0.56640625,0.56640625,256.0,0.56640625,0.0,0.0,2.340110669287163,322934787899392.0,256.0,0.12642589264506884,256.0,0.0,256.0,0.015625,0.12642589264506884,10371902.152267266,False,24.915678024291992,106.00221635391902,False,0.0006059104343876243,-0.1428571428571428,0.0,10371902.152267266,106.00221635391902,181290.26358874032,1.9213501698862192,,,510,0.46484375,256.0,5.60968843790201,0.4883720930232558,86.0,"bbq,truthfulqa",T_K,,,,,,,,,,766,256,256.0,0.3051907887453595,170.0,86.0,0.12627870903606195,766,84.0,0.023809523809523808,0.12200948446746318,0.5625,80.0,384,256.0,0.3320108924353921,171.0,85.0,91.0,0.01098901098901099,0.10152178487078423,/workspace/safe-drift/outputs/setting_2_medqa_medmcqa_reference_coverage_gamma_v1/repeat_02/olmo7b_instruct/KR64_KT16/pct25.6/safe_reference_precondsgd_refT_K_gamma0.01_epsm0.5/training_runs/safe_low_rank_sgd_reference_greedy_marginal_eta0.0002_metricFplusAlpha_gamma0.01_epsm0.5_caln64_calseed44_pct25.6_seed44,0.027361828711346774,0.0007486696704290807,6.389811402706617e-14,True,-4.293505372263942e-12,True,,0.01,5.716016657280233e-06,0.0021919071197509764,0.004383814239501953,0.5,reference,False,0.00037433483521454036,237.94642639160156,5.716016657280233e-06,512,-1.1052038005284709e-06,False,-0.0003686765023492254,False,512.0,greedy_marginal,completed,False,False,0.027361828711346774,1.4600744023991274,False,65.49883496545928,False,1.4600744023991274,65.49883496545928,0.009612123884995336,none,0.0021919071197509764,False,,0.0005716016657280233,44,0.0003743925190065056,3.5074322113359813e-06,safe_low_rank_sgd_reference_greedy_marginal_eta0.0002_metricFplusAlpha_gamma0.01_epsm0.5_caln64_calseed44,safe_low_rank_sgd_reference_greedy_marginal_eta0.0002_metricFplusAlpha_gamma0.01_epsm0.5_caln64_calseed44,sgd,2.31491045212897,4.509930040048904e-05,/workspace/safe-drift/outputs/setting_2_medqa_medmcqa_reference_coverage_gamma_v1/repeat_02/olmo7b_instruct/KR64_KT16/pct25.6/safe_reference_precondsgd_refT_K_gamma0.01_epsm0.5/training_runs/safe_low_rank_sgd_reference_greedy_marginal_eta0.0002_metricFplusAlpha_gamma0.01_epsm0.5_caln64_calseed44_pct25.6_seed44/summary.json,,,-3.5019284475129098,0.44921875,0.4375,256.0,3.5019284475129098,623.2815071251243,0.0006059104343876243,0.0,0,1.0,1.0,0,0.9779411764705884,-0.8186274509803922,-0.8207826816681233,0.9746794344808964,0.6668859288553503,-0.8039215686274511,0.8039215686274511,17
False,False,False,True,,,,,,,,,,,,,,,,,,,,,,,,,,,,,,,,,,,,,,,,,,64,0.0,1.1295337177070501e+17,3284906850140160.0,4.600127450097254e+16,1.5895464627167757e+17,4549157473370112.0,3832507489320960.0,0.48031496062992124,254.0,12.243947847621648,656981370028032.0,254.0,0.48031496062992124,254.0,0.0,0.0,0.0,0.0,,,,,,,,,,,,,,,,,,,,,,,,,,,,,0.5024875621890548,0.359375,256.0,402.0,402.0,0.0,13.700324666996798,893072359636992.0,0.578125,0.578125,256.0,0.58203125,0.0,0.0,2.066286789948266,322934787899392.0,256.0,0.1501903401158544,256.0,0.0,256.0,0.01171875,0.1501903401158544,2534042.3224387965,False,24.349393844604492,26.31315162833713,False,0.0006016256520524621,-0.19047619047619047,0.0,2534042.3224387965,26.31315162833713,44271.76794022092,0.47207796717642314,,,510,0.51171875,256.0,5.308445389454182,0.5116279069767442,86.0,"bbq,truthfulqa",T_K,,,,,,,,,,766,256,256.0,0.3321040168982078,170.0,86.0,0.008096890854243755,766,84.0,0.023809523809523808,0.1525801268196713,0.575,80.0,384,256.0,0.3590067641858016,171.0,85.0,91.0,0.01098901098901099,0.14301352837160322,/workspace/safe-drift/outputs/setting_2_medqa_medmcqa_reference_coverage_gamma_v1/repeat_02/olmo7b_instruct/KR64_KT16/pct25.6/safe_reference_precondsgd_refT_K_gamma0.01_epsm1/training_runs/safe_low_rank_sgd_reference_greedy_marginal_eta0.0002_metricFplusAlpha_gamma0.01_epsm1_caln64_calseed44_pct25.6_seed44,0.030143652828698318,0.0009086398058570921,2.5559245610826467e-13,True,-1.717402148905577e-11,True,,0.01,2.2864066629120932e-05,0.004383814239501953,0.004383814239501953,1.0,reference,False,0.00045431990292854607,237.94642639160156,2.2864066629120932e-05,512,6.013783405275606e-06,True,-0.0004110436901856122,False,512.0,greedy_marginal,completed,True,False,0.030143652828698318,0.37414533748956985,True,18.977705542173368,False,0.37414533748956985,18.977705542173368,0.019399094510561064,none,0.004383814239501953,False,,0.002286406662912093,44,0.00043390775681473315,3.595130237954436e-06,safe_low_rank_sgd_reference_greedy_marginal_eta0.0002_metricFplusAlpha_gamma0.01_epsm1_caln64_calseed44,safe_low_rank_sgd_reference_greedy_marginal_eta0.0002_metricFplusAlpha_gamma0.01_epsm1_caln64_calseed44,sgd,2.420674332173803,4.557682247144368e-05,/workspace/safe-drift/outputs/setting_2_medqa_medmcqa_reference_coverage_gamma_v1/repeat_02/olmo7b_instruct/KR64_KT16/pct25.6/safe_reference_precondsgd_refT_K_gamma0.01_epsm1/training_runs/safe_low_rank_sgd_reference_greedy_marginal_eta0.0002_metricFplusAlpha_gamma0.01_epsm1_caln64_calseed44_pct25.6_seed44/summary.json,,,-3.5001390133984387,0.4765625,0.3125,256.0,3.5001390133984387,654.9925048574805,0.0006016256520524621,0.0,0,1.0,1.0,0,0.9509803921568629,-0.8308823529411766,-0.7378647873726218,0.6999999999999998,0.5642880936468347,-0.7230392156862746,0.7230392156862746,17
False,False,False,True,,,,,,,,,,,,,,,,,,,,,,,,,,,,,,,,,,,,,,,,,,64,0.0,1.1295337177070501e+17,3396468155793408.0,4.611283580662579e+16,1.590662075773308e+17,4549157473370112.0,3832507489320960.0,0.4645669291338583,254.0,11.760256647125004,656981370028032.0,254.0,0.4645669291338583,254.0,0.0,0.0,0.0,0.0,,,,,,,,,,,,,,,,,,,,,,,,,,,,,0.5149253731343284,0.38671875,256.0,402.0,402.0,0.0,13.298045719663302,893072359636992.0,0.58203125,0.58203125,256.0,0.57421875,0.0,0.0,2.0460938165507274,322934787899392.0,256.0,0.14982993799893768,256.0,0.0,256.0,0.01171875,0.14982993799893768,643152.5140898513,False,24.719987869262695,6.664676922895086,False,0.0006095264689065516,-0.09523809523809523,0.0,643152.5140898513,6.664676922895086,11330.282472337833,0.12096254227898073,,,510,0.50390625,256.0,5.175192704567542,0.4883720930232558,86.0,"bbq,truthfulqa",T_K,,,,,,,,,,766,256,256.0,0.3191937231844843,170.0,86.0,0.008096890854243755,766,84.0,0.023809523809523808,0.15001535334571278,0.525,80.0,384,256.0,0.3345496904622437,171.0,85.0,91.0,0.01098901098901099,0.14409938092448737,/workspace/safe-drift/outputs/setting_2_medqa_medmcqa_reference_coverage_gamma_v1/repeat_02/olmo7b_instruct/KR64_KT16/pct25.6/safe_reference_precondsgd_refT_K_gamma0.01_epsm2/training_runs/safe_low_rank_sgd_reference_greedy_marginal_eta0.0002_metricFplusAlpha_gamma0.01_epsm2_caln64_calseed44_pct25.6_seed44,0.04295857943113977,0.0018454395467415452,1.0223698244330587e-12,True,-6.869608595622308e-11,True,,0.01,9.145626651648373e-05,0.008767628479003906,0.004383814239501953,2.0,reference,False,0.0009227197733707726,237.94642639160156,9.145626651648373e-05,512,3.4471830189529564e-05,True,-0.00047021442472409514,False,512.0,greedy_marginal,completed,True,False,0.04295857943113977,0.10312883772723136,True,6.141423042475935,False,0.10312883772723136,6.141423042475935,0.039073352498271596,none,0.008767628479003906,False,,0.009145626651648373,44,0.0005616706912405789,3.963824383390602e-06,safe_low_rank_sgd_reference_greedy_marginal_eta0.0002_metricFplusAlpha_gamma0.01_epsm2_caln64_calseed44,safe_low_rank_sgd_reference_greedy_marginal_eta0.0002_metricFplusAlpha_gamma0.01_epsm2_caln64_calseed44,sgd,2.3680667764201644,4.6022820426233624e-05,/workspace/safe-drift/outputs/setting_2_medqa_medmcqa_reference_coverage_gamma_v1/repeat_02/olmo7b_instruct/KR64_KT16/pct25.6/safe_reference_precondsgd_refT_K_gamma0.01_epsm2/training_runs/safe_low_rank_sgd_reference_greedy_marginal_eta0.0002_metricFplusAlpha_gamma0.01_epsm2_caln64_calseed44_pct25.6_seed44/summary.json,,,-3.416475038480712,0.4375,0.25,256.0,3.416475038480712,675.3206686209887,0.0006095264689065516,0.0,0,1.0,1.0,0,0.9828431372549021,-0.004901960784313726,-0.15389675281277312,0.8207826816681233,0.4999999999999999,-0.02450980392156863,0.02450980392156863,17
False,False,False,True,,,,,,,,,,,,,,,,,,,,,,,,,,,,,,,,,,,,,,,,,,64,0.0,1.1295337177070501e+17,3467627975196672.0,4.618399562602906e+16,1.5913736739673408e+17,4549157473370112.0,3832507489320960.0,0.4645669291338583,254.0,11.88841610255204,656981370028032.0,254.0,0.4645669291338583,254.0,0.0,0.0,0.0,0.0,,,,,,,,,,,,,,,,,,,,,,,,,,,,,0.5,0.3671875,256.0,402.0,402.0,0.0,13.518704379598299,893072359636992.0,0.58203125,0.58203125,256.0,0.59375,0.0,0.0,2.0924930243346997,322934787899392.0,256.0,0.14335470516108856,256.0,0.0,256.0,0.01171875,0.14335470516108856,9892779.968438663,False,23.76471710205078,10.292358385064787,False,0.0005883129197172821,-0.1428571428571428,0.0,9892779.968438663,10.292358385064787,177628.66071969442,0.18826261113642123,,,510,0.50390625,256.0,5.231067208143381,0.5,86.0,"bbq,truthfulqa",T_K,,,,,,,,,,766,256,256.0,0.3225841405043583,170.0,86.0,0.008096890854243755,766,84.0,0.023809523809523808,0.14516828100871657,0.5625,80.0,384,256.0,0.34746944380138045,171.0,85.0,91.0,0.01098901098901099,0.13243888760276087,/workspace/safe-drift/outputs/setting_2_medqa_medmcqa_reference_coverage_gamma_v1/repeat_02/olmo7b_instruct/KR64_KT16/pct25.6/safe_reference_precondsgd_refT_K_gamma0.1_epsm0.5/training_runs/safe_low_rank_sgd_reference_greedy_marginal_eta0.0002_metricFplusAlpha_gamma0.1_epsm0.5_caln64_calseed44_pct25.6_seed44,0.03186454964526652,0.0010153495240956545,6.389811402706617e-14,True,-4.748252722811593e-11,True,,0.1,5.716016657280233e-05,0.0021919071197509764,0.004383814239501953,0.5,reference,False,0.0005076747620478272,237.94642639160156,5.716016657280233e-05,512,-1.2961456193291093e-06,False,-0.0005042857266813288,False,512.0,greedy_marginal,completed,False,False,0.03186454964526652,1.5395596911175524,False,9.82233492956443,False,1.5395596911175524,9.82233492956443,0.017187556150192962,none,0.0021919071197509764,False,,0.0005716016657280233,44,0.0005614458932541311,3.6983740301366197e-06,safe_low_rank_sgd_reference_greedy_marginal_eta0.0002_metricFplusAlpha_gamma0.1_epsm0.5_caln64_calseed44,safe_low_rank_sgd_reference_greedy_marginal_eta0.0002_metricFplusAlpha_gamma0.1_epsm0.5_caln64_calseed44,sgd,2.3817154477028453,4.517820175249654e-05,/workspace/safe-drift/outputs/setting_2_medqa_medmcqa_reference_coverage_gamma_v1/repeat_02/olmo7b_instruct/KR64_KT16/pct25.6/safe_reference_precondsgd_refT_K_gamma0.1_epsm0.5/training_runs/safe_low_rank_sgd_reference_greedy_marginal_eta0.0002_metricFplusAlpha_gamma0.1_epsm0.5_caln64_calseed44_pct25.6_seed44/summary.json,,,-3.4653162919566967,0.4765625,0.3125,256.0,3.4653162919566967,649.5028775949031,0.0005883129197172821,0.0,0,1.0,1.0,0,0.9240196078431374,-0.3995098039215687,-0.6668859288553503,0.35909242322980395,0.6324555320336759,-0.6176470588235295,0.6176470588235295,17
False,False,False,True,,,,,,,,,,,,,,,,,,,,,,,,,,,,,,,,,,,,,,,,,,64,0.0,1.1295337177070501e+17,3586255384412160.0,4.630262303524454e+16,1.5925599480594957e+17,4549157473370112.0,3832507489320960.0,0.4645669291338583,254.0,12.26666254008536,656981370028032.0,254.0,0.4645669291338583,254.0,0.0,0.0,0.0,0.0,,,,,,,,,,,,,,,,,,,,,,,,,,,,,0.5049751243781094,0.375,256.0,402.0,402.0,0.0,13.666165915628275,893072359636992.0,0.58984375,0.58984375,256.0,0.58984375,0.0,0.0,2.274364048910246,322934787899392.0,256.0,0.13562119788053312,256.0,0.0,256.0,0.015625,0.13562119788053312,2601205.2586421617,False,24.9947566986084,2.6758860014326777,False,0.0006118163582868874,-0.04761904761904756,0.0,2601205.2586421617,2.6758860014326777,44822.31721573081,0.04763007565916639,,,510,0.5078125,256.0,5.398002037635217,0.47674418604651164,86.0,"bbq,truthfulqa",T_K,,,,,,,,,,766,256,256.0,0.30621307378358786,170.0,86.0,0.10809689085424376,766,84.0,0.023809523809523808,0.13568196152066408,0.5125,80.0,384,256.0,0.3144085584951002,171.0,85.0,91.0,0.01098901098901099,0.11631711699020046,/workspace/safe-drift/outputs/setting_2_medqa_medmcqa_reference_coverage_gamma_v1/repeat_02/olmo7b_instruct/KR64_KT16/pct25.6/safe_reference_precondsgd_refT_K_gamma0.1_epsm1/training_runs/safe_low_rank_sgd_reference_greedy_marginal_eta0.0002_metricFplusAlpha_gamma0.1_epsm1_caln64_calseed44_pct25.6_seed44,0.038684161659512675,0.0014964643632993102,2.5559245610826467e-13,True,-1.8993010891246373e-10,True,,0.1,0.00022864066629120933,0.004383814239501953,0.004383814239501953,1.0,reference,False,0.0007482321816496551,237.94642639160156,0.00022864066629120933,512,4.973542018912556e-06,True,-0.0006033648540600218,False,512.0,greedy_marginal,completed,True,False,0.038684161659512675,0.4824032972325999,True,3.638914739152481,False,0.4824032972325999,3.638914739152481,0.0354519386535386,none,0.004383814239501953,False,,0.002286406662912093,44,0.0008320055203512311,4.635371624317486e-06,safe_low_rank_sgd_reference_greedy_marginal_eta0.0002_metricFplusAlpha_gamma0.1_epsm1_caln64_calseed44,safe_low_rank_sgd_reference_greedy_marginal_eta0.0002_metricFplusAlpha_gamma0.1_epsm1_caln64_calseed44,sgd,2.4079427493888943,4.682641826755929e-05,/workspace/safe-drift/outputs/setting_2_medqa_medmcqa_reference_coverage_gamma_v1/repeat_02/olmo7b_instruct/KR64_KT16/pct25.6/safe_reference_precondsgd_refT_K_gamma0.1_epsm1/training_runs/safe_low_rank_sgd_reference_greedy_marginal_eta0.0002_metricFplusAlpha_gamma0.1_epsm1_caln64_calseed44_pct25.6_seed44/summary.json,,,-3.4176256576974993,0.484375,0.375,256.0,3.4176256576974993,639.7911466043442,0.0006118163582868874,0.0,0,1.0,1.0,0,0.9019607843137256,0.286764705882353,-0.6324555320336759,0.35909242322980395,0.6668859288553503,0.340686274509804,-0.340686274509804,17
False,True,False,True,,,,,,,,,,,,,,,,,,,,,,,,,,,,,,,,,,,,,,,,,,64,0.0,1.1295337177070501e+17,3630979663429632.0,4.634734731426202e+16,1.5930071908496704e+17,4549157473370112.0,3832507489320960.0,0.5275590551181102,254.0,12.088497850212837,656981370028032.0,254.0,0.5275590551181102,254.0,0.0,0.0,0.0,0.0,,,,,,,,,,,,,,,,,,,,,,,,,,,,,0.5,0.36328125,256.0,402.0,402.0,0.0,13.872556331257025,893072359636992.0,0.59765625,0.59765625,256.0,0.59765625,0.0,0.0,2.293819812909914,322934787899392.0,256.0,0.13848758397647032,256.0,0.0,256.0,0.015625,0.13848758397647032,644808.4823459975,False,24.78363609313965,0.6718008543920364,True,0.0006144039798527956,-0.04761904761904756,0.0,644808.4823459975,0.6718008543920364,11235.401278713398,0.011889965726155692,,,510,0.5625,256.0,5.433880989368145,0.5813953488372093,86.0,"bbq,truthfulqa",T_K,,,,,,,,,,766,256,256.0,0.3599565237829928,170.0,86.0,-0.08281220005484713,766,84.0,0.023809523809523808,0.13851769872877634,0.5625,80.0,384,256.0,0.33576763487836897,171.0,85.0,91.0,0.01098901098901099,0.10903526975673793,/workspace/safe-drift/outputs/setting_2_medqa_medmcqa_reference_coverage_gamma_v1/repeat_02/olmo7b_instruct/KR64_KT16/pct25.6/safe_reference_precondsgd_refT_K_gamma0.1_epsm2/training_runs/safe_low_rank_sgd_reference_greedy_marginal_eta0.0002_metricFplusAlpha_gamma0.1_epsm2_caln64_calseed44_pct25.6_seed44,0.07443808470735788,0.005541028454899788,1.0223698244330587e-12,True,-7.597204356498549e-10,True,,0.1,0.0009145626651648373,0.008767628479003906,0.004383814239501953,2.0,reference,False,0.002770514227449894,237.94642639160156,0.0009145626651648373,512,3.1083617726933435e-05,True,-0.0006463521306809097,False,512.0,greedy_marginal,completed,True,False,0.07443808470735788,0.19128168695653247,True,1.7067334354274037,False,0.19128168695653247,1.7067334354274037,0.07443808470735788,none,0.008767628479003906,False,,0.009145626651648373,44,0.001560914795845747,7.352036845986731e-06,safe_low_rank_sgd_reference_greedy_marginal_eta0.0002_metricFplusAlpha_gamma0.1_epsm2_caln64_calseed44,safe_low_rank_sgd_reference_greedy_marginal_eta0.0002_metricFplusAlpha_gamma0.1_epsm2_caln64_calseed44,sgd,2.449698572681882,4.742577866306136e-05,/workspace/safe-drift/outputs/setting_2_medqa_medmcqa_reference_coverage_gamma_v1/repeat_02/olmo7b_instruct/KR64_KT16/pct25.6/safe_reference_precondsgd_refT_K_gamma0.1_epsm2/training_runs/safe_low_rank_sgd_reference_greedy_marginal_eta0.0002_metricFplusAlpha_gamma0.1_epsm2_caln64_calseed44_pct25.6_seed44/summary.json,,,-3.3945955210438115,0.44921875,0.3125,256.0,3.3945955210438115,683.2985971532762,0.0006144039798527956,0.0,0,1.0,1.0,0,0.9681372549019609,0.20833333333333337,-0.5270462766947299,0.7999999999999998,-0.4472135954999579,0.26960784313725494,-0.26960784313725494,17
False,False,False,True,,,,,,,,,,,,,,,,,,,,,,,,,,,,,,,,,,,,,,,,,,64,0.0,1.1295337177070501e+17,3679029167652864.0,4.639539681848525e+16,1.5934876858919027e+17,4549157473370112.0,3832507489320960.0,0.4645669291338583,254.0,12.081774105862996,656981370028032.0,254.0,0.4645669291338583,254.0,0.0,0.0,0.0,0.0,,,,,,,,,,,,,,,,,,,,,,,,,,,,,0.5,0.37109375,256.0,402.0,402.0,0.0,13.48156063258648,893072359636992.0,0.58984375,0.58984375,256.0,0.59765625,0.0,0.0,2.24823800366165,322934787899392.0,256.0,0.12619431037880655,256.0,0.0,256.0,0.015625,0.12619431037880655,10419504.317019189,False,25.030029296875,1.070599104214718,False,0.0006119562312960625,-0.09523809523809523,0.0,10419504.317019189,1.070599104214718,174179.7606956562,0.018551165226240625,,,510,0.515625,256.0,5.364163499612075,0.47674418604651164,86.0,"bbq,truthfulqa",T_K,,,,,,,,,,766,256,256.0,0.30514599135308873,170.0,86.0,0.026278709036061942,766,84.0,0.023809523809523808,0.13354779665966582,0.55,80.0,384,256.0,0.3327771309415811,171.0,85.0,91.0,0.01098901098901099,0.11555426188316217,/workspace/safe-drift/outputs/setting_2_medqa_medmcqa_reference_coverage_gamma_v1/repeat_02/olmo7b_instruct/KR64_KT16/pct25.6/safe_reference_precondsgd_refT_K_gamma1_epsm0.5/training_runs/safe_low_rank_sgd_reference_greedy_marginal_eta0.0002_metricFplusAlpha_gamma1_epsm0.5_caln64_calseed44_pct25.6_seed44,1409.9711876488825,1988018.75,5.186454649135303e-13,True,1.654589977398771e-10,True,,1.0,0.0005716016657280233,0.0021919071197509764,0.004383814239501953,0.5,reference,False,994009.375,237.94642639160156,0.0005716016657280233,512,-2.2624212122020987e-06,False,-0.0004329447493327353,False,512.0,greedy_marginal,completed,False,False,1409.9711876488825,1.9418010385788356,False,1.7574208212838007,False,1.9418010385788356,1.7574208212838007,729.0879147949169,none,0.0021919071197509764,False,,0.0005716016657280233,44,0.0010045464150607586,4.664649623009609e-06,safe_low_rank_sgd_reference_greedy_marginal_eta0.0002_metricFplusAlpha_gamma1_epsm0.5_caln64_calseed44,safe_low_rank_sgd_reference_greedy_marginal_eta0.0002_metricFplusAlpha_gamma1_epsm0.5_caln64_calseed44,sgd,2.4404806817910867,4.624421844137694e-05,/workspace/safe-drift/outputs/setting_2_medqa_medmcqa_reference_coverage_gamma_v1/repeat_02/olmo7b_instruct/KR64_KT16/pct25.6/safe_reference_precondsgd_refT_K_gamma1_epsm0.5/training_runs/safe_low_rank_sgd_reference_greedy_marginal_eta0.0002_metricFplusAlpha_gamma1_epsm0.5_caln64_calseed44_pct25.6_seed44/summary.json,,,-3.4567265805380885,0.4765625,0.1875,256.0,3.4567265805380885,666.5350380521268,0.0006119562312960625,0.0,0,1.0,1.0,0,0.9093137254901962,-0.10049019607843139,-0.22360679774997896,0.09999999999999998,0.7826237921249264,0.07843137254901962,-0.07843137254901962,17
False,True,False,True,,,,,,,,,,,,,,,,,,,,,,,,,,,,,,,,,,,,,,,,,,64,0.0,1.1295337177070501e+17,3729323198889984.0,4.644569084972237e+16,1.593990626204274e+17,4549157473370112.0,3832507489320960.0,0.468503937007874,254.0,12.271051119005898,656981370028032.0,254.0,0.468503937007874,254.0,0.0,0.0,0.0,0.0,,,,,,,,,,,,,,,,,,,,,,,,,,,,,0.5049751243781094,0.375,256.0,402.0,402.0,0.0,14.059114476044973,893072359636992.0,0.59375,0.59375,256.0,0.59375,0.0,0.0,2.3823332072875325,322934787899392.0,256.0,0.13528288498117405,256.0,0.0,256.0,0.01171875,0.13528288498117405,2659614.6384622143,False,25.556007385253906,0.27188674883516584,True,0.0006216436740942299,-0.04761904761904756,0.0,2659614.6384622143,0.27188674883516584,44632.15318050252,0.00478993949354893,,,510,0.515625,256.0,5.5354012342599725,0.5,86.0,"bbq,truthfulqa",T_K,,,,,,,,,,766,256,256.0,0.31786984453322975,170.0,86.0,0.12627870903606195,766,84.0,0.023809523809523808,0.13573968906645945,0.55,80.0,384,256.0,0.32711334869202596,171.0,85.0,91.0,0.01098901098901099,0.1042266973840519,/workspace/safe-drift/outputs/setting_2_medqa_medmcqa_reference_coverage_gamma_v1/repeat_02/olmo7b_instruct/KR64_KT16/pct25.6/safe_reference_precondsgd_refT_K_gamma1_epsm1/training_runs/safe_low_rank_sgd_reference_greedy_marginal_eta0.0002_metricFplusAlpha_gamma1_epsm1_caln64_calseed44_pct25.6_seed44,1819.794287824863,3311651.25,2.074581859654121e-12,True,6.618359909595084e-10,True,,1.0,0.002286406662912093,0.004383814239501953,0.004383814239501953,1.0,reference,False,1655825.625,237.94642639160156,0.002286406662912093,512,2.189492789536305e-06,True,0.000517610191033207,True,512.0,greedy_marginal,completed,True,True,1819.794287824863,0.7721394040127615,True,0.7736145753546506,True,0.7721394040127615,0.7736145753546506,1819.657797499299,none,0.004383814239501953,False,,0.002286406662912093,44,0.0017687964718788862,7.419420853693737e-06,safe_low_rank_sgd_reference_greedy_marginal_eta0.0002_metricFplusAlpha_gamma1_epsm1_caln64_calseed44,safe_low_rank_sgd_reference_greedy_marginal_eta0.0002_metricFplusAlpha_gamma1_epsm1_caln64_calseed44,sgd,2.464050435304671,4.7849339541695957e-05,/workspace/safe-drift/outputs/setting_2_medqa_medmcqa_reference_coverage_gamma_v1/repeat_02/olmo7b_instruct/KR64_KT16/pct25.6/safe_reference_precondsgd_refT_K_gamma1_epsm1/training_runs/safe_low_rank_sgd_reference_greedy_marginal_eta0.0002_metricFplusAlpha_gamma1_epsm1_caln64_calseed44_pct25.6_seed44/summary.json,,,-3.3306715977778367,0.4453125,0.1875,256.0,3.3306715977778367,654.9779579881579,0.0006216436740942299,0.0,0,1.0,1.0,0,0.8700980392156864,0.4093137254901961,-0.10540925533894598,0.35909242322980395,0.6668859288553503,0.5269607843137256,-0.5269607843137256,17
False,True,False,True,,,,,,,,,,,,,,,,,,,,,,,,,,,,,,,,,,,,,,,,,,64,0.0,1.1295337177070501e+17,3465632840073216.0,4.61820004909056e+16,1.5913537226161062e+17,4549157473370112.0,3832507489320960.0,0.610236220472441,254.0,12.43918965807737,656981370028032.0,254.0,0.610236220472441,254.0,0.0,0.0,0.0,0.0,,,,,,,,,,,,,,,,,,,,,,,,,,,,,0.5074626865671642,0.37109375,256.0,402.0,402.0,0.0,14.325882678230604,893072359636992.0,0.6171875,0.6171875,256.0,0.62109375,0.0,0.0,2.284226468112875,322934787899392.0,256.0,0.14976058101163695,256.0,0.0,256.0,0.015625,0.14976058101163695,630490.9817958473,False,24.233333587646484,0.06508348031978753,True,0.0005952292121946812,-0.09523809523809523,0.0,630490.9817958473,0.06508348031978753,11268.559723099183,0.0011929550150474551,,,510,0.6328125,256.0,5.57791020320012,0.6627906976744186,86.0,"bbq,truthfulqa",T_K,,,,,,,,,,766,256,256.0,0.4057175271033059,170.0,86.0,-0.09190310914575622,766,84.0,0.023809523809523808,0.14864435653219324,0.6375,80.0,384,256.0,0.3737461617100675,171.0,85.0,91.0,0.01098901098901099,0.10999232342013507,/workspace/safe-drift/outputs/setting_2_medqa_medmcqa_reference_coverage_gamma_v1/repeat_02/olmo7b_instruct/KR64_KT16/pct25.6/safe_reference_precondsgd_refT_K_gamma1_epsm2/training_runs/safe_low_rank_sgd_reference_greedy_marginal_eta0.0002_metricFplusAlpha_gamma1_epsm2_caln64_calseed44_pct25.6_seed44,5137.4295128984495,26393182.0,8.298327438616485e-12,True,2.6473439638380336e-09,True,,1.0,0.009145626651648373,0.008767628479003906,0.004383814239501953,2.0,reference,False,13196591.0,237.94642639160156,0.009145626651648373,512,2.556940228178747e-05,True,0.006009335250187606,True,512.0,greedy_marginal,completed,True,True,5137.4295128984495,0.3347478385394173,True,0.3429276121211267,True,0.3347478385394173,0.3429276121211267,5137.4295128984495,none,0.008767628479003906,False,,0.009145626651648373,44,0.003136291401460767,1.2866252291132696e-05,safe_low_rank_sgd_reference_greedy_marginal_eta0.0002_metricFplusAlpha_gamma1_epsm2_caln64_calseed44,safe_low_rank_sgd_reference_greedy_marginal_eta0.0002_metricFplusAlpha_gamma1_epsm2_caln64_calseed44,sgd,2.379457192402697,4.643042464125974e-05,/workspace/safe-drift/outputs/setting_2_medqa_medmcqa_reference_coverage_gamma_v1/repeat_02/olmo7b_instruct/KR64_KT16/pct25.6/safe_reference_precondsgd_refT_K_gamma1_epsm2/training_runs/safe_low_rank_sgd_reference_greedy_marginal_eta0.0002_metricFplusAlpha_gamma1_epsm2_caln64_calseed44_pct25.6_seed44/summary.json,,,-3.200817487786935,0.41796875,0.1875,256.0,3.200817487786935,661.9698472898453,0.0005952292121946812,0.0,0,1.0,1.0,0,0.8676470588235295,0.37500000000000006,-0.22360679774997896,0.4472135954999579,-0.6668859288553503,0.41666666666666674,-0.41666666666666674,17
