sweep,summary_path,repeat,model,method_group,run_name,selection_method,selection_preconditioner,training_optimizer,training_mode,seed,safe_rho,safe_epsilon,selected_predicted_fisher_cost,selected_predicted_norm_cost,medqa_accuracy,target_medqa_accuracy,target_delta_medqa_accuracy,reference_medical_reference_primary_score,reference_delta_medical_reference_primary_score,reference_bbq_accuracy,reference_delta_bbq_accuracy,reference_truthfulqa_exact_match,reference_delta_truthfulqa_exact_match,reference_truthfulqa_token_f1,reference_delta_truthfulqa_token_f1,ood_mcq_ood_accuracy,ood_delta_mcq_ood_accuracy,extra_eval_mmlu_non_medical_mmlu_accuracy,extra_eval_delta_mmlu_non_medical_mmlu_accuracy,extra_eval_ifeval_ifeval_proxy_instruction_accuracy,extra_eval_delta_ifeval_ifeval_proxy_instruction_accuracy,extra_eval_bbq_bbq_accuracy,extra_eval_delta_bbq_bbq_accuracy,extra_eval_truthfulqa_truthfulqa_token_f1,extra_eval_delta_truthfulqa_truthfulqa_token_f1,extra_eval_bbq_heldout_kl,extra_eval_truthfulqa_heldout_kl,extra_eval_mmlu_non_medical_heldout_kl,final_validation_loss,final_test_loss,train_wallclock_seconds,estimated_selection_feature_flops,estimated_selector_algorithm_flops,estimated_external_solver_flops,estimated_selection_flops,estimated_sft_flops,estimated_total_flops,estimated_total_flops_including_selection,flops_accounting_complete,all_cumulative_norm_constraints_satisfied,all_cumulative_reference_constraints_satisfied,all_incremental_norm_constraints_satisfied,all_incremental_reference_constraints_satisfied,trajectory_correlations
setting_2_medqa_medmcqa_full_sft_solver_sweep_v1,setting_2_medqa_medmcqa_full_sft_solver_sweep_v1/repeat_00/olmo7b_instruct/KR64_KT16/pct25.6/safe_hard_feasible_full_sft_gamma0.01_epsm0.5/training_runs/safe_low_rank_adam_reference_constrained_greedy_eta0.0002_refreference_ac853aff3da5_metricFplusAlpha_swaps1_feastol1e-06_gamma0.01_epsm0.5_caln64_calseed42_pct25.6_seed42/summary.json,repeat_00,olmo7b_instruct,safe_hard_feasible_full_sft_gamma0.01_epsm0.5,safe_low_rank_adam_reference_constrained_greedy_eta0.0002_refreference_ac853aff3da5_metricFplusAlpha_swaps1_feastol1e-06_gamma0.01_epsm0.5_caln64_calseed42_pct25.6_seed42,safe_low_rank_adam_reference_constrained_greedy_eta0.0002_refreference_ac853aff3da5_metricFplusAlpha_swaps1_feastol1e-06_gamma0.01_epsm0.5_caln64_calseed42,adam,adamw,full,42,0.015283054962392304,0.1047182373046875,0.013219047337770462,0.00018113885016646236,0.40234375,0.40234375,-0.00390625,0.37202530352654695,-0.039972654727505,0.5157894736842106,-0.05263157894736836,0.010101010101010102,0.0,0.22826113336888335,-0.027313730507641604,0.5078125,0.02734375,0.484375,0.02734375,0.5791666666666667,0.01666666666666672,0.5078740157480315,-0.055118110236220486,0.2271882431179113,-0.03408730629090556,1.1336701068711855e-08,7.008110345378787e-09,1.154647340702771e-08,0.545198683700533,0.5295201912185782,244.43565180100268,1.2194647446336307e+17,1867793520.0,0.0,1.2194647633115659e+17,21770477568.0,1.001657180688384e+16,1.3196304813804043e+17,True,,,,,
setting_2_medqa_medmcqa_full_sft_solver_sweep_v1,setting_2_medqa_medmcqa_full_sft_solver_sweep_v1/repeat_00/olmo7b_instruct/KR64_KT16/pct25.6/safe_hard_feasible_full_sft_gamma1_epsm1/training_runs/safe_low_rank_adam_reference_constrained_greedy_eta0.0002_refreference_ac853aff3da5_metricFplusAlpha_swaps1_feastol1e-06_gamma1_epsm1_caln64_calseed42_pct25.6_seed42/summary.json,repeat_00,olmo7b_instruct,safe_hard_feasible_full_sft_gamma1_epsm1,safe_low_rank_adam_reference_constrained_greedy_eta0.0002_refreference_ac853aff3da5_metricFplusAlpha_swaps1_feastol1e-06_gamma1_epsm1_caln64_calseed42_pct25.6_seed42,safe_low_rank_adam_reference_constrained_greedy_eta0.0002_refreference_ac853aff3da5_metricFplusAlpha_swaps1_feastol1e-06_gamma1_epsm1_caln64_calseed42,adam,adamw,full,42,6.113221984956922,0.209436474609375,5.104329586029053,0.019076688215136528,0.42578125,0.42578125,,0.36757806593748743,,0.6210526315789474,,0.010101010101010102,,0.11410350029602745,,0.55859375,,0.4921875,,0.5666666666666667,,0.6062992125984252,,0.10276587305930664,,2.2223656709006347e-09,5.116605124422834e-09,4.5370172063741165e-09,0.6939449194163807,0.676665057685063,2539.983100553043,1.2194647446336307e+17,1867793520.0,0.0,1.2194647633115659e+17,271986720768.0,1.001682202312704e+16,1.3196329835428363e+17,True,,,,,
setting_2_medqa_medmcqa_full_sft_solver_sweep_v1,setting_2_medqa_medmcqa_full_sft_solver_sweep_v1/repeat_00/olmo7b_instruct/KR64_KT16/pct25.6/safe_hard_feasible_full_sft_gamma0.1_epsm2/training_runs/safe_low_rank_adam_reference_constrained_greedy_eta0.0002_refreference_ac853aff3da5_metricFplusAlpha_swaps1_feastol1e-06_gamma0.1_epsm2_caln64_calseed42_pct25.6_seed42/summary.json,repeat_00,olmo7b_instruct,safe_hard_feasible_full_sft_gamma0.1_epsm2,safe_low_rank_adam_reference_constrained_greedy_eta0.0002_refreference_ac853aff3da5_metricFplusAlpha_swaps1_feastol1e-06_gamma0.1_epsm2_caln64_calseed42_pct25.6_seed42,safe_low_rank_adam_reference_constrained_greedy_eta0.0002_refreference_ac853aff3da5_metricFplusAlpha_swaps1_feastol1e-06_gamma0.1_epsm2_caln64_calseed42,adam,adamw,full,42,2.4452887939827685,0.41887294921875,2.4165942668914795,0.01039328146725893,0.390625,0.390625,,0.35070770348094676,,0.6,,0.010101010101010102,,0.10141540696189351,,0.5390625,,0.5,,0.5833333333333334,,0.5708661417322834,,0.09820756611862932,,5.406293720078747e-09,5.071271728373346e-09,8.803660763353113e-09,1.172565311200461,1.0963559885639187,1546.5753550530062,1.2194647446336307e+17,1867793520.0,0.0,1.2194647633115659e+17,157589471232.0,1.0016707625877504e+16,1.319631839570341e+17,True,,,,,
setting_2_medqa_medmcqa_full_sft_solver_sweep_v1,setting_2_medqa_medmcqa_full_sft_solver_sweep_v1/repeat_00/olmo7b_instruct/KR64_KT16/pct25.6/safe_hard_feasible_full_sft_gamma1_epsm0.5/training_runs/safe_low_rank_adam_reference_constrained_greedy_eta0.0002_refreference_ac853aff3da5_metricFplusAlpha_swaps1_feastol1e-06_gamma1_epsm0.5_caln64_calseed42_pct25.6_seed42/summary.json,repeat_00,olmo7b_instruct,safe_hard_feasible_full_sft_gamma1_epsm0.5,safe_low_rank_adam_reference_constrained_greedy_eta0.0002_refreference_ac853aff3da5_metricFplusAlpha_swaps1_feastol1e-06_gamma1_epsm0.5_caln64_calseed42_pct25.6_seed42,safe_low_rank_adam_reference_constrained_greedy_eta0.0002_refreference_ac853aff3da5_metricFplusAlpha_swaps1_feastol1e-06_gamma1_epsm0.5_caln64_calseed42,adam,adamw,full,42,1.5283054962392304,0.1047182373046875,1.5030430555343628,0.0052648186683654785,0.40625,0.40625,,0.3401179898857842,,0.5263157894736842,,0.010101010101010102,,0.15392019029788415,,0.52734375,,0.52734375,,0.6041666666666666,,0.531496062992126,,0.15525056113176075,,8.820009275864787e-09,4.756894316947536e-09,1.128340813375909e-08,1.2454076411772317,1.2362744739240799,1294.1641779930214,1.2194647446336307e+17,1867793520.0,0.0,1.2194647633115659e+17,157332676608.0,1.001670736908288e+16,1.3196318370023947e+17,True,,,,,
setting_2_medqa_medmcqa_full_sft_solver_sweep_v1,setting_2_medqa_medmcqa_full_sft_solver_sweep_v1/repeat_00/olmo7b_instruct/KR64_KT16/pct25.6/safe_corrected_full_sft_gamma0.01_epsm0.5/training_runs/safe_low_rank_adam_precondition_before_projection_reference_greedy_marginal_eta0.00032_refreference_ac853aff3da5_metricFplusAlpha_gamma0.01_epsm0.5_caln64_calseed42_pct25.6_seed42/summary.json,repeat_00,olmo7b_instruct,safe_corrected_full_sft_gamma0.01_epsm0.5,safe_low_rank_adam_precondition_before_projection_reference_greedy_marginal_eta0.00032_refreference_ac853aff3da5_metricFplusAlpha_gamma0.01_epsm0.5_caln64_calseed42_pct25.6_seed42,safe_low_rank_adam_precondition_before_projection_reference_greedy_marginal_eta0.00032_refreference_ac853aff3da5_metricFplusAlpha_gamma0.01_epsm0.5_caln64_calseed42,adam,adamw,full,42,0.08791602176769248,0.21691318359375,2.274202585220337,0.048443954437971115,0.37890625,0.37890625,,0.2641796161155388,,0.4421052631578947,,0.010101010101010102,,0.08625396907318289,,0.48046875,,0.52734375,,0.5875,,0.4645669291338583,,0.08400565155384469,,-1.2242382785561357e-10,6.73070342868794e-09,2.0470524534725123e-09,0.687084588096272,0.6775955668775305,2726.51665371703,1.2194647446336307e+17,143873136.0,0.0,1.2194647460723621e+17,240144187392.0,1.0016790180593664e+16,1.3196326478782987e+17,True,,,,,
setting_2_medqa_medmcqa_safe_full_grid_v1,setting_2_medqa_medmcqa_safe_full_grid_v1/repeat_00/olmo7b_instruct/KR64_KT16/pct25.6/safe_reference_precondsgd_rho1e-05_eps0.0001/training_runs/safe_low_rank_sgd_reference_greedy_marginal_cost1e-05_eps0.0001_pct25.6_seed42/summary.json,repeat_00,olmo7b_instruct,safe_reference_precondsgd_rho1e-05_eps0.0001,safe_low_rank_sgd_reference_greedy_marginal_cost1e-05_eps0.0001_pct25.6_seed42,safe_low_rank_sgd_reference_greedy_marginal_cost1e-05_eps0.0001,sgd,,,42,1e-05,0.0001,0.00038657174445688725,3.7306631384126376e-06,0.390625,0.390625,,0.264365206001953,,0.3894736842105263,,0.010101010101010102,,0.13925672779337966,,0.46484375,,,,,,,,,,,,,0.5204641964556005,0.5170644953413827,739.4382228989998,,,,1.1295337162683187e+17,3044825590284288.0,1.147713096183808e+16,1.2443050258866995e+17,,,,,,"{""spearman_predicted_fisher_vs_realized_kl"":0.9191176470588237,""spearman_predicted_fisher_vs_target_degradation"":-0.41666666666666674,""spearman_realized_kl_vs_instruction_degradation"":-0.22360679774997896,""spearman_realized_kl_vs_medqa_accuracy"":-0.20519567041703082,""spearman_realized_kl_vs_reference_degradation"":0.31622776601683794,""spearman_realized_kl_vs_target_degradation"":-0.33333333333333337,""spearman_realized_kl_vs_target_performance"":0.33333333333333337,""trajectory_point_count"":17}"
setting_2_medqa_medmcqa_selector_trajectory_sweep_sgd_v1,setting_2_medqa_medmcqa_selector_trajectory_sweep_sgd_v1/repeat_01/olmo7b_instruct/KR64_KT16/pct25.6/safe_sgd_greedy_gamma0.01_epsm0.5/training_runs/safe_low_rank_sgd_reference_greedy_marginal_eta0.0002_metricFplusAlpha_gamma0.01_epsm0.5_caln64_calseed43_pct25.6_seed43/summary.json,repeat_01,olmo7b_instruct,safe_sgd_greedy_gamma0.01_epsm0.5,safe_low_rank_sgd_reference_greedy_marginal_eta0.0002_metricFplusAlpha_gamma0.01_epsm0.5_caln64_calseed43_pct25.6_seed43,safe_low_rank_sgd_reference_greedy_marginal_eta0.0002_metricFplusAlpha_gamma0.01_epsm0.5_caln64_calseed43,sgd,,,43,5.494411903567145e-06,0.002153972339630127,0.00036431325133889914,3.4697081900958437e-06,0.38671875,0.38671875,0.015625,0.26740586324558824,-0.14159441005946893,0.37623762376237624,-0.18811881188118806,0.021052631578947368,0.021052631578947368,0.1585741027288003,-0.09507000823774975,0.48046875,-0.09765625,,,,,,,,,,,,0.49420796945521245,0.4823684694021589,765.6395336710266,1.2194647446336307e+17,143873136.0,0.0,1.2194647460723621e+17,3208094147887104.0,1.1465160151097344e+16,1.3341163475833355e+17,True,,,False,True,"{""spearman_predicted_fisher_vs_realized_kl"":0.9975490196078433,""spearman_predicted_fisher_vs_target_degradation"":-0.6642156862745099,""spearman_realized_kl_vs_instruction_degradation"":-0.8660254037844386,""spearman_realized_kl_vs_medqa_accuracy"":-0.09999999999999998,""spearman_realized_kl_vs_reference_degradation"":0.0,""spearman_realized_kl_vs_target_degradation"":-0.6838235294117648,""spearman_realized_kl_vs_target_performance"":0.6838235294117648,""trajectory_point_count"":17}"
setting_2_medqa_medmcqa_selector_trajectory_sweep_sgd_v1,setting_2_medqa_medmcqa_selector_trajectory_sweep_sgd_v1/repeat_00/olmo7b_instruct/KR64_KT16/pct25.6/safe_sgd_greedy_gamma0.01_epsm0.5/training_runs/safe_low_rank_sgd_reference_greedy_marginal_eta0.0002_metricFplusAlpha_gamma0.01_epsm0.5_caln64_calseed42_pct25.6_seed42/summary.json,repeat_00,olmo7b_instruct,safe_sgd_greedy_gamma0.01_epsm0.5,safe_low_rank_sgd_reference_greedy_marginal_eta0.0002_metricFplusAlpha_gamma0.01_epsm0.5_caln64_calseed42_pct25.6_seed42,safe_low_rank_sgd_reference_greedy_marginal_eta0.0002_metricFplusAlpha_gamma0.01_epsm0.5_caln64_calseed42,sgd,,,42,7.830998687990481e-06,0.002178925609588623,0.00043506803922355175,3.6479705158853903e-06,0.4140625,0.4140625,-0.0078125,0.2945955636952963,-0.12033711140853431,0.45263157894736844,-0.13684210526315782,0.010101010101010102,0.0,0.13655954844322424,-0.10383211755391081,0.52734375,0.03515625,,,,,,,,,,,,0.5229456742086745,0.5124317807389953,752.5995347459684,1.2194647446336307e+17,143873136.0,0.0,1.2194647460723621e+17,3106591648481280.0,1.1538897020035072e+16,1.3348537162727128e+17,True,,,False,True,"{""spearman_predicted_fisher_vs_realized_kl"":0.931372549019608,""spearman_predicted_fisher_vs_target_degradation"":0.06617647058823531,""spearman_realized_kl_vs_instruction_degradation"":-0.6668859288553503,""spearman_realized_kl_vs_medqa_accuracy"":0.33541019662496846,""spearman_realized_kl_vs_reference_degradation"":0.09999999999999998,""spearman_realized_kl_vs_target_degradation"":0.17401960784313728,""spearman_realized_kl_vs_target_performance"":-0.17401960784313728,""trajectory_point_count"":17}"
setting_2_medqa_medmcqa_selector_trajectory_sweep_sgd_v1,setting_2_medqa_medmcqa_selector_trajectory_sweep_sgd_v1/repeat_03/olmo7b_instruct/KR64_KT16/pct25.6/safe_sgd_greedy_gamma0.01_epsm0.5/training_runs/safe_low_rank_sgd_reference_greedy_marginal_eta0.0002_metricFplusAlpha_gamma0.01_epsm0.5_caln64_calseed45_pct25.6_seed45/summary.json,repeat_03,olmo7b_instruct,safe_sgd_greedy_gamma0.01_epsm0.5,safe_low_rank_sgd_reference_greedy_marginal_eta0.0002_metricFplusAlpha_gamma0.01_epsm0.5_caln64_calseed45_pct25.6_seed45,safe_low_rank_sgd_reference_greedy_marginal_eta0.0002_metricFplusAlpha_gamma0.01_epsm0.5_caln64_calseed45,sgd,,,45,4.454684102693863e-06,0.0021372634887695313,0.0003591691784095019,3.405930328881368e-06,0.3671875,0.3671875,-0.03125,0.2729916402217088,-0.11569738989256423,0.37373737373737376,-0.14141414141414138,0.010309278350515464,-0.010309278350515464,0.17224590670604384,-0.08998063837098713,0.421875,-0.10546875,,,,,,,,,,,,0.5240696504706247,0.5170881582800085,789.0642979579861,1.2194647446336307e+17,143873136.0,0.0,1.2194647460723621e+17,3236857345916928.0,1.1253675828011008e+16,1.3320015043524722e+17,True,,,False,True,"{""spearman_predicted_fisher_vs_realized_kl"":0.8039215686274511,""spearman_predicted_fisher_vs_target_degradation"":-0.5514705882352942,""spearman_realized_kl_vs_instruction_degradation"":-0.7071067811865475,""spearman_realized_kl_vs_medqa_accuracy"":0.28867513459481287,""spearman_realized_kl_vs_reference_degradation"":0.15389675281277312,""spearman_realized_kl_vs_target_degradation"":-0.3308823529411765,""spearman_realized_kl_vs_target_performance"":0.3308823529411765,""trajectory_point_count"":17}"
setting_2_medqa_medmcqa_selector_trajectory_sweep_sgd_v1,setting_2_medqa_medmcqa_selector_trajectory_sweep_sgd_v1/repeat_02/olmo7b_instruct/KR64_KT16/pct25.6/safe_sgd_greedy_gamma0.01_epsm0.5/training_runs/safe_low_rank_sgd_reference_greedy_marginal_eta0.0002_metricFplusAlpha_gamma0.01_epsm0.5_caln64_calseed44_pct25.6_seed44/summary.json,repeat_02,olmo7b_instruct,safe_sgd_greedy_gamma0.01_epsm0.5,safe_low_rank_sgd_reference_greedy_marginal_eta0.0002_metricFplusAlpha_gamma0.01_epsm0.5_caln64_calseed44_pct25.6_seed44,safe_low_rank_sgd_reference_greedy_marginal_eta0.0002_metricFplusAlpha_gamma0.01_epsm0.5_caln64_calseed44,sgd,,,44,5.810641520145387e-06,0.0022256103515625,0.000397013733163476,3.592881967051653e-06,0.46875,0.46875,0.0390625,0.27854134206857845,-0.12537612221188005,0.44,-0.11000000000000004,0.0,-0.031914893617021274,0.11708268413715689,-0.14075224442376005,0.48828125,-0.04296875,,,,,,,,,,,,0.49784715180362155,0.48645310705823597,709.8286509219906,1.2194647446336307e+17,143873136.0,0.0,1.2194647460723621e+17,3236358562136064.0,1.1295809202388992e+16,1.332422838096252e+17,True,,,False,True,"{""spearman_predicted_fisher_vs_realized_kl"":0.9950980392156864,""spearman_predicted_fisher_vs_target_degradation"":-0.715686274509804,""spearman_realized_kl_vs_instruction_degradation"":0.28867513459481287,""spearman_realized_kl_vs_medqa_accuracy"":0.872081599272381,""spearman_realized_kl_vs_reference_degradation"":0.10540925533894598,""spearman_realized_kl_vs_target_degradation"":-0.7181372549019609,""spearman_realized_kl_vs_target_performance"":0.7181372549019609,""trajectory_point_count"":17}"
setting_2_medqa_medmcqa_selector_trajectory_sweep_sgd_v1,setting_2_medqa_medmcqa_selector_trajectory_sweep_sgd_v1/repeat_04/olmo7b_instruct/KR64_KT16/pct25.6/safe_sgd_greedy_gamma0.01_epsm0.5/training_runs/safe_low_rank_sgd_reference_greedy_marginal_eta0.0002_metricFplusAlpha_gamma0.01_epsm0.5_caln64_calseed46_pct25.6_seed46/summary.json,repeat_04,olmo7b_instruct,safe_sgd_greedy_gamma0.01_epsm0.5,safe_low_rank_sgd_reference_greedy_marginal_eta0.0002_metricFplusAlpha_gamma0.01_epsm0.5_caln64_calseed46_pct25.6_seed46,safe_low_rank_sgd_reference_greedy_marginal_eta0.0002_metricFplusAlpha_gamma0.01_epsm0.5_caln64_calseed46,sgd,,,46,6.186500657607857e-06,0.002155671310424805,0.00042007415322586894,3.4831632547138724e-06,0.3984375,0.3984375,-0.02734375,0.3135802992454666,-0.08270181810655602,0.4811320754716981,-0.09433962264150941,0.022222222222222223,0.011111111111111112,0.14602852301923505,-0.07106401357160269,0.45703125,-0.046875,,,,,,,,,,,,0.5332558584469443,0.5243642516048276,742.723655394977,1.2194647446336307e+17,143873136.0,0.0,1.2194647460723621e+17,3183071828213760.0,1.1234278680977408e+16,1.3318075328821362e+17,True,,,False,True,"{""spearman_predicted_fisher_vs_realized_kl"":0.9950980392156864,""spearman_predicted_fisher_vs_target_degradation"":-0.7745098039215688,""spearman_realized_kl_vs_instruction_degradation"":-0.8944271909999159,""spearman_realized_kl_vs_medqa_accuracy"":0.8944271909999159,""spearman_realized_kl_vs_reference_degradation"":0.22360679774997896,""spearman_realized_kl_vs_target_degradation"":-0.7843137254901962,""spearman_realized_kl_vs_target_performance"":0.7843137254901962,""trajectory_point_count"":17}"
setting_2_medqa_medmcqa_selector_trajectory_sweep_v3,setting_2_medqa_medmcqa_selector_trajectory_sweep_v3/repeat_00/olmo7b_instruct/KR64_KT16/pct25.6/baseline_random/training_runs/random_pct25.6_seed42/summary.json,repeat_00,olmo7b_instruct,baseline_random,random_pct25.6_seed42,random,adam,,,42,,,,,0.46875,0.46875,0.046875,0.35450916144034916,-0.060423513663481476,0.5473684210526316,-0.042105263157894646,0.010101010101010102,0.0,0.1616499018280667,-0.07874176416906833,0.55078125,0.05859375,,,,,,,,,,,,0.5904869734954531,0.5667258482281857,763.4834258450137,,,,,3020634576912384.0,1.1452939948466176e+16,,,,,True,True,"{""spearman_predicted_fisher_vs_realized_kl"":0.9803921568627453,""spearman_predicted_fisher_vs_target_degradation"":0.4387254901960785,""spearman_realized_kl_vs_instruction_degradation"":-0.051298917604257706,""spearman_realized_kl_vs_medqa_accuracy"":0.0,""spearman_realized_kl_vs_reference_degradation"":0.7071067811865475,""spearman_realized_kl_vs_target_degradation"":0.46323529411764713,""spearman_realized_kl_vs_target_performance"":-0.46323529411764713,""trajectory_point_count"":17}"
setting_2_medqa_medmcqa_selector_trajectory_sweep_v3,setting_2_medqa_medmcqa_selector_trajectory_sweep_v3/repeat_00/olmo7b_instruct/KR64_KT16/pct25.6/safe_fractional_relaxation_gamma1_epsm0.5/training_runs/safe_low_rank_adam_reference_relaxed_eta0.0002_metricFplusAlpha_clarabel_wthresh1e-08_gamma1_epsm0.5_caln64_calseed42_pct25.6_seed42/summary.json,repeat_00,olmo7b_instruct,safe_fractional_relaxation_gamma1_epsm0.5,safe_low_rank_adam_reference_relaxed_eta0.0002_metricFplusAlpha_clarabel_wthresh1e-08_gamma1_epsm0.5_caln64_calseed42_pct25.6_seed42,safe_low_rank_adam_reference_relaxed_eta0.0002_metricFplusAlpha_clarabel_wthresh1e-08_gamma1_epsm0.5_caln64_calseed42,adam,,,42,4.3059875283731195,0.16950118408203124,3.7186105251312256,0.012791544198989868,0.4453125,0.4453125,,0.3634721327947688,,0.5789473684210527,,0.010101010101010102,,0.14799689716848494,,0.515625,,,,,,,,,,,,,0.639325455210028,0.6147890978169339,480.0422102970042,,,,1.2194647446336307e+17,2346611427704832.0,8118380879298560.0,1.3006485534266163e+17,,,,False,True,"{""spearman_predicted_fisher_vs_realized_kl"":1.0,""spearman_predicted_fisher_vs_target_degradation"":0.16363636363636364,""spearman_realized_kl_vs_instruction_degradation"":-0.31622776601683794,""spearman_realized_kl_vs_medqa_accuracy"":null,""spearman_realized_kl_vs_reference_degradation"":0.31622776601683794,""spearman_realized_kl_vs_target_degradation"":0.16363636363636364,""spearman_realized_kl_vs_target_performance"":-0.16363636363636364,""trajectory_point_count"":10}"
setting_2_medqa_medmcqa_selector_trajectory_sweep_v3,setting_2_medqa_medmcqa_selector_trajectory_sweep_v3/repeat_00/olmo7b_instruct/KR64_KT16/pct25.6/safe_fractional_relaxation_gamma0.01_epsm0.5/training_runs/safe_low_rank_adam_reference_relaxed_eta0.0002_metricFplusAlpha_clarabel_wthresh1e-08_gamma0.01_epsm0.5_caln64_calseed42_pct25.6_seed42/summary.json,repeat_00,olmo7b_instruct,safe_fractional_relaxation_gamma0.01_epsm0.5,safe_low_rank_adam_reference_relaxed_eta0.0002_metricFplusAlpha_clarabel_wthresh1e-08_gamma0.01_epsm0.5_caln64_calseed42_pct25.6_seed42,safe_low_rank_adam_reference_relaxed_eta0.0002_metricFplusAlpha_clarabel_wthresh1e-08_gamma0.01_epsm0.5_caln64_calseed42,adam,,,42,0.0430598752837312,0.16950118408203124,0.04305983707308769,0.0008951532072387636,0.27734375,0.27734375,,0.2141773122959224,,0.29473684210526313,,0.010101010101010102,,0.13361778248658168,,0.35546875,,,,,,,,,,,,,0.5509563196661338,0.5467124835113232,303.32602531700104,,,,1.2194647446336307e+17,1123676727656448.0,5317215643344896.0,1.2726369010670797e+17,,,,False,True,"{""spearman_predicted_fisher_vs_realized_kl"":0.9999999999999999,""spearman_predicted_fisher_vs_target_degradation"":-0.5714285714285714,""spearman_realized_kl_vs_instruction_degradation"":-0.8660254037844387,""spearman_realized_kl_vs_medqa_accuracy"":-0.8660254037844387,""spearman_realized_kl_vs_reference_degradation"":0.4999999999999999,""spearman_realized_kl_vs_target_degradation"":-0.5714285714285714,""spearman_realized_kl_vs_target_performance"":0.5714285714285714,""trajectory_point_count"":7}"
setting_2_medqa_medmcqa_selector_trajectory_sweep_v3,setting_2_medqa_medmcqa_selector_trajectory_sweep_v3/repeat_00/olmo7b_instruct/KR64_KT16/pct25.6/safe_fractional_relaxation_gamma0.1_epsm0.5/training_runs/safe_low_rank_adam_reference_relaxed_eta0.0002_metricFplusAlpha_clarabel_wthresh1e-08_gamma0.1_epsm0.5_caln64_calseed42_pct25.6_seed42/summary.json,repeat_00,olmo7b_instruct,safe_fractional_relaxation_gamma0.1_epsm0.5,safe_low_rank_adam_reference_relaxed_eta0.0002_metricFplusAlpha_clarabel_wthresh1e-08_gamma0.1_epsm0.5_caln64_calseed42_pct25.6_seed42,safe_low_rank_adam_reference_relaxed_eta0.0002_metricFplusAlpha_clarabel_wthresh1e-08_gamma0.1_epsm0.5_caln64_calseed42,adam,,,42,0.43059875283731197,0.16950118408203124,0.4305989742279053,0.0037510108668357134,0.19140625,0.19140625,,0.23241610674828314,,0.3473684210526316,,0.010101010101010102,,0.11746379244393468,,0.33203125,,,,,,,,,,,,,0.5508172145617083,0.5478758333896149,341.6525350530028,,,,1.2194647446336307e+17,1610323436519424.0,6074438698221568.0,1.2802091316158464e+17,,,,False,True,"{""spearman_predicted_fisher_vs_realized_kl"":1.0,""spearman_predicted_fisher_vs_target_degradation"":-0.5,""spearman_realized_kl_vs_instruction_degradation"":0.0,""spearman_realized_kl_vs_medqa_accuracy"":-0.8660254037844387,""spearman_realized_kl_vs_reference_degradation"":0.4999999999999999,""spearman_realized_kl_vs_target_degradation"":-0.5,""spearman_realized_kl_vs_target_performance"":0.5,""trajectory_point_count"":8}"
setting_2_medqa_medmcqa_selector_trajectory_sweep_v3,setting_2_medqa_medmcqa_selector_trajectory_sweep_v3/repeat_00/olmo7b_instruct/KR64_KT16/pct25.6/safe_fractional_relaxation_gamma0.1_epsm1/training_runs/safe_low_rank_adam_reference_relaxed_eta0.0002_metricFplusAlpha_clarabel_wthresh1e-08_gamma0.1_epsm1_caln64_calseed42_pct25.6_seed42/summary.json,repeat_00,olmo7b_instruct,safe_fractional_relaxation_gamma0.1_epsm1,safe_low_rank_adam_reference_relaxed_eta0.0002_metricFplusAlpha_clarabel_wthresh1e-08_gamma0.1_epsm1_caln64_calseed42_pct25.6_seed42,safe_low_rank_adam_reference_relaxed_eta0.0002_metricFplusAlpha_clarabel_wthresh1e-08_gamma0.1_epsm1_caln64_calseed42,adam,,,42,1.7223950113492479,0.3390023681640625,1.7223948240280151,0.013006218709051609,0.4609375,0.4609375,,0.31607683498047895,,0.5052631578947369,,0.010101010101010102,,0.12689051206622107,,0.53125,,,,,,,,,,,,,0.4804535149365997,0.473346098680971,551.7984966470103,,,,1.2194647446336307e+17,2584281899286528.0,9167780388921344.0,1.3111425485228442e+17,,,,False,True,"{""spearman_predicted_fisher_vs_realized_kl"":0.9505494505494505,""spearman_predicted_fisher_vs_target_degradation"":0.03296703296703297,""spearman_realized_kl_vs_instruction_degradation"":0.10540925533894598,""spearman_realized_kl_vs_medqa_accuracy"":-0.21081851067789195,""spearman_realized_kl_vs_reference_degradation"":0.31622776601683794,""spearman_realized_kl_vs_target_degradation"":0.15384615384615385,""spearman_realized_kl_vs_target_performance"":-0.15384615384615385,""trajectory_point_count"":13}"
setting_2_medqa_medmcqa_selector_trajectory_sweep_v3,setting_2_medqa_medmcqa_selector_trajectory_sweep_v3/repeat_00/olmo7b_instruct/KR64_KT16/pct25.6/safe_fractional_relaxation_gamma0.01_epsm1/training_runs/safe_low_rank_adam_reference_relaxed_eta0.0002_metricFplusAlpha_clarabel_wthresh1e-08_gamma0.01_epsm1_caln64_calseed42_pct25.6_seed42/summary.json,repeat_00,olmo7b_instruct,safe_fractional_relaxation_gamma0.01_epsm1,safe_low_rank_adam_reference_relaxed_eta0.0002_metricFplusAlpha_clarabel_wthresh1e-08_gamma0.01_epsm1_caln64_calseed42_pct25.6_seed42,safe_low_rank_adam_reference_relaxed_eta0.0002_metricFplusAlpha_clarabel_wthresh1e-08_gamma0.01_epsm1_caln64_calseed42,adam,,,42,0.1722395011349248,0.3390023681640625,0.1722394973039627,0.002783197443932295,0.32421875,0.32421875,,0.2838928794962055,,0.42105263157894735,,0.010101010101010102,,0.14673312741346367,,0.44921875,,,,,,,,,,,,,0.5397406323613751,0.5317777964635477,300.2006925729984,,,,1.2194647446336307e+17,1096742403489792.0,5290281319178240.0,1.2723675578254131e+17,,,,False,True,"{""spearman_predicted_fisher_vs_realized_kl"":0.9999999999999999,""spearman_predicted_fisher_vs_target_degradation"":-0.3571428571428571,""spearman_realized_kl_vs_instruction_degradation"":-0.9999999999999998,""spearman_realized_kl_vs_medqa_accuracy"":-0.4999999999999999,""spearman_realized_kl_vs_reference_degradation"":0.4999999999999999,""spearman_realized_kl_vs_target_degradation"":-0.3571428571428571,""spearman_realized_kl_vs_target_performance"":0.3571428571428571,""trajectory_point_count"":7}"
setting_2_medqa_medmcqa_selector_trajectory_sweep_v3,setting_2_medqa_medmcqa_selector_trajectory_sweep_v3/repeat_00/olmo7b_instruct/KR64_KT16/pct25.6/safe_fractional_relaxation_gamma0.01_epsm2/training_runs/safe_low_rank_adam_reference_relaxed_eta0.0002_metricFplusAlpha_clarabel_wthresh1e-08_gamma0.01_epsm2_caln64_calseed42_pct25.6_seed42/summary.json,repeat_00,olmo7b_instruct,safe_fractional_relaxation_gamma0.01_epsm2,safe_low_rank_adam_reference_relaxed_eta0.0002_metricFplusAlpha_clarabel_wthresh1e-08_gamma0.01_epsm2_caln64_calseed42_pct25.6_seed42,safe_low_rank_adam_reference_relaxed_eta0.0002_metricFplusAlpha_clarabel_wthresh1e-08_gamma0.01_epsm2_caln64_calseed42,adam,,,42,0.6889580045396992,0.678004736328125,0.6889581084251404,0.008787180297076702,0.3984375,0.3984375,,0.3291163790781886,,0.5052631578947369,,0.010101010101010102,,0.15296960026164036,,0.515625,,,,,,,,,,,,,0.5017245579130197,0.4936976354314601,500.7698530369962,,,,1.2194647446336307e+17,1927051137368064.0,7969396934975488.0,1.2991587139833856e+17,,,,False,True,"{""spearman_predicted_fisher_vs_realized_kl"":0.9727272727272728,""spearman_predicted_fisher_vs_target_degradation"":-0.8181818181818182,""spearman_realized_kl_vs_instruction_degradation"":-0.31622776601683794,""spearman_realized_kl_vs_medqa_accuracy"":-0.3999999999999999,""spearman_realized_kl_vs_reference_degradation"":0.3999999999999999,""spearman_realized_kl_vs_target_degradation"":-0.8454545454545455,""spearman_realized_kl_vs_target_performance"":0.8454545454545455,""trajectory_point_count"":11}"
setting_2_medqa_medmcqa_selector_trajectory_sweep_v3,setting_2_medqa_medmcqa_selector_trajectory_sweep_v3/repeat_00/olmo7b_instruct/KR64_KT16/pct25.6/safe_fractional_relaxation_gamma1_epsm2/training_runs/safe_low_rank_adam_reference_relaxed_eta0.0002_metricFplusAlpha_clarabel_wthresh1e-08_gamma1_epsm2_caln64_calseed42_pct25.6_seed42/summary.json,repeat_00,olmo7b_instruct,safe_fractional_relaxation_gamma1_epsm2,safe_low_rank_adam_reference_relaxed_eta0.0002_metricFplusAlpha_clarabel_wthresh1e-08_gamma1_epsm2_caln64_calseed42_pct25.6_seed42,safe_low_rank_adam_reference_relaxed_eta0.0002_metricFplusAlpha_clarabel_wthresh1e-08_gamma1_epsm2_caln64_calseed42,adam,,,42,68.89580045396991,0.678004736328125,23.055313110351562,0.08004048466682434,0.42578125,0.42578125,,0.41590891198461966,,0.6736842105263158,,0.010101010101010102,,0.15813361344292354,,0.5859375,,,,,,,,,,,,,0.7467643958516161,0.7290155397747428,1647.4367144630087,,,,1.2194647446336307e+17,6604811695570944.0,2.3739998784692224e+16,1.456864732480553e+17,,,,False,True,"{""spearman_predicted_fisher_vs_realized_kl"":0.7980392156862746,""spearman_predicted_fisher_vs_target_degradation"":0.4165266106442577,""spearman_realized_kl_vs_instruction_degradation"":-0.4785984984029348,""spearman_realized_kl_vs_medqa_accuracy"":-0.8040302522073698,""spearman_realized_kl_vs_reference_degradation"":0.13483997249264842,""spearman_realized_kl_vs_target_degradation"":0.54593837535014,""spearman_realized_kl_vs_target_performance"":-0.54593837535014,""trajectory_point_count"":35}"
setting_2_medqa_medmcqa_selector_trajectory_sweep_v3,setting_2_medqa_medmcqa_selector_trajectory_sweep_v3/repeat_00/olmo7b_instruct/KR64_KT16/pct25.6/safe_fractional_relaxation_gamma1_epsm1/training_runs/safe_low_rank_adam_reference_relaxed_eta0.0002_metricFplusAlpha_clarabel_wthresh1e-08_gamma1_epsm1_caln64_calseed42_pct25.6_seed42/summary.json,repeat_00,olmo7b_instruct,safe_fractional_relaxation_gamma1_epsm1,safe_low_rank_adam_reference_relaxed_eta0.0002_metricFplusAlpha_clarabel_wthresh1e-08_gamma1_epsm1_caln64_calseed42_pct25.6_seed42,safe_low_rank_adam_reference_relaxed_eta0.0002_metricFplusAlpha_clarabel_wthresh1e-08_gamma1_epsm1_caln64_calseed42,adam,,,42,17.223950113492478,0.3390023681640625,12.622501373291016,0.046093977987766266,0.453125,0.453125,,0.40284550800382757,,0.6526315789473685,,0.010101010101010102,,0.15305943706028668,,0.56640625,,,,,,,,,,,,,0.5913779421348494,0.5794182305219164,849.0792582440008,,,,1.2194647446336307e+17,3846121734242304.0,1.3315504949673984e+16,1.3526197941303706e+17,,,,False,True,"{""spearman_predicted_fisher_vs_realized_kl"":0.958720330237358,""spearman_predicted_fisher_vs_target_degradation"":0.217750257997936,""spearman_realized_kl_vs_instruction_degradation"":-0.3530939318018998,""spearman_realized_kl_vs_medqa_accuracy"":null,""spearman_realized_kl_vs_reference_degradation"":0.08827348295047495,""spearman_realized_kl_vs_target_degradation"":0.27966976264189886,""spearman_realized_kl_vs_target_performance"":-0.27966976264189886,""trajectory_point_count"":18}"
setting_2_medqa_medmcqa_selector_trajectory_sweep_v3,setting_2_medqa_medmcqa_selector_trajectory_sweep_v3/repeat_00/olmo7b_instruct/KR64_KT16/pct25.6/safe_fractional_relaxation_gamma0.1_epsm2/training_runs/safe_low_rank_adam_reference_relaxed_eta0.0002_metricFplusAlpha_clarabel_wthresh1e-08_gamma0.1_epsm2_caln64_calseed42_pct25.6_seed42/summary.json,repeat_00,olmo7b_instruct,safe_fractional_relaxation_gamma0.1_epsm2,safe_low_rank_adam_reference_relaxed_eta0.0002_metricFplusAlpha_clarabel_wthresh1e-08_gamma0.1_epsm2_caln64_calseed42_pct25.6_seed42,safe_low_rank_adam_reference_relaxed_eta0.0002_metricFplusAlpha_clarabel_wthresh1e-08_gamma0.1_epsm2_caln64_calseed42,adam,,,42,6.8895800453969915,0.678004736328125,6.889585494995117,0.03982769325375557,0.45703125,0.45703125,,0.34433906043061446,,0.5368421052631579,,0.010101010101010102,,0.15183601559807097,,0.546875,,,,,,,,,,,,,0.5672535350368437,0.5554838878307242,858.0481382270009,,,,1.2194647446336307e+17,3629317050826752.0,1.3098700266258432e+16,1.350451747296215e+17,,,,False,True,"{""spearman_predicted_fisher_vs_realized_kl"":0.9277605779153766,""spearman_predicted_fisher_vs_target_degradation"":0.20123839009287922,""spearman_realized_kl_vs_instruction_degradation"":-0.8116794499134278,""spearman_realized_kl_vs_medqa_accuracy"":-0.47809144373375745,""spearman_realized_kl_vs_reference_degradation"":0.6377481392176932,""spearman_realized_kl_vs_target_degradation"":0.3209494324045407,""spearman_realized_kl_vs_target_performance"":-0.3209494324045407,""trajectory_point_count"":18}"
setting_2_medqa_medmcqa_selector_trajectory_sweep_v3,setting_2_medqa_medmcqa_selector_trajectory_sweep_v3/repeat_00/olmo7b_instruct/KR64_KT16/pct25.6/baseline_less_kl_0.1/training_runs/less_low_rank_adam_pct25.6_seed42/summary.json,repeat_00,olmo7b_instruct,baseline_less_kl_0.1,less_low_rank_adam_pct25.6_seed42,less_low_rank_adam,adam,,,42,,,,,0.44140625,0.44140625,,0.438577678701209,,0.6210526315789474,,0.020202020202020204,,0.25610272582347066,,0.58203125,,,,,,,,,,,,,0.7722845404857922,0.7395558734010146,1152.6517294160003,,,,1.2194647446336307e+17,3386658741436416.0,1.5628452949549056e+16,1.3757492741291213e+17,,,,True,True,"{""spearman_predicted_fisher_vs_realized_kl"":-0.6421568627450981,""spearman_predicted_fisher_vs_target_degradation"":0.45343137254901966,""spearman_realized_kl_vs_instruction_degradation"":-0.20519567041703082,""spearman_realized_kl_vs_medqa_accuracy"":0.0,""spearman_realized_kl_vs_reference_degradation"":0.9746794344808964,""spearman_realized_kl_vs_target_degradation"":-0.7769607843137256,""spearman_realized_kl_vs_target_performance"":0.7769607843137256,""trajectory_point_count"":17}"
setting_2_medqa_medmcqa_selector_trajectory_sweep_v3,setting_2_medqa_medmcqa_selector_trajectory_sweep_v3/repeat_00/olmo7b_instruct/KR64_KT16/pct25.6/baseline_prismatic_kl_0.01/training_runs/prismatic_low_rank_adam_pct25.6_seed42/summary.json,repeat_00,olmo7b_instruct,baseline_prismatic_kl_0.01,prismatic_low_rank_adam_pct25.6_seed42,prismatic_low_rank_adam,adam,,,42,,,,,0.47265625,0.47265625,,0.413810033156372,,0.6105263157894737,,0.020202020202020204,,0.21709375052327026,,0.59765625,,,,,,,,,,,,,0.5727951542784862,0.5627767869828677,1122.464293445999,,,,1.2194647446336307e+17,2947562753015808.0,1.5189356961128448e+16,1.3713583142449152e+17,,,,True,True,"{""spearman_predicted_fisher_vs_realized_kl"":-0.6642156862745099,""spearman_predicted_fisher_vs_target_degradation"":0.24019607843137258,""spearman_realized_kl_vs_instruction_degradation"":-0.5270462766947299,""spearman_realized_kl_vs_medqa_accuracy"":0.6324555320336759,""spearman_realized_kl_vs_reference_degradation"":0.9746794344808964,""spearman_realized_kl_vs_target_degradation"":-0.5784313725490197,""spearman_realized_kl_vs_target_performance"":0.5784313725490197,""trajectory_point_count"":17}"
setting_2_medqa_medmcqa_selector_trajectory_sweep_v3,setting_2_medqa_medmcqa_selector_trajectory_sweep_v3/repeat_00/olmo7b_instruct/KR64_KT16/pct25.6/baseline_prismatic_kl_1.0/training_runs/prismatic_low_rank_adam_pct25.6_seed42/summary.json,repeat_00,olmo7b_instruct,baseline_prismatic_kl_1.0,prismatic_low_rank_adam_pct25.6_seed42,prismatic_low_rank_adam,adam,,,42,,,,,0.47265625,0.47265625,,0.4295683292962492,,0.6210526315789474,,0.010101010101010102,,0.23808402701355097,,0.58203125,,,,,,,,,,,,,0.5311606708812818,0.5175108510609193,1190.4682124709943,,,,,2947562753015808.0,1.5189356961128448e+16,,,,,True,True,"{""spearman_predicted_fisher_vs_realized_kl"":-0.5931372549019609,""spearman_predicted_fisher_vs_target_degradation"":-0.1985294117647059,""spearman_realized_kl_vs_instruction_degradation"":-0.8944271909999159,""spearman_realized_kl_vs_medqa_accuracy"":0.35355339059327373,""spearman_realized_kl_vs_reference_degradation"":-0.09999999999999998,""spearman_realized_kl_vs_target_degradation"":-0.03676470588235295,""spearman_realized_kl_vs_target_performance"":0.03676470588235295,""trajectory_point_count"":17}"
setting_2_medqa_medmcqa_selector_trajectory_sweep_v3,setting_2_medqa_medmcqa_selector_trajectory_sweep_v3/repeat_00/olmo7b_instruct/KR64_KT16/pct25.6/baseline_less_kl_0.01/training_runs/less_low_rank_adam_pct25.6_seed42/summary.json,repeat_00,olmo7b_instruct,baseline_less_kl_0.01,less_low_rank_adam_pct25.6_seed42,less_low_rank_adam,adam,,,42,,,,,0.42578125,0.42578125,,0.3893684391385232,,0.5684210526315789,,0.020202020202020204,,0.21031582564546744,,0.5546875,,,,,,,,,,,,,0.8366659170326001,0.8015950543178544,1118.505675175009,,,,,3386658741436416.0,1.5628452949549056e+16,,,,,True,True,"{""spearman_predicted_fisher_vs_realized_kl"":-0.6470588235294119,""spearman_predicted_fisher_vs_target_degradation"":0.553921568627451,""spearman_realized_kl_vs_instruction_degradation"":-0.5270462766947299,""spearman_realized_kl_vs_medqa_accuracy"":0.7071067811865475,""spearman_realized_kl_vs_reference_degradation"":0.8999999999999998,""spearman_realized_kl_vs_target_degradation"":-0.8823529411764707,""spearman_realized_kl_vs_target_performance"":0.8823529411764707,""trajectory_point_count"":17}"
setting_2_medqa_medmcqa_selector_trajectory_sweep_v3,setting_2_medqa_medmcqa_selector_trajectory_sweep_v3/repeat_00/olmo7b_instruct/KR64_KT16/pct25.6/safe_corrected_adam_cumulative_trajectory_rho0.001_epsm1/training_runs/safe_low_rank_adam_precondition_before_projection_reference_greedy_marginal_eta0.0064_metricFplusAlpha_cost0.001_epsm1_caln64_calseed42_trainconstraint_cumulative_line_search_pct25.6_seed42/summary.json,repeat_00,olmo7b_instruct,safe_corrected_adam_cumulative_trajectory_rho0.001_epsm1,safe_low_rank_adam_precondition_before_projection_reference_greedy_marginal_eta0.0064_metricFplusAlpha_cost0.001_epsm1_caln64_calseed42_trainconstraint_cumulative_line_search_pct25.6_seed42,safe_low_rank_adam_precondition_before_projection_reference_greedy_marginal_eta0.0064_metricFplusAlpha_cost0.001_epsm1_caln64_calseed42,adam,,,42,0.001,14.17666484375,2104.562744140625,52.303741455078125,0.44921875,0.44921875,,0.2988716807377359,,0.45263157894736844,,0.010101010101010102,,0.14511178252810333,,0.5078125,,,,,,,,,,,,,0.4970387863954412,0.4889506522876277,785.287219152,,,,1.2194647446336307e+17,3039006446174208.0,1.1471311817728e+16,1.3341778628109107e+17,,,,True,True,"{""spearman_predicted_fisher_vs_realized_kl"":1.0000000000000002,""spearman_predicted_fisher_vs_target_degradation"":-0.502450980392157,""spearman_realized_kl_vs_instruction_degradation"":-0.051298917604257706,""spearman_realized_kl_vs_medqa_accuracy"":0.0,""spearman_realized_kl_vs_reference_degradation"":0.051298917604257706,""spearman_realized_kl_vs_target_degradation"":-0.502450980392157,""spearman_realized_kl_vs_target_performance"":0.502450980392157,""trajectory_point_count"":17}"
setting_2_medqa_medmcqa_selector_trajectory_sweep_v3,setting_2_medqa_medmcqa_selector_trajectory_sweep_v3/repeat_00/olmo7b_instruct/KR64_KT16/pct25.6/baseline_less_kl_1.0/training_runs/less_low_rank_adam_pct25.6_seed42/summary.json,repeat_00,olmo7b_instruct,baseline_less_kl_1.0,less_low_rank_adam_pct25.6_seed42,less_low_rank_adam,adam,,,42,,,,,0.4609375,0.4609375,,0.42734690218508986,,0.6,,0.020202020202020204,,0.25469380437017974,,0.57421875,,,,,,,,,,,,,0.6869953649467057,0.6576286876947594,1179.6731725940044,,,,,3386658741436416.0,1.5628452949549056e+16,,,,,True,True,"{""spearman_predicted_fisher_vs_realized_kl"":-0.5686274509803922,""spearman_predicted_fisher_vs_target_degradation"":0.18382352941176472,""spearman_realized_kl_vs_instruction_degradation"":-0.22360679774997896,""spearman_realized_kl_vs_medqa_accuracy"":-0.8660254037844386,""spearman_realized_kl_vs_reference_degradation"":0.41039134083406165,""spearman_realized_kl_vs_target_degradation"":-0.5465686274509804,""spearman_realized_kl_vs_target_performance"":0.5465686274509804,""trajectory_point_count"":17}"
setting_2_medqa_medmcqa_selector_trajectory_sweep_v3,setting_2_medqa_medmcqa_selector_trajectory_sweep_v3/repeat_00/olmo7b_instruct/KR64_KT16/pct25.6/safe_corrected_adam_cumulative_trajectory_rho0.1_epsm1/training_runs/safe_low_rank_adam_precondition_before_projection_reference_greedy_marginal_eta0.0064_metricFplusAlpha_cost0.1_epsm1_caln64_calseed42_trainconstraint_cumulative_line_search_pct25.6_seed42/summary.json,repeat_00,olmo7b_instruct,safe_corrected_adam_cumulative_trajectory_rho0.1_epsm1,safe_low_rank_adam_precondition_before_projection_reference_greedy_marginal_eta0.0064_metricFplusAlpha_cost0.1_epsm1_caln64_calseed42_trainconstraint_cumulative_line_search_pct25.6_seed42,safe_low_rank_adam_precondition_before_projection_reference_greedy_marginal_eta0.0064_metricFplusAlpha_cost0.1_epsm1_caln64_calseed42,adam,,,42,0.1,14.17666484375,2104.56982421875,52.2028923034668,0.42578125,0.42578125,,0.30712714527779517,,0.47368421052631576,,0.010101010101010102,,0.1405700800292745,,0.5078125,,,,,,,,,,,,,0.522139073372965,0.5110283850747814,787.5126742840221,,,,1.2194647446336307e+17,3038424531763200.0,1.1470729903316992e+16,1.3341720436668006e+17,,,,True,True,"{""spearman_predicted_fisher_vs_realized_kl"":0.9975490196078433,""spearman_predicted_fisher_vs_target_degradation"":-0.03921568627450981,""spearman_realized_kl_vs_instruction_degradation"":-0.10540925533894598,""spearman_realized_kl_vs_medqa_accuracy"":-0.051298917604257706,""spearman_realized_kl_vs_reference_degradation"":0.22360679774997896,""spearman_realized_kl_vs_target_degradation"":-0.03676470588235295,""spearman_realized_kl_vs_target_performance"":0.03676470588235295,""trajectory_point_count"":17}"
setting_2_medqa_medmcqa_selector_trajectory_sweep_v3,setting_2_medqa_medmcqa_selector_trajectory_sweep_v3/repeat_00/olmo7b_instruct/KR64_KT16/pct25.6/safe_corrected_adam_cumulative_trajectory_rho0.0001_epsm5/training_runs/safe_low_rank_adam_precondition_before_projection_reference_greedy_marginal_eta0.0064_metricFplusAlpha_cost0.0001_epsm5_caln64_calseed42_trainconstraint_cumulative_line_search_pct25.6_seed42/summary.json,repeat_00,olmo7b_instruct,safe_corrected_adam_cumulative_trajectory_rho0.0001_epsm5,safe_low_rank_adam_precondition_before_projection_reference_greedy_marginal_eta0.0064_metricFplusAlpha_cost0.0001_epsm5_caln64_calseed42_trainconstraint_cumulative_line_search_pct25.6_seed42,safe_low_rank_adam_precondition_before_projection_reference_greedy_marginal_eta0.0064_metricFplusAlpha_cost0.0001_epsm5_caln64_calseed42,adam,,,42,0.0001,70.88332421875,2104.562744140625,52.303741455078125,0.43359375,0.43359375,,0.31982804706736956,,0.49473684210526314,,0.010101010101010102,,0.14491925202947592,,0.53125,,,,,,,,,,,,,0.5001038929364064,0.4930809937525052,798.6665741119941,,,,1.2194647446336307e+17,3039006446174208.0,1.1471311817728e+16,1.3341778628109107e+17,,,,True,True,"{""spearman_predicted_fisher_vs_realized_kl"":0.9926470588235295,""spearman_predicted_fisher_vs_target_degradation"":-0.3725490196078432,""spearman_realized_kl_vs_instruction_degradation"":-0.6708203932499369,""spearman_realized_kl_vs_medqa_accuracy"":0.20519567041703082,""spearman_realized_kl_vs_reference_degradation"":0.051298917604257706,""spearman_realized_kl_vs_target_degradation"":-0.3823529411764706,""spearman_realized_kl_vs_target_performance"":0.3823529411764706,""trajectory_point_count"":17}"
setting_2_medqa_medmcqa_selector_trajectory_sweep_v3,setting_2_medqa_medmcqa_selector_trajectory_sweep_v3/repeat_00/olmo7b_instruct/KR64_KT16/pct25.6/baseline_prismatic_kl_0.1/training_runs/prismatic_low_rank_adam_pct25.6_seed42/summary.json,repeat_00,olmo7b_instruct,baseline_prismatic_kl_0.1,prismatic_low_rank_adam_pct25.6_seed42,prismatic_low_rank_adam,adam,,,42,,,,,0.47265625,0.47265625,,0.4615432518963204,,0.6736842105263158,,0.020202020202020204,,0.24940229326632501,,0.62109375,,,,,,,,,,,,,0.5750949556517894,0.5665197324685666,1173.3927278290066,,,,,2947562753015808.0,1.5189356961128448e+16,,,,,True,True,"{""spearman_predicted_fisher_vs_realized_kl"":-0.6421568627450981,""spearman_predicted_fisher_vs_target_degradation"":0.1985294117647059,""spearman_realized_kl_vs_instruction_degradation"":-0.051298917604257706,""spearman_realized_kl_vs_medqa_accuracy"":0.28867513459481287,""spearman_realized_kl_vs_reference_degradation"":0.8999999999999998,""spearman_realized_kl_vs_target_degradation"":-0.4509803921568628,""spearman_realized_kl_vs_target_performance"":0.4509803921568628,""trajectory_point_count"":17}"
setting_2_medqa_medmcqa_selector_trajectory_sweep_v3,setting_2_medqa_medmcqa_selector_trajectory_sweep_v3/repeat_00/olmo7b_instruct/KR64_KT16/pct25.6/safe_corrected_adam_cumulative_trajectory_rho0.01_epsm5/training_runs/safe_low_rank_adam_precondition_before_projection_reference_greedy_marginal_eta0.0064_metricFplusAlpha_cost0.01_epsm5_caln64_calseed42_trainconstraint_cumulative_line_search_pct25.6_seed42/summary.json,repeat_00,olmo7b_instruct,safe_corrected_adam_cumulative_trajectory_rho0.01_epsm5,safe_low_rank_adam_precondition_before_projection_reference_greedy_marginal_eta0.0064_metricFplusAlpha_cost0.01_epsm5_caln64_calseed42_trainconstraint_cumulative_line_search_pct25.6_seed42,safe_low_rank_adam_precondition_before_projection_reference_greedy_marginal_eta0.0064_metricFplusAlpha_cost0.01_epsm5_caln64_calseed42,adam,,,42,0.01,70.88332421875,2104.56982421875,52.20289611816406,0.39453125,0.39453125,,0.30694743536999747,,0.47368421052631576,,0.010101010101010102,,0.14021066021367912,,0.48828125,,,,,,,,,,,,,0.5041458205958395,0.4989821657286745,802.5358309590083,,,,1.2194647446336307e+17,3038424531763200.0,1.1470729903316992e+16,1.3341720436668006e+17,,,,True,True,"{""spearman_predicted_fisher_vs_realized_kl"":0.8259803921568628,""spearman_predicted_fisher_vs_target_degradation"":-0.6470588235294119,""spearman_realized_kl_vs_instruction_degradation"":-0.7071067811865475,""spearman_realized_kl_vs_medqa_accuracy"":-0.051298917604257706,""spearman_realized_kl_vs_reference_degradation"":0.10540925533894598,""spearman_realized_kl_vs_target_degradation"":-0.357843137254902,""spearman_realized_kl_vs_target_performance"":0.357843137254902,""trajectory_point_count"":17}"
setting_2_medqa_medmcqa_selector_trajectory_sweep_v3,setting_2_medqa_medmcqa_selector_trajectory_sweep_v3/repeat_00/olmo7b_instruct/KR64_KT16/pct25.6/safe_corrected_adam_cumulative_trajectory_rho1_epsm5/training_runs/safe_low_rank_adam_precondition_before_projection_reference_greedy_marginal_eta0.0064_metricFplusAlpha_cost1_epsm5_caln64_calseed42_trainconstraint_cumulative_line_search_pct25.6_seed42/summary.json,repeat_00,olmo7b_instruct,safe_corrected_adam_cumulative_trajectory_rho1_epsm5,safe_low_rank_adam_precondition_before_projection_reference_greedy_marginal_eta0.0064_metricFplusAlpha_cost1_epsm5_caln64_calseed42_trainconstraint_cumulative_line_search_pct25.6_seed42,safe_low_rank_adam_precondition_before_projection_reference_greedy_marginal_eta0.0064_metricFplusAlpha_cost1_epsm5_caln64_calseed42,adam,,,42,1.0,70.88332421875,2128.82666015625,52.33115005493164,0.41796875,0.41796875,,0.3188905921581313,,0.49473684210526314,,0.010101010101010102,,0.14304434221099946,,0.5390625,,,,,,,,,,,,,0.5435314025901405,0.538398144370163,797.2671567790094,1.2194647446336307e+17,143873136.0,0.0,1.2194647460723621e+17,3037426964201472.0,1.1469732335755264e+16,1.3341620694299147e+17,True,,,True,True,"{""spearman_predicted_fisher_vs_realized_kl"":1.0000000000000002,""spearman_predicted_fisher_vs_target_degradation"":-0.13235294117647062,""spearman_realized_kl_vs_instruction_degradation"":-0.9486832980505138,""spearman_realized_kl_vs_medqa_accuracy"":0.051298917604257706,""spearman_realized_kl_vs_reference_degradation"":0.051298917604257706,""spearman_realized_kl_vs_target_degradation"":-0.13235294117647062,""spearman_realized_kl_vs_target_performance"":0.13235294117647062,""trajectory_point_count"":17}"
setting_2_medqa_medmcqa_selector_trajectory_sweep_v3,setting_2_medqa_medmcqa_selector_trajectory_sweep_v3/repeat_00/olmo7b_instruct/KR64_KT16/pct25.6/safe_corrected_adam_equal_allocation_rho0.001_epsm1/training_runs/safe_low_rank_adam_precondition_before_projection_reference_greedy_marginal_eta0.0064_metricFplusAlpha_cost0.001_epsm1_caln64_calseed42_trainconstraint_equal_allocation_pct25.6_seed42/summary.json,repeat_00,olmo7b_instruct,safe_corrected_adam_equal_allocation_rho0.001_epsm1,safe_low_rank_adam_precondition_before_projection_reference_greedy_marginal_eta0.0064_metricFplusAlpha_cost0.001_epsm1_caln64_calseed42_trainconstraint_equal_allocation_pct25.6_seed42,safe_low_rank_adam_precondition_before_projection_reference_greedy_marginal_eta0.0064_metricFplusAlpha_cost0.001_epsm1_caln64_calseed42,adam,,,42,0.001,14.17666484375,2104.562744140625,52.303741455078125,0.375,0.375,,0.3005399571427724,,0.4421052631578947,,0.010101010101010102,,0.15897465112765002,,0.48828125,,,,,,,,,,,,,0.5168273547933724,0.5116620487581064,842.3257486710208,1.2194647446336307e+17,143873136.0,0.0,1.2194647460723621e+17,3039006446174208.0,1.1471311817728e+16,1.3341778642496421e+17,True,,,True,True,"{""spearman_predicted_fisher_vs_realized_kl"":0.9558823529411766,""spearman_predicted_fisher_vs_target_degradation"":-0.681372549019608,""spearman_realized_kl_vs_instruction_degradation"":-0.22360679774997896,""spearman_realized_kl_vs_medqa_accuracy"":-0.051298917604257706,""spearman_realized_kl_vs_reference_degradation"":0.35909242322980395,""spearman_realized_kl_vs_target_degradation"":-0.5833333333333334,""spearman_realized_kl_vs_target_performance"":0.5833333333333334,""trajectory_point_count"":17}"
setting_2_medqa_medmcqa_selector_trajectory_sweep_v3,setting_2_medqa_medmcqa_selector_trajectory_sweep_v3/repeat_00/olmo7b_instruct/KR64_KT16/pct25.6/safe_corrected_adam_equal_allocation_rho0.1_epsm1/training_runs/safe_low_rank_adam_precondition_before_projection_reference_greedy_marginal_eta0.0064_metricFplusAlpha_cost0.1_epsm1_caln64_calseed42_trainconstraint_equal_allocation_pct25.6_seed42/summary.json,repeat_00,olmo7b_instruct,safe_corrected_adam_equal_allocation_rho0.1_epsm1,safe_low_rank_adam_precondition_before_projection_reference_greedy_marginal_eta0.0064_metricFplusAlpha_cost0.1_epsm1_caln64_calseed42_trainconstraint_equal_allocation_pct25.6_seed42,safe_low_rank_adam_precondition_before_projection_reference_greedy_marginal_eta0.0064_metricFplusAlpha_cost0.1_epsm1_caln64_calseed42,adam,,,42,0.1,14.17666484375,2104.56982421875,52.2028923034668,0.390625,0.390625,,0.30707221953400926,,0.47368421052631576,,0.010101010101010102,,0.14046022854170273,,0.50390625,,,,,,,,,,,,,0.5343780625771157,0.5267847787240595,833.3249957909866,1.2194647446336307e+17,143873136.0,0.0,1.2194647460723621e+17,3038424531763200.0,1.1470729903316992e+16,1.334172045105532e+17,True,,,True,True,"{""spearman_predicted_fisher_vs_realized_kl"":0.9975490196078433,""spearman_predicted_fisher_vs_target_degradation"":-0.2941176470588236,""spearman_realized_kl_vs_instruction_degradation"":-0.4472135954999579,""spearman_realized_kl_vs_medqa_accuracy"":-0.10540925533894598,""spearman_realized_kl_vs_reference_degradation"":0.15389675281277312,""spearman_realized_kl_vs_target_degradation"":-0.2916666666666667,""spearman_realized_kl_vs_target_performance"":0.2916666666666667,""trajectory_point_count"":17}"
setting_2_medqa_medmcqa_selector_trajectory_sweep_v3,setting_2_medqa_medmcqa_selector_trajectory_sweep_v3/repeat_00/olmo7b_instruct/KR64_KT16/pct25.6/safe_corrected_adam_equal_allocation_rho0.0001_epsm5/training_runs/safe_low_rank_adam_precondition_before_projection_reference_greedy_marginal_eta0.0064_metricFplusAlpha_cost0.0001_epsm5_caln64_calseed42_trainconstraint_equal_allocation_pct25.6_seed42/summary.json,repeat_00,olmo7b_instruct,safe_corrected_adam_equal_allocation_rho0.0001_epsm5,safe_low_rank_adam_precondition_before_projection_reference_greedy_marginal_eta0.0064_metricFplusAlpha_cost0.0001_epsm5_caln64_calseed42_trainconstraint_equal_allocation_pct25.6_seed42,safe_low_rank_adam_precondition_before_projection_reference_greedy_marginal_eta0.0064_metricFplusAlpha_cost0.0001_epsm5_caln64_calseed42,adam,,,42,0.0001,70.88332421875,2104.562744140625,52.303741455078125,0.41796875,0.41796875,,0.30687049043878895,,0.4421052631578947,,0.020202020202020204,,0.17163571771968314,,0.48828125,,,,,,,,,,,,,0.49676337093041634,0.48938069336382617,855.3394054259988,1.2194647446336307e+17,143873136.0,0.0,1.2194647460723621e+17,3039006446174208.0,1.1471311817728e+16,1.3341778642496421e+17,True,,,True,True,"{""spearman_predicted_fisher_vs_realized_kl"":0.9779411764705884,""spearman_predicted_fisher_vs_target_degradation"":-0.7941176470588236,""spearman_realized_kl_vs_instruction_degradation"":-0.7071067811865475,""spearman_realized_kl_vs_medqa_accuracy"":-0.29999999999999993,""spearman_realized_kl_vs_reference_degradation"":0.5999999999999999,""spearman_realized_kl_vs_target_degradation"":-0.7500000000000001,""spearman_realized_kl_vs_target_performance"":0.7500000000000001,""trajectory_point_count"":17}"
setting_2_medqa_medmcqa_selector_trajectory_sweep_v3,setting_2_medqa_medmcqa_selector_trajectory_sweep_v3/repeat_00/olmo7b_instruct/KR64_KT16/pct25.6/safe_corrected_adam_equal_allocation_rho0.01_epsm5/training_runs/safe_low_rank_adam_precondition_before_projection_reference_greedy_marginal_eta0.0064_metricFplusAlpha_cost0.01_epsm5_caln64_calseed42_trainconstraint_equal_allocation_pct25.6_seed42/summary.json,repeat_00,olmo7b_instruct,safe_corrected_adam_equal_allocation_rho0.01_epsm5,safe_low_rank_adam_precondition_before_projection_reference_greedy_marginal_eta0.0064_metricFplusAlpha_cost0.01_epsm5_caln64_calseed42_trainconstraint_equal_allocation_pct25.6_seed42,safe_low_rank_adam_precondition_before_projection_reference_greedy_marginal_eta0.0064_metricFplusAlpha_cost0.01_epsm5_caln64_calseed42,adam,,,42,0.01,70.88332421875,2104.56982421875,52.20289611816406,0.39453125,0.39453125,,0.30694743536999747,,0.47368421052631576,,0.010101010101010102,,0.14021066021367912,,0.48828125,,,,,,,,,,,,,0.5041458205958395,0.4989821657286745,828.2187767150172,1.2194647446336307e+17,143873136.0,0.0,1.2194647460723621e+17,3038424531763200.0,1.1470729903316992e+16,1.334172045105532e+17,True,,,True,True,"{""spearman_predicted_fisher_vs_realized_kl"":0.8259803921568628,""spearman_predicted_fisher_vs_target_degradation"":-0.6470588235294119,""spearman_realized_kl_vs_instruction_degradation"":-0.7071067811865475,""spearman_realized_kl_vs_medqa_accuracy"":-0.051298917604257706,""spearman_realized_kl_vs_reference_degradation"":0.10540925533894598,""spearman_realized_kl_vs_target_degradation"":-0.357843137254902,""spearman_realized_kl_vs_target_performance"":0.357843137254902,""trajectory_point_count"":17}"
setting_2_medqa_medmcqa_selector_trajectory_sweep_v3,setting_2_medqa_medmcqa_selector_trajectory_sweep_v3/repeat_00/olmo7b_instruct/KR64_KT16/pct25.6/safe_corrected_adam_equal_allocation_rho1_epsm5/training_runs/safe_low_rank_adam_precondition_before_projection_reference_greedy_marginal_eta0.0064_metricFplusAlpha_cost1_epsm5_caln64_calseed42_trainconstraint_equal_allocation_pct25.6_seed42/summary.json,repeat_00,olmo7b_instruct,safe_corrected_adam_equal_allocation_rho1_epsm5,safe_low_rank_adam_precondition_before_projection_reference_greedy_marginal_eta0.0064_metricFplusAlpha_cost1_epsm5_caln64_calseed42_trainconstraint_equal_allocation_pct25.6_seed42,safe_low_rank_adam_precondition_before_projection_reference_greedy_marginal_eta0.0064_metricFplusAlpha_cost1_epsm5_caln64_calseed42,adam,,,42,1.0,70.88332421875,2128.82666015625,52.33115005493164,0.41796875,0.41796875,,0.3188905921581313,,0.49473684210526314,,0.010101010101010102,,0.14304434221099946,,0.5390625,,,,,,,,,,,,,0.5435314025901405,0.538398144370163,835.6396121309954,1.2194647446336307e+17,143873136.0,0.0,1.2194647460723621e+17,3037426964201472.0,1.1469732335755264e+16,1.3341620694299147e+17,True,,,True,True,"{""spearman_predicted_fisher_vs_realized_kl"":1.0000000000000002,""spearman_predicted_fisher_vs_target_degradation"":-0.13235294117647062,""spearman_realized_kl_vs_instruction_degradation"":-0.9486832980505138,""spearman_realized_kl_vs_medqa_accuracy"":0.051298917604257706,""spearman_realized_kl_vs_reference_degradation"":0.051298917604257706,""spearman_realized_kl_vs_target_degradation"":-0.13235294117647062,""spearman_realized_kl_vs_target_performance"":0.13235294117647062,""trajectory_point_count"":17}"
setting_2_medqa_medmcqa_selector_trajectory_sweep_v3,setting_2_medqa_medmcqa_selector_trajectory_sweep_v3/repeat_00/olmo7b_instruct/KR64_KT16/pct25.6/safe_corrected_adam_cumulative_trajectory_rho0.0001_epsm1/training_runs/safe_low_rank_adam_precondition_before_projection_reference_greedy_marginal_eta0.0064_metricFplusAlpha_cost0.0001_epsm1_caln64_calseed42_trainconstraint_cumulative_line_search_pct25.6_seed42/summary.json,repeat_00,olmo7b_instruct,safe_corrected_adam_cumulative_trajectory_rho0.0001_epsm1,safe_low_rank_adam_precondition_before_projection_reference_greedy_marginal_eta0.0064_metricFplusAlpha_cost0.0001_epsm1_caln64_calseed42_trainconstraint_cumulative_line_search_pct25.6_seed42,safe_low_rank_adam_precondition_before_projection_reference_greedy_marginal_eta0.0064_metricFplusAlpha_cost0.0001_epsm1_caln64_calseed42,adam,,,42,0.0001,14.17666484375,2104.562744140625,52.303741455078125,0.43359375,0.43359375,,0.3166607305251552,,0.4842105263157895,,0.010101010101010102,,0.14911093473452097,,0.5390625,,,,,,,,,,,,,0.5031553742632492,0.4949793973255417,798.8939114320092,1.2194647446336307e+17,143873136.0,0.0,1.2194647460723621e+17,3039006446174208.0,1.1471311817728e+16,1.3341778642496421e+17,True,,,True,True,"{""spearman_predicted_fisher_vs_realized_kl"":0.9926470588235295,""spearman_predicted_fisher_vs_target_degradation"":-0.2941176470588236,""spearman_realized_kl_vs_instruction_degradation"":-0.6668859288553503,""spearman_realized_kl_vs_medqa_accuracy"":-0.10540925533894598,""spearman_realized_kl_vs_reference_degradation"":0.051298917604257706,""spearman_realized_kl_vs_target_degradation"":-0.29656862745098045,""spearman_realized_kl_vs_target_performance"":0.29656862745098045,""trajectory_point_count"":17}"
setting_2_medqa_medmcqa_selector_trajectory_sweep_v3,setting_2_medqa_medmcqa_selector_trajectory_sweep_v3/repeat_00/olmo7b_instruct/KR64_KT16/pct25.6/safe_corrected_adam_cumulative_trajectory_rho0.01_epsm1/training_runs/safe_low_rank_adam_precondition_before_projection_reference_greedy_marginal_eta0.0064_metricFplusAlpha_cost0.01_epsm1_caln64_calseed42_trainconstraint_cumulative_line_search_pct25.6_seed42/summary.json,repeat_00,olmo7b_instruct,safe_corrected_adam_cumulative_trajectory_rho0.01_epsm1,safe_low_rank_adam_precondition_before_projection_reference_greedy_marginal_eta0.0064_metricFplusAlpha_cost0.01_epsm1_caln64_calseed42_trainconstraint_cumulative_line_search_pct25.6_seed42,safe_low_rank_adam_precondition_before_projection_reference_greedy_marginal_eta0.0064_metricFplusAlpha_cost0.01_epsm1_caln64_calseed42,adam,,,42,0.01,14.17666484375,2104.56982421875,52.20289611816406,0.4296875,0.4296875,,0.30795844259974514,,0.4842105263157895,,0.010101010101010102,,0.13170635888370075,,0.49609375,,,,,,,,,,,,,0.5055039885421664,0.4969840094385682,796.349116450001,1.2194647446336307e+17,143873136.0,0.0,1.2194647460723621e+17,3038424531763200.0,1.1470729903316992e+16,1.334172045105532e+17,True,,,True,True,"{""spearman_predicted_fisher_vs_realized_kl"":0.8308823529411766,""spearman_predicted_fisher_vs_target_degradation"":-0.44117647058823534,""spearman_realized_kl_vs_instruction_degradation"":-0.8944271909999159,""spearman_realized_kl_vs_medqa_accuracy"":-0.051298917604257706,""spearman_realized_kl_vs_reference_degradation"":0.051298917604257706,""spearman_realized_kl_vs_target_degradation"":-0.21323529411764708,""spearman_realized_kl_vs_target_performance"":0.21323529411764708,""trajectory_point_count"":17}"
setting_2_medqa_medmcqa_selector_trajectory_sweep_v3,setting_2_medqa_medmcqa_selector_trajectory_sweep_v3/repeat_00/olmo7b_instruct/KR64_KT16/pct25.6/safe_corrected_adam_cumulative_trajectory_rho1_epsm1/training_runs/safe_low_rank_adam_precondition_before_projection_reference_greedy_marginal_eta0.0064_metricFplusAlpha_cost1_epsm1_caln64_calseed42_trainconstraint_cumulative_line_search_pct25.6_seed42/summary.json,repeat_00,olmo7b_instruct,safe_corrected_adam_cumulative_trajectory_rho1_epsm1,safe_low_rank_adam_precondition_before_projection_reference_greedy_marginal_eta0.0064_metricFplusAlpha_cost1_epsm1_caln64_calseed42_trainconstraint_cumulative_line_search_pct25.6_seed42,safe_low_rank_adam_precondition_before_projection_reference_greedy_marginal_eta0.0064_metricFplusAlpha_cost1_epsm1_caln64_calseed42,adam,,,42,1.0,14.17666484375,2128.783935546875,52.16495895385742,0.3828125,0.3828125,,0.28570973712553493,,0.42105263157894735,,0.010101010101010102,,0.15036684267212252,,0.45703125,,,,,,,,,,,,,0.5256000511698226,0.5181221804934212,799.2603134790115,1.2194647446336307e+17,143873136.0,0.0,1.2194647460723621e+17,3038923315544064.0,1.1471228687097856e+16,1.3341770329433406e+17,True,,,True,True,"{""spearman_predicted_fisher_vs_realized_kl"":0.8823529411764707,""spearman_predicted_fisher_vs_target_degradation"":-0.3259803921568628,""spearman_realized_kl_vs_instruction_degradation"":-0.5270462766947299,""spearman_realized_kl_vs_medqa_accuracy"":0.20519567041703082,""spearman_realized_kl_vs_reference_degradation"":0.051298917604257706,""spearman_realized_kl_vs_target_degradation"":-0.2769607843137255,""spearman_realized_kl_vs_target_performance"":0.2769607843137255,""trajectory_point_count"":17}"
setting_2_medqa_medmcqa_selector_trajectory_sweep_v3,setting_2_medqa_medmcqa_selector_trajectory_sweep_v3/repeat_00/olmo7b_instruct/KR64_KT16/pct25.6/safe_corrected_adam_cumulative_trajectory_rho0.001_epsm5/training_runs/safe_low_rank_adam_precondition_before_projection_reference_greedy_marginal_eta0.0064_metricFplusAlpha_cost0.001_epsm5_caln64_calseed42_trainconstraint_cumulative_line_search_pct25.6_seed42/summary.json,repeat_00,olmo7b_instruct,safe_corrected_adam_cumulative_trajectory_rho0.001_epsm5,safe_low_rank_adam_precondition_before_projection_reference_greedy_marginal_eta0.0064_metricFplusAlpha_cost0.001_epsm5_caln64_calseed42_trainconstraint_cumulative_line_search_pct25.6_seed42,safe_low_rank_adam_precondition_before_projection_reference_greedy_marginal_eta0.0064_metricFplusAlpha_cost0.001_epsm5_caln64_calseed42,adam,,,42,0.001,70.88332421875,2104.562744140625,52.303741455078125,0.4453125,0.4453125,,0.31236460657549936,,0.4842105263157895,,0.010101010101010102,,0.1405186868352092,,0.51953125,,,,,,,,,,,,,0.4954404622732234,0.48861486376727764,779.2302582980046,1.2194647446336307e+17,143873136.0,0.0,1.2194647460723621e+17,3039006446174208.0,1.1471311817728e+16,1.3341778642496421e+17,True,,,True,True,"{""spearman_predicted_fisher_vs_realized_kl"":1.0000000000000002,""spearman_predicted_fisher_vs_target_degradation"":-0.43627450980392163,""spearman_realized_kl_vs_instruction_degradation"":-0.6708203932499369,""spearman_realized_kl_vs_medqa_accuracy"":-0.051298917604257706,""spearman_realized_kl_vs_reference_degradation"":0.051298917604257706,""spearman_realized_kl_vs_target_degradation"":-0.43627450980392163,""spearman_realized_kl_vs_target_performance"":0.43627450980392163,""trajectory_point_count"":17}"
setting_2_medqa_medmcqa_selector_trajectory_sweep_v3,setting_2_medqa_medmcqa_selector_trajectory_sweep_v3/repeat_00/olmo7b_instruct/KR64_KT16/pct25.6/safe_corrected_adam_cumulative_trajectory_rho0.1_epsm5/training_runs/safe_low_rank_adam_precondition_before_projection_reference_greedy_marginal_eta0.0064_metricFplusAlpha_cost0.1_epsm5_caln64_calseed42_trainconstraint_cumulative_line_search_pct25.6_seed42/summary.json,repeat_00,olmo7b_instruct,safe_corrected_adam_cumulative_trajectory_rho0.1_epsm5,safe_low_rank_adam_precondition_before_projection_reference_greedy_marginal_eta0.0064_metricFplusAlpha_cost0.1_epsm5_caln64_calseed42_trainconstraint_cumulative_line_search_pct25.6_seed42,safe_low_rank_adam_precondition_before_projection_reference_greedy_marginal_eta0.0064_metricFplusAlpha_cost0.1_epsm5_caln64_calseed42,adam,,,42,0.1,70.88332421875,2104.5693359375,52.2028923034668,0.4140625,0.4140625,,0.31342996804684825,,0.4842105263157895,,0.010101010101010102,,0.142649409777907,,0.5234375,,,,,,,,,,,,,0.5154373818553059,0.5079873339455935,796.2310424720054,1.2194647446336307e+17,143873136.0,0.0,1.2194647460723621e+17,3038424531763200.0,1.1470729903316992e+16,1.334172045105532e+17,True,,,True,True,"{""spearman_predicted_fisher_vs_realized_kl"":0.9534313725490198,""spearman_predicted_fisher_vs_target_degradation"":-0.18137254901960786,""spearman_realized_kl_vs_instruction_degradation"":-0.8944271909999159,""spearman_realized_kl_vs_medqa_accuracy"":-0.051298917604257706,""spearman_realized_kl_vs_reference_degradation"":0.10540925533894598,""spearman_realized_kl_vs_target_degradation"":-0.12745098039215688,""spearman_realized_kl_vs_target_performance"":0.12745098039215688,""trajectory_point_count"":17}"
setting_2_medqa_medmcqa_selector_trajectory_sweep_v3,setting_2_medqa_medmcqa_selector_trajectory_sweep_v3/repeat_00/olmo7b_instruct/KR64_KT16/pct25.6/safe_corrected_adam_equal_allocation_rho0.0001_epsm1/training_runs/safe_low_rank_adam_precondition_before_projection_reference_greedy_marginal_eta0.0064_metricFplusAlpha_cost0.0001_epsm1_caln64_calseed42_trainconstraint_equal_allocation_pct25.6_seed42/summary.json,repeat_00,olmo7b_instruct,safe_corrected_adam_equal_allocation_rho0.0001_epsm1,safe_low_rank_adam_precondition_before_projection_reference_greedy_marginal_eta0.0064_metricFplusAlpha_cost0.0001_epsm1_caln64_calseed42_trainconstraint_equal_allocation_pct25.6_seed42,safe_low_rank_adam_precondition_before_projection_reference_greedy_marginal_eta0.0064_metricFplusAlpha_cost0.0001_epsm1_caln64_calseed42,adam,,,42,0.0001,14.17666484375,2104.562744140625,52.303741455078125,0.4140625,0.4140625,,0.3123903364505794,,0.45263157894736844,,0.020202020202020204,,0.17214909395379038,,0.5,,,,,,,,,,,,,0.4939704954092619,0.4870762235396494,874.2418254570075,1.2194647446336307e+17,143873136.0,0.0,1.2194647460723621e+17,3039006446174208.0,1.1471311817728e+16,1.3341778642496421e+17,True,,,True,True,"{""spearman_predicted_fisher_vs_realized_kl"":0.9901960784313727,""spearman_predicted_fisher_vs_target_degradation"":-0.7671568627450982,""spearman_realized_kl_vs_instruction_degradation"":-0.5270462766947299,""spearman_realized_kl_vs_medqa_accuracy"":-0.29999999999999993,""spearman_realized_kl_vs_reference_degradation"":0.5999999999999999,""spearman_realized_kl_vs_target_degradation"":-0.752450980392157,""spearman_realized_kl_vs_target_performance"":0.752450980392157,""trajectory_point_count"":17}"
setting_2_medqa_medmcqa_selector_trajectory_sweep_v3,setting_2_medqa_medmcqa_selector_trajectory_sweep_v3/repeat_00/olmo7b_instruct/KR64_KT16/pct25.6/safe_corrected_adam_equal_allocation_rho0.01_epsm1/training_runs/safe_low_rank_adam_precondition_before_projection_reference_greedy_marginal_eta0.0064_metricFplusAlpha_cost0.01_epsm1_caln64_calseed42_trainconstraint_equal_allocation_pct25.6_seed42/summary.json,repeat_00,olmo7b_instruct,safe_corrected_adam_equal_allocation_rho0.01_epsm1,safe_low_rank_adam_precondition_before_projection_reference_greedy_marginal_eta0.0064_metricFplusAlpha_cost0.01_epsm1_caln64_calseed42_trainconstraint_equal_allocation_pct25.6_seed42,safe_low_rank_adam_precondition_before_projection_reference_greedy_marginal_eta0.0064_metricFplusAlpha_cost0.01_epsm1_caln64_calseed42,adam,,,42,0.01,14.17666484375,2104.56982421875,52.20289611816406,0.26953125,0.26953125,,0.24872695575053297,,0.3473684210526316,,0.010101010101010102,,0.15008549044843433,,0.40625,,,,,,,,,,,,,0.5413371471412854,0.5377318825476158,849.9243056520063,1.2194647446336307e+17,143873136.0,0.0,1.2194647460723621e+17,3038424531763200.0,1.1470729903316992e+16,1.334172045105532e+17,True,,,True,True,"{""spearman_predicted_fisher_vs_realized_kl"":1.0000000000000002,""spearman_predicted_fisher_vs_target_degradation"":-0.7058823529411765,""spearman_realized_kl_vs_instruction_degradation"":0.0,""spearman_realized_kl_vs_medqa_accuracy"":-0.22360679774997896,""spearman_realized_kl_vs_reference_degradation"":0.9746794344808964,""spearman_realized_kl_vs_target_degradation"":-0.7058823529411765,""spearman_realized_kl_vs_target_performance"":0.7058823529411765,""trajectory_point_count"":17}"
setting_2_medqa_medmcqa_selector_trajectory_sweep_v3,setting_2_medqa_medmcqa_selector_trajectory_sweep_v3/repeat_00/olmo7b_instruct/KR64_KT16/pct25.6/safe_corrected_adam_equal_allocation_rho1_epsm1/training_runs/safe_low_rank_adam_precondition_before_projection_reference_greedy_marginal_eta0.0064_metricFplusAlpha_cost1_epsm1_caln64_calseed42_trainconstraint_equal_allocation_pct25.6_seed42/summary.json,repeat_00,olmo7b_instruct,safe_corrected_adam_equal_allocation_rho1_epsm1,safe_low_rank_adam_precondition_before_projection_reference_greedy_marginal_eta0.0064_metricFplusAlpha_cost1_epsm1_caln64_calseed42_trainconstraint_equal_allocation_pct25.6_seed42,safe_low_rank_adam_precondition_before_projection_reference_greedy_marginal_eta0.0064_metricFplusAlpha_cost1_epsm1_caln64_calseed42,adam,,,42,1.0,14.17666484375,2128.783935546875,52.16495895385742,0.26171875,0.26171875,,0.23394034221645854,,0.3263157894736842,,0.010101010101010102,,0.14156489495923286,,0.39453125,,,,,,,,,,,,,0.558682531970641,0.5536161099589091,841.3971147210104,1.2194647446336307e+17,143873136.0,0.0,1.2194647460723621e+17,3038923315544064.0,1.1471228687097856e+16,1.3341770329433406e+17,True,,,True,True,"{""spearman_predicted_fisher_vs_realized_kl"":1.0000000000000002,""spearman_predicted_fisher_vs_target_degradation"":-0.6764705882352942,""spearman_realized_kl_vs_instruction_degradation"":-0.8944271909999159,""spearman_realized_kl_vs_medqa_accuracy"":-0.22360679774997896,""spearman_realized_kl_vs_reference_degradation"":0.8944271909999159,""spearman_realized_kl_vs_target_degradation"":-0.6764705882352942,""spearman_realized_kl_vs_target_performance"":0.6764705882352942,""trajectory_point_count"":17}"
setting_2_medqa_medmcqa_selector_trajectory_sweep_v3,setting_2_medqa_medmcqa_selector_trajectory_sweep_v3/repeat_00/olmo7b_instruct/KR64_KT16/pct25.6/safe_corrected_adam_equal_allocation_rho0.001_epsm5/training_runs/safe_low_rank_adam_precondition_before_projection_reference_greedy_marginal_eta0.0064_metricFplusAlpha_cost0.001_epsm5_caln64_calseed42_trainconstraint_equal_allocation_pct25.6_seed42/summary.json,repeat_00,olmo7b_instruct,safe_corrected_adam_equal_allocation_rho0.001_epsm5,safe_low_rank_adam_precondition_before_projection_reference_greedy_marginal_eta0.0064_metricFplusAlpha_cost0.001_epsm5_caln64_calseed42_trainconstraint_equal_allocation_pct25.6_seed42,safe_low_rank_adam_precondition_before_projection_reference_greedy_marginal_eta0.0064_metricFplusAlpha_cost0.001_epsm5_caln64_calseed42,adam,,,42,0.001,70.88332421875,2104.562744140625,52.303741455078125,0.24609375,0.24609375,,0.2494021738508091,,0.35789473684210527,,0.010101010101010102,,0.1409096108595129,,0.3671875,,,,,,,,,,,,,0.5609196412535209,0.5543028086757482,830.996978516021,1.2194647446336307e+17,143873136.0,0.0,1.2194647460723621e+17,3039006446174208.0,1.1471311817728e+16,1.3341778642496421e+17,True,,,True,True,"{""spearman_predicted_fisher_vs_realized_kl"":0.8308823529411766,""spearman_predicted_fisher_vs_target_degradation"":-0.5416666666666667,""spearman_realized_kl_vs_instruction_degradation"":-0.05270462766947299,""spearman_realized_kl_vs_medqa_accuracy"":-0.7071067811865475,""spearman_realized_kl_vs_reference_degradation"":0.8944271909999159,""spearman_realized_kl_vs_target_degradation"":-0.303921568627451,""spearman_realized_kl_vs_target_performance"":0.303921568627451,""trajectory_point_count"":17}"
setting_2_medqa_medmcqa_selector_trajectory_sweep_v3,setting_2_medqa_medmcqa_selector_trajectory_sweep_v3/repeat_00/olmo7b_instruct/KR64_KT16/pct25.6/safe_corrected_adam_equal_allocation_rho0.1_epsm5/training_runs/safe_low_rank_adam_precondition_before_projection_reference_greedy_marginal_eta0.0064_metricFplusAlpha_cost0.1_epsm5_caln64_calseed42_trainconstraint_equal_allocation_pct25.6_seed42/summary.json,repeat_00,olmo7b_instruct,safe_corrected_adam_equal_allocation_rho0.1_epsm5,safe_low_rank_adam_precondition_before_projection_reference_greedy_marginal_eta0.0064_metricFplusAlpha_cost0.1_epsm5_caln64_calseed42_trainconstraint_equal_allocation_pct25.6_seed42,safe_low_rank_adam_precondition_before_projection_reference_greedy_marginal_eta0.0064_metricFplusAlpha_cost0.1_epsm5_caln64_calseed42,adam,,,42,0.1,70.88332421875,2104.5693359375,52.2028923034668,0.4140625,0.4140625,,0.31342996804684825,,0.4842105263157895,,0.010101010101010102,,0.142649409777907,,0.5234375,,,,,,,,,,,,,0.5154373818553059,0.5079873339455935,846.5196056970162,1.2194647446336307e+17,143873136.0,0.0,1.2194647460723621e+17,3038424531763200.0,1.1470729903316992e+16,1.334172045105532e+17,True,,,True,True,"{""spearman_predicted_fisher_vs_realized_kl"":0.9534313725490198,""spearman_predicted_fisher_vs_target_degradation"":-0.18137254901960786,""spearman_realized_kl_vs_instruction_degradation"":-0.8944271909999159,""spearman_realized_kl_vs_medqa_accuracy"":-0.051298917604257706,""spearman_realized_kl_vs_reference_degradation"":0.10540925533894598,""spearman_realized_kl_vs_target_degradation"":-0.12745098039215688,""spearman_realized_kl_vs_target_performance"":0.12745098039215688,""trajectory_point_count"":17}"
setting_2_medqa_medmcqa_selector_trajectory_sweep_v3,setting_2_medqa_medmcqa_selector_trajectory_sweep_v3/repeat_00/olmo7b_instruct/KR64_KT16/pct25.6/baseline_less_no_kl/training_runs/less_low_rank_adam_pct25.6_seed42/summary.json,repeat_00,olmo7b_instruct,baseline_less_no_kl,less_low_rank_adam_pct25.6_seed42,less_low_rank_adam,adam,,,42,,,,,0.4375,0.4375,,0.35527252963639805,,0.5578947368421052,,0.010101010101010102,,0.15265032243069088,,0.546875,,,,,,,,,,,,,0.9286579387739863,0.8982055302621,760.4991688719892,1.2194647446336307e+17,26238240.0,0.0,1.2194647448960131e+17,3431632412344320.0,1.1863937783898112e+16,1.3381041227349942e+17,True,,,True,True,"{""spearman_predicted_fisher_vs_realized_kl"":0.9901960784313727,""spearman_predicted_fisher_vs_target_degradation"":0.5588235294117648,""spearman_realized_kl_vs_instruction_degradation"":-0.35909242322980395,""spearman_realized_kl_vs_medqa_accuracy"":0.9486832980505138,""spearman_realized_kl_vs_reference_degradation"":0.7071067811865475,""spearman_realized_kl_vs_target_degradation"":0.573529411764706,""spearman_realized_kl_vs_target_performance"":-0.573529411764706,""trajectory_point_count"":17}"
setting_2_medqa_medmcqa_selector_trajectory_sweep_v3,setting_2_medqa_medmcqa_selector_trajectory_sweep_v3/repeat_00/olmo7b_instruct/KR64_KT16/pct25.6/safe_legacy_adam_greedy_gamma0.01_epsm0.5/training_runs/safe_low_rank_adam_reference_greedy_marginal_eta0.0002_metricFplusAlpha_gamma0.01_epsm0.5_caln64_calseed42_pct25.6_seed42/summary.json,repeat_00,olmo7b_instruct,safe_legacy_adam_greedy_gamma0.01_epsm0.5,safe_low_rank_adam_reference_greedy_marginal_eta0.0002_metricFplusAlpha_gamma0.01_epsm0.5_caln64_calseed42_pct25.6_seed42,safe_low_rank_adam_reference_greedy_marginal_eta0.0002_metricFplusAlpha_gamma0.01_epsm0.5_caln64_calseed42,adam,,,42,0.0430598752837312,0.16950118408203124,2.5643887519836426,0.02724941074848175,0.453125,0.453125,,0.3147604018613914,,0.4842105263157895,,0.010101010101010102,,0.14531027740699334,,0.5234375,,,,,,,,,,,,,0.537343230901953,0.5357827262393984,770.2804647150042,1.2194647446336307e+17,169313136.0,0.0,1.2194647463267621e+17,3090131783712768.0,1.152243715526656e+16,1.3346891178794277e+17,True,,,False,True,"{""spearman_predicted_fisher_vs_realized_kl"":0.9950980392156864,""spearman_predicted_fisher_vs_target_degradation"":0.27450980392156865,""spearman_realized_kl_vs_instruction_degradation"":0.35355339059327373,""spearman_realized_kl_vs_medqa_accuracy"":0.22360679774997896,""spearman_realized_kl_vs_reference_degradation"":0.15389675281277312,""spearman_realized_kl_vs_target_degradation"":0.2794117647058824,""spearman_realized_kl_vs_target_performance"":-0.2794117647058824,""trajectory_point_count"":17}"
setting_2_medqa_medmcqa_selector_trajectory_sweep_v3,setting_2_medqa_medmcqa_selector_trajectory_sweep_v3/repeat_00/olmo7b_instruct/KR64_KT16/pct25.6/safe_legacy_adam_greedy_gamma1_epsm0.5/training_runs/safe_low_rank_adam_reference_greedy_marginal_eta0.0002_metricFplusAlpha_gamma1_epsm0.5_caln64_calseed42_pct25.6_seed42/summary.json,repeat_00,olmo7b_instruct,safe_legacy_adam_greedy_gamma1_epsm0.5,safe_low_rank_adam_reference_greedy_marginal_eta0.0002_metricFplusAlpha_gamma1_epsm0.5_caln64_calseed42_pct25.6_seed42,safe_low_rank_adam_reference_greedy_marginal_eta0.0002_metricFplusAlpha_gamma1_epsm0.5_caln64_calseed42,adam,,,42,4.3059875283731195,0.16950118408203124,8.1154146194458,0.03281218931078911,0.43359375,0.43359375,,0.32726488504563367,,0.49473684210526314,,0.010101010101010102,,0.15979292798600425,,0.53515625,,,,,,,,,,,,,0.5217001371493097,0.5152785312335899,743.3140730680025,1.2194647446336307e+17,169313136.0,0.0,1.2194647463267621e+17,3683684482940928.0,1.211598985449472e+16,1.3406246448717093e+17,True,,,False,True,"{""spearman_predicted_fisher_vs_realized_kl"":0.9558823529411766,""spearman_predicted_fisher_vs_target_degradation"":0.13480392156862747,""spearman_realized_kl_vs_instruction_degradation"":0.28867513459481287,""spearman_realized_kl_vs_medqa_accuracy"":-0.28867513459481287,""spearman_realized_kl_vs_reference_degradation"":0.6708203932499369,""spearman_realized_kl_vs_target_degradation"":0.14215686274509806,""spearman_realized_kl_vs_target_performance"":-0.14215686274509806,""trajectory_point_count"":17}"
setting_2_medqa_medmcqa_selector_trajectory_sweep_v3,setting_2_medqa_medmcqa_selector_trajectory_sweep_v3/repeat_00/olmo7b_instruct/KR64_KT16/pct25.6/safe_legacy_adam_greedy_gamma0.1_epsm1/training_runs/safe_low_rank_adam_reference_greedy_marginal_eta0.0002_metricFplusAlpha_gamma0.1_epsm1_caln64_calseed42_pct25.6_seed42/summary.json,repeat_00,olmo7b_instruct,safe_legacy_adam_greedy_gamma0.1_epsm1,safe_low_rank_adam_reference_greedy_marginal_eta0.0002_metricFplusAlpha_gamma0.1_epsm1_caln64_calseed42_pct25.6_seed42,safe_low_rank_adam_reference_greedy_marginal_eta0.0002_metricFplusAlpha_gamma0.1_epsm1_caln64_calseed42,adam,,,42,1.7223950113492479,0.3390023681640625,6.124972820281982,0.03352649509906769,0.47265625,0.47265625,,0.324999284849338,,0.5052631578947369,,0.010101010101010102,,0.1447354118039391,,0.5390625,,,,,,,,,,,,,0.5358810262772086,0.5252680028451296,744.1032197980094,1.2194647446336307e+17,169313136.0,0.0,1.2194647463267621e+17,3433544416837632.0,1.1865849788391424e+16,1.3381232442106763e+17,True,,,False,True,"{""spearman_predicted_fisher_vs_realized_kl"":0.9754901960784315,""spearman_predicted_fisher_vs_target_degradation"":0.33333333333333337,""spearman_realized_kl_vs_instruction_degradation"":-0.4472135954999579,""spearman_realized_kl_vs_medqa_accuracy"":0.4472135954999579,""spearman_realized_kl_vs_reference_degradation"":0.09999999999999998,""spearman_realized_kl_vs_target_degradation"":0.3872549019607844,""spearman_realized_kl_vs_target_performance"":-0.3872549019607844,""trajectory_point_count"":17}"
setting_2_medqa_medmcqa_selector_trajectory_sweep_v3,setting_2_medqa_medmcqa_selector_trajectory_sweep_v3/repeat_00/olmo7b_instruct/KR64_KT16/pct25.6/safe_legacy_adam_greedy_gamma0.01_epsm2/training_runs/safe_low_rank_adam_reference_greedy_marginal_eta0.0002_metricFplusAlpha_gamma0.01_epsm2_caln64_calseed42_pct25.6_seed42/summary.json,repeat_00,olmo7b_instruct,safe_legacy_adam_greedy_gamma0.01_epsm2,safe_low_rank_adam_reference_greedy_marginal_eta0.0002_metricFplusAlpha_gamma0.01_epsm2_caln64_calseed42_pct25.6_seed42,safe_low_rank_adam_reference_greedy_marginal_eta0.0002_metricFplusAlpha_gamma0.01_epsm2_caln64_calseed42,adam,,,42,0.6889580045396992,0.678004736328125,3.727137804031372,0.0314248688519001,0.44140625,0.44140625,,0.31606012040093273,,0.49473684210526314,,0.010101010101010102,,0.13738339869660232,,0.50390625,,,,,,,,,,,,,0.5203125238585926,0.5136037591942831,749.2235540770052,1.2194647446336307e+17,169313136.0,0.0,1.2194647463267621e+17,3124464733962240.0,1.1556770105516032e+16,1.3350324473819224e+17,True,,,False,True,"{""spearman_predicted_fisher_vs_realized_kl"":0.9975490196078433,""spearman_predicted_fisher_vs_target_degradation"":0.1470588235294118,""spearman_realized_kl_vs_instruction_degradation"":-0.5270462766947299,""spearman_realized_kl_vs_medqa_accuracy"":-0.10540925533894598,""spearman_realized_kl_vs_reference_degradation"":0.051298917604257706,""spearman_realized_kl_vs_target_degradation"":0.1544117647058824,""spearman_realized_kl_vs_target_performance"":-0.1544117647058824,""trajectory_point_count"":17}"
setting_2_medqa_medmcqa_selector_trajectory_sweep_v3,setting_2_medqa_medmcqa_selector_trajectory_sweep_v3/repeat_00/olmo7b_instruct/KR64_KT16/pct25.6/safe_legacy_adam_greedy_gamma1_epsm2/training_runs/safe_low_rank_adam_reference_greedy_marginal_eta0.0002_metricFplusAlpha_gamma1_epsm2_caln64_calseed42_pct25.6_seed42/summary.json,repeat_00,olmo7b_instruct,safe_legacy_adam_greedy_gamma1_epsm2,safe_low_rank_adam_reference_greedy_marginal_eta0.0002_metricFplusAlpha_gamma1_epsm2_caln64_calseed42_pct25.6_seed42,safe_low_rank_adam_reference_greedy_marginal_eta0.0002_metricFplusAlpha_gamma1_epsm2_caln64_calseed42,adam,,,42,68.89580045396991,0.678004736328125,23.51050567626953,0.08163274079561234,0.44921875,0.44921875,,0.38419573700737286,,0.6210526315789474,,0.010101010101010102,,0.14733884243579834,,0.57421875,,,,,,,,,,,,,0.6268927205799159,0.6016961636705502,746.3171300989925,1.2194647446336307e+17,169313136.0,0.0,1.2194647463267621e+17,3402702953054208.0,1.1835008324608e+16,1.3378148295728421e+17,True,,,False,True,"{""spearman_predicted_fisher_vs_realized_kl"":0.9362745098039217,""spearman_predicted_fisher_vs_target_degradation"":0.25490196078431376,""spearman_realized_kl_vs_instruction_degradation"":-0.8207826816681233,""spearman_realized_kl_vs_medqa_accuracy"":0.0,""spearman_realized_kl_vs_reference_degradation"":0.19999999999999996,""spearman_realized_kl_vs_target_degradation"":0.40196078431372556,""spearman_realized_kl_vs_target_performance"":-0.40196078431372556,""trajectory_point_count"":17}"
setting_2_medqa_medmcqa_selector_trajectory_sweep_v3,setting_2_medqa_medmcqa_selector_trajectory_sweep_v3/repeat_00/olmo7b_instruct/KR64_KT16/pct25.6/safe_hard_feasible_greedy_gamma0.1_epsm0.5/training_runs/safe_low_rank_adam_reference_constrained_greedy_eta0.0002_metricFplusAlpha_swaps1_feastol1e-06_gamma0.1_epsm0.5_caln64_calseed42_pct25.6_seed42/summary.json,repeat_00,olmo7b_instruct,safe_hard_feasible_greedy_gamma0.1_epsm0.5,safe_low_rank_adam_reference_constrained_greedy_eta0.0002_metricFplusAlpha_swaps1_feastol1e-06_gamma0.1_epsm0.5_caln64_calseed42_pct25.6_seed42,safe_low_rank_adam_reference_constrained_greedy_eta0.0002_metricFplusAlpha_swaps1_feastol1e-06_gamma0.1_epsm0.5_caln64_calseed42,adam,,,42,0.43059875283731197,0.16950118408203124,0.4139561951160431,0.0017381777288392186,0.4375,0.4375,,0.3586537731982855,,0.5263157894736842,,0.020202020202020204,,0.1909917569228868,,0.51953125,,,,,,,,,,,,,0.5136323528106989,0.4940885501478518,150.16948265497922,1.2194647446336307e+17,1867793520.0,0.0,1.2194647633115659e+17,517820695166976.0,3133129074950144.0,1.2507960540610674e+17,True,,,False,True,"{""spearman_predicted_fisher_vs_realized_kl"":0.9999999999999998,""spearman_predicted_fisher_vs_target_degradation"":-0.9999999999999998,""spearman_realized_kl_vs_instruction_degradation"":null,""spearman_realized_kl_vs_medqa_accuracy"":null,""spearman_realized_kl_vs_reference_degradation"":null,""spearman_realized_kl_vs_target_degradation"":-0.9999999999999998,""spearman_realized_kl_vs_target_performance"":0.9999999999999998,""trajectory_point_count"":4}"
setting_2_medqa_medmcqa_selector_trajectory_sweep_v3,setting_2_medqa_medmcqa_selector_trajectory_sweep_v3/repeat_00/olmo7b_instruct/KR64_KT16/pct25.6/safe_hard_feasible_greedy_gamma0.01_epsm1/training_runs/safe_low_rank_adam_reference_constrained_greedy_eta0.0002_metricFplusAlpha_swaps1_feastol1e-06_gamma0.01_epsm1_caln64_calseed42_pct25.6_seed42/summary.json,repeat_00,olmo7b_instruct,safe_hard_feasible_greedy_gamma0.01_epsm1,safe_low_rank_adam_reference_constrained_greedy_eta0.0002_metricFplusAlpha_swaps1_feastol1e-06_gamma0.01_epsm1_caln64_calseed42_pct25.6_seed42,safe_low_rank_adam_reference_constrained_greedy_eta0.0002_metricFplusAlpha_swaps1_feastol1e-06_gamma0.01_epsm1_caln64_calseed42,adam,,,42,0.1722395011349248,0.3390023681640625,0.15605905652046204,0.0013596477219834924,0.40625,0.40625,,0.3620300893032117,,0.5368421052631579,,0.010101010101010102,,0.1872180733432655,,0.53125,,,,,,,,,,,,,0.5098211315201772,0.49251506617631124,148.3031709319912,1.2194647446336307e+17,1867793520.0,0.0,1.2194647633115659e+17,449237925298176.0,3064546305081344.0,1.2501102263623794e+17,True,,,False,True,"{""spearman_predicted_fisher_vs_realized_kl"":0.9999999999999998,""spearman_predicted_fisher_vs_target_degradation"":-0.7999999999999998,""spearman_realized_kl_vs_instruction_degradation"":null,""spearman_realized_kl_vs_medqa_accuracy"":null,""spearman_realized_kl_vs_reference_degradation"":null,""spearman_realized_kl_vs_target_degradation"":-0.7999999999999998,""spearman_realized_kl_vs_target_performance"":0.7999999999999998,""trajectory_point_count"":4}"
setting_2_medqa_medmcqa_selector_trajectory_sweep_v3,setting_2_medqa_medmcqa_selector_trajectory_sweep_v3/repeat_00/olmo7b_instruct/KR64_KT16/pct25.6/safe_hard_feasible_greedy_gamma1_epsm1/training_runs/safe_low_rank_adam_reference_constrained_greedy_eta0.0002_metricFplusAlpha_swaps1_feastol1e-06_gamma1_epsm1_caln64_calseed42_pct25.6_seed42/summary.json,repeat_00,olmo7b_instruct,safe_hard_feasible_greedy_gamma1_epsm1,safe_low_rank_adam_reference_constrained_greedy_eta0.0002_metricFplusAlpha_swaps1_feastol1e-06_gamma1_epsm1_caln64_calseed42_pct25.6_seed42,safe_low_rank_adam_reference_constrained_greedy_eta0.0002_metricFplusAlpha_swaps1_feastol1e-06_gamma1_epsm1_caln64_calseed42,adam,,,42,17.223950113492478,0.3390023681640625,13.924778938293457,0.049079325050115585,0.4453125,0.4453125,,0.33766360173212884,,0.5368421052631579,,0.010101010101010102,,0.13848509820109978,,0.5234375,,,,,,,,,,,,,0.5707217337643578,0.5614201316749164,751.9369470920064,1.2194647446336307e+17,1867793520.0,0.0,1.2194647633115659e+17,3548430947696640.0,1.1980736319250432e+16,1.3392721265040702e+17,True,,,False,True,"{""spearman_predicted_fisher_vs_realized_kl"":0.9901960784313727,""spearman_predicted_fisher_vs_target_degradation"":0.1985294117647059,""spearman_realized_kl_vs_instruction_degradation"":-0.20519567041703082,""spearman_realized_kl_vs_medqa_accuracy"":0.0,""spearman_realized_kl_vs_reference_degradation"":0.9746794344808964,""spearman_realized_kl_vs_target_degradation"":0.20833333333333337,""spearman_realized_kl_vs_target_performance"":-0.20833333333333337,""trajectory_point_count"":17}"
setting_2_medqa_medmcqa_selector_trajectory_sweep_v3,setting_2_medqa_medmcqa_selector_trajectory_sweep_v3/repeat_00/olmo7b_instruct/KR64_KT16/pct25.6/safe_hard_feasible_greedy_gamma0.1_epsm2/training_runs/safe_low_rank_adam_reference_constrained_greedy_eta0.0002_metricFplusAlpha_swaps1_feastol1e-06_gamma0.1_epsm2_caln64_calseed42_pct25.6_seed42/summary.json,repeat_00,olmo7b_instruct,safe_hard_feasible_greedy_gamma0.1_epsm2,safe_low_rank_adam_reference_constrained_greedy_eta0.0002_metricFplusAlpha_swaps1_feastol1e-06_gamma0.1_epsm2_caln64_calseed42_pct25.6_seed42,safe_low_rank_adam_reference_constrained_greedy_eta0.0002_metricFplusAlpha_swaps1_feastol1e-06_gamma0.1_epsm2_caln64_calseed42,adam,,,42,6.8895800453969915,0.678004736328125,6.807490348815918,0.027346167713403702,0.43359375,0.43359375,,0.3500535908458748,,0.5578947368421052,,0.010101010101010102,,0.14221244484964432,,0.5234375,,,,,,,,,,,,,0.6790631100958199,0.6582362249671628,490.4396104729967,1.2194647446336307e+17,1867793520.0,0.0,1.2194647633115659e+17,2017331001704448.0,8059676799311872.0,1.3000615313046846e+17,True,,,False,True,"{""spearman_predicted_fisher_vs_realized_kl"":0.9727272727272728,""spearman_predicted_fisher_vs_target_degradation"":0.23636363636363636,""spearman_realized_kl_vs_instruction_degradation"":-0.6324555320336759,""spearman_realized_kl_vs_medqa_accuracy"":-0.2581988897471611,""spearman_realized_kl_vs_reference_degradation"":0.7745966692414834,""spearman_realized_kl_vs_target_degradation"":0.2636363636363636,""spearman_realized_kl_vs_target_performance"":-0.2636363636363636,""trajectory_point_count"":11}"
setting_2_medqa_medmcqa_selector_trajectory_sweep_v3,setting_2_medqa_medmcqa_selector_trajectory_sweep_v3/repeat_00/olmo7b_instruct/KR64_KT16/pct25.6/safe_corrected_adam_greedy_gamma0.01_epsm0.5/training_runs/safe_low_rank_adam_precondition_before_projection_reference_greedy_marginal_eta0.0064_metricFplusAlpha_gamma0.01_epsm0.5_caln64_calseed42_pct25.6_seed42/summary.json,repeat_00,olmo7b_instruct,safe_corrected_adam_greedy_gamma0.01_epsm0.5,safe_low_rank_adam_precondition_before_projection_reference_greedy_marginal_eta0.0064_metricFplusAlpha_gamma0.01_epsm0.5_caln64_calseed42_pct25.6_seed42,safe_low_rank_adam_precondition_before_projection_reference_greedy_marginal_eta0.0064_metricFplusAlpha_gamma0.01_epsm0.5_caln64_calseed42,adam,,,42,96.93046226652659,7.088332421875,2516.993408203125,49.79343795776367,0.43359375,0.43359375,,0.32508842347319206,,0.5052631578947369,,0.010101010101010102,,0.14491368905164723,,0.54296875,,,,,,,,,,,,,0.522909052810762,0.5189549835479818,762.4468514519976,1.2194647446336307e+17,143873136.0,0.0,1.2194647460723621e+17,3135853630291968.0,1.156815900184576e+16,1.3351463360908197e+17,True,,,True,True,"{""spearman_predicted_fisher_vs_realized_kl"":0.9607843137254903,""spearman_predicted_fisher_vs_target_degradation"":0.10784313725490198,""spearman_realized_kl_vs_instruction_degradation"":-0.41039134083406165,""spearman_realized_kl_vs_medqa_accuracy"":0.15811388300841897,""spearman_realized_kl_vs_reference_degradation"":0.0,""spearman_realized_kl_vs_target_degradation"":0.19607843137254904,""spearman_realized_kl_vs_target_performance"":-0.19607843137254904,""trajectory_point_count"":17}"
setting_2_medqa_medmcqa_selector_trajectory_sweep_v3,setting_2_medqa_medmcqa_selector_trajectory_sweep_v3/repeat_00/olmo7b_instruct/KR64_KT16/pct25.6/safe_corrected_adam_greedy_gamma1_epsm0.5/training_runs/safe_low_rank_adam_precondition_before_projection_reference_greedy_marginal_eta0.0064_metricFplusAlpha_gamma1_epsm0.5_caln64_calseed42_pct25.6_seed42/summary.json,repeat_00,olmo7b_instruct,safe_corrected_adam_greedy_gamma1_epsm0.5,safe_low_rank_adam_precondition_before_projection_reference_greedy_marginal_eta0.0064_metricFplusAlpha_gamma1_epsm0.5_caln64_calseed42_pct25.6_seed42,safe_low_rank_adam_precondition_before_projection_reference_greedy_marginal_eta0.0064_metricFplusAlpha_gamma1_epsm0.5_caln64_calseed42,adam,,,42,9693.04622665266,7.088332421875,7487.14990234375,53.97255325317383,0.44921875,0.44921875,,0.3067334233722687,,0.4842105263157895,,0.010101010101010102,,0.12925632042874802,,0.52734375,,,,,,,,,,,,,0.5402318309446649,0.5371861118223815,748.357567102008,1.2194647446336307e+17,143873136.0,0.0,1.2194647460723621e+17,3663982523596800.0,1.2096287895150592e+16,1.340427625023868e+17,True,,,True,True,"{""spearman_predicted_fisher_vs_realized_kl"":0.9387254901960785,""spearman_predicted_fisher_vs_target_degradation"":0.1862745098039216,""spearman_realized_kl_vs_instruction_degradation"":-0.31622776601683794,""spearman_realized_kl_vs_medqa_accuracy"":null,""spearman_realized_kl_vs_reference_degradation"":0.6999999999999998,""spearman_realized_kl_vs_target_degradation"":0.286764705882353,""spearman_realized_kl_vs_target_performance"":-0.286764705882353,""trajectory_point_count"":17}"
setting_2_medqa_medmcqa_selector_trajectory_sweep_v3,setting_2_medqa_medmcqa_selector_trajectory_sweep_v3/repeat_00/olmo7b_instruct/KR64_KT16/pct25.6/safe_corrected_adam_greedy_gamma0.1_epsm1/training_runs/safe_low_rank_adam_precondition_before_projection_reference_greedy_marginal_eta0.0064_metricFplusAlpha_gamma0.1_epsm1_caln64_calseed42_pct25.6_seed42/summary.json,repeat_00,olmo7b_instruct,safe_corrected_adam_greedy_gamma0.1_epsm1,safe_low_rank_adam_precondition_before_projection_reference_greedy_marginal_eta0.0064_metricFplusAlpha_gamma0.1_epsm1_caln64_calseed42_pct25.6_seed42,safe_low_rank_adam_precondition_before_projection_reference_greedy_marginal_eta0.0064_metricFplusAlpha_gamma0.1_epsm1_caln64_calseed42,adam,,,42,3877.218490661064,14.17666484375,7429.1650390625,62.83216094970703,0.4453125,0.4453125,,0.305432617444847,,0.47368421052631576,,0.010101010101010102,,0.13718102436337823,,0.5234375,,,,,,,,,,,,,0.5206769895473984,0.5084851292196627,756.700249415997,1.2194647446336307e+17,143873136.0,0.0,1.2194647460723621e+17,3580103717781504.0,1.2012409089335296e+16,1.339588836965715e+17,True,,,True,True,"{""spearman_predicted_fisher_vs_realized_kl"":0.8799019607843138,""spearman_predicted_fisher_vs_target_degradation"":0.1911764705882353,""spearman_realized_kl_vs_instruction_degradation"":-0.22360679774997896,""spearman_realized_kl_vs_medqa_accuracy"":-0.7071067811865475,""spearman_realized_kl_vs_reference_degradation"":0.6999999999999998,""spearman_realized_kl_vs_target_degradation"":0.3651960784313726,""spearman_realized_kl_vs_target_performance"":-0.3651960784313726,""trajectory_point_count"":17}"
setting_2_medqa_medmcqa_selector_trajectory_sweep_v3,setting_2_medqa_medmcqa_selector_trajectory_sweep_v3/repeat_00/olmo7b_instruct/KR64_KT16/pct25.6/safe_corrected_adam_greedy_gamma0.01_epsm2/training_runs/safe_low_rank_adam_precondition_before_projection_reference_greedy_marginal_eta0.0064_metricFplusAlpha_gamma0.01_epsm2_caln64_calseed42_pct25.6_seed42/summary.json,repeat_00,olmo7b_instruct,safe_corrected_adam_greedy_gamma0.01_epsm2,safe_low_rank_adam_precondition_before_projection_reference_greedy_marginal_eta0.0064_metricFplusAlpha_gamma0.01_epsm2_caln64_calseed42_pct25.6_seed42,safe_low_rank_adam_precondition_before_projection_reference_greedy_marginal_eta0.0064_metricFplusAlpha_gamma0.01_epsm2_caln64_calseed42,adam,,,42,1550.8873962644254,28.3533296875,3992.183837890625,57.4202766418457,0.41796875,0.41796875,,0.32490826140441137,,0.5052631578947369,,0.010101010101010102,,0.1445533649140859,,0.53515625,,,,,,,,,,,,,0.555681512386131,0.5504559286622143,769.7453837619978,1.2194647446336307e+17,143873136.0,0.0,1.2194647460723621e+17,3262045926850560.0,1.1694351298404352e+16,1.3364082590564056e+17,True,,,True,True,"{""spearman_predicted_fisher_vs_realized_kl"":0.9975490196078433,""spearman_predicted_fisher_vs_target_degradation"":0.18872549019607845,""spearman_realized_kl_vs_instruction_degradation"":-0.10540925533894598,""spearman_realized_kl_vs_medqa_accuracy"":0.10259783520851541,""spearman_realized_kl_vs_reference_degradation"":0.0,""spearman_realized_kl_vs_target_degradation"":0.1862745098039216,""spearman_realized_kl_vs_target_performance"":-0.1862745098039216,""trajectory_point_count"":17}"
setting_2_medqa_medmcqa_selector_trajectory_sweep_v3,setting_2_medqa_medmcqa_selector_trajectory_sweep_v3/repeat_00/olmo7b_instruct/KR64_KT16/pct25.6/safe_corrected_adam_greedy_gamma1_epsm2/training_runs/safe_low_rank_adam_precondition_before_projection_reference_greedy_marginal_eta0.0064_metricFplusAlpha_gamma1_epsm2_caln64_calseed42_pct25.6_seed42/summary.json,repeat_00,olmo7b_instruct,safe_corrected_adam_greedy_gamma1_epsm2,safe_low_rank_adam_precondition_before_projection_reference_greedy_marginal_eta0.0064_metricFplusAlpha_gamma1_epsm2_caln64_calseed42_pct25.6_seed42,safe_low_rank_adam_precondition_before_projection_reference_greedy_marginal_eta0.0064_metricFplusAlpha_gamma1_epsm2_caln64_calseed42,adam,,,42,155088.73962644255,28.3533296875,20526.1484375,121.69725036621094,0.4609375,0.4609375,,0.3984215711058643,,0.631578947368421,,0.010101010101010102,,0.16526419484330757,,0.5703125,,,,,,,,,,,,,0.6667230676662228,0.6376222011600341,760.6379460630124,1.2194647446336307e+17,143873136.0,0.0,1.2194647460723621e+17,3501129619144704.0,1.1933434990698496e+16,1.338799095979347e+17,True,,,True,True,"{""spearman_predicted_fisher_vs_realized_kl"":0.9901960784313727,""spearman_predicted_fisher_vs_target_degradation"":0.3455882352941177,""spearman_realized_kl_vs_instruction_degradation"":-0.8207826816681233,""spearman_realized_kl_vs_medqa_accuracy"":-0.3689323936863109,""spearman_realized_kl_vs_reference_degradation"":0.7071067811865475,""spearman_realized_kl_vs_target_degradation"":0.36274509803921573,""spearman_realized_kl_vs_target_performance"":-0.36274509803921573,""trajectory_point_count"":17}"
setting_2_medqa_medmcqa_selector_trajectory_sweep_v3,setting_2_medqa_medmcqa_selector_trajectory_sweep_v3/repeat_00/olmo7b_instruct/KR64_KT16/pct25.6/baseline_dsir/training_runs/dsir_pct25.6_seed42/summary.json,repeat_00,olmo7b_instruct,baseline_dsir,dsir_pct25.6_seed42,dsir,adam,,,42,,,,,0.4375,0.4375,,0.33531387926112555,,0.5368421052631579,,0.010101010101010102,,0.13378565325909317,,0.55859375,,,,,,,,,,,,,0.5481051136456522,0.5429355101008544,761.6951835079817,0.0,48648000.0,0.0,48648000.0,3517007569502208.0,1.1949312941056e+16,1.1949312989704e+16,True,,,True,True,"{""spearman_predicted_fisher_vs_realized_kl"":0.9264705882352943,""spearman_predicted_fisher_vs_target_degradation"":0.34803921568627455,""spearman_realized_kl_vs_instruction_degradation"":-0.7905694150420948,""spearman_realized_kl_vs_medqa_accuracy"":0.22360679774997896,""spearman_realized_kl_vs_reference_degradation"":0.9746794344808964,""spearman_realized_kl_vs_target_degradation"":0.44362745098039225,""spearman_realized_kl_vs_target_performance"":-0.44362745098039225,""trajectory_point_count"":17}"
setting_2_medqa_medmcqa_selector_trajectory_sweep_v3,setting_2_medqa_medmcqa_selector_trajectory_sweep_v3/repeat_00/olmo7b_instruct/KR64_KT16/pct25.6/baseline_prismatic_no_kl/training_runs/prismatic_low_rank_adam_pct25.6_seed42/summary.json,repeat_00,olmo7b_instruct,baseline_prismatic_no_kl,prismatic_low_rank_adam_pct25.6_seed42,prismatic_low_rank_adam,adam,,,42,,,,,0.46484375,0.46484375,,0.34247607767783794,,0.5473684210526316,,0.010101010101010102,,0.1375837343030443,,0.5703125,,,,,,,,,,,,,0.6156332908874833,0.6017690792076836,762.9935237400059,1.2194647446336307e+17,1340406000.0,0.0,1.2194647580376907e+17,2984888405950464.0,1.1417193777504256e+16,1.3336366958127333e+17,True,,,True,True,"{""spearman_predicted_fisher_vs_realized_kl"":0.7009803921568628,""spearman_predicted_fisher_vs_target_degradation"":0.3774509803921569,""spearman_realized_kl_vs_instruction_degradation"":-0.20519567041703082,""spearman_realized_kl_vs_medqa_accuracy"":-0.31622776601683794,""spearman_realized_kl_vs_reference_degradation"":0.09999999999999998,""spearman_realized_kl_vs_target_degradation"":0.2058823529411765,""spearman_realized_kl_vs_target_performance"":-0.2058823529411765,""trajectory_point_count"":17}"
setting_2_medqa_medmcqa_selector_trajectory_sweep_v3,setting_2_medqa_medmcqa_selector_trajectory_sweep_v3/repeat_00/olmo7b_instruct/KR64_KT16/pct25.6/safe_legacy_adam_greedy_gamma0.1_epsm0.5/training_runs/safe_low_rank_adam_reference_greedy_marginal_eta0.0002_metricFplusAlpha_gamma0.1_epsm0.5_caln64_calseed42_pct25.6_seed42/summary.json,repeat_00,olmo7b_instruct,safe_legacy_adam_greedy_gamma0.1_epsm0.5,safe_low_rank_adam_reference_greedy_marginal_eta0.0002_metricFplusAlpha_gamma0.1_epsm0.5_caln64_calseed42_pct25.6_seed42,safe_low_rank_adam_reference_greedy_marginal_eta0.0002_metricFplusAlpha_gamma0.1_epsm0.5_caln64_calseed42,adam,,,42,0.43059875283731197,0.16950118408203124,4.073423862457275,0.02722480334341526,0.46875,0.46875,,0.32056920648908005,,0.49473684210526314,,0.010101010101010102,,0.146401570872897,,0.51953125,,,,,,,,,,,,,0.5605907435865275,0.5524786503283008,754.221897837997,1.2194647446336307e+17,169313136.0,0.0,1.2194647463267621e+17,3344511511953408.0,1.17768168835072e+16,1.3372329151618341e+17,True,,,False,True,"{""spearman_predicted_fisher_vs_realized_kl"":0.9975490196078433,""spearman_predicted_fisher_vs_target_degradation"":0.28921568627450983,""spearman_realized_kl_vs_instruction_degradation"":-0.6668859288553503,""spearman_realized_kl_vs_medqa_accuracy"":-0.22360679774997896,""spearman_realized_kl_vs_reference_degradation"":0.15389675281277312,""spearman_realized_kl_vs_target_degradation"":0.2916666666666667,""spearman_realized_kl_vs_target_performance"":-0.2916666666666667,""trajectory_point_count"":17}"
setting_2_medqa_medmcqa_selector_trajectory_sweep_v3,setting_2_medqa_medmcqa_selector_trajectory_sweep_v3/repeat_00/olmo7b_instruct/KR64_KT16/pct25.6/safe_legacy_adam_greedy_gamma0.01_epsm1/training_runs/safe_low_rank_adam_reference_greedy_marginal_eta0.0002_metricFplusAlpha_gamma0.01_epsm1_caln64_calseed42_pct25.6_seed42/summary.json,repeat_00,olmo7b_instruct,safe_legacy_adam_greedy_gamma0.01_epsm1,safe_low_rank_adam_reference_greedy_marginal_eta0.0002_metricFplusAlpha_gamma0.01_epsm1_caln64_calseed42_pct25.6_seed42,safe_low_rank_adam_reference_greedy_marginal_eta0.0002_metricFplusAlpha_gamma0.01_epsm1_caln64_calseed42,adam,,,42,0.1722395011349248,0.3390023681640625,2.917149782180786,0.02859720215201378,0.41015625,0.41015625,,0.3074774348044013,,0.47368421052631576,,0.010101010101010102,,0.14127065908248687,,0.5078125,,,,,,,,,,,,,0.4927278869117628,0.4882792161773226,756.7153869839967,1.2194647446336307e+17,169313136.0,0.0,1.2194647463267621e+17,3098195454836736.0,1.1530500826390528e+16,1.3347697545906674e+17,True,,,False,True,"{""spearman_predicted_fisher_vs_realized_kl"":0.9975490196078433,""spearman_predicted_fisher_vs_target_degradation"":-0.411764705882353,""spearman_realized_kl_vs_instruction_degradation"":-0.9486832980505138,""spearman_realized_kl_vs_medqa_accuracy"":-0.22360679774997896,""spearman_realized_kl_vs_reference_degradation"":0.22360679774997896,""spearman_realized_kl_vs_target_degradation"":-0.40196078431372556,""spearman_realized_kl_vs_target_performance"":0.40196078431372556,""trajectory_point_count"":17}"
setting_2_medqa_medmcqa_selector_trajectory_sweep_v3,setting_2_medqa_medmcqa_selector_trajectory_sweep_v3/repeat_00/olmo7b_instruct/KR64_KT16/pct25.6/safe_legacy_adam_greedy_gamma1_epsm1/training_runs/safe_low_rank_adam_reference_greedy_marginal_eta0.0002_metricFplusAlpha_gamma1_epsm1_caln64_calseed42_pct25.6_seed42/summary.json,repeat_00,olmo7b_instruct,safe_legacy_adam_greedy_gamma1_epsm1,safe_low_rank_adam_reference_greedy_marginal_eta0.0002_metricFplusAlpha_gamma1_epsm1_caln64_calseed42_pct25.6_seed42,safe_low_rank_adam_reference_greedy_marginal_eta0.0002_metricFplusAlpha_gamma1_epsm1_caln64_calseed42,adam,,,42,17.223950113492478,0.3390023681640625,14.599652290344238,0.05182506889104843,0.46875,0.46875,,0.30385984708645375,,0.4631578947368421,,0.010101010101010102,,0.14456179943606545,,0.50390625,,,,,,,,,,,,,0.5639930749206965,0.5431632157845193,763.2413604430039,1.2194647446336307e+17,169313136.0,0.0,1.2194647463267621e+17,3709953762066432.0,1.2142259133620224e+16,1.3408873376629643e+17,True,,,False,True,"{""spearman_predicted_fisher_vs_realized_kl"":0.9166666666666667,""spearman_predicted_fisher_vs_target_degradation"":0.15686274509803924,""spearman_realized_kl_vs_instruction_degradation"":-0.051298917604257706,""spearman_realized_kl_vs_medqa_accuracy"":-0.3689323936863109,""spearman_realized_kl_vs_reference_degradation"":0.8944271909999159,""spearman_realized_kl_vs_target_degradation"":0.24509803921568632,""spearman_realized_kl_vs_target_performance"":-0.24509803921568632,""trajectory_point_count"":17}"
setting_2_medqa_medmcqa_selector_trajectory_sweep_v3,setting_2_medqa_medmcqa_selector_trajectory_sweep_v3/repeat_00/olmo7b_instruct/KR64_KT16/pct25.6/safe_legacy_adam_greedy_gamma0.1_epsm2/training_runs/safe_low_rank_adam_reference_greedy_marginal_eta0.0002_metricFplusAlpha_gamma0.1_epsm2_caln64_calseed42_pct25.6_seed42/summary.json,repeat_00,olmo7b_instruct,safe_legacy_adam_greedy_gamma0.1_epsm2,safe_low_rank_adam_reference_greedy_marginal_eta0.0002_metricFplusAlpha_gamma0.1_epsm2_caln64_calseed42_pct25.6_seed42,safe_low_rank_adam_reference_greedy_marginal_eta0.0002_metricFplusAlpha_gamma0.1_epsm2_caln64_calseed42,adam,,,42,6.8895800453969915,0.678004736328125,11.533510208129883,0.05219075083732605,0.44140625,0.44140625,,0.36574117442942455,,0.5789473684210527,,0.010101010101010102,,0.1525349804377964,,0.53515625,,,,,,,,,,,,,0.5338052542744359,0.5251542542274977,753.6477369449858,1.2194647446336307e+17,169313136.0,0.0,1.2194647463267621e+17,3445515227578368.0,1.187782059913216e+16,1.3382429523180837e+17,True,,,False,True,"{""spearman_predicted_fisher_vs_realized_kl"":0.911764705882353,""spearman_predicted_fisher_vs_target_degradation"":0.2058823529411765,""spearman_realized_kl_vs_instruction_degradation"":-0.20519567041703082,""spearman_realized_kl_vs_medqa_accuracy"":null,""spearman_realized_kl_vs_reference_degradation"":0.9746794344808964,""spearman_realized_kl_vs_target_degradation"":0.32843137254901966,""spearman_realized_kl_vs_target_performance"":-0.32843137254901966,""trajectory_point_count"":17}"
setting_2_medqa_medmcqa_selector_trajectory_sweep_v3,setting_2_medqa_medmcqa_selector_trajectory_sweep_v3/repeat_00/olmo7b_instruct/KR64_KT16/pct25.6/safe_hard_feasible_greedy_gamma0.01_epsm0.5/training_runs/safe_low_rank_adam_reference_constrained_greedy_eta0.0002_metricFplusAlpha_swaps1_feastol1e-06_gamma0.01_epsm0.5_caln64_calseed42_pct25.6_seed42/summary.json,repeat_00,olmo7b_instruct,safe_hard_feasible_greedy_gamma0.01_epsm0.5,safe_low_rank_adam_reference_constrained_greedy_eta0.0002_metricFplusAlpha_swaps1_feastol1e-06_gamma0.01_epsm0.5_caln64_calseed42_pct25.6_seed42,safe_low_rank_adam_reference_constrained_greedy_eta0.0002_metricFplusAlpha_swaps1_feastol1e-06_gamma0.01_epsm0.5_caln64_calseed42,adam,,,42,0.0430598752837312,0.16950118408203124,0.037195879966020584,0.00044774787966161966,0.453125,0.453125,,0.394958815511709,,0.5473684210526316,,0.010101010101010102,,0.24254920997078644,,0.50390625,,,,,,,,,,,,,0.5712551410259771,0.5413368489036431,130.17360503200325,1.2194647446336307e+17,1867793520.0,0.0,1.2194647633115659e+17,275744300187648.0,2620476333957120.0,1.2456695266511371e+17,True,,,False,True,"{""spearman_predicted_fisher_vs_realized_kl"":0.9999999999999998,""spearman_predicted_fisher_vs_target_degradation"":-0.9999999999999998,""spearman_realized_kl_vs_instruction_degradation"":null,""spearman_realized_kl_vs_medqa_accuracy"":null,""spearman_realized_kl_vs_reference_degradation"":null,""spearman_realized_kl_vs_target_degradation"":-0.9999999999999998,""spearman_realized_kl_vs_target_performance"":0.9999999999999998,""trajectory_point_count"":3}"
setting_2_medqa_medmcqa_selector_trajectory_sweep_v3,setting_2_medqa_medmcqa_selector_trajectory_sweep_v3/repeat_00/olmo7b_instruct/KR64_KT16/pct25.6/safe_hard_feasible_greedy_gamma1_epsm0.5/training_runs/safe_low_rank_adam_reference_constrained_greedy_eta0.0002_metricFplusAlpha_swaps1_feastol1e-06_gamma1_epsm0.5_caln64_calseed42_pct25.6_seed42/summary.json,repeat_00,olmo7b_instruct,safe_hard_feasible_greedy_gamma1_epsm0.5,safe_low_rank_adam_reference_constrained_greedy_eta0.0002_metricFplusAlpha_swaps1_feastol1e-06_gamma1_epsm0.5_caln64_calseed42_pct25.6_seed42,safe_low_rank_adam_reference_constrained_greedy_eta0.0002_metricFplusAlpha_swaps1_feastol1e-06_gamma1_epsm0.5_caln64_calseed42,adam,,,42,4.3059875283731195,0.16950118408203124,4.092438697814941,0.013600924052298069,0.44921875,0.44921875,,0.329516728880916,,0.5157894736842106,,0.010101010101010102,,0.14324398407762134,,0.48046875,,,,,,,,,,,,,0.582871136186761,0.5616758875311185,379.55964594101533,1.2194647446336307e+17,1867793520.0,0.0,1.2194647633115659e+17,2067292510420992.0,6801984118136832.0,1.2874846044929342e+17,True,,,False,True,"{""spearman_predicted_fisher_vs_realized_kl"":0.9999999999999999,""spearman_predicted_fisher_vs_target_degradation"":0.016666666666666663,""spearman_realized_kl_vs_instruction_degradation"":-0.8660254037844387,""spearman_realized_kl_vs_medqa_accuracy"":null,""spearman_realized_kl_vs_reference_degradation"":0.4999999999999999,""spearman_realized_kl_vs_target_degradation"":0.016666666666666663,""spearman_realized_kl_vs_target_performance"":-0.016666666666666663,""trajectory_point_count"":9}"
setting_2_medqa_medmcqa_selector_trajectory_sweep_v3,setting_2_medqa_medmcqa_selector_trajectory_sweep_v3/repeat_00/olmo7b_instruct/KR64_KT16/pct25.6/safe_hard_feasible_greedy_gamma0.1_epsm1/training_runs/safe_low_rank_adam_reference_constrained_greedy_eta0.0002_metricFplusAlpha_swaps1_feastol1e-06_gamma0.1_epsm1_caln64_calseed42_pct25.6_seed42/summary.json,repeat_00,olmo7b_instruct,safe_hard_feasible_greedy_gamma0.1_epsm1,safe_low_rank_adam_reference_constrained_greedy_eta0.0002_metricFplusAlpha_swaps1_feastol1e-06_gamma0.1_epsm1_caln64_calseed42_pct25.6_seed42,safe_low_rank_adam_reference_constrained_greedy_eta0.0002_metricFplusAlpha_swaps1_feastol1e-06_gamma0.1_epsm1_caln64_calseed42,adam,,,42,1.7223950113492479,0.3390023681640625,1.6857218742370605,0.006598157342523336,0.44921875,0.44921875,,0.33890045294958715,,0.5368421052631579,,0.010101010101010102,,0.14095880063601635,,0.515625,,,,,,,,,,,,,0.5907159546355764,0.5733496561720169,286.12309968599584,1.2194647446336307e+17,1867793520.0,0.0,1.2194647633115659e+17,959244341231616.0,4882206910906368.0,1.2682868324206296e+17,True,,,False,True,"{""spearman_predicted_fisher_vs_realized_kl"":1.0,""spearman_predicted_fisher_vs_target_degradation"":-0.02857142857142857,""spearman_realized_kl_vs_instruction_degradation"":-0.4999999999999999,""spearman_realized_kl_vs_medqa_accuracy"":null,""spearman_realized_kl_vs_reference_degradation"":0.8660254037844387,""spearman_realized_kl_vs_target_degradation"":-0.02857142857142857,""spearman_realized_kl_vs_target_performance"":0.02857142857142857,""trajectory_point_count"":6}"
setting_2_medqa_medmcqa_selector_trajectory_sweep_v3,setting_2_medqa_medmcqa_selector_trajectory_sweep_v3/repeat_00/olmo7b_instruct/KR64_KT16/pct25.6/safe_hard_feasible_greedy_gamma0.01_epsm2/training_runs/safe_low_rank_adam_reference_constrained_greedy_eta0.0002_metricFplusAlpha_swaps1_feastol1e-06_gamma0.01_epsm2_caln64_calseed42_pct25.6_seed42/summary.json,repeat_00,olmo7b_instruct,safe_hard_feasible_greedy_gamma0.01_epsm2,safe_low_rank_adam_reference_constrained_greedy_eta0.0002_metricFplusAlpha_swaps1_feastol1e-06_gamma0.01_epsm2_caln64_calseed42_pct25.6_seed42,safe_low_rank_adam_reference_constrained_greedy_eta0.0002_metricFplusAlpha_swaps1_feastol1e-06_gamma0.01_epsm2_caln64_calseed42,adam,,,42,0.6889580045396992,0.678004736328125,0.6601585149765015,0.004306199494749308,0.3984375,0.3984375,,0.3283966980710022,,0.5052631578947369,,0.010101010101010102,,0.15153023824726755,,0.53125,,,,,,,,,,,,,0.5191850887228766,0.5054210309947542,265.32728435099125,1.2194647446336307e+17,1867793520.0,0.0,1.2194647633115659e+17,826900378042368.0,4749862947717120.0,1.2669633927887371e+17,True,,,False,True,"{""spearman_predicted_fisher_vs_realized_kl"":1.0,""spearman_predicted_fisher_vs_target_degradation"":-0.42857142857142855,""spearman_realized_kl_vs_instruction_degradation"":-0.4999999999999999,""spearman_realized_kl_vs_medqa_accuracy"":-0.8660254037844387,""spearman_realized_kl_vs_reference_degradation"":0.8660254037844387,""spearman_realized_kl_vs_target_degradation"":-0.42857142857142855,""spearman_realized_kl_vs_target_performance"":0.42857142857142855,""trajectory_point_count"":6}"
setting_2_medqa_medmcqa_selector_trajectory_sweep_v3,setting_2_medqa_medmcqa_selector_trajectory_sweep_v3/repeat_00/olmo7b_instruct/KR64_KT16/pct25.6/safe_hard_feasible_greedy_gamma1_epsm2/training_runs/safe_low_rank_adam_reference_constrained_greedy_eta0.0002_metricFplusAlpha_swaps1_feastol1e-06_gamma1_epsm2_caln64_calseed42_pct25.6_seed42/summary.json,repeat_00,olmo7b_instruct,safe_hard_feasible_greedy_gamma1_epsm2,safe_low_rank_adam_reference_constrained_greedy_eta0.0002_metricFplusAlpha_swaps1_feastol1e-06_gamma1_epsm2_caln64_calseed42_pct25.6_seed42,safe_low_rank_adam_reference_constrained_greedy_eta0.0002_metricFplusAlpha_swaps1_feastol1e-06_gamma1_epsm2_caln64_calseed42,adam,,,42,68.89580045396991,0.678004736328125,23.462120056152344,0.08143861591815948,0.44921875,0.44921875,,0.3934576944394466,,0.6421052631578947,,0.010101010101010102,,0.14481012572099852,,0.5859375,,,,,,,,,,,,,0.6519526372447606,0.6288821978810152,760.2689000919927,1.2194647446336307e+17,1867793520.0,0.0,1.2194647633115659e+17,3402287299903488.0,1.183459267145728e+16,1.3378106900261387e+17,True,,,False,True,"{""spearman_predicted_fisher_vs_realized_kl"":0.965686274509804,""spearman_predicted_fisher_vs_target_degradation"":0.2843137254901961,""spearman_realized_kl_vs_instruction_degradation"":-0.6708203932499369,""spearman_realized_kl_vs_medqa_accuracy"":0.35355339059327373,""spearman_realized_kl_vs_reference_degradation"":0.15389675281277312,""spearman_realized_kl_vs_target_degradation"":0.3602941176470589,""spearman_realized_kl_vs_target_performance"":-0.3602941176470589,""trajectory_point_count"":17}"
setting_2_medqa_medmcqa_selector_trajectory_sweep_v3,setting_2_medqa_medmcqa_selector_trajectory_sweep_v3/repeat_00/olmo7b_instruct/KR64_KT16/pct25.6/safe_corrected_adam_greedy_gamma0.1_epsm0.5/training_runs/safe_low_rank_adam_precondition_before_projection_reference_greedy_marginal_eta0.0064_metricFplusAlpha_gamma0.1_epsm0.5_caln64_calseed42_pct25.6_seed42/summary.json,repeat_00,olmo7b_instruct,safe_corrected_adam_greedy_gamma0.1_epsm0.5,safe_low_rank_adam_precondition_before_projection_reference_greedy_marginal_eta0.0064_metricFplusAlpha_gamma0.1_epsm0.5_caln64_calseed42_pct25.6_seed42,safe_low_rank_adam_precondition_before_projection_reference_greedy_marginal_eta0.0064_metricFplusAlpha_gamma0.1_epsm0.5_caln64_calseed42,adam,,,42,969.304622665266,7.088332421875,4625.3876953125,49.406761169433594,0.4453125,0.4453125,,0.3283885420409938,,0.5052631578947369,,0.010101010101010102,,0.15151392618725082,,0.54296875,,,,,,,,,,,,,0.5125660024694629,0.5143486855558733,768.256335197977,1.2194647446336307e+17,143873136.0,0.0,1.2194647460723621e+17,3476938605772800.0,1.1909243977326592e+16,1.338557185845628e+17,True,,,True,True,"{""spearman_predicted_fisher_vs_realized_kl"":0.9901960784313727,""spearman_predicted_fisher_vs_target_degradation"":0.1936274509803922,""spearman_realized_kl_vs_instruction_degradation"":-0.8944271909999159,""spearman_realized_kl_vs_medqa_accuracy"":0.7071067811865475,""spearman_realized_kl_vs_reference_degradation"":0.9746794344808964,""spearman_realized_kl_vs_target_degradation"":0.20833333333333337,""spearman_realized_kl_vs_target_performance"":-0.20833333333333337,""trajectory_point_count"":17}"
setting_2_medqa_medmcqa_selector_trajectory_sweep_v3,setting_2_medqa_medmcqa_selector_trajectory_sweep_v3/repeat_00/olmo7b_instruct/KR64_KT16/pct25.6/safe_corrected_adam_greedy_gamma0.01_epsm1/training_runs/safe_low_rank_adam_precondition_before_projection_reference_greedy_marginal_eta0.0064_metricFplusAlpha_gamma0.01_epsm1_caln64_calseed42_pct25.6_seed42/summary.json,repeat_00,olmo7b_instruct,safe_corrected_adam_greedy_gamma0.01_epsm1,safe_low_rank_adam_precondition_before_projection_reference_greedy_marginal_eta0.0064_metricFplusAlpha_gamma0.01_epsm1_caln64_calseed42_pct25.6_seed42,safe_low_rank_adam_precondition_before_projection_reference_greedy_marginal_eta0.0064_metricFplusAlpha_gamma0.01_epsm1_caln64_calseed42,adam,,,42,387.72184906610636,14.17666484375,2967.180419921875,52.03042221069336,0.41015625,0.41015625,,0.3124219284951651,,0.4842105263157895,,0.010101010101010102,,0.14063333067454067,,0.53125,,,,,,,,,,,,,0.5036131526104104,0.5038401591832964,745.4379121809907,1.2194647446336307e+17,143873136.0,0.0,1.2194647460723621e+17,3171433539993600.0,1.1603738911547392e+16,1.335502135187836e+17,True,,,True,True,"{""spearman_predicted_fisher_vs_realized_kl"":0.8921568627450982,""spearman_predicted_fisher_vs_target_degradation"":-0.019607843137254905,""spearman_realized_kl_vs_instruction_degradation"":-0.20519567041703082,""spearman_realized_kl_vs_medqa_accuracy"":0.6668859288553503,""spearman_realized_kl_vs_reference_degradation"":0.051298917604257706,""spearman_realized_kl_vs_target_degradation"":0.12009803921568629,""spearman_realized_kl_vs_target_performance"":-0.12009803921568629,""trajectory_point_count"":17}"
setting_2_medqa_medmcqa_selector_trajectory_sweep_v3,setting_2_medqa_medmcqa_selector_trajectory_sweep_v3/repeat_00/olmo7b_instruct/KR64_KT16/pct25.6/safe_corrected_adam_greedy_gamma1_epsm1/training_runs/safe_low_rank_adam_precondition_before_projection_reference_greedy_marginal_eta0.0064_metricFplusAlpha_gamma1_epsm1_caln64_calseed42_pct25.6_seed42/summary.json,repeat_00,olmo7b_instruct,safe_corrected_adam_greedy_gamma1_epsm1,safe_low_rank_adam_precondition_before_projection_reference_greedy_marginal_eta0.0064_metricFplusAlpha_gamma1_epsm1_caln64_calseed42_pct25.6_seed42,safe_low_rank_adam_precondition_before_projection_reference_greedy_marginal_eta0.0064_metricFplusAlpha_gamma1_epsm1_caln64_calseed42,adam,,,42,38772.18490661064,14.17666484375,12287.044921875,75.80504608154297,0.453125,0.453125,,0.32903583733719766,,0.5263157894736842,,0.010101010101010102,,0.13175588520071113,,0.53515625,,,,,,,,,,,,,0.5667089522544788,0.5577640448529925,757.510385275993,1.2194647446336307e+17,143873136.0,0.0,1.2194647460723621e+17,3712530811600896.0,1.2144836183154688e+16,1.340913107903909e+17,True,,,True,True,"{""spearman_predicted_fisher_vs_realized_kl"":0.8995098039215688,""spearman_predicted_fisher_vs_target_degradation"":0.20343137254901963,""spearman_realized_kl_vs_instruction_degradation"":-0.5270462766947299,""spearman_realized_kl_vs_medqa_accuracy"":-0.8660254037844386,""spearman_realized_kl_vs_reference_degradation"":0.9746794344808964,""spearman_realized_kl_vs_target_degradation"":0.40686274509803927,""spearman_realized_kl_vs_target_performance"":-0.40686274509803927,""trajectory_point_count"":17}"
setting_2_medqa_medmcqa_selector_trajectory_sweep_v3,setting_2_medqa_medmcqa_selector_trajectory_sweep_v3/repeat_00/olmo7b_instruct/KR64_KT16/pct25.6/safe_corrected_adam_greedy_gamma0.1_epsm2/training_runs/safe_low_rank_adam_precondition_before_projection_reference_greedy_marginal_eta0.0064_metricFplusAlpha_gamma0.1_epsm2_caln64_calseed42_pct25.6_seed42/summary.json,repeat_00,olmo7b_instruct,safe_corrected_adam_greedy_gamma0.1_epsm2,safe_low_rank_adam_precondition_before_projection_reference_greedy_marginal_eta0.0064_metricFplusAlpha_gamma0.1_epsm2_caln64_calseed42_pct25.6_seed42,safe_low_rank_adam_precondition_before_projection_reference_greedy_marginal_eta0.0064_metricFplusAlpha_gamma0.1_epsm2_caln64_calseed42,adam,,,42,15508.873962644257,28.3533296875,14683.328125,101.81781005859375,0.4609375,0.4609375,,0.3432350713266545,,0.5263157894736842,,0.010101010101010102,,0.16015435317962476,,0.53515625,,,,,,,,,,,,,0.6538586427270229,0.6372665290885873,766.6129139190016,1.2194647446336307e+17,143873136.0,0.0,1.2194647460723621e+17,3495975520075776.0,1.1928280891629568e+16,1.3387475549886578e+17,True,,,True,True,"{""spearman_predicted_fisher_vs_realized_kl"":0.9142156862745099,""spearman_predicted_fisher_vs_target_degradation"":0.37009803921568635,""spearman_realized_kl_vs_instruction_degradation"":-0.872081599272381,""spearman_realized_kl_vs_medqa_accuracy"":null,""spearman_realized_kl_vs_reference_degradation"":0.7071067811865475,""spearman_realized_kl_vs_target_degradation"":0.4705882352941177,""spearman_realized_kl_vs_target_performance"":-0.4705882352941177,""trajectory_point_count"":17}"
setting_2_medqa_medmcqa_selector_trajectory_sweep_v3,setting_2_medqa_medmcqa_selector_trajectory_sweep_v3/repeat_02/olmo7b_instruct/KR64_KT16/pct25.6/baseline_random/training_runs/random_pct25.6_seed44/summary.json,repeat_02,olmo7b_instruct,baseline_random,random_pct25.6_seed44,random,adam,,,44,,,,,0.47265625,0.47265625,0.04296875,0.3057785820183002,-0.09813888226215828,0.49,-0.06000000000000005,0.0,-0.031914893617021274,0.12155716403660048,-0.13627776452431645,0.52734375,-0.00390625,,,,,,,,,,,,0.5282430449439727,0.5191719692370245,698.9163991280075,,,,,3024541716529152.0,1.108399235678208e+16,,,,,True,True,"{""spearman_predicted_fisher_vs_realized_kl"":0.9142156862745099,""spearman_predicted_fisher_vs_target_degradation"":0.1519607843137255,""spearman_realized_kl_vs_instruction_degradation"":-0.7071067811865475,""spearman_realized_kl_vs_medqa_accuracy"":0.35909242322980395,""spearman_realized_kl_vs_reference_degradation"":0.872081599272381,""spearman_realized_kl_vs_target_degradation"":0.2769607843137255,""spearman_realized_kl_vs_target_performance"":-0.2769607843137255,""trajectory_point_count"":17}"
setting_2_medqa_medmcqa_selector_trajectory_sweep_v3,setting_2_medqa_medmcqa_selector_trajectory_sweep_v3/repeat_02/olmo7b_instruct/KR64_KT16/pct25.6/safe_fractional_relaxation_gamma0.01_epsm0.5/training_runs/safe_low_rank_adam_reference_relaxed_eta0.0002_metricFplusAlpha_clarabel_wthresh1e-08_gamma0.01_epsm0.5_caln64_calseed44_pct25.6_seed44/summary.json,repeat_02,olmo7b_instruct,safe_fractional_relaxation_gamma0.01_epsm0.5,safe_low_rank_adam_reference_relaxed_eta0.0002_metricFplusAlpha_clarabel_wthresh1e-08_gamma0.01_epsm0.5_caln64_calseed44_pct25.6_seed44,safe_low_rank_adam_reference_relaxed_eta0.0002_metricFplusAlpha_clarabel_wthresh1e-08_gamma0.01_epsm0.5_caln64_calseed44,adam,,,44,0.03396494108133684,0.17917000732421878,0.03396492451429367,0.0005322413635440171,0.421875,0.421875,,0.29864853856099394,,0.44,,0.0,,0.15729707712198784,,0.43359375,,,,,,,,,,,,,0.5061012166332594,0.500293066264229,152.5763612909941,,,,1.2194647446336307e+17,710933148991488.0,3238511003762688.0,1.2518498546712576e+17,,,,False,True,"{""spearman_predicted_fisher_vs_realized_kl"":0.9999999999999998,""spearman_predicted_fisher_vs_target_degradation"":-0.7999999999999998,""spearman_realized_kl_vs_instruction_degradation"":null,""spearman_realized_kl_vs_medqa_accuracy"":null,""spearman_realized_kl_vs_reference_degradation"":null,""spearman_realized_kl_vs_target_degradation"":-0.7999999999999998,""spearman_realized_kl_vs_target_performance"":0.7999999999999998,""trajectory_point_count"":4}"
setting_2_medqa_medmcqa_selector_trajectory_sweep_v3,setting_2_medqa_medmcqa_selector_trajectory_sweep_v3/repeat_02/olmo7b_instruct/KR64_KT16/pct25.6/safe_fractional_relaxation_gamma0.1_epsm0.5/training_runs/safe_low_rank_adam_reference_relaxed_eta0.0002_metricFplusAlpha_clarabel_wthresh1e-08_gamma0.1_epsm0.5_caln64_calseed44_pct25.6_seed44/summary.json,repeat_02,olmo7b_instruct,safe_fractional_relaxation_gamma0.1_epsm0.5,safe_low_rank_adam_reference_relaxed_eta0.0002_metricFplusAlpha_clarabel_wthresh1e-08_gamma0.1_epsm0.5_caln64_calseed44_pct25.6_seed44,safe_low_rank_adam_reference_relaxed_eta0.0002_metricFplusAlpha_clarabel_wthresh1e-08_gamma0.1_epsm0.5_caln64_calseed44,adam,,,44,0.33964941081336836,0.17917000732421878,0.339649498462677,0.0029561494011431932,0.4140625,0.4140625,,0.2709709167357411,,0.44,,0.0,,0.10194183347148217,,0.4453125,,,,,,,,,,,,,0.5062197969535237,0.49642985370024767,319.9662087280012,,,,1.2194647446336307e+17,1698608165732352.0,5987262377410560.0,1.2793373684077363e+17,,,,False,True,"{""spearman_predicted_fisher_vs_realized_kl"":1.0,""spearman_predicted_fisher_vs_target_degradation"":-0.5952380952380952,""spearman_realized_kl_vs_instruction_degradation"":-0.8660254037844387,""spearman_realized_kl_vs_medqa_accuracy"":0.9999999999999998,""spearman_realized_kl_vs_reference_degradation"":0.4999999999999999,""spearman_realized_kl_vs_target_degradation"":-0.5952380952380952,""spearman_realized_kl_vs_target_performance"":0.5952380952380952,""trajectory_point_count"":8}"
setting_2_medqa_medmcqa_selector_trajectory_sweep_v3,setting_2_medqa_medmcqa_selector_trajectory_sweep_v3/repeat_02/olmo7b_instruct/KR64_KT16/pct25.6/safe_fractional_relaxation_gamma1_epsm0.5/training_runs/safe_low_rank_adam_reference_relaxed_eta0.0002_metricFplusAlpha_clarabel_wthresh1e-08_gamma1_epsm0.5_caln64_calseed44_pct25.6_seed44/summary.json,repeat_02,olmo7b_instruct,safe_fractional_relaxation_gamma1_epsm0.5,safe_low_rank_adam_reference_relaxed_eta0.0002_metricFplusAlpha_clarabel_wthresh1e-08_gamma1_epsm0.5_caln64_calseed44_pct25.6_seed44,safe_low_rank_adam_reference_relaxed_eta0.0002_metricFplusAlpha_clarabel_wthresh1e-08_gamma1_epsm0.5_caln64_calseed44,adam,,,44,3.3964941081336835,0.17917000732421878,2.935468912124634,0.013702302239835262,0.4609375,0.4609375,,0.30666443431193074,,0.47,,0.0,,0.14332886862386152,,0.49609375,,,,,,,,,,,,,0.5694137431210096,0.5490217635743481,436.01807477998955,,,,1.2194647446336307e+17,2335721315155968.0,7888164454219776.0,1.2983463891758285e+17,,,,False,True,"{""spearman_predicted_fisher_vs_realized_kl"":0.9878787878787879,""spearman_predicted_fisher_vs_target_degradation"":0.15151515151515152,""spearman_realized_kl_vs_instruction_degradation"":-0.7745966692414834,""spearman_realized_kl_vs_medqa_accuracy"":0.9999999999999998,""spearman_realized_kl_vs_reference_degradation"":0.7378647873726218,""spearman_realized_kl_vs_target_degradation"":0.16363636363636364,""spearman_realized_kl_vs_target_performance"":-0.16363636363636364,""trajectory_point_count"":10}"
setting_2_medqa_medmcqa_selector_trajectory_sweep_v3,setting_2_medqa_medmcqa_selector_trajectory_sweep_v3/repeat_02/olmo7b_instruct/KR64_KT16/pct25.6/safe_fractional_relaxation_gamma0.1_epsm1/training_runs/safe_low_rank_adam_reference_relaxed_eta0.0002_metricFplusAlpha_clarabel_wthresh1e-08_gamma0.1_epsm1_caln64_calseed44_pct25.6_seed44/summary.json,repeat_02,olmo7b_instruct,safe_fractional_relaxation_gamma0.1_epsm1,safe_low_rank_adam_reference_relaxed_eta0.0002_metricFplusAlpha_clarabel_wthresh1e-08_gamma0.1_epsm1_caln64_calseed44_pct25.6_seed44,safe_low_rank_adam_reference_relaxed_eta0.0002_metricFplusAlpha_clarabel_wthresh1e-08_gamma0.1_epsm1_caln64_calseed44,adam,,,44,1.3585976432534734,0.35834001464843757,1.3585987091064453,0.010394011624157429,0.46484375,0.46484375,,0.30769556611622423,,0.48,,0.0,,0.1353911322324485,,0.5234375,,,,,,,,,,,,,0.4965305546230531,0.48821759604368264,465.6652484340011,,,,1.2194647446336307e+17,2326576945840128.0,8127663799664640.0,1.3007413826302771e+17,,,,False,True,"{""spearman_predicted_fisher_vs_realized_kl"":0.9090909090909091,""spearman_predicted_fisher_vs_target_degradation"":-0.5181818181818182,""spearman_realized_kl_vs_instruction_degradation"":-0.7745966692414834,""spearman_realized_kl_vs_medqa_accuracy"":0.6324555320336759,""spearman_realized_kl_vs_reference_degradation"":0.0,""spearman_realized_kl_vs_target_degradation"":-0.34545454545454546,""spearman_realized_kl_vs_target_performance"":0.34545454545454546,""trajectory_point_count"":11}"
setting_2_medqa_medmcqa_selector_trajectory_sweep_v3,setting_2_medqa_medmcqa_selector_trajectory_sweep_v3/repeat_02/olmo7b_instruct/KR64_KT16/pct25.6/safe_fractional_relaxation_gamma0.01_epsm1/training_runs/safe_low_rank_adam_reference_relaxed_eta0.0002_metricFplusAlpha_clarabel_wthresh1e-08_gamma0.01_epsm1_caln64_calseed44_pct25.6_seed44/summary.json,repeat_02,olmo7b_instruct,safe_fractional_relaxation_gamma0.01_epsm1,safe_low_rank_adam_reference_relaxed_eta0.0002_metricFplusAlpha_clarabel_wthresh1e-08_gamma0.01_epsm1_caln64_calseed44_pct25.6_seed44,safe_low_rank_adam_reference_relaxed_eta0.0002_metricFplusAlpha_clarabel_wthresh1e-08_gamma0.01_epsm1_caln64_calseed44,adam,,,44,0.13585976432534735,0.35834001464843757,0.1358596831560135,0.0016666981391608715,0.4453125,0.4453125,,0.2828716983378625,,0.45,,0.0,,0.115743396675725,,0.46875,,,,,,,,,,,,,0.5082087990419306,0.48969539495827724,305.11161750399333,,,,1.2194647446336307e+17,1457446207684608.0,5746100419362816.0,1.2769257488272589e+17,,,,False,True,"{""spearman_predicted_fisher_vs_realized_kl"":1.0,""spearman_predicted_fisher_vs_target_degradation"":-0.7380952380952381,""spearman_realized_kl_vs_instruction_degradation"":-0.8660254037844387,""spearman_realized_kl_vs_medqa_accuracy"":0.4999999999999999,""spearman_realized_kl_vs_reference_degradation"":0.8660254037844387,""spearman_realized_kl_vs_target_degradation"":-0.7380952380952381,""spearman_realized_kl_vs_target_performance"":0.7380952380952381,""trajectory_point_count"":8}"
setting_2_medqa_medmcqa_selector_trajectory_sweep_v3,setting_2_medqa_medmcqa_selector_trajectory_sweep_v3/repeat_02/olmo7b_instruct/KR64_KT16/pct25.6/safe_fractional_relaxation_gamma0.01_epsm2/training_runs/safe_low_rank_adam_reference_relaxed_eta0.0002_metricFplusAlpha_clarabel_wthresh1e-08_gamma0.01_epsm2_caln64_calseed44_pct25.6_seed44/summary.json,repeat_02,olmo7b_instruct,safe_fractional_relaxation_gamma0.01_epsm2,safe_low_rank_adam_reference_relaxed_eta0.0002_metricFplusAlpha_clarabel_wthresh1e-08_gamma0.01_epsm2_caln64_calseed44_pct25.6_seed44,safe_low_rank_adam_reference_relaxed_eta0.0002_metricFplusAlpha_clarabel_wthresh1e-08_gamma0.01_epsm2_caln64_calseed44,adam,,,44,0.5434390573013894,0.7166800292968751,0.5434389114379883,0.0057079787366092205,0.21875,0.21875,,0.2408787130772757,,0.37,,0.0,,0.11175742615455142,,0.2734375,,,,,,,,,,,,,0.5381640350481249,0.5344579393762542,487.63152802900004,,,,1.2194647446336307e+17,2384020211269632.0,8433750779854848.0,1.3038022524321792e+17,,,,False,True,"{""spearman_predicted_fisher_vs_realized_kl"":0.972027972027972,""spearman_predicted_fisher_vs_target_degradation"":-0.2867132867132867,""spearman_realized_kl_vs_instruction_degradation"":0.6324555320336759,""spearman_realized_kl_vs_medqa_accuracy"":0.31622776601683794,""spearman_realized_kl_vs_reference_degradation"":0.9486832980505138,""spearman_realized_kl_vs_target_degradation"":-0.21678321678321677,""spearman_realized_kl_vs_target_performance"":0.21678321678321677,""trajectory_point_count"":12}"
setting_2_medqa_medmcqa_selector_trajectory_sweep_v3,setting_2_medqa_medmcqa_selector_trajectory_sweep_v3/repeat_02/olmo7b_instruct/KR64_KT16/pct25.6/safe_fractional_relaxation_gamma1_epsm2/training_runs/safe_low_rank_adam_reference_relaxed_eta0.0002_metricFplusAlpha_clarabel_wthresh1e-08_gamma1_epsm2_caln64_calseed44_pct25.6_seed44/summary.json,repeat_02,olmo7b_instruct,safe_fractional_relaxation_gamma1_epsm2,safe_low_rank_adam_reference_relaxed_eta0.0002_metricFplusAlpha_clarabel_wthresh1e-08_gamma1_epsm2_caln64_calseed44_pct25.6_seed44,safe_low_rank_adam_reference_relaxed_eta0.0002_metricFplusAlpha_clarabel_wthresh1e-08_gamma1_epsm2_caln64_calseed44,adam,,,44,54.343905730138935,0.7166800292968751,18.43137550354004,0.08032917231321335,0.43359375,0.43359375,,0.4489824637109463,,0.73,,0.0,,0.16796492742189267,,0.62890625,,,,,,,,,,,,,0.653047013914559,0.6298822672502302,922.6906654539926,,,,1.2194647446336307e+17,4298269231595520.0,1.4118796228755456e+16,1.3606527069211853e+17,,,,False,True,"{""spearman_predicted_fisher_vs_realized_kl"":0.9558441558441558,""spearman_predicted_fisher_vs_target_degradation"":0.45584415584415583,""spearman_realized_kl_vs_instruction_degradation"":-0.6546536707079771,""spearman_realized_kl_vs_medqa_accuracy"":0.1690308509457033,""spearman_realized_kl_vs_reference_degradation"":-0.9710083124552245,""spearman_realized_kl_vs_target_degradation"":0.5103896103896104,""spearman_realized_kl_vs_target_performance"":-0.5103896103896104,""trajectory_point_count"":21}"
setting_2_medqa_medmcqa_selector_trajectory_sweep_v3,setting_2_medqa_medmcqa_selector_trajectory_sweep_v3/repeat_02/olmo7b_instruct/KR64_KT16/pct25.6/baseline_less_kl_0.1/training_runs/less_low_rank_adam_pct25.6_seed44/summary.json,repeat_02,olmo7b_instruct,baseline_less_kl_0.1,less_low_rank_adam_pct25.6_seed44,less_low_rank_adam,adam,,,44,,,,,0.44921875,0.44921875,,0.418337454144963,,0.58,,0.02127659574468085,,0.256674908289926,,0.5859375,,,,,,,,,,,,,0.7484723976515583,0.7183194375742208,1086.3823683569935,,,,1.2194647446336307e+17,3524073673064448.0,1.5735400505229312e+16,1.3768187496859238e+17,,,,True,True,"{""spearman_predicted_fisher_vs_realized_kl"":-0.661764705882353,""spearman_predicted_fisher_vs_target_degradation"":0.5098039215686275,""spearman_realized_kl_vs_instruction_degradation"":0.28867513459481287,""spearman_realized_kl_vs_medqa_accuracy"":0.7071067811865475,""spearman_realized_kl_vs_reference_degradation"":-0.09999999999999998,""spearman_realized_kl_vs_target_degradation"":-0.8455882352941178,""spearman_realized_kl_vs_target_performance"":0.8455882352941178,""trajectory_point_count"":17}"
setting_2_medqa_medmcqa_selector_trajectory_sweep_v3,setting_2_medqa_medmcqa_selector_trajectory_sweep_v3/repeat_02/olmo7b_instruct/KR64_KT16/pct25.6/baseline_prismatic_kl_0.01/training_runs/prismatic_low_rank_adam_pct25.6_seed44/summary.json,repeat_02,olmo7b_instruct,baseline_prismatic_kl_0.01,prismatic_low_rank_adam_pct25.6_seed44,prismatic_low_rank_adam,adam,,,44,,,,,0.47265625,0.47265625,,0.39424419638993435,,0.59,,0.010638297872340425,,0.19848839277986868,,0.55859375,,,,,,,,,,,,,0.6031650338696614,0.5914460409073984,1063.0585692869936,,,,1.2194647446336307e+17,3017808135487488.0,1.5229134967652352e+16,1.3717560943101542e+17,,,,True,True,"{""spearman_predicted_fisher_vs_realized_kl"":-0.6666666666666667,""spearman_predicted_fisher_vs_target_degradation"":0.44362745098039225,""spearman_realized_kl_vs_instruction_degradation"":-0.7071067811865475,""spearman_realized_kl_vs_medqa_accuracy"":0.051298917604257706,""spearman_realized_kl_vs_reference_degradation"":-0.09999999999999998,""spearman_realized_kl_vs_target_degradation"":-0.7769607843137256,""spearman_realized_kl_vs_target_performance"":0.7769607843137256,""trajectory_point_count"":17}"
setting_2_medqa_medmcqa_selector_trajectory_sweep_v3,setting_2_medqa_medmcqa_selector_trajectory_sweep_v3/repeat_02/olmo7b_instruct/KR64_KT16/pct25.6/safe_fractional_relaxation_gamma1_epsm1/training_runs/safe_low_rank_adam_reference_relaxed_eta0.0002_metricFplusAlpha_clarabel_wthresh1e-08_gamma1_epsm1_caln64_calseed44_pct25.6_seed44/summary.json,repeat_02,olmo7b_instruct,safe_fractional_relaxation_gamma1_epsm1,safe_low_rank_adam_reference_relaxed_eta0.0002_metricFplusAlpha_clarabel_wthresh1e-08_gamma1_epsm1_caln64_calseed44_pct25.6_seed44,safe_low_rank_adam_reference_relaxed_eta0.0002_metricFplusAlpha_clarabel_wthresh1e-08_gamma1_epsm1_caln64_calseed44,adam,,,44,13.585976432534734,0.35834001464843757,10.032529830932617,0.04724734276533127,0.43359375,0.43359375,,0.30980921701864106,,0.48,,0.010638297872340425,,0.13961843403728216,,0.53125,,,,,,,,,,,,,0.6288735628022779,0.6093043235937834,783.6515040020022,,,,1.2194647446336307e+17,3831906396487680.0,1.2906502249365504e+16,1.3485297671272858e+17,,,,False,True,"{""spearman_predicted_fisher_vs_realized_kl"":0.9050567595459236,""spearman_predicted_fisher_vs_target_degradation"":0.4881320949432404,""spearman_realized_kl_vs_instruction_degradation"":-0.29277002188455997,""spearman_realized_kl_vs_medqa_accuracy"":0.5768179036829705,""spearman_realized_kl_vs_reference_degradation"":0.49280538030458115,""spearman_realized_kl_vs_target_degradation"":0.5521155830753354,""spearman_realized_kl_vs_target_performance"":-0.5521155830753354,""trajectory_point_count"":18}"
setting_2_medqa_medmcqa_selector_trajectory_sweep_v3,setting_2_medqa_medmcqa_selector_trajectory_sweep_v3/repeat_02/olmo7b_instruct/KR64_KT16/pct25.6/baseline_prismatic_kl_1.0/training_runs/prismatic_low_rank_adam_pct25.6_seed44/summary.json,repeat_02,olmo7b_instruct,baseline_prismatic_kl_1.0,prismatic_low_rank_adam_pct25.6_seed44,prismatic_low_rank_adam,adam,,,44,,,,,0.47265625,0.47265625,,0.41011455502159305,,0.56,,0.02127659574468085,,0.26022911004318605,,0.5625,,,,,,,,,,,,,0.5825337419856458,0.5641986586414413,1117.0423833269888,,,,,3017808135487488.0,1.5229134967652352e+16,,,,,True,True,"{""spearman_predicted_fisher_vs_realized_kl"":-0.6225490196078433,""spearman_predicted_fisher_vs_target_degradation"":-0.06127450980392158,""spearman_realized_kl_vs_instruction_degradation"":-0.7071067811865475,""spearman_realized_kl_vs_medqa_accuracy"":0.8944271909999159,""spearman_realized_kl_vs_reference_degradation"":0.0,""spearman_realized_kl_vs_target_degradation"":-0.2720588235294118,""spearman_realized_kl_vs_target_performance"":0.2720588235294118,""trajectory_point_count"":17}"
setting_2_medqa_medmcqa_selector_trajectory_sweep_v3,setting_2_medqa_medmcqa_selector_trajectory_sweep_v3/repeat_02/olmo7b_instruct/KR64_KT16/pct25.6/safe_fractional_relaxation_gamma0.1_epsm2/training_runs/safe_low_rank_adam_reference_relaxed_eta0.0002_metricFplusAlpha_clarabel_wthresh1e-08_gamma0.1_epsm2_caln64_calseed44_pct25.6_seed44/summary.json,repeat_02,olmo7b_instruct,safe_fractional_relaxation_gamma0.1_epsm2,safe_low_rank_adam_reference_relaxed_eta0.0002_metricFplusAlpha_clarabel_wthresh1e-08_gamma0.1_epsm2_caln64_calseed44_pct25.6_seed44,safe_low_rank_adam_reference_relaxed_eta0.0002_metricFplusAlpha_clarabel_wthresh1e-08_gamma0.1_epsm2_caln64_calseed44,adam,,,44,5.434390573013894,0.7166800292968751,5.434388637542725,0.0363919772207737,0.46484375,0.46484375,,0.2794773849107888,,0.45,,0.0,,0.10895476982157759,,0.51953125,,,,,,,,,,,,,0.5829491066079588,0.5710269511492917,866.8069695660088,,,,1.2194647446336307e+17,4204248488902656.0,1.3776131771301888e+16,1.3572260623466496e+17,,,,False,True,"{""spearman_predicted_fisher_vs_realized_kl"":0.9609022556390977,""spearman_predicted_fisher_vs_target_degradation"":0.16541353383458646,""spearman_realized_kl_vs_instruction_degradation"":-0.6546536707079771,""spearman_realized_kl_vs_medqa_accuracy"":0.8451542547285165,""spearman_realized_kl_vs_reference_degradation"":0.33394720739540396,""spearman_realized_kl_vs_target_degradation"":0.23458646616541354,""spearman_realized_kl_vs_target_performance"":-0.23458646616541354,""trajectory_point_count"":20}"
setting_2_medqa_medmcqa_selector_trajectory_sweep_v3,setting_2_medqa_medmcqa_selector_trajectory_sweep_v3/repeat_02/olmo7b_instruct/KR64_KT16/pct25.6/baseline_less_kl_0.01/training_runs/less_low_rank_adam_pct25.6_seed44/summary.json,repeat_02,olmo7b_instruct,baseline_less_kl_0.01,less_low_rank_adam_pct25.6_seed44,less_low_rank_adam,adam,,,44,,,,,0.4609375,0.4609375,,0.3478882737717576,,0.5,,0.010638297872340425,,0.19577654754351514,,0.55078125,,,,,,,,,,,,,0.7298620151315857,0.7055764708008602,1073.4119883329986,1.2194647446336307e+17,26238240.0,0.0,1.2194647448960131e+17,3524073673064448.0,1.5735400505229312e+16,1.3768187499483062e+17,True,,,True,True,"{""spearman_predicted_fisher_vs_realized_kl"":-0.6642156862745099,""spearman_predicted_fisher_vs_target_degradation"":0.49509803921568635,""spearman_realized_kl_vs_instruction_degradation"":0.0,""spearman_realized_kl_vs_medqa_accuracy"":0.7071067811865475,""spearman_realized_kl_vs_reference_degradation"":0.9746794344808964,""spearman_realized_kl_vs_target_degradation"":-0.8259803921568628,""spearman_realized_kl_vs_target_performance"":0.8259803921568628,""trajectory_point_count"":17}"
setting_2_medqa_medmcqa_selector_trajectory_sweep_v3,setting_2_medqa_medmcqa_selector_trajectory_sweep_v3/repeat_02/olmo7b_instruct/KR64_KT16/pct25.6/baseline_less_kl_1.0/training_runs/less_low_rank_adam_pct25.6_seed44/summary.json,repeat_02,olmo7b_instruct,baseline_less_kl_1.0,less_low_rank_adam_pct25.6_seed44,less_low_rank_adam,adam,,,44,,,,,0.44921875,0.44921875,,0.4088422468730505,,0.55,,0.02127659574468085,,0.26768449374610087,,0.58203125,,,,,,,,,,,,,0.6902104777555969,0.6636444790255792,1110.5803970929992,1.2194647446336307e+17,26238240.0,0.0,1.2194647448960131e+17,3524073673064448.0,1.5735400505229312e+16,1.3768187499483062e+17,True,,,True,True,"{""spearman_predicted_fisher_vs_realized_kl"":-0.6446078431372549,""spearman_predicted_fisher_vs_target_degradation"":0.1985294117647059,""spearman_realized_kl_vs_instruction_degradation"":-0.8660254037844386,""spearman_realized_kl_vs_medqa_accuracy"":0.35909242322980395,""spearman_realized_kl_vs_reference_degradation"":0.0,""spearman_realized_kl_vs_target_degradation"":-0.5220588235294118,""spearman_realized_kl_vs_target_performance"":0.5220588235294118,""trajectory_point_count"":17}"
setting_2_medqa_medmcqa_selector_trajectory_sweep_v3,setting_2_medqa_medmcqa_selector_trajectory_sweep_v3/repeat_02/olmo7b_instruct/KR64_KT16/pct25.6/baseline_prismatic_kl_0.1/training_runs/prismatic_low_rank_adam_pct25.6_seed44/summary.json,repeat_02,olmo7b_instruct,baseline_prismatic_kl_0.1,prismatic_low_rank_adam_pct25.6_seed44,prismatic_low_rank_adam,adam,,,44,,,,,0.484375,0.484375,,0.4270514292708485,,0.58,,0.031914893617021274,,0.2741028585416971,,0.55078125,,,,,,,,,,,,,0.6163234257581726,0.6025195872761246,1104.2943650069938,1.2194647446336307e+17,1340406000.0,0.0,1.2194647580376907e+17,3017808135487488.0,1.5229134967652352e+16,1.3717561077142142e+17,True,,,True,True,"{""spearman_predicted_fisher_vs_realized_kl"":-0.6323529411764707,""spearman_predicted_fisher_vs_target_degradation"":0.37500000000000006,""spearman_realized_kl_vs_instruction_degradation"":-0.8660254037844386,""spearman_realized_kl_vs_medqa_accuracy"":0.22360679774997896,""spearman_realized_kl_vs_reference_degradation"":-0.35909242322980395,""spearman_realized_kl_vs_target_degradation"":-0.6862745098039217,""spearman_realized_kl_vs_target_performance"":0.6862745098039217,""trajectory_point_count"":17}"
setting_2_medqa_medmcqa_selector_trajectory_sweep_v3,setting_2_medqa_medmcqa_selector_trajectory_sweep_v3/repeat_02/olmo7b_instruct/KR64_KT16/pct25.6/safe_corrected_adam_cumulative_trajectory_rho0.001_epsm1/training_runs/safe_low_rank_adam_precondition_before_projection_reference_greedy_marginal_eta0.0064_metricFplusAlpha_cost0.001_epsm1_caln64_calseed44_trainconstraint_cumulative_line_search_pct25.6_seed44/summary.json,repeat_02,olmo7b_instruct,safe_corrected_adam_cumulative_trajectory_rho0.001_epsm1,safe_low_rank_adam_precondition_before_projection_reference_greedy_marginal_eta0.0064_metricFplusAlpha_cost0.001_epsm1_caln64_calseed44_trainconstraint_cumulative_line_search_pct25.6_seed44,safe_low_rank_adam_precondition_before_projection_reference_greedy_marginal_eta0.0064_metricFplusAlpha_cost0.001_epsm1_caln64_calseed44,adam,,,44,0.001,9.256800390625,794.216796875,22.468435287475586,0.4140625,0.4140625,,0.2793730391111683,,0.44,,0.0,,0.1187460782223366,,0.4609375,,,,,,,,,,,,,0.5169698567804734,0.5094781332573937,757.0276870139933,1.2194647446336307e+17,143873136.0,0.0,1.2194647460723621e+17,3077662189191168.0,1.1137112829444096e+16,1.330835874366803e+17,True,,,True,True,"{""spearman_predicted_fisher_vs_realized_kl"":0.9950980392156864,""spearman_predicted_fisher_vs_target_degradation"":-0.6323529411764707,""spearman_realized_kl_vs_instruction_degradation"":-0.5773502691896257,""spearman_realized_kl_vs_medqa_accuracy"":0.9746794344808964,""spearman_realized_kl_vs_reference_degradation"":0.051298917604257706,""spearman_realized_kl_vs_target_degradation"":-0.6250000000000001,""spearman_realized_kl_vs_target_performance"":0.6250000000000001,""trajectory_point_count"":17}"
setting_2_medqa_medmcqa_selector_trajectory_sweep_v3,setting_2_medqa_medmcqa_selector_trajectory_sweep_v3/repeat_02/olmo7b_instruct/KR64_KT16/pct25.6/safe_corrected_adam_cumulative_trajectory_rho0.1_epsm1/training_runs/safe_low_rank_adam_precondition_before_projection_reference_greedy_marginal_eta0.0064_metricFplusAlpha_cost0.1_epsm1_caln64_calseed44_trainconstraint_cumulative_line_search_pct25.6_seed44/summary.json,repeat_02,olmo7b_instruct,safe_corrected_adam_cumulative_trajectory_rho0.1_epsm1,safe_low_rank_adam_precondition_before_projection_reference_greedy_marginal_eta0.0064_metricFplusAlpha_cost0.1_epsm1_caln64_calseed44_trainconstraint_cumulative_line_search_pct25.6_seed44,safe_low_rank_adam_precondition_before_projection_reference_greedy_marginal_eta0.0064_metricFplusAlpha_cost0.1_epsm1_caln64_calseed44,adam,,,44,0.1,9.256800390625,794.89697265625,22.462621688842773,0.4296875,0.4296875,,0.29080491641607387,,0.44,,0.0,,0.1416098328321477,,0.45703125,,,,,,,,,,,,,0.5309812027432754,0.5275137252030742,764.9632882369915,1.2194647446336307e+17,143873136.0,0.0,1.2194647460723621e+17,3085725860315136.0,1.1145176500568064e+16,1.3309165110780427e+17,True,,,True,True,"{""spearman_predicted_fisher_vs_realized_kl"":0.9877450980392158,""spearman_predicted_fisher_vs_target_degradation"":-0.5833333333333334,""spearman_realized_kl_vs_instruction_degradation"":-0.7071067811865475,""spearman_realized_kl_vs_medqa_accuracy"":0.872081599272381,""spearman_realized_kl_vs_reference_degradation"":0.15389675281277312,""spearman_realized_kl_vs_target_degradation"":-0.5833333333333334,""spearman_realized_kl_vs_target_performance"":0.5833333333333334,""trajectory_point_count"":17}"
setting_2_medqa_medmcqa_selector_trajectory_sweep_v3,setting_2_medqa_medmcqa_selector_trajectory_sweep_v3/repeat_02/olmo7b_instruct/KR64_KT16/pct25.6/safe_corrected_adam_cumulative_trajectory_rho0.0001_epsm5/training_runs/safe_low_rank_adam_precondition_before_projection_reference_greedy_marginal_eta0.0064_metricFplusAlpha_cost0.0001_epsm5_caln64_calseed44_trainconstraint_cumulative_line_search_pct25.6_seed44/summary.json,repeat_02,olmo7b_instruct,safe_corrected_adam_cumulative_trajectory_rho0.0001_epsm5,safe_low_rank_adam_precondition_before_projection_reference_greedy_marginal_eta0.0064_metricFplusAlpha_cost0.0001_epsm5_caln64_calseed44_trainconstraint_cumulative_line_search_pct25.6_seed44,safe_low_rank_adam_precondition_before_projection_reference_greedy_marginal_eta0.0064_metricFplusAlpha_cost0.0001_epsm5_caln64_calseed44,adam,,,44,0.0001,46.284001953125,794.216796875,22.46843719482422,0.421875,0.421875,,0.2920597453845911,,0.45,,0.010638297872340425,,0.1341194907691822,,0.4765625,,,,,,,,,,,,,0.5241065016435532,0.5159060673746855,751.4609347469814,1.2194647446336307e+17,143873136.0,0.0,1.2194647460723621e+17,3077662189191168.0,1.1137112829444096e+16,1.330835874366803e+17,True,,,True,True,"{""spearman_predicted_fisher_vs_realized_kl"":0.9338235294117648,""spearman_predicted_fisher_vs_target_degradation"":-0.6568627450980393,""spearman_realized_kl_vs_instruction_degradation"":0.0,""spearman_realized_kl_vs_medqa_accuracy"":0.9746794344808964,""spearman_realized_kl_vs_reference_degradation"":0.10540925533894598,""spearman_realized_kl_vs_target_degradation"":-0.5416666666666667,""spearman_realized_kl_vs_target_performance"":0.5416666666666667,""trajectory_point_count"":17}"
setting_2_medqa_medmcqa_selector_trajectory_sweep_v3,setting_2_medqa_medmcqa_selector_trajectory_sweep_v3/repeat_02/olmo7b_instruct/KR64_KT16/pct25.6/safe_corrected_adam_cumulative_trajectory_rho0.01_epsm5/training_runs/safe_low_rank_adam_precondition_before_projection_reference_greedy_marginal_eta0.0064_metricFplusAlpha_cost0.01_epsm5_caln64_calseed44_trainconstraint_cumulative_line_search_pct25.6_seed44/summary.json,repeat_02,olmo7b_instruct,safe_corrected_adam_cumulative_trajectory_rho0.01_epsm5,safe_low_rank_adam_precondition_before_projection_reference_greedy_marginal_eta0.0064_metricFplusAlpha_cost0.01_epsm5_caln64_calseed44_trainconstraint_cumulative_line_search_pct25.6_seed44,safe_low_rank_adam_precondition_before_projection_reference_greedy_marginal_eta0.0064_metricFplusAlpha_cost0.01_epsm5_caln64_calseed44,adam,,,44,0.01,46.284001953125,794.216796875,22.46843719482422,0.390625,0.390625,,0.2830187967375902,,0.43,,0.010638297872340425,,0.13603759347518035,,0.45703125,,,,,,,,,,,,,0.5351940586348614,0.5284104914083829,747.2055016990053,1.2194647446336307e+17,143873136.0,0.0,1.2194647460723621e+17,3077662189191168.0,1.1137112829444096e+16,1.330835874366803e+17,True,,,True,True,"{""spearman_predicted_fisher_vs_realized_kl"":0.9264705882352943,""spearman_predicted_fisher_vs_target_degradation"":-0.6666666666666667,""spearman_realized_kl_vs_instruction_degradation"":0.28867513459481287,""spearman_realized_kl_vs_medqa_accuracy"":0.8999999999999998,""spearman_realized_kl_vs_reference_degradation"":0.051298917604257706,""spearman_realized_kl_vs_target_degradation"":-0.5147058823529412,""spearman_realized_kl_vs_target_performance"":0.5147058823529412,""trajectory_point_count"":17}"
setting_2_medqa_medmcqa_selector_trajectory_sweep_v3,setting_2_medqa_medmcqa_selector_trajectory_sweep_v3/repeat_02/olmo7b_instruct/KR64_KT16/pct25.6/safe_corrected_adam_cumulative_trajectory_rho1_epsm5/training_runs/safe_low_rank_adam_precondition_before_projection_reference_greedy_marginal_eta0.0064_metricFplusAlpha_cost1_epsm5_caln64_calseed44_trainconstraint_cumulative_line_search_pct25.6_seed44/summary.json,repeat_02,olmo7b_instruct,safe_corrected_adam_cumulative_trajectory_rho1_epsm5,safe_low_rank_adam_precondition_before_projection_reference_greedy_marginal_eta0.0064_metricFplusAlpha_cost1_epsm5_caln64_calseed44_trainconstraint_cumulative_line_search_pct25.6_seed44,safe_low_rank_adam_precondition_before_projection_reference_greedy_marginal_eta0.0064_metricFplusAlpha_cost1_epsm5_caln64_calseed44,adam,,,44,1.0,46.284001953125,804.65087890625,22.454513549804688,0.37109375,0.37109375,,0.2809798689937169,,0.43,,0.0,,0.13195973798743385,,0.45703125,,,,,,,,,,,,,0.5423424795083994,0.5343401698296478,773.9072276660008,1.2194647446336307e+17,143873136.0,0.0,1.2194647460723621e+17,3094288315219968.0,1.1153738955472896e+16,1.331002135627091e+17,True,,,True,True,"{""spearman_predicted_fisher_vs_realized_kl"":0.9583333333333335,""spearman_predicted_fisher_vs_target_degradation"":-0.6593137254901962,""spearman_realized_kl_vs_instruction_degradation"":-0.28867513459481287,""spearman_realized_kl_vs_medqa_accuracy"":0.9746794344808964,""spearman_realized_kl_vs_reference_degradation"":0.10540925533894598,""spearman_realized_kl_vs_target_degradation"":-0.6593137254901962,""spearman_realized_kl_vs_target_performance"":0.6593137254901962,""trajectory_point_count"":17}"
setting_2_medqa_medmcqa_selector_trajectory_sweep_v3,setting_2_medqa_medmcqa_selector_trajectory_sweep_v3/repeat_02/olmo7b_instruct/KR64_KT16/pct25.6/safe_corrected_adam_equal_allocation_rho0.001_epsm1/training_runs/safe_low_rank_adam_precondition_before_projection_reference_greedy_marginal_eta0.0064_metricFplusAlpha_cost0.001_epsm1_caln64_calseed44_trainconstraint_equal_allocation_pct25.6_seed44/summary.json,repeat_02,olmo7b_instruct,safe_corrected_adam_equal_allocation_rho0.001_epsm1,safe_low_rank_adam_precondition_before_projection_reference_greedy_marginal_eta0.0064_metricFplusAlpha_cost0.001_epsm1_caln64_calseed44_trainconstraint_equal_allocation_pct25.6_seed44,safe_low_rank_adam_precondition_before_projection_reference_greedy_marginal_eta0.0064_metricFplusAlpha_cost0.001_epsm1_caln64_calseed44,adam,,,44,0.001,9.256800390625,794.216796875,22.468435287475586,0.35546875,0.35546875,,0.2653764628532066,,0.39,,0.0,,0.14075292570641318,,0.40625,,,,,,,,,,,,,0.5072115865541892,0.5003895022184277,819.0530844439927,1.2194647446336307e+17,143873136.0,0.0,1.2194647460723621e+17,3077662189191168.0,1.1137112829444096e+16,1.330835874366803e+17,True,,,True,True,"{""spearman_predicted_fisher_vs_realized_kl"":0.9975490196078433,""spearman_predicted_fisher_vs_target_degradation"":-0.6911764705882354,""spearman_realized_kl_vs_instruction_degradation"":-0.7071067811865475,""spearman_realized_kl_vs_medqa_accuracy"":0.8207826816681233,""spearman_realized_kl_vs_reference_degradation"":0.5999999999999999,""spearman_realized_kl_vs_target_degradation"":-0.6887254901960785,""spearman_realized_kl_vs_target_performance"":0.6887254901960785,""trajectory_point_count"":17}"
setting_2_medqa_medmcqa_selector_trajectory_sweep_v3,setting_2_medqa_medmcqa_selector_trajectory_sweep_v3/repeat_02/olmo7b_instruct/KR64_KT16/pct25.6/safe_corrected_adam_equal_allocation_rho0.1_epsm1/training_runs/safe_low_rank_adam_precondition_before_projection_reference_greedy_marginal_eta0.0064_metricFplusAlpha_cost0.1_epsm1_caln64_calseed44_trainconstraint_equal_allocation_pct25.6_seed44/summary.json,repeat_02,olmo7b_instruct,safe_corrected_adam_equal_allocation_rho0.1_epsm1,safe_low_rank_adam_precondition_before_projection_reference_greedy_marginal_eta0.0064_metricFplusAlpha_cost0.1_epsm1_caln64_calseed44_trainconstraint_equal_allocation_pct25.6_seed44,safe_low_rank_adam_precondition_before_projection_reference_greedy_marginal_eta0.0064_metricFplusAlpha_cost0.1_epsm1_caln64_calseed44,adam,,,44,0.1,9.256800390625,794.89697265625,22.462621688842773,0.3359375,0.3359375,,0.3082563011895973,,0.46,,0.0,,0.1565126023791946,,0.4453125,,,,,,,,,,,,,0.5306315503636692,0.5207948708878969,811.4362721539801,1.2194647446336307e+17,143873136.0,0.0,1.2194647460723621e+17,3085725860315136.0,1.1145176500568064e+16,1.3309165110780427e+17,True,,,True,True,"{""spearman_predicted_fisher_vs_realized_kl"":0.9534313725490198,""spearman_predicted_fisher_vs_target_degradation"":-0.5588235294117648,""spearman_realized_kl_vs_instruction_degradation"":-0.7071067811865475,""spearman_realized_kl_vs_medqa_accuracy"":0.35909242322980395,""spearman_realized_kl_vs_reference_degradation"":0.6999999999999998,""spearman_realized_kl_vs_target_degradation"":-0.4093137254901961,""spearman_realized_kl_vs_target_performance"":0.4093137254901961,""trajectory_point_count"":17}"
setting_2_medqa_medmcqa_selector_trajectory_sweep_v3,setting_2_medqa_medmcqa_selector_trajectory_sweep_v3/repeat_02/olmo7b_instruct/KR64_KT16/pct25.6/safe_corrected_adam_equal_allocation_rho0.0001_epsm5/training_runs/safe_low_rank_adam_precondition_before_projection_reference_greedy_marginal_eta0.0064_metricFplusAlpha_cost0.0001_epsm5_caln64_calseed44_trainconstraint_equal_allocation_pct25.6_seed44/summary.json,repeat_02,olmo7b_instruct,safe_corrected_adam_equal_allocation_rho0.0001_epsm5,safe_low_rank_adam_precondition_before_projection_reference_greedy_marginal_eta0.0064_metricFplusAlpha_cost0.0001_epsm5_caln64_calseed44_trainconstraint_equal_allocation_pct25.6_seed44,safe_low_rank_adam_precondition_before_projection_reference_greedy_marginal_eta0.0064_metricFplusAlpha_cost0.0001_epsm5_caln64_calseed44,adam,,,44,0.0001,46.284001953125,794.216796875,22.46843719482422,0.3671875,0.3671875,,0.3079447966683417,,0.47,,0.0,,0.14588959333668342,,0.4453125,,,,,,,,,,,,,0.5038340449129647,0.4957549523233706,820.0253032530018,1.2194647446336307e+17,143873136.0,0.0,1.2194647460723621e+17,3077662189191168.0,1.1137112829444096e+16,1.330835874366803e+17,True,,,True,True,"{""spearman_predicted_fisher_vs_realized_kl"":0.9828431372549021,""spearman_predicted_fisher_vs_target_degradation"":-0.7107843137254903,""spearman_realized_kl_vs_instruction_degradation"":-0.7071067811865475,""spearman_realized_kl_vs_medqa_accuracy"":0.5642880936468347,""spearman_realized_kl_vs_reference_degradation"":0.6668859288553503,""spearman_realized_kl_vs_target_degradation"":-0.6911764705882354,""spearman_realized_kl_vs_target_performance"":0.6911764705882354,""trajectory_point_count"":17}"
setting_2_medqa_medmcqa_selector_trajectory_sweep_v3,setting_2_medqa_medmcqa_selector_trajectory_sweep_v3/repeat_02/olmo7b_instruct/KR64_KT16/pct25.6/safe_corrected_adam_equal_allocation_rho0.01_epsm5/training_runs/safe_low_rank_adam_precondition_before_projection_reference_greedy_marginal_eta0.0064_metricFplusAlpha_cost0.01_epsm5_caln64_calseed44_trainconstraint_equal_allocation_pct25.6_seed44/summary.json,repeat_02,olmo7b_instruct,safe_corrected_adam_equal_allocation_rho0.01_epsm5,safe_low_rank_adam_precondition_before_projection_reference_greedy_marginal_eta0.0064_metricFplusAlpha_cost0.01_epsm5_caln64_calseed44_trainconstraint_equal_allocation_pct25.6_seed44,safe_low_rank_adam_precondition_before_projection_reference_greedy_marginal_eta0.0064_metricFplusAlpha_cost0.01_epsm5_caln64_calseed44,adam,,,44,0.01,46.284001953125,794.216796875,22.46843719482422,0.39453125,0.39453125,,0.2852471966685768,,0.44,,0.010638297872340425,,0.13049439333715362,,0.47265625,,,,,,,,,,,,,0.5436205633144617,0.5371119611603844,810.10649826398,1.2194647446336307e+17,143873136.0,0.0,1.2194647460723621e+17,3077662189191168.0,1.1137112829444096e+16,1.330835874366803e+17,True,,,True,True,"{""spearman_predicted_fisher_vs_realized_kl"":0.931372549019608,""spearman_predicted_fisher_vs_target_degradation"":-0.8112745098039217,""spearman_realized_kl_vs_instruction_degradation"":0.28867513459481287,""spearman_realized_kl_vs_medqa_accuracy"":0.8999999999999998,""spearman_realized_kl_vs_reference_degradation"":0.0,""spearman_realized_kl_vs_target_degradation"":-0.6715686274509804,""spearman_realized_kl_vs_target_performance"":0.6715686274509804,""trajectory_point_count"":17}"
setting_2_medqa_medmcqa_selector_trajectory_sweep_v3,setting_2_medqa_medmcqa_selector_trajectory_sweep_v3/repeat_02/olmo7b_instruct/KR64_KT16/pct25.6/safe_corrected_adam_equal_allocation_rho1_epsm5/training_runs/safe_low_rank_adam_precondition_before_projection_reference_greedy_marginal_eta0.0064_metricFplusAlpha_cost1_epsm5_caln64_calseed44_trainconstraint_equal_allocation_pct25.6_seed44/summary.json,repeat_02,olmo7b_instruct,safe_corrected_adam_equal_allocation_rho1_epsm5,safe_low_rank_adam_precondition_before_projection_reference_greedy_marginal_eta0.0064_metricFplusAlpha_cost1_epsm5_caln64_calseed44_trainconstraint_equal_allocation_pct25.6_seed44,safe_low_rank_adam_precondition_before_projection_reference_greedy_marginal_eta0.0064_metricFplusAlpha_cost1_epsm5_caln64_calseed44,adam,,,44,1.0,46.284001953125,804.65087890625,22.454513549804688,0.37890625,0.37890625,,0.2854824323756747,,0.45,,0.0,,0.12096486475134938,,0.453125,,,,,,,,,,,,,0.5380457812429108,0.5287594698785233,798.0547066139989,1.2194647446336307e+17,143873136.0,0.0,1.2194647460723621e+17,3094288315219968.0,1.1153738955472896e+16,1.331002135627091e+17,True,,,True,True,"{""spearman_predicted_fisher_vs_realized_kl"":0.9779411764705884,""spearman_predicted_fisher_vs_target_degradation"":-0.8161764705882354,""spearman_realized_kl_vs_instruction_degradation"":-0.7071067811865475,""spearman_realized_kl_vs_medqa_accuracy"":0.8999999999999998,""spearman_realized_kl_vs_reference_degradation"":0.19999999999999996,""spearman_realized_kl_vs_target_degradation"":-0.7990196078431374,""spearman_realized_kl_vs_target_performance"":0.7990196078431374,""trajectory_point_count"":17}"
setting_2_medqa_medmcqa_selector_trajectory_sweep_v3,setting_2_medqa_medmcqa_selector_trajectory_sweep_v3/repeat_02/olmo7b_instruct/KR64_KT16/pct25.6/safe_corrected_adam_cumulative_trajectory_rho0.0001_epsm1/training_runs/safe_low_rank_adam_precondition_before_projection_reference_greedy_marginal_eta0.0064_metricFplusAlpha_cost0.0001_epsm1_caln64_calseed44_trainconstraint_cumulative_line_search_pct25.6_seed44/summary.json,repeat_02,olmo7b_instruct,safe_corrected_adam_cumulative_trajectory_rho0.0001_epsm1,safe_low_rank_adam_precondition_before_projection_reference_greedy_marginal_eta0.0064_metricFplusAlpha_cost0.0001_epsm1_caln64_calseed44_trainconstraint_cumulative_line_search_pct25.6_seed44,safe_low_rank_adam_precondition_before_projection_reference_greedy_marginal_eta0.0064_metricFplusAlpha_cost0.0001_epsm1_caln64_calseed44,adam,,,44,0.0001,9.256800390625,794.216796875,22.46843719482422,0.44140625,0.44140625,,0.28772692216723633,,0.44,,0.010638297872340425,,0.1354538443344727,,0.46875,,,,,,,,,,,,,0.5564034702940902,0.5472330921358822,750.2333872139861,1.2194647446336307e+17,143873136.0,0.0,1.2194647460723621e+17,3077662189191168.0,1.1137112829444096e+16,1.330835874366803e+17,True,,,True,True,"{""spearman_predicted_fisher_vs_realized_kl"":0.9877450980392158,""spearman_predicted_fisher_vs_target_degradation"":-0.411764705882353,""spearman_realized_kl_vs_instruction_degradation"":0.0,""spearman_realized_kl_vs_medqa_accuracy"":0.9746794344808964,""spearman_realized_kl_vs_reference_degradation"":0.051298917604257706,""spearman_realized_kl_vs_target_degradation"":-0.42647058823529416,""spearman_realized_kl_vs_target_performance"":0.42647058823529416,""trajectory_point_count"":17}"
setting_2_medqa_medmcqa_selector_trajectory_sweep_v3,setting_2_medqa_medmcqa_selector_trajectory_sweep_v3/repeat_02/olmo7b_instruct/KR64_KT16/pct25.6/safe_corrected_adam_cumulative_trajectory_rho0.01_epsm1/training_runs/safe_low_rank_adam_precondition_before_projection_reference_greedy_marginal_eta0.0064_metricFplusAlpha_cost0.01_epsm1_caln64_calseed44_trainconstraint_cumulative_line_search_pct25.6_seed44/summary.json,repeat_02,olmo7b_instruct,safe_corrected_adam_cumulative_trajectory_rho0.01_epsm1,safe_low_rank_adam_precondition_before_projection_reference_greedy_marginal_eta0.0064_metricFplusAlpha_cost0.01_epsm1_caln64_calseed44_trainconstraint_cumulative_line_search_pct25.6_seed44,safe_low_rank_adam_precondition_before_projection_reference_greedy_marginal_eta0.0064_metricFplusAlpha_cost0.01_epsm1_caln64_calseed44,adam,,,44,0.01,9.256800390625,794.2168579101562,22.46843719482422,0.3515625,0.3515625,,0.29714093779589246,,0.46,,0.010638297872340425,,0.13428187559178495,,0.44921875,,,,,,,,,,,,,0.5268320693216564,0.5180750966954754,766.0063845299883,1.2194647446336307e+17,143873136.0,0.0,1.2194647460723621e+17,3077662189191168.0,1.1137112829444096e+16,1.330835874366803e+17,True,,,True,True,"{""spearman_predicted_fisher_vs_realized_kl"":0.894607843137255,""spearman_predicted_fisher_vs_target_degradation"":-0.6372549019607844,""spearman_realized_kl_vs_instruction_degradation"":-0.28867513459481287,""spearman_realized_kl_vs_medqa_accuracy"":0.8944271909999159,""spearman_realized_kl_vs_reference_degradation"":0.09999999999999998,""spearman_realized_kl_vs_target_degradation"":-0.5808823529411765,""spearman_realized_kl_vs_target_performance"":0.5808823529411765,""trajectory_point_count"":17}"
setting_2_medqa_medmcqa_selector_trajectory_sweep_v3,setting_2_medqa_medmcqa_selector_trajectory_sweep_v3/repeat_02/olmo7b_instruct/KR64_KT16/pct25.6/safe_corrected_adam_cumulative_trajectory_rho1_epsm1/training_runs/safe_low_rank_adam_precondition_before_projection_reference_greedy_marginal_eta0.0064_metricFplusAlpha_cost1_epsm1_caln64_calseed44_trainconstraint_cumulative_line_search_pct25.6_seed44/summary.json,repeat_02,olmo7b_instruct,safe_corrected_adam_cumulative_trajectory_rho1_epsm1,safe_low_rank_adam_precondition_before_projection_reference_greedy_marginal_eta0.0064_metricFplusAlpha_cost1_epsm1_caln64_calseed44_trainconstraint_cumulative_line_search_pct25.6_seed44,safe_low_rank_adam_precondition_before_projection_reference_greedy_marginal_eta0.0064_metricFplusAlpha_cost1_epsm1_caln64_calseed44,adam,,,44,1.0,9.256800390625,809.0023193359375,22.3773193359375,0.40625,0.40625,,0.2955970064144578,,0.46,,0.0,,0.13119401282891557,,0.4609375,,,,,,,,,,,,,0.5244768321802056,0.5165882156830784,773.3411832969869,1.2194647446336307e+17,143873136.0,0.0,1.2194647460723621e+17,3096782234124288.0,1.1156232874377216e+16,1.3310270748161342e+17,True,,,True,True,"{""spearman_predicted_fisher_vs_realized_kl"":0.877450980392157,""spearman_predicted_fisher_vs_target_degradation"":-0.823529411764706,""spearman_realized_kl_vs_instruction_degradation"":-0.7071067811865475,""spearman_realized_kl_vs_medqa_accuracy"":0.9746794344808964,""spearman_realized_kl_vs_reference_degradation"":0.15389675281277312,""spearman_realized_kl_vs_target_degradation"":-0.7745098039215688,""spearman_realized_kl_vs_target_performance"":0.7745098039215688,""trajectory_point_count"":17}"
setting_2_medqa_medmcqa_selector_trajectory_sweep_v3,setting_2_medqa_medmcqa_selector_trajectory_sweep_v3/repeat_02/olmo7b_instruct/KR64_KT16/pct25.6/safe_corrected_adam_cumulative_trajectory_rho0.001_epsm5/training_runs/safe_low_rank_adam_precondition_before_projection_reference_greedy_marginal_eta0.0064_metricFplusAlpha_cost0.001_epsm5_caln64_calseed44_trainconstraint_cumulative_line_search_pct25.6_seed44/summary.json,repeat_02,olmo7b_instruct,safe_corrected_adam_cumulative_trajectory_rho0.001_epsm5,safe_low_rank_adam_precondition_before_projection_reference_greedy_marginal_eta0.0064_metricFplusAlpha_cost0.001_epsm5_caln64_calseed44_trainconstraint_cumulative_line_search_pct25.6_seed44,safe_low_rank_adam_precondition_before_projection_reference_greedy_marginal_eta0.0064_metricFplusAlpha_cost0.001_epsm5_caln64_calseed44,adam,,,44,0.001,46.284001953125,794.216796875,22.468435287475586,0.421875,0.421875,,0.27892702139018527,,0.44,,0.0,,0.11785404278037055,,0.4609375,,,,,,,,,,,,,0.5214296338051768,0.5131581980795055,765.0981600100058,1.2194647446336307e+17,143873136.0,0.0,1.2194647460723621e+17,3077662189191168.0,1.1137112829444096e+16,1.330835874366803e+17,True,,,True,True,"{""spearman_predicted_fisher_vs_realized_kl"":0.9975490196078433,""spearman_predicted_fisher_vs_target_degradation"":-0.6299019607843138,""spearman_realized_kl_vs_instruction_degradation"":-0.8660254037844386,""spearman_realized_kl_vs_medqa_accuracy"":0.9746794344808964,""spearman_realized_kl_vs_reference_degradation"":0.15389675281277312,""spearman_realized_kl_vs_target_degradation"":-0.627450980392157,""spearman_realized_kl_vs_target_performance"":0.627450980392157,""trajectory_point_count"":17}"
setting_2_medqa_medmcqa_selector_trajectory_sweep_v3,setting_2_medqa_medmcqa_selector_trajectory_sweep_v3/repeat_02/olmo7b_instruct/KR64_KT16/pct25.6/safe_corrected_adam_cumulative_trajectory_rho0.1_epsm5/training_runs/safe_low_rank_adam_precondition_before_projection_reference_greedy_marginal_eta0.0064_metricFplusAlpha_cost0.1_epsm5_caln64_calseed44_trainconstraint_cumulative_line_search_pct25.6_seed44/summary.json,repeat_02,olmo7b_instruct,safe_corrected_adam_cumulative_trajectory_rho0.1_epsm5,safe_low_rank_adam_precondition_before_projection_reference_greedy_marginal_eta0.0064_metricFplusAlpha_cost0.1_epsm5_caln64_calseed44_trainconstraint_cumulative_line_search_pct25.6_seed44,safe_low_rank_adam_precondition_before_projection_reference_greedy_marginal_eta0.0064_metricFplusAlpha_cost0.1_epsm5_caln64_calseed44,adam,,,44,0.1,46.284001953125,794.89697265625,22.462623596191406,0.41796875,0.41796875,,0.28191170648015207,,0.42,,0.0,,0.1438234129603041,,0.44140625,,,,,,,,,,,,,0.5399206194206787,0.532889901786949,761.7801192420011,1.2194647446336307e+17,143873136.0,0.0,1.2194647460723621e+17,3085725860315136.0,1.1145176500568064e+16,1.3309165110780427e+17,True,,,True,True,"{""spearman_predicted_fisher_vs_realized_kl"":1.0000000000000002,""spearman_predicted_fisher_vs_target_degradation"":-0.6936274509803922,""spearman_realized_kl_vs_instruction_degradation"":-0.7071067811865475,""spearman_realized_kl_vs_medqa_accuracy"":0.9486832980505138,""spearman_realized_kl_vs_reference_degradation"":0.09999999999999998,""spearman_realized_kl_vs_target_degradation"":-0.6936274509803922,""spearman_realized_kl_vs_target_performance"":0.6936274509803922,""trajectory_point_count"":17}"
setting_2_medqa_medmcqa_selector_trajectory_sweep_v3,setting_2_medqa_medmcqa_selector_trajectory_sweep_v3/repeat_02/olmo7b_instruct/KR64_KT16/pct25.6/safe_corrected_adam_equal_allocation_rho0.0001_epsm1/training_runs/safe_low_rank_adam_precondition_before_projection_reference_greedy_marginal_eta0.0064_metricFplusAlpha_cost0.0001_epsm1_caln64_calseed44_trainconstraint_equal_allocation_pct25.6_seed44/summary.json,repeat_02,olmo7b_instruct,safe_corrected_adam_equal_allocation_rho0.0001_epsm1,safe_low_rank_adam_precondition_before_projection_reference_greedy_marginal_eta0.0064_metricFplusAlpha_cost0.0001_epsm1_caln64_calseed44_trainconstraint_equal_allocation_pct25.6_seed44,safe_low_rank_adam_precondition_before_projection_reference_greedy_marginal_eta0.0064_metricFplusAlpha_cost0.0001_epsm1_caln64_calseed44,adam,,,44,0.0001,9.256800390625,794.216796875,22.46843719482422,0.38671875,0.38671875,,0.30329476029494673,,0.46,,0.0,,0.14658952058989339,,0.4375,,,,,,,,,,,,,0.5048987813452815,0.49667027940862435,819.231056929013,1.2194647446336307e+17,143873136.0,0.0,1.2194647460723621e+17,3077662189191168.0,1.1137112829444096e+16,1.330835874366803e+17,True,,,True,True,"{""spearman_predicted_fisher_vs_realized_kl"":0.9975490196078433,""spearman_predicted_fisher_vs_target_degradation"":-0.6838235294117648,""spearman_realized_kl_vs_instruction_degradation"":-0.7071067811865475,""spearman_realized_kl_vs_medqa_accuracy"":0.6708203932499369,""spearman_realized_kl_vs_reference_degradation"":0.6999999999999998,""spearman_realized_kl_vs_target_degradation"":-0.681372549019608,""spearman_realized_kl_vs_target_performance"":0.681372549019608,""trajectory_point_count"":17}"
setting_2_medqa_medmcqa_selector_trajectory_sweep_v3,setting_2_medqa_medmcqa_selector_trajectory_sweep_v3/repeat_02/olmo7b_instruct/KR64_KT16/pct25.6/safe_corrected_adam_equal_allocation_rho0.01_epsm1/training_runs/safe_low_rank_adam_precondition_before_projection_reference_greedy_marginal_eta0.0064_metricFplusAlpha_cost0.01_epsm1_caln64_calseed44_trainconstraint_equal_allocation_pct25.6_seed44/summary.json,repeat_02,olmo7b_instruct,safe_corrected_adam_equal_allocation_rho0.01_epsm1,safe_low_rank_adam_precondition_before_projection_reference_greedy_marginal_eta0.0064_metricFplusAlpha_cost0.01_epsm1_caln64_calseed44_trainconstraint_equal_allocation_pct25.6_seed44,safe_low_rank_adam_precondition_before_projection_reference_greedy_marginal_eta0.0064_metricFplusAlpha_cost0.01_epsm1_caln64_calseed44,adam,,,44,0.01,9.256800390625,794.2168579101562,22.46843719482422,0.34375,0.34375,,0.3171099786172519,,0.47,,0.0,,0.1642199572345038,,0.44140625,,,,,,,,,,,,,0.5424323705568289,0.5309879065645626,811.1107611869811,1.2194647446336307e+17,143873136.0,0.0,1.2194647460723621e+17,3077662189191168.0,1.1137112829444096e+16,1.330835874366803e+17,True,,,True,True,"{""spearman_predicted_fisher_vs_realized_kl"":0.9485294117647061,""spearman_predicted_fisher_vs_target_degradation"":-0.6127450980392157,""spearman_realized_kl_vs_instruction_degradation"":-0.7071067811865475,""spearman_realized_kl_vs_medqa_accuracy"":0.9486832980505138,""spearman_realized_kl_vs_reference_degradation"":0.5999999999999999,""spearman_realized_kl_vs_target_degradation"":-0.5343137254901962,""spearman_realized_kl_vs_target_performance"":0.5343137254901962,""trajectory_point_count"":17}"
setting_2_medqa_medmcqa_selector_trajectory_sweep_v3,setting_2_medqa_medmcqa_selector_trajectory_sweep_v3/repeat_02/olmo7b_instruct/KR64_KT16/pct25.6/safe_corrected_adam_equal_allocation_rho1_epsm1/training_runs/safe_low_rank_adam_precondition_before_projection_reference_greedy_marginal_eta0.0064_metricFplusAlpha_cost1_epsm1_caln64_calseed44_trainconstraint_equal_allocation_pct25.6_seed44/summary.json,repeat_02,olmo7b_instruct,safe_corrected_adam_equal_allocation_rho1_epsm1,safe_low_rank_adam_precondition_before_projection_reference_greedy_marginal_eta0.0064_metricFplusAlpha_cost1_epsm1_caln64_calseed44_trainconstraint_equal_allocation_pct25.6_seed44,safe_low_rank_adam_precondition_before_projection_reference_greedy_marginal_eta0.0064_metricFplusAlpha_cost1_epsm1_caln64_calseed44,adam,,,44,1.0,9.256800390625,809.0023193359375,22.3773193359375,0.3515625,0.3515625,,0.3219433636566819,,0.48,,0.0,,0.16388672731336382,,0.453125,,,,,,,,,,,,,0.5215008116532966,0.5101247745568265,835.0929150650045,1.2194647446336307e+17,143873136.0,0.0,1.2194647460723621e+17,3096782234124288.0,1.1156232874377216e+16,1.3310270748161342e+17,True,,,True,True,"{""spearman_predicted_fisher_vs_realized_kl"":0.9411764705882354,""spearman_predicted_fisher_vs_target_degradation"":-0.7058823529411765,""spearman_realized_kl_vs_instruction_degradation"":0.0,""spearman_realized_kl_vs_medqa_accuracy"":0.8207826816681233,""spearman_realized_kl_vs_reference_degradation"":0.6668859288553503,""spearman_realized_kl_vs_target_degradation"":-0.715686274509804,""spearman_realized_kl_vs_target_performance"":0.715686274509804,""trajectory_point_count"":17}"
setting_2_medqa_medmcqa_selector_trajectory_sweep_v3,setting_2_medqa_medmcqa_selector_trajectory_sweep_v3/repeat_02/olmo7b_instruct/KR64_KT16/pct25.6/safe_corrected_adam_equal_allocation_rho0.001_epsm5/training_runs/safe_low_rank_adam_precondition_before_projection_reference_greedy_marginal_eta0.0064_metricFplusAlpha_cost0.001_epsm5_caln64_calseed44_trainconstraint_equal_allocation_pct25.6_seed44/summary.json,repeat_02,olmo7b_instruct,safe_corrected_adam_equal_allocation_rho0.001_epsm5,safe_low_rank_adam_precondition_before_projection_reference_greedy_marginal_eta0.0064_metricFplusAlpha_cost0.001_epsm5_caln64_calseed44_trainconstraint_equal_allocation_pct25.6_seed44,safe_low_rank_adam_precondition_before_projection_reference_greedy_marginal_eta0.0064_metricFplusAlpha_cost0.001_epsm5_caln64_calseed44,adam,,,44,0.001,46.284001953125,794.216796875,22.468435287475586,0.43359375,0.43359375,,0.2806966097714415,,0.43,,0.010638297872340425,,0.13139321954288297,,0.46484375,,,,,,,,,,,,,0.5132014508003665,0.5037544935243753,797.9139435859979,1.2194647446336307e+17,143873136.0,0.0,1.2194647460723621e+17,3077662189191168.0,1.1137112829444096e+16,1.330835874366803e+17,True,,,True,True,"{""spearman_predicted_fisher_vs_realized_kl"":0.9803921568627453,""spearman_predicted_fisher_vs_target_degradation"":-0.7990196078431374,""spearman_realized_kl_vs_instruction_degradation"":-0.35355339059327373,""spearman_realized_kl_vs_medqa_accuracy"":0.9746794344808964,""spearman_realized_kl_vs_reference_degradation"":0.051298917604257706,""spearman_realized_kl_vs_target_degradation"":-0.7990196078431374,""spearman_realized_kl_vs_target_performance"":0.7990196078431374,""trajectory_point_count"":17}"
setting_2_medqa_medmcqa_selector_trajectory_sweep_v3,setting_2_medqa_medmcqa_selector_trajectory_sweep_v3/repeat_02/olmo7b_instruct/KR64_KT16/pct25.6/safe_corrected_adam_equal_allocation_rho0.1_epsm5/training_runs/safe_low_rank_adam_precondition_before_projection_reference_greedy_marginal_eta0.0064_metricFplusAlpha_cost0.1_epsm5_caln64_calseed44_trainconstraint_equal_allocation_pct25.6_seed44/summary.json,repeat_02,olmo7b_instruct,safe_corrected_adam_equal_allocation_rho0.1_epsm5,safe_low_rank_adam_precondition_before_projection_reference_greedy_marginal_eta0.0064_metricFplusAlpha_cost0.1_epsm5_caln64_calseed44_trainconstraint_equal_allocation_pct25.6_seed44,safe_low_rank_adam_precondition_before_projection_reference_greedy_marginal_eta0.0064_metricFplusAlpha_cost0.1_epsm5_caln64_calseed44,adam,,,44,0.1,46.284001953125,794.89697265625,22.462623596191406,0.421875,0.421875,,0.2704634174298607,,0.41,,0.0,,0.13092683485972142,,0.43359375,,,,,,,,,,,,,0.545265988465717,0.5353981298787734,796.3117710679944,1.2194647446336307e+17,143873136.0,0.0,1.2194647460723621e+17,3085725860315136.0,1.1145176500568064e+16,1.3309165110780427e+17,True,,,True,True,"{""spearman_predicted_fisher_vs_realized_kl"":0.9975490196078433,""spearman_predicted_fisher_vs_target_degradation"":-0.698529411764706,""spearman_realized_kl_vs_instruction_degradation"":-0.7071067811865475,""spearman_realized_kl_vs_medqa_accuracy"":0.872081599272381,""spearman_realized_kl_vs_reference_degradation"":0.6708203932499369,""spearman_realized_kl_vs_target_degradation"":-0.6960784313725491,""spearman_realized_kl_vs_target_performance"":0.6960784313725491,""trajectory_point_count"":17}"
setting_2_medqa_medmcqa_selector_trajectory_sweep_v3,setting_2_medqa_medmcqa_selector_trajectory_sweep_v3/repeat_02/olmo7b_instruct/KR64_KT16/pct25.6/baseline_less_no_kl/training_runs/less_low_rank_adam_pct25.6_seed44/summary.json,repeat_02,olmo7b_instruct,baseline_less_no_kl,less_low_rank_adam_pct25.6_seed44,less_low_rank_adam,adam,,,44,,,,,0.45703125,0.45703125,,0.338394253237246,,0.55,,0.0,,0.12678850647449189,,0.5859375,,,,,,,,,,,,,0.6993086445359699,0.6743989916723315,709.126057290996,1.2194647446336307e+17,26238240.0,0.0,1.2194647448960131e+17,3576279708794880.0,1.1635730349047808e+16,1.3358220483864912e+17,True,,,True,True,"{""spearman_predicted_fisher_vs_realized_kl"":0.9779411764705884,""spearman_predicted_fisher_vs_target_degradation"":0.4705882352941177,""spearman_realized_kl_vs_instruction_degradation"":-0.7071067811865475,""spearman_realized_kl_vs_medqa_accuracy"":0.7071067811865475,""spearman_realized_kl_vs_reference_degradation"":-0.19999999999999996,""spearman_realized_kl_vs_target_degradation"":0.5122549019607844,""spearman_realized_kl_vs_target_performance"":-0.5122549019607844,""trajectory_point_count"":17}"
setting_2_medqa_medmcqa_selector_trajectory_sweep_v3,setting_2_medqa_medmcqa_selector_trajectory_sweep_v3/repeat_02/olmo7b_instruct/KR64_KT16/pct25.6/safe_legacy_adam_greedy_gamma0.01_epsm0.5/training_runs/safe_low_rank_adam_reference_greedy_marginal_eta0.0002_metricFplusAlpha_gamma0.01_epsm0.5_caln64_calseed44_pct25.6_seed44/summary.json,repeat_02,olmo7b_instruct,safe_legacy_adam_greedy_gamma0.01_epsm0.5,safe_low_rank_adam_reference_greedy_marginal_eta0.0002_metricFplusAlpha_gamma0.01_epsm0.5_caln64_calseed44_pct25.6_seed44,safe_low_rank_adam_reference_greedy_marginal_eta0.0002_metricFplusAlpha_gamma0.01_epsm0.5_caln64_calseed44,adam,,,44,0.03396494108133684,0.17917000732421878,2.566699504852295,0.028265198692679405,0.44140625,0.44140625,,0.2979075830217649,,0.47,,0.010638297872340425,,0.12581516604352988,,0.47265625,,,,,,,,,,,,,0.5082100259309723,0.49978904352462666,706.0361977299908,1.2194647446336307e+17,169313136.0,0.0,1.2194647463267621e+17,3251072683671552.0,1.131052332392448e+16,1.3325699795660069e+17,True,,,False,True,"{""spearman_predicted_fisher_vs_realized_kl"":0.9803921568627453,""spearman_predicted_fisher_vs_target_degradation"":-0.8872549019607845,""spearman_realized_kl_vs_instruction_degradation"":-0.7071067811865475,""spearman_realized_kl_vs_medqa_accuracy"":0.9746794344808964,""spearman_realized_kl_vs_reference_degradation"":0.20519567041703082,""spearman_realized_kl_vs_target_degradation"":-0.9215686274509806,""spearman_realized_kl_vs_target_performance"":0.9215686274509806,""trajectory_point_count"":17}"
setting_2_medqa_medmcqa_selector_trajectory_sweep_v3,setting_2_medqa_medmcqa_selector_trajectory_sweep_v3/repeat_02/olmo7b_instruct/KR64_KT16/pct25.6/safe_legacy_adam_greedy_gamma1_epsm0.5/training_runs/safe_low_rank_adam_reference_greedy_marginal_eta0.0002_metricFplusAlpha_gamma1_epsm0.5_caln64_calseed44_pct25.6_seed44/summary.json,repeat_02,olmo7b_instruct,safe_legacy_adam_greedy_gamma1_epsm0.5,safe_low_rank_adam_reference_greedy_marginal_eta0.0002_metricFplusAlpha_gamma1_epsm0.5_caln64_calseed44_pct25.6_seed44,safe_low_rank_adam_reference_greedy_marginal_eta0.0002_metricFplusAlpha_gamma1_epsm0.5_caln64_calseed44,adam,,,44,3.3964941081336835,0.17917000732421878,6.637970924377441,0.03417452424764633,0.47265625,0.47265625,,0.29260532463365924,,0.46,,0.010638297872340425,,0.12521064926731845,,0.515625,,,,,,,,,,,,,0.5425064596410203,0.5275015641538462,720.1400655450125,1.2194647446336307e+17,169313136.0,0.0,1.2194647463267621e+17,3720095698944000.0,1.1779546339196928e+16,1.3372602097187314e+17,True,,,False,True,"{""spearman_predicted_fisher_vs_realized_kl"":0.9068627450980393,""spearman_predicted_fisher_vs_target_degradation"":0.12254901960784316,""spearman_realized_kl_vs_instruction_degradation"":-0.7071067811865475,""spearman_realized_kl_vs_medqa_accuracy"":0.22360679774997896,""spearman_realized_kl_vs_reference_degradation"":0.5270462766947299,""spearman_realized_kl_vs_target_degradation"":0.25490196078431376,""spearman_realized_kl_vs_target_performance"":-0.25490196078431376,""trajectory_point_count"":17}"
setting_2_medqa_medmcqa_selector_trajectory_sweep_v3,setting_2_medqa_medmcqa_selector_trajectory_sweep_v3/repeat_02/olmo7b_instruct/KR64_KT16/pct25.6/safe_legacy_adam_greedy_gamma0.1_epsm1/training_runs/safe_low_rank_adam_reference_greedy_marginal_eta0.0002_metricFplusAlpha_gamma0.1_epsm1_caln64_calseed44_pct25.6_seed44/summary.json,repeat_02,olmo7b_instruct,safe_legacy_adam_greedy_gamma0.1_epsm1,safe_low_rank_adam_reference_greedy_marginal_eta0.0002_metricFplusAlpha_gamma0.1_epsm1_caln64_calseed44_pct25.6_seed44,safe_low_rank_adam_reference_greedy_marginal_eta0.0002_metricFplusAlpha_gamma0.1_epsm1_caln64_calseed44,adam,,,44,1.3585976432534734,0.35834001464843757,5.300271987915039,0.033922430127859116,0.484375,0.484375,,0.29809329774529686,,0.46,,0.0,,0.1361865954905937,,0.515625,,,,,,,,,,,,,0.5297317874089613,0.5154687567911779,701.7863531100156,1.2194647446336307e+17,169313136.0,0.0,1.2194647463267621e+17,3613023447318528.0,1.1672474087571456e+16,1.3361894872024766e+17,True,,,False,True,"{""spearman_predicted_fisher_vs_realized_kl"":0.8676470588235295,""spearman_predicted_fisher_vs_target_degradation"":-0.25490196078431376,""spearman_realized_kl_vs_instruction_degradation"":-0.7071067811865475,""spearman_realized_kl_vs_medqa_accuracy"":0.6668859288553503,""spearman_realized_kl_vs_reference_degradation"":0.15389675281277312,""spearman_realized_kl_vs_target_degradation"":-0.03676470588235295,""spearman_realized_kl_vs_target_performance"":0.03676470588235295,""trajectory_point_count"":17}"
setting_2_medqa_medmcqa_selector_trajectory_sweep_v3,setting_2_medqa_medmcqa_selector_trajectory_sweep_v3/repeat_02/olmo7b_instruct/KR64_KT16/pct25.6/safe_legacy_adam_greedy_gamma0.01_epsm2/training_runs/safe_low_rank_adam_reference_greedy_marginal_eta0.0002_metricFplusAlpha_gamma0.01_epsm2_caln64_calseed44_pct25.6_seed44/summary.json,repeat_02,olmo7b_instruct,safe_legacy_adam_greedy_gamma0.01_epsm2,safe_low_rank_adam_reference_greedy_marginal_eta0.0002_metricFplusAlpha_gamma0.01_epsm2_caln64_calseed44_pct25.6_seed44,safe_low_rank_adam_reference_greedy_marginal_eta0.0002_metricFplusAlpha_gamma0.01_epsm2_caln64_calseed44,adam,,,44,0.5434390573013894,0.7166800292968751,3.7147889137268066,0.030623288825154305,0.453125,0.453125,,0.30514799984335705,,0.47,,0.0,,0.1402959996867141,,0.5,,,,,,,,,,,,,0.5325025244969794,0.5248377771953648,703.6643523019738,1.2194647446336307e+17,169313136.0,0.0,1.2194647463267621e+17,3428805970919424.0,1.1488256611172352e+16,1.3343473124384856e+17,True,,,False,True,"{""spearman_predicted_fisher_vs_realized_kl"":0.9215686274509806,""spearman_predicted_fisher_vs_target_degradation"":-0.35294117647058826,""spearman_realized_kl_vs_instruction_degradation"":-0.7071067811865475,""spearman_realized_kl_vs_medqa_accuracy"":0.35909242322980395,""spearman_realized_kl_vs_reference_degradation"":0.051298917604257706,""spearman_realized_kl_vs_target_degradation"":-0.30637254901960786,""spearman_realized_kl_vs_target_performance"":0.30637254901960786,""trajectory_point_count"":17}"
setting_2_medqa_medmcqa_selector_trajectory_sweep_v3,setting_2_medqa_medmcqa_selector_trajectory_sweep_v3/repeat_02/olmo7b_instruct/KR64_KT16/pct25.6/safe_legacy_adam_greedy_gamma1_epsm2/training_runs/safe_low_rank_adam_reference_greedy_marginal_eta0.0002_metricFplusAlpha_gamma1_epsm2_caln64_calseed44_pct25.6_seed44/summary.json,repeat_02,olmo7b_instruct,safe_legacy_adam_greedy_gamma1_epsm2,safe_low_rank_adam_reference_greedy_marginal_eta0.0002_metricFplusAlpha_gamma1_epsm2_caln64_calseed44_pct25.6_seed44,safe_low_rank_adam_reference_greedy_marginal_eta0.0002_metricFplusAlpha_gamma1_epsm2_caln64_calseed44,adam,,,44,54.343905730138935,0.7166800292968751,18.981857299804688,0.08240316063165665,0.44921875,0.44921875,,0.3400841985912703,,0.56,,0.0,,0.12016839718254059,,0.58203125,,,,,,,,,,,,,0.6932811484148088,0.6680376213733115,705.9893788320187,1.2194647446336307e+17,169313136.0,0.0,1.2194647463267621e+17,3498303177719808.0,1.1557753817972736e+16,1.3350422845064894e+17,True,,,False,True,"{""spearman_predicted_fisher_vs_realized_kl"":0.877450980392157,""spearman_predicted_fisher_vs_target_degradation"":0.5171568627450981,""spearman_realized_kl_vs_instruction_degradation"":-0.22360679774997896,""spearman_realized_kl_vs_medqa_accuracy"":0.9746794344808964,""spearman_realized_kl_vs_reference_degradation"":0.0,""spearman_realized_kl_vs_target_degradation"":0.5392156862745099,""spearman_realized_kl_vs_target_performance"":-0.5392156862745099,""trajectory_point_count"":17}"
setting_2_medqa_medmcqa_selector_trajectory_sweep_v3,setting_2_medqa_medmcqa_selector_trajectory_sweep_v3/repeat_02/olmo7b_instruct/KR64_KT16/pct25.6/safe_hard_feasible_greedy_gamma0.1_epsm0.5/training_runs/safe_low_rank_adam_reference_constrained_greedy_eta0.0002_metricFplusAlpha_swaps1_feastol1e-06_gamma0.1_epsm0.5_caln64_calseed44_pct25.6_seed44/summary.json,repeat_02,olmo7b_instruct,safe_hard_feasible_greedy_gamma0.1_epsm0.5,safe_low_rank_adam_reference_constrained_greedy_eta0.0002_metricFplusAlpha_swaps1_feastol1e-06_gamma0.1_epsm0.5_caln64_calseed44_pct25.6_seed44,safe_low_rank_adam_reference_constrained_greedy_eta0.0002_metricFplusAlpha_swaps1_feastol1e-06_gamma0.1_epsm0.5_caln64_calseed44,adam,,,44,0.33964941081336836,0.17917000732421878,0.31865987181663513,0.0014510966138914227,0.4296875,0.4296875,,0.33436538047612396,,0.48,,0.010638297872340425,,0.188730760952248,,0.5,,,,,,,,,,,,,0.5347134120000294,0.5130737524012937,126.81896629999392,1.2194647446336307e+17,1867793520.0,0.0,1.2194647633115659e+17,542926145470464.0,2821860285480960.0,1.2476833661663755e+17,True,,,False,True,"{""spearman_predicted_fisher_vs_realized_kl"":0.9999999999999998,""spearman_predicted_fisher_vs_target_degradation"":-0.9999999999999998,""spearman_realized_kl_vs_instruction_degradation"":null,""spearman_realized_kl_vs_medqa_accuracy"":null,""spearman_realized_kl_vs_reference_degradation"":null,""spearman_realized_kl_vs_target_degradation"":-0.9999999999999998,""spearman_realized_kl_vs_target_performance"":0.9999999999999998,""trajectory_point_count"":3}"
setting_2_medqa_medmcqa_selector_trajectory_sweep_v3,setting_2_medqa_medmcqa_selector_trajectory_sweep_v3/repeat_02/olmo7b_instruct/KR64_KT16/pct25.6/safe_hard_feasible_greedy_gamma0.01_epsm1/training_runs/safe_low_rank_adam_reference_constrained_greedy_eta0.0002_metricFplusAlpha_swaps1_feastol1e-06_gamma0.01_epsm1_caln64_calseed44_pct25.6_seed44/summary.json,repeat_02,olmo7b_instruct,safe_hard_feasible_greedy_gamma0.01_epsm1,safe_low_rank_adam_reference_constrained_greedy_eta0.0002_metricFplusAlpha_swaps1_feastol1e-06_gamma0.01_epsm1_caln64_calseed44_pct25.6_seed44,safe_low_rank_adam_reference_constrained_greedy_eta0.0002_metricFplusAlpha_swaps1_feastol1e-06_gamma0.01_epsm1_caln64_calseed44,adam,,,44,0.13585976432534735,0.35834001464843757,0.1230340376496315,0.0006690992740914226,0.46484375,0.46484375,,0.34285918518409375,,0.48,,0.010638297872340425,,0.2057183703681875,,0.5078125,,,,,,,,,,,,,0.5712685241276448,0.5449566004822519,118.63417678099358,1.2194647446336307e+17,1867793520.0,0.0,1.2194647633115659e+17,400855898554368.0,2679790038564864.0,1.2462626636972146e+17,True,,,False,True,"{""spearman_predicted_fisher_vs_realized_kl"":0.9999999999999998,""spearman_predicted_fisher_vs_target_degradation"":-0.9999999999999998,""spearman_realized_kl_vs_instruction_degradation"":null,""spearman_realized_kl_vs_medqa_accuracy"":null,""spearman_realized_kl_vs_reference_degradation"":null,""spearman_realized_kl_vs_target_degradation"":-0.9999999999999998,""spearman_realized_kl_vs_target_performance"":0.9999999999999998,""trajectory_point_count"":3}"
setting_2_medqa_medmcqa_selector_trajectory_sweep_v3,setting_2_medqa_medmcqa_selector_trajectory_sweep_v3/repeat_02/olmo7b_instruct/KR64_KT16/pct25.6/safe_hard_feasible_greedy_gamma1_epsm1/training_runs/safe_low_rank_adam_reference_constrained_greedy_eta0.0002_metricFplusAlpha_swaps1_feastol1e-06_gamma1_epsm1_caln64_calseed44_pct25.6_seed44/summary.json,repeat_02,olmo7b_instruct,safe_hard_feasible_greedy_gamma1_epsm1,safe_low_rank_adam_reference_constrained_greedy_eta0.0002_metricFplusAlpha_swaps1_feastol1e-06_gamma1_epsm1_caln64_calseed44_pct25.6_seed44,safe_low_rank_adam_reference_constrained_greedy_eta0.0002_metricFplusAlpha_swaps1_feastol1e-06_gamma1_epsm1_caln64_calseed44,adam,,,44,13.585976432534734,0.35834001464843757,10.692022323608398,0.04859883710741997,0.453125,0.453125,,0.31059750243049816,,0.48,,0.010638297872340425,,0.14119500486099634,,0.53515625,,,,,,,,,,,,,0.6175031134129622,0.60043875444835,698.3032863090048,1.2194647446336307e+17,1867793520.0,0.0,1.2194647633115659e+17,3621752163483648.0,1.1681202803736576e+16,1.3362767913489317e+17,True,,,False,True,"{""spearman_predicted_fisher_vs_realized_kl"":0.9901960784313727,""spearman_predicted_fisher_vs_target_degradation"":0.42647058823529416,""spearman_realized_kl_vs_instruction_degradation"":-0.7071067811865475,""spearman_realized_kl_vs_medqa_accuracy"":0.6708203932499369,""spearman_realized_kl_vs_reference_degradation"":0.5999999999999999,""spearman_realized_kl_vs_target_degradation"":0.4460784313725491,""spearman_realized_kl_vs_target_performance"":-0.4460784313725491,""trajectory_point_count"":17}"
setting_2_medqa_medmcqa_selector_trajectory_sweep_v3,setting_2_medqa_medmcqa_selector_trajectory_sweep_v3/repeat_02/olmo7b_instruct/KR64_KT16/pct25.6/safe_hard_feasible_greedy_gamma0.1_epsm2/training_runs/safe_low_rank_adam_reference_constrained_greedy_eta0.0002_metricFplusAlpha_swaps1_feastol1e-06_gamma0.1_epsm2_caln64_calseed44_pct25.6_seed44/summary.json,repeat_02,olmo7b_instruct,safe_hard_feasible_greedy_gamma0.1_epsm2,safe_low_rank_adam_reference_constrained_greedy_eta0.0002_metricFplusAlpha_swaps1_feastol1e-06_gamma0.1_epsm2_caln64_calseed44_pct25.6_seed44,safe_low_rank_adam_reference_constrained_greedy_eta0.0002_metricFplusAlpha_swaps1_feastol1e-06_gamma0.1_epsm2_caln64_calseed44,adam,,,44,5.434390573013894,0.7166800292968751,5.337436199188232,0.025163348764181137,0.46484375,0.46484375,,0.3131607214764388,,0.49,,0.0,,0.13632144295287765,,0.51953125,,,,,,,,,,,,,0.6225789687163479,0.6044174559207459,455.60881471901666,1.2194647446336307e+17,1867793520.0,0.0,1.2194647633115659e+17,2135958410919936.0,7937045264744448.0,1.2988352159590104e+17,True,,,False,True,"{""spearman_predicted_fisher_vs_realized_kl"":0.990909090909091,""spearman_predicted_fisher_vs_target_degradation"":0.32727272727272727,""spearman_realized_kl_vs_instruction_degradation"":-0.7745966692414834,""spearman_realized_kl_vs_medqa_accuracy"":0.9486832980505138,""spearman_realized_kl_vs_reference_degradation"":0.7378647873726218,""spearman_realized_kl_vs_target_degradation"":0.33636363636363636,""spearman_realized_kl_vs_target_performance"":-0.33636363636363636,""trajectory_point_count"":11}"
setting_2_medqa_medmcqa_selector_trajectory_sweep_v3,setting_2_medqa_medmcqa_selector_trajectory_sweep_v3/repeat_02/olmo7b_instruct/KR64_KT16/pct25.6/safe_corrected_adam_greedy_gamma0.01_epsm0.5/training_runs/safe_low_rank_adam_precondition_before_projection_reference_greedy_marginal_eta0.0064_metricFplusAlpha_gamma0.01_epsm0.5_caln64_calseed44_pct25.6_seed44/summary.json,repeat_02,olmo7b_instruct,safe_corrected_adam_greedy_gamma0.01_epsm0.5,safe_low_rank_adam_precondition_before_projection_reference_greedy_marginal_eta0.0064_metricFplusAlpha_gamma0.01_epsm0.5_caln64_calseed44_pct25.6_seed44,safe_low_rank_adam_precondition_before_projection_reference_greedy_marginal_eta0.0064_metricFplusAlpha_gamma0.01_epsm0.5_caln64_calseed44,adam,,,44,32.610981494862145,4.6284001953125,992.3956298828125,20.64509391784668,0.4375,0.4375,,0.2970626010961377,,0.46,,0.010638297872340425,,0.13412520219227533,,0.48046875,,,,,,,,,,,,,0.5250524135971198,0.5227869982550064,706.7067786279949,1.2194647446336307e+17,143873136.0,0.0,1.2194647460723621e+17,3292388606853120.0,1.1351839247106048e+16,1.3329831385434226e+17,True,,,True,True,"{""spearman_predicted_fisher_vs_realized_kl"":0.9926470588235295,""spearman_predicted_fisher_vs_target_degradation"":-0.7132352941176472,""spearman_realized_kl_vs_instruction_degradation"":-0.7071067811865475,""spearman_realized_kl_vs_medqa_accuracy"":0.9486832980505138,""spearman_realized_kl_vs_reference_degradation"":0.10540925533894598,""spearman_realized_kl_vs_target_degradation"":-0.7426470588235295,""spearman_realized_kl_vs_target_performance"":0.7426470588235295,""trajectory_point_count"":17}"
setting_2_medqa_medmcqa_selector_trajectory_sweep_v3,setting_2_medqa_medmcqa_selector_trajectory_sweep_v3/repeat_02/olmo7b_instruct/KR64_KT16/pct25.6/safe_corrected_adam_greedy_gamma1_epsm0.5/training_runs/safe_low_rank_adam_precondition_before_projection_reference_greedy_marginal_eta0.0064_metricFplusAlpha_gamma1_epsm0.5_caln64_calseed44_pct25.6_seed44/summary.json,repeat_02,olmo7b_instruct,safe_corrected_adam_greedy_gamma1_epsm0.5,safe_low_rank_adam_precondition_before_projection_reference_greedy_marginal_eta0.0064_metricFplusAlpha_gamma1_epsm0.5_caln64_calseed44_pct25.6_seed44,safe_low_rank_adam_precondition_before_projection_reference_greedy_marginal_eta0.0064_metricFplusAlpha_gamma1_epsm0.5_caln64_calseed44,adam,,,44,3261.098149486215,4.6284001953125,2676.157470703125,23.233877182006836,0.46875,0.46875,,0.28856448770826687,,0.45,,0.010638297872340425,,0.1271289754165337,,0.5234375,,,,,,,,,,,,,0.5425616232317699,0.5263533794059986,698.8340621670359,1.2194647446336307e+17,143873136.0,0.0,1.2194647460723621e+17,3686095271215104.0,1.1745545911468032e+16,1.3369202051870424e+17,True,,,True,True,"{""spearman_predicted_fisher_vs_realized_kl"":0.9975490196078433,""spearman_predicted_fisher_vs_target_degradation"":-0.07843137254901962,""spearman_realized_kl_vs_instruction_degradation"":0.35355339059327373,""spearman_realized_kl_vs_medqa_accuracy"":0.8207826816681233,""spearman_realized_kl_vs_reference_degradation"":0.872081599272381,""spearman_realized_kl_vs_target_degradation"":-0.0735294117647059,""spearman_realized_kl_vs_target_performance"":0.0735294117647059,""trajectory_point_count"":17}"
setting_2_medqa_medmcqa_selector_trajectory_sweep_v3,setting_2_medqa_medmcqa_selector_trajectory_sweep_v3/repeat_02/olmo7b_instruct/KR64_KT16/pct25.6/safe_corrected_adam_greedy_gamma0.1_epsm1/training_runs/safe_low_rank_adam_precondition_before_projection_reference_greedy_marginal_eta0.0064_metricFplusAlpha_gamma0.1_epsm1_caln64_calseed44_pct25.6_seed44/summary.json,repeat_02,olmo7b_instruct,safe_corrected_adam_greedy_gamma0.1_epsm1,safe_low_rank_adam_precondition_before_projection_reference_greedy_marginal_eta0.0064_metricFplusAlpha_gamma0.1_epsm1_caln64_calseed44_pct25.6_seed44,safe_low_rank_adam_precondition_before_projection_reference_greedy_marginal_eta0.0064_metricFplusAlpha_gamma0.1_epsm1_caln64_calseed44,adam,,,44,1304.4392597944861,9.256800390625,2624.10791015625,26.91907501220703,0.47265625,0.47265625,,0.32185286110067524,,0.5,,0.0,,0.14370572220135042,,0.5234375,,,,,,,,,,,,,0.5731503852759213,0.5630489048946854,732.5549072899739,1.2194647446336307e+17,143873136.0,0.0,1.2194647460723621e+17,3716936734998528.0,1.1776387375251456e+16,1.3372286198248766e+17,True,,,True,True,"{""spearman_predicted_fisher_vs_realized_kl"":0.9975490196078433,""spearman_predicted_fisher_vs_target_degradation"":0.26960784313725494,""spearman_realized_kl_vs_instruction_degradation"":-0.8660254037844386,""spearman_realized_kl_vs_medqa_accuracy"":0.09999999999999998,""spearman_realized_kl_vs_reference_degradation"":0.35909242322980395,""spearman_realized_kl_vs_target_degradation"":0.2794117647058824,""spearman_realized_kl_vs_target_performance"":-0.2794117647058824,""trajectory_point_count"":17}"
setting_2_medqa_medmcqa_selector_trajectory_sweep_v3,setting_2_medqa_medmcqa_selector_trajectory_sweep_v3/repeat_02/olmo7b_instruct/KR64_KT16/pct25.6/safe_corrected_adam_greedy_gamma0.01_epsm2/training_runs/safe_low_rank_adam_precondition_before_projection_reference_greedy_marginal_eta0.0064_metricFplusAlpha_gamma0.01_epsm2_caln64_calseed44_pct25.6_seed44/summary.json,repeat_02,olmo7b_instruct,safe_corrected_adam_greedy_gamma0.01_epsm2,safe_low_rank_adam_precondition_before_projection_reference_greedy_marginal_eta0.0064_metricFplusAlpha_gamma0.01_epsm2_caln64_calseed44_pct25.6_seed44,safe_low_rank_adam_precondition_before_projection_reference_greedy_marginal_eta0.0064_metricFplusAlpha_gamma0.01_epsm2_caln64_calseed44,adam,,,44,521.7757039177943,18.51360078125,1648.615966796875,23.542070388793945,0.47265625,0.47265625,,0.2953302689298395,,0.47,,0.010638297872340425,,0.12066053785967897,,0.49609375,,,,,,,,,,,,,0.5379670933315017,0.5241012010702868,711.583567418973,1.2194647446336307e+17,143873136.0,0.0,1.2194647460723621e+17,3533051781120000.0,1.1592502421372928e+16,1.3353897702860914e+17,True,,,True,True,"{""spearman_predicted_fisher_vs_realized_kl"":0.9828431372549021,""spearman_predicted_fisher_vs_target_degradation"":0.178921568627451,""spearman_realized_kl_vs_instruction_degradation"":-0.28867513459481287,""spearman_realized_kl_vs_medqa_accuracy"":0.8944271909999159,""spearman_realized_kl_vs_reference_degradation"":0.35909242322980395,""spearman_realized_kl_vs_target_degradation"":0.2058823529411765,""spearman_realized_kl_vs_target_performance"":-0.2058823529411765,""trajectory_point_count"":17}"
setting_2_medqa_medmcqa_selector_trajectory_sweep_v3,setting_2_medqa_medmcqa_selector_trajectory_sweep_v3/repeat_02/olmo7b_instruct/KR64_KT16/pct25.6/safe_corrected_adam_greedy_gamma1_epsm2/training_runs/safe_low_rank_adam_precondition_before_projection_reference_greedy_marginal_eta0.0064_metricFplusAlpha_gamma1_epsm2_caln64_calseed44_pct25.6_seed44/summary.json,repeat_02,olmo7b_instruct,safe_corrected_adam_greedy_gamma1_epsm2,safe_low_rank_adam_precondition_before_projection_reference_greedy_marginal_eta0.0064_metricFplusAlpha_gamma1_epsm2_caln64_calseed44_pct25.6_seed44,safe_low_rank_adam_precondition_before_projection_reference_greedy_marginal_eta0.0064_metricFplusAlpha_gamma1_epsm2_caln64_calseed44,adam,,,44,52177.57039177944,18.51360078125,7453.41943359375,51.94065856933594,0.43359375,0.43359375,,0.3908601228089617,,0.63,,0.0,,0.15172024561792338,,0.62890625,,,,,,,,,,,,,0.6407455174492886,0.6197249516237753,712.2133069669944,1.2194647446336307e+17,143873136.0,0.0,1.2194647460723621e+17,3595898537508864.0,1.1655349177761792e+16,1.33601823784998e+17,True,,,True,True,"{""spearman_predicted_fisher_vs_realized_kl"":0.9558823529411766,""spearman_predicted_fisher_vs_target_degradation"":0.5000000000000001,""spearman_realized_kl_vs_instruction_degradation"":-0.7071067811865475,""spearman_realized_kl_vs_medqa_accuracy"":0.9486832980505138,""spearman_realized_kl_vs_reference_degradation"":-0.6668859288553503,""spearman_realized_kl_vs_target_degradation"":0.5588235294117648,""spearman_realized_kl_vs_target_performance"":-0.5588235294117648,""trajectory_point_count"":17}"
setting_2_medqa_medmcqa_selector_trajectory_sweep_v3,setting_2_medqa_medmcqa_selector_trajectory_sweep_v3/repeat_02/olmo7b_instruct/KR64_KT16/pct25.6/baseline_dsir/training_runs/dsir_pct25.6_seed44/summary.json,repeat_02,olmo7b_instruct,baseline_dsir,dsir_pct25.6_seed44,dsir,adam,,,44,,,,,0.4921875,0.4921875,,0.2955336052108434,,0.46,,0.0,,0.13106721042168676,,0.52734375,,,,,,,,,,,,,0.5763658548881413,0.555267002309167,706.0876394909865,0.0,48648000.0,0.0,48648000.0,3579355542110208.0,1.1638806182363136e+16,1.1638806231011136e+16,True,,,True,True,"{""spearman_predicted_fisher_vs_realized_kl"":0.8872549019607845,""spearman_predicted_fisher_vs_target_degradation"":0.2941176470588236,""spearman_realized_kl_vs_instruction_degradation"":-0.22360679774997896,""spearman_realized_kl_vs_medqa_accuracy"":0.051298917604257706,""spearman_realized_kl_vs_reference_degradation"":0.9746794344808964,""spearman_realized_kl_vs_target_degradation"":0.40686274509803927,""spearman_realized_kl_vs_target_performance"":-0.40686274509803927,""trajectory_point_count"":17}"
setting_2_medqa_medmcqa_selector_trajectory_sweep_v3,setting_2_medqa_medmcqa_selector_trajectory_sweep_v3/repeat_02/olmo7b_instruct/KR64_KT16/pct25.6/baseline_prismatic_no_kl/training_runs/prismatic_low_rank_adam_pct25.6_seed44/summary.json,repeat_02,olmo7b_instruct,baseline_prismatic_no_kl,prismatic_low_rank_adam_pct25.6_seed44,prismatic_low_rank_adam,adam,,,44,,,,,0.46875,0.46875,,0.35122831200522897,,0.54,,0.0,,0.16245662401045796,,0.546875,,,,,,,,,,,,,0.5767928459296037,0.5676997265213689,721.6080700189923,1.2194647446336307e+17,1340406000.0,0.0,1.2194647580376907e+17,3057544576696320.0,1.1116995216949248e+16,1.3306347102071832e+17,True,,,True,True,"{""spearman_predicted_fisher_vs_realized_kl"":0.9975490196078433,""spearman_predicted_fisher_vs_target_degradation"":0.4142156862745099,""spearman_realized_kl_vs_instruction_degradation"":-0.7071067811865475,""spearman_realized_kl_vs_medqa_accuracy"":0.5270462766947299,""spearman_realized_kl_vs_reference_degradation"":-0.4616902584383194,""spearman_realized_kl_vs_target_degradation"":0.4240196078431373,""spearman_realized_kl_vs_target_performance"":-0.4240196078431373,""trajectory_point_count"":17}"
setting_2_medqa_medmcqa_selector_trajectory_sweep_v3,setting_2_medqa_medmcqa_selector_trajectory_sweep_v3/repeat_02/olmo7b_instruct/KR64_KT16/pct25.6/safe_legacy_adam_greedy_gamma0.1_epsm0.5/training_runs/safe_low_rank_adam_reference_greedy_marginal_eta0.0002_metricFplusAlpha_gamma0.1_epsm0.5_caln64_calseed44_pct25.6_seed44/summary.json,repeat_02,olmo7b_instruct,safe_legacy_adam_greedy_gamma0.1_epsm0.5,safe_low_rank_adam_reference_greedy_marginal_eta0.0002_metricFplusAlpha_gamma0.1_epsm0.5_caln64_calseed44_pct25.6_seed44,safe_low_rank_adam_reference_greedy_marginal_eta0.0002_metricFplusAlpha_gamma0.1_epsm0.5_caln64_calseed44,adam,,,44,0.33964941081336836,0.17917000732421878,3.8041813373565674,0.02849620208144188,0.4609375,0.4609375,,0.2907585841803819,,0.45,,0.0,,0.13151716836076383,,0.5,,,,,,,,,,,,,0.5689890483487297,0.5578039570889697,718.0460555620084,1.2194647446336307e+17,169313136.0,0.0,1.2194647463267621e+17,3500547704733696.0,1.1559998344986624e+16,1.3350647297766283e+17,True,,,False,True,"{""spearman_predicted_fisher_vs_realized_kl"":0.8799019607843138,""spearman_predicted_fisher_vs_target_degradation"":0.17156862745098042,""spearman_realized_kl_vs_instruction_degradation"":-0.8660254037844386,""spearman_realized_kl_vs_medqa_accuracy"":0.09999999999999998,""spearman_realized_kl_vs_reference_degradation"":0.22360679774997896,""spearman_realized_kl_vs_target_degradation"":0.24754901960784317,""spearman_realized_kl_vs_target_performance"":-0.24754901960784317,""trajectory_point_count"":17}"
setting_2_medqa_medmcqa_selector_trajectory_sweep_v3,setting_2_medqa_medmcqa_selector_trajectory_sweep_v3/repeat_02/olmo7b_instruct/KR64_KT16/pct25.6/safe_legacy_adam_greedy_gamma0.01_epsm1/training_runs/safe_low_rank_adam_reference_greedy_marginal_eta0.0002_metricFplusAlpha_gamma0.01_epsm1_caln64_calseed44_pct25.6_seed44/summary.json,repeat_02,olmo7b_instruct,safe_legacy_adam_greedy_gamma0.01_epsm1,safe_low_rank_adam_reference_greedy_marginal_eta0.0002_metricFplusAlpha_gamma0.01_epsm1_caln64_calseed44_pct25.6_seed44,safe_low_rank_adam_reference_greedy_marginal_eta0.0002_metricFplusAlpha_gamma0.01_epsm1_caln64_calseed44,adam,,,44,0.13585976432534735,0.35834001464843757,2.9364137649536133,0.02901403047144413,0.48046875,0.48046875,,0.2863168859858584,,0.45,,0.010638297872340425,,0.12263377197171683,,0.48046875,,,,,,,,,,,,,0.5055245368132103,0.4964193033210118,709.9700188339921,1.2194647446336307e+17,169313136.0,0.0,1.2194647463267621e+17,3324643291348992.0,1.138409393160192e+16,1.3333056856427813e+17,True,,,False,True,"{""spearman_predicted_fisher_vs_realized_kl"":0.9534313725490198,""spearman_predicted_fisher_vs_target_degradation"":-0.6960784313725491,""spearman_realized_kl_vs_instruction_degradation"":-0.5773502691896257,""spearman_realized_kl_vs_medqa_accuracy"":0.5270462766947299,""spearman_realized_kl_vs_reference_degradation"":0.15389675281277312,""spearman_realized_kl_vs_target_degradation"":-0.5465686274509804,""spearman_realized_kl_vs_target_performance"":0.5465686274509804,""trajectory_point_count"":17}"
setting_2_medqa_medmcqa_selector_trajectory_sweep_v3,setting_2_medqa_medmcqa_selector_trajectory_sweep_v3/repeat_02/olmo7b_instruct/KR64_KT16/pct25.6/safe_legacy_adam_greedy_gamma1_epsm1/training_runs/safe_low_rank_adam_reference_greedy_marginal_eta0.0002_metricFplusAlpha_gamma1_epsm1_caln64_calseed44_pct25.6_seed44/summary.json,repeat_02,olmo7b_instruct,safe_legacy_adam_greedy_gamma1_epsm1,safe_low_rank_adam_reference_greedy_marginal_eta0.0002_metricFplusAlpha_gamma1_epsm1_caln64_calseed44_pct25.6_seed44,safe_low_rank_adam_reference_greedy_marginal_eta0.0002_metricFplusAlpha_gamma1_epsm1_caln64_calseed44,adam,,,44,13.585976432534734,0.35834001464843757,11.209686279296875,0.05125387758016586,0.45703125,0.45703125,,0.3153302327801244,,0.49,,0.0,,0.14066046556024883,,0.5234375,,,,,,,,,,,,,0.5965278221301331,0.5814568222232802,725.8932769100065,1.2194647446336307e+17,169313136.0,0.0,1.2194647463267621e+17,3748609505083392.0,1.180806014533632e+16,1.3375453477801253e+17,True,,,False,True,"{""spearman_predicted_fisher_vs_realized_kl"":0.9509803921568629,""spearman_predicted_fisher_vs_target_degradation"":0.36274509803921573,""spearman_realized_kl_vs_instruction_degradation"":-0.8660254037844386,""spearman_realized_kl_vs_medqa_accuracy"":0.8944271909999159,""spearman_realized_kl_vs_reference_degradation"":0.6999999999999998,""spearman_realized_kl_vs_target_degradation"":0.42892156862745107,""spearman_realized_kl_vs_target_performance"":-0.42892156862745107,""trajectory_point_count"":17}"
setting_2_medqa_medmcqa_selector_trajectory_sweep_v3,setting_2_medqa_medmcqa_selector_trajectory_sweep_v3/repeat_02/olmo7b_instruct/KR64_KT16/pct25.6/safe_legacy_adam_greedy_gamma0.1_epsm2/training_runs/safe_low_rank_adam_reference_greedy_marginal_eta0.0002_metricFplusAlpha_gamma0.1_epsm2_caln64_calseed44_pct25.6_seed44/summary.json,repeat_02,olmo7b_instruct,safe_legacy_adam_greedy_gamma0.1_epsm2,safe_low_rank_adam_reference_greedy_marginal_eta0.0002_metricFplusAlpha_gamma0.1_epsm2_caln64_calseed44_pct25.6_seed44,safe_low_rank_adam_reference_greedy_marginal_eta0.0002_metricFplusAlpha_gamma0.1_epsm2_caln64_calseed44,adam,,,44,5.434390573013894,0.7166800292968751,9.434728622436523,0.04954961687326431,0.44921875,0.44921875,,0.28685891918886164,,0.46,,0.0,,0.11371783837772323,,0.51171875,,,,,,,,,,,,,0.6017837120346959,0.5889166102357167,710.9068153830012,1.2194647446336307e+17,169313136.0,0.0,1.2194647463267621e+17,3653258672308224.0,1.1712709312561152e+16,1.3365918394523736e+17,True,,,False,True,"{""spearman_predicted_fisher_vs_realized_kl"":0.9803921568627453,""spearman_predicted_fisher_vs_target_degradation"":0.3308823529411765,""spearman_realized_kl_vs_instruction_degradation"":-0.8660254037844386,""spearman_realized_kl_vs_medqa_accuracy"":0.8207826816681233,""spearman_realized_kl_vs_reference_degradation"":0.9746794344808964,""spearman_realized_kl_vs_target_degradation"":0.340686274509804,""spearman_realized_kl_vs_target_performance"":-0.340686274509804,""trajectory_point_count"":17}"
setting_2_medqa_medmcqa_selector_trajectory_sweep_v3,setting_2_medqa_medmcqa_selector_trajectory_sweep_v3/repeat_02/olmo7b_instruct/KR64_KT16/pct25.6/safe_hard_feasible_greedy_gamma0.01_epsm0.5/training_runs/safe_low_rank_adam_reference_constrained_greedy_eta0.0002_metricFplusAlpha_swaps1_feastol1e-06_gamma0.01_epsm0.5_caln64_calseed44_pct25.6_seed44/summary.json,repeat_02,olmo7b_instruct,safe_hard_feasible_greedy_gamma0.01_epsm0.5,safe_low_rank_adam_reference_constrained_greedy_eta0.0002_metricFplusAlpha_swaps1_feastol1e-06_gamma0.01_epsm0.5_caln64_calseed44_pct25.6_seed44,safe_low_rank_adam_reference_constrained_greedy_eta0.0002_metricFplusAlpha_swaps1_feastol1e-06_gamma0.01_epsm0.5_caln64_calseed44,adam,,,44,0.03396494108133684,0.17917000732421878,0.031380340456962585,0.00019577036437112838,0.43359375,0.43359375,,0.3539298567624285,,0.49,,0.010638297872340425,,0.21785971352485706,,0.5,,,,,,,,,,,,,0.6899262336358207,0.6557771611200865,101.81273878598586,1.2194647446336307e+17,1867793520.0,0.0,1.2194647633115659e+17,264106011967488.0,2294396437217280.0,1.2424087276837387e+17,True,,,False,True,"{""spearman_predicted_fisher_vs_realized_kl"":null,""spearman_predicted_fisher_vs_target_degradation"":null,""spearman_realized_kl_vs_instruction_degradation"":null,""spearman_realized_kl_vs_medqa_accuracy"":null,""spearman_realized_kl_vs_reference_degradation"":null,""spearman_realized_kl_vs_target_degradation"":null,""spearman_realized_kl_vs_target_performance"":null,""trajectory_point_count"":2}"
setting_2_medqa_medmcqa_selector_trajectory_sweep_v3,setting_2_medqa_medmcqa_selector_trajectory_sweep_v3/repeat_02/olmo7b_instruct/KR64_KT16/pct25.6/safe_hard_feasible_greedy_gamma1_epsm0.5/training_runs/safe_low_rank_adam_reference_constrained_greedy_eta0.0002_metricFplusAlpha_swaps1_feastol1e-06_gamma1_epsm0.5_caln64_calseed44_pct25.6_seed44/summary.json,repeat_02,olmo7b_instruct,safe_hard_feasible_greedy_gamma1_epsm0.5,safe_low_rank_adam_reference_constrained_greedy_eta0.0002_metricFplusAlpha_swaps1_feastol1e-06_gamma1_epsm0.5_caln64_calseed44_pct25.6_seed44,safe_low_rank_adam_reference_constrained_greedy_eta0.0002_metricFplusAlpha_swaps1_feastol1e-06_gamma1_epsm0.5_caln64_calseed44,adam,,,44,3.3964941081336835,0.17917000732421878,3.224553346633911,0.014270843006670475,0.4453125,0.4453125,,0.32801489264506367,,0.5,,0.0,,0.1560297852901273,,0.55078125,,,,,,,,,,,,,0.6359382804636291,0.6159376330960709,434.359161002998,1.2194647446336307e+17,1867793520.0,0.0,1.2194647633115659e+17,2221250437447680.0,7773693576511488.0,1.2972016990766808e+17,True,,,False,True,"{""spearman_predicted_fisher_vs_realized_kl"":0.9878787878787879,""spearman_predicted_fisher_vs_target_degradation"":0.22424242424242424,""spearman_realized_kl_vs_instruction_degradation"":-0.7745966692414834,""spearman_realized_kl_vs_medqa_accuracy"":0.9486832980505138,""spearman_realized_kl_vs_reference_degradation"":-0.31622776601683794,""spearman_realized_kl_vs_target_degradation"":0.21212121212121213,""spearman_realized_kl_vs_target_performance"":-0.21212121212121213,""trajectory_point_count"":10}"
setting_2_medqa_medmcqa_selector_trajectory_sweep_v3,setting_2_medqa_medmcqa_selector_trajectory_sweep_v3/repeat_02/olmo7b_instruct/KR64_KT16/pct25.6/safe_hard_feasible_greedy_gamma0.1_epsm1/training_runs/safe_low_rank_adam_reference_constrained_greedy_eta0.0002_metricFplusAlpha_swaps1_feastol1e-06_gamma0.1_epsm1_caln64_calseed44_pct25.6_seed44/summary.json,repeat_02,olmo7b_instruct,safe_hard_feasible_greedy_gamma0.1_epsm1,safe_low_rank_adam_reference_constrained_greedy_eta0.0002_metricFplusAlpha_swaps1_feastol1e-06_gamma0.1_epsm1_caln64_calseed44_pct25.6_seed44,safe_low_rank_adam_reference_constrained_greedy_eta0.0002_metricFplusAlpha_swaps1_feastol1e-06_gamma0.1_epsm1_caln64_calseed44,adam,,,44,1.3585976432534734,0.35834001464843757,1.3157155513763428,0.006123742088675499,0.4765625,0.4765625,,0.3079678374715884,,0.48,,0.0,,0.13593567494317688,,0.49609375,,,,,,,,,,,,,0.5559736714224087,0.5359494937203831,248.84285676802392,1.2194647446336307e+17,1867793520.0,0.0,1.2194647633115659e+17,1114366097080320.0,4905732879237120.0,1.2685220921039371e+17,True,,,False,True,"{""spearman_predicted_fisher_vs_realized_kl"":1.0,""spearman_predicted_fisher_vs_target_degradation"":-0.42857142857142855,""spearman_realized_kl_vs_instruction_degradation"":-0.8660254037844387,""spearman_realized_kl_vs_medqa_accuracy"":0.4999999999999999,""spearman_realized_kl_vs_reference_degradation"":0.8660254037844387,""spearman_realized_kl_vs_target_degradation"":-0.42857142857142855,""spearman_realized_kl_vs_target_performance"":0.42857142857142855,""trajectory_point_count"":6}"
setting_2_medqa_medmcqa_selector_trajectory_sweep_v3,setting_2_medqa_medmcqa_selector_trajectory_sweep_v3/repeat_02/olmo7b_instruct/KR64_KT16/pct25.6/safe_hard_feasible_greedy_gamma0.01_epsm2/training_runs/safe_low_rank_adam_reference_constrained_greedy_eta0.0002_metricFplusAlpha_swaps1_feastol1e-06_gamma0.01_epsm2_caln64_calseed44_pct25.6_seed44/summary.json,repeat_02,olmo7b_instruct,safe_hard_feasible_greedy_gamma0.01_epsm2,safe_low_rank_adam_reference_constrained_greedy_eta0.0002_metricFplusAlpha_swaps1_feastol1e-06_gamma0.01_epsm2_caln64_calseed44_pct25.6_seed44,safe_low_rank_adam_reference_constrained_greedy_eta0.0002_metricFplusAlpha_swaps1_feastol1e-06_gamma0.01_epsm2_caln64_calseed44,adam,,,44,0.5434390573013894,0.7166800292968751,0.5160143375396729,0.002702993107959628,0.46875,0.46875,,0.3404563522656,,0.51,,0.0,,0.17091270453119997,,0.51953125,,,,,,,,,,,,,0.5103565031615358,0.4926434564406933,156.23040043801302,1.2194647446336307e+17,1867793520.0,0.0,1.2194647633115659e+17,776523216175104.0,3304101070946304.0,1.252505774021029e+17,True,,,False,True,"{""spearman_predicted_fisher_vs_realized_kl"":0.9999999999999998,""spearman_predicted_fisher_vs_target_degradation"":-0.7999999999999998,""spearman_realized_kl_vs_instruction_degradation"":null,""spearman_realized_kl_vs_medqa_accuracy"":null,""spearman_realized_kl_vs_reference_degradation"":null,""spearman_realized_kl_vs_target_degradation"":-0.7999999999999998,""spearman_realized_kl_vs_target_performance"":0.7999999999999998,""trajectory_point_count"":4}"
setting_2_medqa_medmcqa_selector_trajectory_sweep_v3,setting_2_medqa_medmcqa_selector_trajectory_sweep_v3/repeat_02/olmo7b_instruct/KR64_KT16/pct25.6/safe_hard_feasible_greedy_gamma1_epsm2/training_runs/safe_low_rank_adam_reference_constrained_greedy_eta0.0002_metricFplusAlpha_swaps1_feastol1e-06_gamma1_epsm2_caln64_calseed44_pct25.6_seed44/summary.json,repeat_02,olmo7b_instruct,safe_hard_feasible_greedy_gamma1_epsm2,safe_low_rank_adam_reference_constrained_greedy_eta0.0002_metricFplusAlpha_swaps1_feastol1e-06_gamma1_epsm2_caln64_calseed44_pct25.6_seed44,safe_low_rank_adam_reference_constrained_greedy_eta0.0002_metricFplusAlpha_swaps1_feastol1e-06_gamma1_epsm2_caln64_calseed44,adam,,,44,54.343905730138935,0.7166800292968751,18.880373001098633,0.08199036121368408,0.453125,0.453125,,0.338014168197986,,0.55,,0.0,,0.12602833639597194,,0.58203125,,,,,,,,,,,,,0.6848206893868531,0.6633716722820733,721.7103324030177,1.2194647446336307e+17,1867793520.0,0.0,1.2194647633115659e+17,3500048920952832.0,1.155949956120576e+16,1.3350597589236235e+17,True,,,False,True,"{""spearman_predicted_fisher_vs_realized_kl"":0.9901960784313727,""spearman_predicted_fisher_vs_target_degradation"":0.5196078431372549,""spearman_realized_kl_vs_instruction_degradation"":0.7826237921249264,""spearman_realized_kl_vs_medqa_accuracy"":0.9746794344808964,""spearman_realized_kl_vs_reference_degradation"":-0.872081599272381,""spearman_realized_kl_vs_target_degradation"":0.5196078431372549,""spearman_realized_kl_vs_target_performance"":-0.5196078431372549,""trajectory_point_count"":17}"
setting_2_medqa_medmcqa_selector_trajectory_sweep_v3,setting_2_medqa_medmcqa_selector_trajectory_sweep_v3/repeat_02/olmo7b_instruct/KR64_KT16/pct25.6/safe_corrected_adam_greedy_gamma0.1_epsm0.5/training_runs/safe_low_rank_adam_precondition_before_projection_reference_greedy_marginal_eta0.0064_metricFplusAlpha_gamma0.1_epsm0.5_caln64_calseed44_pct25.6_seed44/summary.json,repeat_02,olmo7b_instruct,safe_corrected_adam_greedy_gamma0.1_epsm0.5,safe_low_rank_adam_precondition_before_projection_reference_greedy_marginal_eta0.0064_metricFplusAlpha_gamma0.1_epsm0.5_caln64_calseed44_pct25.6_seed44,safe_low_rank_adam_precondition_before_projection_reference_greedy_marginal_eta0.0064_metricFplusAlpha_gamma0.1_epsm0.5_caln64_calseed44,adam,,,44,326.10981494862153,4.6284001953125,1662.614501953125,21.267866134643555,0.48828125,0.48828125,,0.29779845415861006,,0.46,,0.010638297872340425,,0.1355969083172201,,0.5078125,,,,,,,,,,,,,0.5517707535239212,0.5381496564140551,714.3988629020168,1.2194647446336307e+17,143873136.0,0.0,1.2194647460723621e+17,3597145496961024.0,1.1656596137213952e+16,1.3360307074445016e+17,True,,,True,True,"{""spearman_predicted_fisher_vs_realized_kl"":0.9705882352941178,""spearman_predicted_fisher_vs_target_degradation"":-0.2843137254901961,""spearman_realized_kl_vs_instruction_degradation"":-0.7071067811865475,""spearman_realized_kl_vs_medqa_accuracy"":0.15389675281277312,""spearman_realized_kl_vs_reference_degradation"":0.051298917604257706,""spearman_realized_kl_vs_target_degradation"":-0.24754901960784317,""spearman_realized_kl_vs_target_performance"":0.24754901960784317,""trajectory_point_count"":17}"
setting_2_medqa_medmcqa_selector_trajectory_sweep_v3,setting_2_medqa_medmcqa_selector_trajectory_sweep_v3/repeat_02/olmo7b_instruct/KR64_KT16/pct25.6/safe_corrected_adam_greedy_gamma0.01_epsm1/training_runs/safe_low_rank_adam_precondition_before_projection_reference_greedy_marginal_eta0.0064_metricFplusAlpha_gamma0.01_epsm1_caln64_calseed44_pct25.6_seed44/summary.json,repeat_02,olmo7b_instruct,safe_corrected_adam_greedy_gamma0.01_epsm1,safe_low_rank_adam_precondition_before_projection_reference_greedy_marginal_eta0.0064_metricFplusAlpha_gamma0.01_epsm1_caln64_calseed44_pct25.6_seed44,safe_low_rank_adam_precondition_before_projection_reference_greedy_marginal_eta0.0064_metricFplusAlpha_gamma0.01_epsm1_caln64_calseed44,adam,,,44,130.44392597944858,9.256800390625,1202.067626953125,21.197608947753906,0.46484375,0.46484375,,0.2782031241917129,,0.44,,0.0,,0.1164062483834258,,0.46484375,,,,,,,,,,,,,0.5244239182316709,0.5104330287546136,715.5049913770054,1.2194647446336307e+17,143873136.0,0.0,1.2194647460723621e+17,3396301894533120.0,1.1455752534786048e+16,1.3340222714202226e+17,True,,,True,True,"{""spearman_predicted_fisher_vs_realized_kl"":0.8137254901960785,""spearman_predicted_fisher_vs_target_degradation"":-0.661764705882353,""spearman_realized_kl_vs_instruction_degradation"":0.28867513459481287,""spearman_realized_kl_vs_medqa_accuracy"":0.6668859288553503,""spearman_realized_kl_vs_reference_degradation"":0.15389675281277312,""spearman_realized_kl_vs_target_degradation"":-0.40196078431372556,""spearman_realized_kl_vs_target_performance"":0.40196078431372556,""trajectory_point_count"":17}"
setting_2_medqa_medmcqa_selector_trajectory_sweep_v3,setting_2_medqa_medmcqa_selector_trajectory_sweep_v3/repeat_02/olmo7b_instruct/KR64_KT16/pct25.6/safe_corrected_adam_greedy_gamma1_epsm1/training_runs/safe_low_rank_adam_precondition_before_projection_reference_greedy_marginal_eta0.0064_metricFplusAlpha_gamma1_epsm1_caln64_calseed44_pct25.6_seed44/summary.json,repeat_02,olmo7b_instruct,safe_corrected_adam_greedy_gamma1_epsm1,safe_low_rank_adam_precondition_before_projection_reference_greedy_marginal_eta0.0064_metricFplusAlpha_gamma1_epsm1_caln64_calseed44_pct25.6_seed44,safe_low_rank_adam_precondition_before_projection_reference_greedy_marginal_eta0.0064_metricFplusAlpha_gamma1_epsm1_caln64_calseed44,adam,,,44,13044.39259794486,9.256800390625,4427.2822265625,32.94961166381836,0.49609375,0.49609375,,0.30510468280120157,,0.48,,0.0,,0.13020936560240318,,0.51953125,,,,,,,,,,,,,0.612066003036609,0.5943661723295058,712.774755320017,1.2194647446336307e+17,143873136.0,0.0,1.2194647460723621e+17,3772966779715584.0,1.1832417419968512e+16,1.3377889202720472e+17,True,,,True,True,"{""spearman_predicted_fisher_vs_realized_kl"":0.9436274509803922,""spearman_predicted_fisher_vs_target_degradation"":0.4240196078431373,""spearman_realized_kl_vs_instruction_degradation"":-0.5773502691896257,""spearman_realized_kl_vs_medqa_accuracy"":0.5642880936468347,""spearman_realized_kl_vs_reference_degradation"":0.6999999999999998,""spearman_realized_kl_vs_target_degradation"":0.48774509803921573,""spearman_realized_kl_vs_target_performance"":-0.48774509803921573,""trajectory_point_count"":17}"
setting_2_medqa_medmcqa_selector_trajectory_sweep_v3,setting_2_medqa_medmcqa_selector_trajectory_sweep_v3/repeat_02/olmo7b_instruct/KR64_KT16/pct25.6/safe_corrected_adam_greedy_gamma0.1_epsm2/training_runs/safe_low_rank_adam_precondition_before_projection_reference_greedy_marginal_eta0.0064_metricFplusAlpha_gamma0.1_epsm2_caln64_calseed44_pct25.6_seed44/summary.json,repeat_02,olmo7b_instruct,safe_corrected_adam_greedy_gamma0.1_epsm2,safe_low_rank_adam_precondition_before_projection_reference_greedy_marginal_eta0.0064_metricFplusAlpha_gamma0.1_epsm2_caln64_calseed44_pct25.6_seed44,safe_low_rank_adam_precondition_before_projection_reference_greedy_marginal_eta0.0064_metricFplusAlpha_gamma0.1_epsm2_caln64_calseed44,adam,,,44,5217.7570391779445,18.51360078125,5022.5234375,41.50767517089844,0.4375,0.4375,,0.3319790089857796,,0.51,,0.0,,0.15395801797155917,,0.546875,,,,,,,,,,,,,0.6363604278431584,0.6091422385090934,726.5407291129814,1.2194647446336307e+17,143873136.0,0.0,1.2194647460723621e+17,3697899820695552.0,1.175735046094848e+16,1.3370382506818469e+17,True,,,True,True,"{""spearman_predicted_fisher_vs_realized_kl"":0.9975490196078433,""spearman_predicted_fisher_vs_target_degradation"":0.5661764705882354,""spearman_realized_kl_vs_instruction_degradation"":-0.7071067811865475,""spearman_realized_kl_vs_medqa_accuracy"":0.9486832980505138,""spearman_realized_kl_vs_reference_degradation"":-0.7999999999999998,""spearman_realized_kl_vs_target_degradation"":0.5759803921568628,""spearman_realized_kl_vs_target_performance"":-0.5759803921568628,""trajectory_point_count"":17}"
setting_2_medqa_medmcqa_selector_trajectory_sweep_v3,setting_2_medqa_medmcqa_selector_trajectory_sweep_v3/repeat_04/olmo7b_instruct/KR64_KT16/pct25.6/baseline_random/training_runs/random_pct25.6_seed46/summary.json,repeat_04,olmo7b_instruct,baseline_random,random_pct25.6_seed46,random,adam,,,46,,,,,0.4296875,0.4296875,0.00390625,0.3817568045215249,-0.014525312830497739,0.5849056603773585,0.009433962264150941,0.03333333333333333,0.02222222222222222,0.1786079486656913,-0.038484587925146446,0.51953125,0.015625,,,,,,,,,,,,0.6705975707217985,0.66503262980516,756.1472335470025,,,,,3033519824584704.0,1.1084726677348352e+16,,,,,True,True,"{""spearman_predicted_fisher_vs_realized_kl"":0.9485294117647061,""spearman_predicted_fisher_vs_target_degradation"":0.34313725490196084,""spearman_realized_kl_vs_instruction_degradation"":0.10259783520851541,""spearman_realized_kl_vs_medqa_accuracy"":0.7071067811865475,""spearman_realized_kl_vs_reference_degradation"":0.6708203932499369,""spearman_realized_kl_vs_target_degradation"":0.4191176470588236,""spearman_realized_kl_vs_target_performance"":-0.4191176470588236,""trajectory_point_count"":17}"
setting_2_medqa_medmcqa_selector_trajectory_sweep_v3,setting_2_medqa_medmcqa_selector_trajectory_sweep_v3/repeat_04/olmo7b_instruct/KR64_KT16/pct25.6/safe_fractional_relaxation_gamma0.01_epsm0.5/training_runs/safe_low_rank_adam_reference_relaxed_eta0.0002_metricFplusAlpha_clarabel_wthresh1e-08_gamma0.01_epsm0.5_caln64_calseed46_pct25.6_seed46/summary.json,repeat_04,olmo7b_instruct,safe_fractional_relaxation_gamma0.01_epsm0.5,safe_low_rank_adam_reference_relaxed_eta0.0002_metricFplusAlpha_clarabel_wthresh1e-08_gamma0.01_epsm0.5_caln64_calseed46_pct25.6_seed46,safe_low_rank_adam_reference_relaxed_eta0.0002_metricFplusAlpha_clarabel_wthresh1e-08_gamma0.01_epsm0.5_caln64_calseed46,adam,,,46,0.03466337844282309,0.1711636413574219,0.0346633642911911,0.0005527213797904551,0.37109375,0.37109375,,0.35221493081690414,,0.5283018867924528,,0.022222222222222223,,0.17612797484135542,,0.48828125,,,,,,,,,,,,,0.49602155133081693,0.4841729723230203,274.7780846759997,,,,1.2194647446336307e+17,1028990939922432.0,4817448150024192.0,1.2676392261338726e+17,,,,False,True,"{""spearman_predicted_fisher_vs_realized_kl"":1.0,""spearman_predicted_fisher_vs_target_degradation"":-0.9428571428571428,""spearman_realized_kl_vs_instruction_degradation"":-0.8660254037844387,""spearman_realized_kl_vs_medqa_accuracy"":0.8660254037844387,""spearman_realized_kl_vs_reference_degradation"":0.8660254037844387,""spearman_realized_kl_vs_target_degradation"":-0.9428571428571428,""spearman_realized_kl_vs_target_performance"":0.9428571428571428,""trajectory_point_count"":6}"
setting_2_medqa_medmcqa_selector_trajectory_sweep_v3,setting_2_medqa_medmcqa_selector_trajectory_sweep_v3/repeat_04/olmo7b_instruct/KR64_KT16/pct25.6/safe_fractional_relaxation_gamma1_epsm0.5/training_runs/safe_low_rank_adam_reference_relaxed_eta0.0002_metricFplusAlpha_clarabel_wthresh1e-08_gamma1_epsm0.5_caln64_calseed46_pct25.6_seed46/summary.json,repeat_04,olmo7b_instruct,safe_fractional_relaxation_gamma1_epsm0.5,safe_low_rank_adam_reference_relaxed_eta0.0002_metricFplusAlpha_clarabel_wthresh1e-08_gamma1_epsm0.5_caln64_calseed46_pct25.6_seed46,safe_low_rank_adam_reference_relaxed_eta0.0002_metricFplusAlpha_clarabel_wthresh1e-08_gamma1_epsm0.5_caln64_calseed46,adam,,,46,3.4663378442823096,0.1711636413574219,3.0986077785491943,0.012951904907822609,0.453125,0.453125,,0.38181152372954763,,0.5849056603773585,,0.022222222222222223,,0.17871738708173673,,0.53515625,,,,,,,,,,,,,0.6517673253299148,0.6427228121332302,476.6905014649965,,,,1.2194647446336307e+17,2415027936313344.0,7962621788618752.0,1.2990909625198182e+17,,,,False,True,"{""spearman_predicted_fisher_vs_realized_kl"":1.0,""spearman_predicted_fisher_vs_target_degradation"":0.15151515151515152,""spearman_realized_kl_vs_instruction_degradation"":-0.7745966692414834,""spearman_realized_kl_vs_medqa_accuracy"":0.7745966692414834,""spearman_realized_kl_vs_reference_degradation"":0.7745966692414834,""spearman_realized_kl_vs_target_degradation"":0.15151515151515152,""spearman_realized_kl_vs_target_performance"":-0.15151515151515152,""trajectory_point_count"":10}"
setting_2_medqa_medmcqa_selector_trajectory_sweep_v3,setting_2_medqa_medmcqa_selector_trajectory_sweep_v3/repeat_04/olmo7b_instruct/KR64_KT16/pct25.6/safe_fractional_relaxation_gamma0.1_epsm1/training_runs/safe_low_rank_adam_reference_relaxed_eta0.0002_metricFplusAlpha_clarabel_wthresh1e-08_gamma0.1_epsm1_caln64_calseed46_pct25.6_seed46/summary.json,repeat_04,olmo7b_instruct,safe_fractional_relaxation_gamma0.1_epsm1,safe_low_rank_adam_reference_relaxed_eta0.0002_metricFplusAlpha_clarabel_wthresh1e-08_gamma0.1_epsm1_caln64_calseed46_pct25.6_seed46,safe_low_rank_adam_reference_relaxed_eta0.0002_metricFplusAlpha_clarabel_wthresh1e-08_gamma0.1_epsm1_caln64_calseed46,adam,,,46,1.3865351377129238,0.3423272827148438,1.386534333229065,0.010523028671741486,0.4375,0.4375,,0.3694765222679095,,0.5660377358490566,,0.022222222222222223,,0.17291530868676236,,0.5390625,,,,,,,,,,,,,0.5118605344275851,0.5022460363559478,512.5397315099981,,,,1.2194647446336307e+17,2324332418826240.0,8120085057216512.0,1.3006655952057958e+17,,,,False,True,"{""spearman_predicted_fisher_vs_realized_kl"":0.7454545454545455,""spearman_predicted_fisher_vs_target_degradation"":-0.24545454545454545,""spearman_realized_kl_vs_instruction_degradation"":-0.31622776601683794,""spearman_realized_kl_vs_medqa_accuracy"":0.7378647873726218,""spearman_realized_kl_vs_reference_degradation"":0.31622776601683794,""spearman_realized_kl_vs_target_degradation"":-0.03636363636363636,""spearman_realized_kl_vs_target_performance"":0.03636363636363636,""trajectory_point_count"":11}"
setting_2_medqa_medmcqa_selector_trajectory_sweep_v3,setting_2_medqa_medmcqa_selector_trajectory_sweep_v3/repeat_04/olmo7b_instruct/KR64_KT16/pct25.6/safe_fractional_relaxation_gamma0.01_epsm2/training_runs/safe_low_rank_adam_reference_relaxed_eta0.0002_metricFplusAlpha_clarabel_wthresh1e-08_gamma0.01_epsm2_caln64_calseed46_pct25.6_seed46/summary.json,repeat_04,olmo7b_instruct,safe_fractional_relaxation_gamma0.01_epsm2,safe_low_rank_adam_reference_relaxed_eta0.0002_metricFplusAlpha_clarabel_wthresh1e-08_gamma0.01_epsm2_caln64_calseed46_pct25.6_seed46,safe_low_rank_adam_reference_relaxed_eta0.0002_metricFplusAlpha_clarabel_wthresh1e-08_gamma0.01_epsm2_caln64_calseed46,adam,,,46,0.5546140550851695,0.6846545654296876,0.5546141266822815,0.005780116189271212,0.42578125,0.42578125,,0.3544590993665544,,0.5566037735849056,,0.022222222222222223,,0.1523144251482031,,0.51171875,,,,,,,,,,,,,0.5530584894383177,0.5334662821596358,368.03728172900446,,,,1.2194647446336307e+17,1714236724199424.0,6247170292555776.0,1.2819364475591885e+17,,,,False,True,"{""spearman_predicted_fisher_vs_realized_kl"":0.9833333333333332,""spearman_predicted_fisher_vs_target_degradation"":0.15,""spearman_realized_kl_vs_instruction_degradation"":-0.8660254037844387,""spearman_realized_kl_vs_medqa_accuracy"":0.4999999999999999,""spearman_realized_kl_vs_reference_degradation"":0.9999999999999998,""spearman_realized_kl_vs_target_degradation"":0.16666666666666666,""spearman_realized_kl_vs_target_performance"":-0.16666666666666666,""trajectory_point_count"":9}"
setting_2_medqa_medmcqa_selector_trajectory_sweep_v3,setting_2_medqa_medmcqa_selector_trajectory_sweep_v3/repeat_04/olmo7b_instruct/KR64_KT16/pct25.6/safe_fractional_relaxation_gamma1_epsm2/training_runs/safe_low_rank_adam_reference_relaxed_eta0.0002_metricFplusAlpha_clarabel_wthresh1e-08_gamma1_epsm2_caln64_calseed46_pct25.6_seed46/summary.json,repeat_04,olmo7b_instruct,safe_fractional_relaxation_gamma1_epsm2,safe_low_rank_adam_reference_relaxed_eta0.0002_metricFplusAlpha_clarabel_wthresh1e-08_gamma1_epsm2_caln64_calseed46_pct25.6_seed46,safe_low_rank_adam_reference_relaxed_eta0.0002_metricFplusAlpha_clarabel_wthresh1e-08_gamma1_epsm2_caln64_calseed46,adam,,,46,55.461405508516954,0.6846545654296876,19.066818237304688,0.07482130825519562,0.4140625,0.4140625,,0.3752684945694715,,0.5754716981132075,,0.03333333333333333,,0.17506529102573545,,0.515625,,,,,,,,,,,,,1.065009922035529,1.0588716769570967,1999.9183106599958,,,,1.2194647446336307e+17,8242900762558464.0,2.811174653857792e+16,1.50058221001941e+17,,,,False,True,"{""spearman_predicted_fisher_vs_realized_kl"":0.9519782543038356,""spearman_predicted_fisher_vs_target_degradation"":0.7366354575656902,""spearman_realized_kl_vs_instruction_degradation"":0.1809341712615245,""spearman_realized_kl_vs_medqa_accuracy"":0.8716308047219647,""spearman_realized_kl_vs_reference_degradation"":0.7875976921359984,""spearman_realized_kl_vs_target_degradation"":0.784959226819692,""spearman_realized_kl_vs_target_performance"":-0.784959226819692,""trajectory_point_count"":43}"
setting_2_medqa_medmcqa_selector_trajectory_sweep_v3,setting_2_medqa_medmcqa_selector_trajectory_sweep_v3/repeat_04/olmo7b_instruct/KR64_KT16/pct25.6/safe_fractional_relaxation_gamma0.1_epsm0.5/training_runs/safe_low_rank_adam_reference_relaxed_eta0.0002_metricFplusAlpha_clarabel_wthresh1e-08_gamma0.1_epsm0.5_caln64_calseed46_pct25.6_seed46/summary.json,repeat_04,olmo7b_instruct,safe_fractional_relaxation_gamma0.1_epsm0.5,safe_low_rank_adam_reference_relaxed_eta0.0002_metricFplusAlpha_clarabel_wthresh1e-08_gamma0.1_epsm0.5_caln64_calseed46_pct25.6_seed46,safe_low_rank_adam_reference_relaxed_eta0.0002_metricFplusAlpha_clarabel_wthresh1e-08_gamma0.1_epsm0.5_caln64_calseed46,adam,,,46,0.34663378442823095,0.1711636413574219,0.34663379192352295,0.0028811637312173843,0.3984375,0.3984375,,0.38241665882283044,,0.5471698113207547,,0.022222222222222223,,0.21766350632490614,,0.49609375,,,,,,,,,,,,,0.5576477768115166,0.5351763257645215,309.86560635200294,,,,1.2194647446336307e+17,1410726793543680.0,5447342789730304.0,1.2739381725309338e+17,,,,False,True,"{""spearman_predicted_fisher_vs_realized_kl"":0.9999999999999999,""spearman_predicted_fisher_vs_target_degradation"":-0.3928571428571428,""spearman_realized_kl_vs_instruction_degradation"":-0.8660254037844387,""spearman_realized_kl_vs_medqa_accuracy"":0.8660254037844387,""spearman_realized_kl_vs_reference_degradation"":0.8660254037844387,""spearman_realized_kl_vs_target_degradation"":-0.3928571428571428,""spearman_realized_kl_vs_target_performance"":0.3928571428571428,""trajectory_point_count"":7}"
setting_2_medqa_medmcqa_selector_trajectory_sweep_v3,setting_2_medqa_medmcqa_selector_trajectory_sweep_v3/repeat_04/olmo7b_instruct/KR64_KT16/pct25.6/baseline_less_kl_0.1/training_runs/less_low_rank_adam_pct25.6_seed46/summary.json,repeat_04,olmo7b_instruct,baseline_less_kl_0.1,less_low_rank_adam_pct25.6_seed46,less_low_rank_adam,adam,,,46,,,,,0.43359375,0.43359375,,0.4080754415635168,,0.5849056603773585,,0.011111111111111112,,0.23124522274967524,,0.52734375,,,,,,,,,,,,,0.9141391783286277,0.8964003313073239,1138.0178541080095,,,,1.2194647446336307e+17,3557616882327552.0,1.549545779642368e+16,1.3744193225978675e+17,,,,True,True,"{""spearman_predicted_fisher_vs_realized_kl"":-0.6544117647058825,""spearman_predicted_fisher_vs_target_degradation"":0.3455882352941177,""spearman_realized_kl_vs_instruction_degradation"":0.28867513459481287,""spearman_realized_kl_vs_medqa_accuracy"":0.10540925533894598,""spearman_realized_kl_vs_reference_degradation"":0.9999999999999998,""spearman_realized_kl_vs_target_degradation"":-0.6225490196078433,""spearman_realized_kl_vs_target_performance"":0.6225490196078433,""trajectory_point_count"":17}"
setting_2_medqa_medmcqa_selector_trajectory_sweep_v3,setting_2_medqa_medmcqa_selector_trajectory_sweep_v3/repeat_04/olmo7b_instruct/KR64_KT16/pct25.6/safe_fractional_relaxation_gamma0.01_epsm1/training_runs/safe_low_rank_adam_reference_relaxed_eta0.0002_metricFplusAlpha_clarabel_wthresh1e-08_gamma0.01_epsm1_caln64_calseed46_pct25.6_seed46/summary.json,repeat_04,olmo7b_instruct,safe_fractional_relaxation_gamma0.01_epsm1,safe_low_rank_adam_reference_relaxed_eta0.0002_metricFplusAlpha_clarabel_wthresh1e-08_gamma0.01_epsm1_caln64_calseed46_pct25.6_seed46,safe_low_rank_adam_reference_relaxed_eta0.0002_metricFplusAlpha_clarabel_wthresh1e-08_gamma0.01_epsm1_caln64_calseed46,adam,,,46,0.13865351377129237,0.3423272827148438,0.1386534571647644,0.001759538077749312,0.42578125,0.42578125,,0.340800402787786,,0.5471698113207547,,0.022222222222222223,,0.13443099425481733,,0.51171875,,,,,,,,,,,,,0.5121345060858099,0.5013092780428685,356.4696586499922,,,,1.2194647446336307e+17,1589623909613568.0,6122557477969920.0,1.28069031941333e+17,,,,False,True,"{""spearman_predicted_fisher_vs_realized_kl"":0.9999999999999999,""spearman_predicted_fisher_vs_target_degradation"":-0.7833333333333332,""spearman_realized_kl_vs_instruction_degradation"":0.0,""spearman_realized_kl_vs_medqa_accuracy"":0.4999999999999999,""spearman_realized_kl_vs_reference_degradation"":0.4999999999999999,""spearman_realized_kl_vs_target_degradation"":-0.7833333333333332,""spearman_realized_kl_vs_target_performance"":0.7833333333333332,""trajectory_point_count"":9}"
setting_2_medqa_medmcqa_selector_trajectory_sweep_v3,setting_2_medqa_medmcqa_selector_trajectory_sweep_v3/repeat_04/olmo7b_instruct/KR64_KT16/pct25.6/safe_fractional_relaxation_gamma1_epsm1/training_runs/safe_low_rank_adam_reference_relaxed_eta0.0002_metricFplusAlpha_clarabel_wthresh1e-08_gamma1_epsm1_caln64_calseed46_pct25.6_seed46/summary.json,repeat_04,olmo7b_instruct,safe_fractional_relaxation_gamma1_epsm1,safe_low_rank_adam_reference_relaxed_eta0.0002_metricFplusAlpha_clarabel_wthresh1e-08_gamma1_epsm1_caln64_calseed46_pct25.6_seed46,safe_low_rank_adam_reference_relaxed_eta0.0002_metricFplusAlpha_clarabel_wthresh1e-08_gamma1_epsm1_caln64_calseed46,adam,,,46,13.865351377129238,0.3423272827148438,10.464157104492188,0.04497140645980835,0.453125,0.453125,,0.35693191952727643,,0.5566037735849056,,0.022222222222222223,,0.1572600654696472,,0.515625,,,,,,,,,,,,,0.6554128739440533,0.6557113535774977,863.7110638510057,,,,1.2194647446336307e+17,4178976777338880.0,1.3493002700136448e+16,1.3543947716349952e+17,,,,False,True,"{""spearman_predicted_fisher_vs_realized_kl"":0.9666666666666665,""spearman_predicted_fisher_vs_target_degradation"":0.22105263157894733,""spearman_realized_kl_vs_instruction_degradation"":0.15179418517972906,""spearman_realized_kl_vs_medqa_accuracy"":0.33394720739540396,""spearman_realized_kl_vs_reference_degradation"":0.9258200997725513,""spearman_realized_kl_vs_target_degradation"":0.3070175438596491,""spearman_realized_kl_vs_target_performance"":-0.3070175438596491,""trajectory_point_count"":19}"
setting_2_medqa_medmcqa_selector_trajectory_sweep_v3,setting_2_medqa_medmcqa_selector_trajectory_sweep_v3/repeat_04/olmo7b_instruct/KR64_KT16/pct25.6/baseline_prismatic_kl_0.01/training_runs/prismatic_low_rank_adam_pct25.6_seed46/summary.json,repeat_04,olmo7b_instruct,baseline_prismatic_kl_0.01,prismatic_low_rank_adam_pct25.6_seed46,prismatic_low_rank_adam,adam,,,46,,,,,0.46875,0.46875,,0.4042403247608942,,0.5754716981132075,,0.022222222222222223,,0.23300895140858097,,0.52734375,,,,,,,,,,,,,0.611882683097591,0.5912731505228502,1097.432168409985,,,,1.2194647446336307e+17,3034060173680640.0,1.4971901087776768e+16,1.3691837555113984e+17,,,,True,True,"{""spearman_predicted_fisher_vs_realized_kl"":-0.6421568627450981,""spearman_predicted_fisher_vs_target_degradation"":0.303921568627451,""spearman_realized_kl_vs_instruction_degradation"":-0.7905694150420948,""spearman_realized_kl_vs_medqa_accuracy"":0.7071067811865475,""spearman_realized_kl_vs_reference_degradation"":0.9746794344808964,""spearman_realized_kl_vs_target_degradation"":-0.6740196078431373,""spearman_realized_kl_vs_target_performance"":0.6740196078431373,""trajectory_point_count"":17}"
setting_2_medqa_medmcqa_selector_trajectory_sweep_v3,setting_2_medqa_medmcqa_selector_trajectory_sweep_v3/repeat_04/olmo7b_instruct/KR64_KT16/pct25.6/safe_fractional_relaxation_gamma0.1_epsm2/training_runs/safe_low_rank_adam_reference_relaxed_eta0.0002_metricFplusAlpha_clarabel_wthresh1e-08_gamma0.1_epsm2_caln64_calseed46_pct25.6_seed46/summary.json,repeat_04,olmo7b_instruct,safe_fractional_relaxation_gamma0.1_epsm2,safe_low_rank_adam_reference_relaxed_eta0.0002_metricFplusAlpha_clarabel_wthresh1e-08_gamma0.1_epsm2_caln64_calseed46_pct25.6_seed46,safe_low_rank_adam_reference_relaxed_eta0.0002_metricFplusAlpha_clarabel_wthresh1e-08_gamma0.1_epsm2_caln64_calseed46,adam,,,46,5.546140550851695,0.6846545654296876,5.546139717102051,0.03567833453416824,0.4453125,0.4453125,,0.36452662091357135,,0.5566037735849056,,0.03333333333333333,,0.17244946824223703,,0.5078125,,,,,,,,,,,,,0.7313799176109917,0.7279341155796591,1501.7121536399936,,,,1.2194647446336307e+17,6437054083940352.0,2.152480750551859e+16,1.4347128196888166e+17,,,,False,True,"{""spearman_predicted_fisher_vs_realized_kl"":0.8753342245989305,""spearman_predicted_fisher_vs_target_degradation"":0.5297459893048129,""spearman_realized_kl_vs_instruction_degradation"":-0.11581320482871722,""spearman_realized_kl_vs_medqa_accuracy"":0.14186538042638172,""spearman_realized_kl_vs_reference_degradation"":0.24152294576982397,""spearman_realized_kl_vs_target_degradation"":0.69451871657754,""spearman_realized_kl_vs_target_performance"":-0.69451871657754,""trajectory_point_count"":33}"
setting_2_medqa_medmcqa_selector_trajectory_sweep_v3,setting_2_medqa_medmcqa_selector_trajectory_sweep_v3/repeat_04/olmo7b_instruct/KR64_KT16/pct25.6/baseline_prismatic_kl_1.0/training_runs/prismatic_low_rank_adam_pct25.6_seed46/summary.json,repeat_04,olmo7b_instruct,baseline_prismatic_kl_1.0,prismatic_low_rank_adam_pct25.6_seed46,prismatic_low_rank_adam,adam,,,46,,,,,0.46875,0.46875,,0.4041787842263592,,0.5754716981132075,,0.011111111111111112,,0.23288587033951097,,0.546875,,,,,,,,,,,,,0.5948795603916602,0.570203765277156,1129.3262444309948,,,,,3034060173680640.0,1.4971901087776768e+16,,,,,True,True,"{""spearman_predicted_fisher_vs_realized_kl"":-0.4779411764705883,""spearman_predicted_fisher_vs_target_degradation"":-0.12254901960784316,""spearman_realized_kl_vs_instruction_degradation"":0.4472135954999579,""spearman_realized_kl_vs_medqa_accuracy"":0.10259783520851541,""spearman_realized_kl_vs_reference_degradation"":0.20519567041703082,""spearman_realized_kl_vs_target_degradation"":0.13725490196078433,""spearman_realized_kl_vs_target_performance"":-0.13725490196078433,""trajectory_point_count"":17}"
setting_2_medqa_medmcqa_selector_trajectory_sweep_v3,setting_2_medqa_medmcqa_selector_trajectory_sweep_v3/repeat_04/olmo7b_instruct/KR64_KT16/pct25.6/baseline_less_kl_0.01/training_runs/less_low_rank_adam_pct25.6_seed46/summary.json,repeat_04,olmo7b_instruct,baseline_less_kl_0.01,less_low_rank_adam_pct25.6_seed46,less_low_rank_adam,adam,,,46,,,,,0.4375,0.4375,,0.3925591674622097,,0.5566037735849056,,0.022222222222222223,,0.22851456133951378,,0.5,,,,,,,,,,,,,0.9576593487116145,0.9447709111379288,1140.963398066,1.2194647446336307e+17,26238240.0,0.0,1.2194647448960131e+17,3557616882327552.0,1.549545779642368e+16,1.37441932286025e+17,True,,,True,True,"{""spearman_predicted_fisher_vs_realized_kl"":-0.6666666666666667,""spearman_predicted_fisher_vs_target_degradation"":0.31617647058823534,""spearman_realized_kl_vs_instruction_degradation"":-0.5773502691896257,""spearman_realized_kl_vs_medqa_accuracy"":0.4743416490252569,""spearman_realized_kl_vs_reference_degradation"":0.0,""spearman_realized_kl_vs_target_degradation"":-0.6495098039215688,""spearman_realized_kl_vs_target_performance"":0.6495098039215688,""trajectory_point_count"":17}"
setting_2_medqa_medmcqa_selector_trajectory_sweep_v3,setting_2_medqa_medmcqa_selector_trajectory_sweep_v3/repeat_04/olmo7b_instruct/KR64_KT16/pct25.6/baseline_less_kl_1.0/training_runs/less_low_rank_adam_pct25.6_seed46/summary.json,repeat_04,olmo7b_instruct,baseline_less_kl_1.0,less_low_rank_adam_pct25.6_seed46,less_low_rank_adam,adam,,,46,,,,,0.4375,0.4375,,0.4070646120130712,,0.5849056603773585,,0.011111111111111112,,0.2292235636487839,,0.5390625,,,,,,,,,,,,,0.8505402609616737,0.8319255504448066,1138.037340808005,1.2194647446336307e+17,26238240.0,0.0,1.2194647448960131e+17,3557616882327552.0,1.549545779642368e+16,1.37441932286025e+17,True,,,True,True,"{""spearman_predicted_fisher_vs_realized_kl"":-0.6323529411764707,""spearman_predicted_fisher_vs_target_degradation"":0.28921568627450983,""spearman_realized_kl_vs_instruction_degradation"":0.28867513459481287,""spearman_realized_kl_vs_medqa_accuracy"":-0.22360679774997896,""spearman_realized_kl_vs_reference_degradation"":0.5999999999999999,""spearman_realized_kl_vs_target_degradation"":-0.5465686274509804,""spearman_realized_kl_vs_target_performance"":0.5465686274509804,""trajectory_point_count"":17}"
setting_2_medqa_medmcqa_selector_trajectory_sweep_v3,setting_2_medqa_medmcqa_selector_trajectory_sweep_v3/repeat_04/olmo7b_instruct/KR64_KT16/pct25.6/baseline_prismatic_kl_0.1/training_runs/prismatic_low_rank_adam_pct25.6_seed46/summary.json,repeat_04,olmo7b_instruct,baseline_prismatic_kl_0.1,prismatic_low_rank_adam_pct25.6_seed46,prismatic_low_rank_adam,adam,,,46,,,,,0.4609375,0.4609375,,0.41050935421475027,,0.5943396226415094,,0.022222222222222223,,0.22667908578799115,,0.5625,,,,,,,,,,,,,0.6307324346953178,0.6038763139486801,1130.5799780919915,1.2194647446336307e+17,1340406000.0,0.0,1.2194647580376907e+17,3034060173680640.0,1.4971901087776768e+16,1.3691837689154584e+17,True,,,True,True,"{""spearman_predicted_fisher_vs_realized_kl"":-0.5465686274509804,""spearman_predicted_fisher_vs_target_degradation"":0.28186274509803927,""spearman_realized_kl_vs_instruction_degradation"":0.28867513459481287,""spearman_realized_kl_vs_medqa_accuracy"":0.10540925533894598,""spearman_realized_kl_vs_reference_degradation"":0.9999999999999998,""spearman_realized_kl_vs_target_degradation"":-0.502450980392157,""spearman_realized_kl_vs_target_performance"":0.502450980392157,""trajectory_point_count"":17}"
setting_2_medqa_medmcqa_selector_trajectory_sweep_v3,setting_2_medqa_medmcqa_selector_trajectory_sweep_v3/repeat_04/olmo7b_instruct/KR64_KT16/pct25.6/safe_corrected_adam_cumulative_trajectory_rho0.001_epsm1/training_runs/safe_low_rank_adam_precondition_before_projection_reference_greedy_marginal_eta0.0064_metricFplusAlpha_cost0.001_epsm1_caln64_calseed46_trainconstraint_cumulative_line_search_pct25.6_seed46/summary.json,repeat_04,olmo7b_instruct,safe_corrected_adam_cumulative_trajectory_rho0.001_epsm1,safe_low_rank_adam_precondition_before_projection_reference_greedy_marginal_eta0.0064_metricFplusAlpha_cost0.001_epsm1_caln64_calseed46_trainconstraint_cumulative_line_search_pct25.6_seed46,safe_low_rank_adam_precondition_before_projection_reference_greedy_marginal_eta0.0064_metricFplusAlpha_cost0.001_epsm1_caln64_calseed46,adam,,,46,0.001,9.050149609375001,851.94873046875,21.01298713684082,0.421875,0.421875,,0.35873362643595735,,0.5471698113207547,,0.03333333333333333,,0.17029744155116003,,0.4921875,,,,,,,,,,,,,0.5728685761930578,0.570356336857153,789.4870458809892,1.2194647446336307e+17,143873136.0,0.0,1.2194647460723621e+17,3069598518067200.0,1.1120805370830848e+16,1.3306727997806706e+17,True,,,True,True,"{""spearman_predicted_fisher_vs_realized_kl"":0.9926470588235295,""spearman_predicted_fisher_vs_target_degradation"":-0.4240196078431373,""spearman_realized_kl_vs_instruction_degradation"":0.5642880936468347,""spearman_realized_kl_vs_medqa_accuracy"":0.872081599272381,""spearman_realized_kl_vs_reference_degradation"":0.15389675281277312,""spearman_realized_kl_vs_target_degradation"":-0.42156862745098045,""spearman_realized_kl_vs_target_performance"":0.42156862745098045,""trajectory_point_count"":17}"
setting_2_medqa_medmcqa_selector_trajectory_sweep_v3,setting_2_medqa_medmcqa_selector_trajectory_sweep_v3/repeat_04/olmo7b_instruct/KR64_KT16/pct25.6/safe_corrected_adam_cumulative_trajectory_rho0.1_epsm1/training_runs/safe_low_rank_adam_precondition_before_projection_reference_greedy_marginal_eta0.0064_metricFplusAlpha_cost0.1_epsm1_caln64_calseed46_trainconstraint_cumulative_line_search_pct25.6_seed46/summary.json,repeat_04,olmo7b_instruct,safe_corrected_adam_cumulative_trajectory_rho0.1_epsm1,safe_low_rank_adam_precondition_before_projection_reference_greedy_marginal_eta0.0064_metricFplusAlpha_cost0.1_epsm1_caln64_calseed46_trainconstraint_cumulative_line_search_pct25.6_seed46,safe_low_rank_adam_precondition_before_projection_reference_greedy_marginal_eta0.0064_metricFplusAlpha_cost0.1_epsm1_caln64_calseed46,adam,,,46,0.1,9.050149609375001,852.0321044921875,21.043262481689453,0.3984375,0.3984375,,0.3265498355873024,,0.4716981132075472,,0.03333333333333333,,0.18140155796705762,,0.48046875,,,,,,,,,,,,,0.5481009312276436,0.5443354770157103,801.7361525459855,1.2194647446336307e+17,143873136.0,0.0,1.2194647460723621e+17,3067686513573888.0,1.1118893366337536e+16,1.3306536797357374e+17,True,,,True,True,"{""spearman_predicted_fisher_vs_realized_kl"":0.9926470588235295,""spearman_predicted_fisher_vs_target_degradation"":-0.286764705882353,""spearman_realized_kl_vs_instruction_degradation"":-0.6708203932499369,""spearman_realized_kl_vs_medqa_accuracy"":0.9746794344808964,""spearman_realized_kl_vs_reference_degradation"":0.6668859288553503,""spearman_realized_kl_vs_target_degradation"":-0.24754901960784317,""spearman_realized_kl_vs_target_performance"":0.24754901960784317,""trajectory_point_count"":17}"
setting_2_medqa_medmcqa_selector_trajectory_sweep_v3,setting_2_medqa_medmcqa_selector_trajectory_sweep_v3/repeat_04/olmo7b_instruct/KR64_KT16/pct25.6/safe_corrected_adam_cumulative_trajectory_rho0.0001_epsm5/training_runs/safe_low_rank_adam_precondition_before_projection_reference_greedy_marginal_eta0.0064_metricFplusAlpha_cost0.0001_epsm5_caln64_calseed46_trainconstraint_cumulative_line_search_pct25.6_seed46/summary.json,repeat_04,olmo7b_instruct,safe_corrected_adam_cumulative_trajectory_rho0.0001_epsm5,safe_low_rank_adam_precondition_before_projection_reference_greedy_marginal_eta0.0064_metricFplusAlpha_cost0.0001_epsm5_caln64_calseed46_trainconstraint_cumulative_line_search_pct25.6_seed46,safe_low_rank_adam_precondition_before_projection_reference_greedy_marginal_eta0.0064_metricFplusAlpha_cost0.0001_epsm5_caln64_calseed46,adam,,,46,0.0001,45.250748046875,851.9486083984375,21.01298713684082,0.37890625,0.37890625,,0.3515957774676833,,0.5283018867924528,,0.03333333333333333,,0.1748896681429137,,0.484375,,,,,,,,,,,,,0.5236367702003826,0.5203960752729195,776.9412054489949,1.2194647446336307e+17,143873136.0,0.0,1.2194647460723621e+17,3069598518067200.0,1.1120805370830848e+16,1.3306727997806706e+17,True,,,True,True,"{""spearman_predicted_fisher_vs_realized_kl"":0.9534313725490198,""spearman_predicted_fisher_vs_target_degradation"":-0.7205882352941178,""spearman_realized_kl_vs_instruction_degradation"":-0.3689323936863109,""spearman_realized_kl_vs_medqa_accuracy"":0.872081599272381,""spearman_realized_kl_vs_reference_degradation"":0.4472135954999579,""spearman_realized_kl_vs_target_degradation"":-0.6691176470588236,""spearman_realized_kl_vs_target_performance"":0.6691176470588236,""trajectory_point_count"":17}"
setting_2_medqa_medmcqa_selector_trajectory_sweep_v3,setting_2_medqa_medmcqa_selector_trajectory_sweep_v3/repeat_04/olmo7b_instruct/KR64_KT16/pct25.6/safe_corrected_adam_cumulative_trajectory_rho0.01_epsm5/training_runs/safe_low_rank_adam_precondition_before_projection_reference_greedy_marginal_eta0.0064_metricFplusAlpha_cost0.01_epsm5_caln64_calseed46_trainconstraint_cumulative_line_search_pct25.6_seed46/summary.json,repeat_04,olmo7b_instruct,safe_corrected_adam_cumulative_trajectory_rho0.01_epsm5,safe_low_rank_adam_precondition_before_projection_reference_greedy_marginal_eta0.0064_metricFplusAlpha_cost0.01_epsm5_caln64_calseed46_trainconstraint_cumulative_line_search_pct25.6_seed46,safe_low_rank_adam_precondition_before_projection_reference_greedy_marginal_eta0.0064_metricFplusAlpha_cost0.01_epsm5_caln64_calseed46,adam,,,46,0.01,45.250748046875,851.9486083984375,21.01298713684082,0.421875,0.421875,,0.3424603772024596,,0.5188679245283019,,0.03333333333333333,,0.1660528298766173,,0.47265625,,,,,,,,,,,,,0.5717465931166377,0.5700944825933364,768.7772852460039,1.2194647446336307e+17,143873136.0,0.0,1.2194647460723621e+17,3069598518067200.0,1.1120805370830848e+16,1.3306727997806706e+17,True,,,True,True,"{""spearman_predicted_fisher_vs_realized_kl"":0.9975490196078433,""spearman_predicted_fisher_vs_target_degradation"":-0.09068627450980393,""spearman_realized_kl_vs_instruction_degradation"":0.35355339059327373,""spearman_realized_kl_vs_medqa_accuracy"":0.9746794344808964,""spearman_realized_kl_vs_reference_degradation"":0.10540925533894598,""spearman_realized_kl_vs_target_degradation"":-0.08823529411764706,""spearman_realized_kl_vs_target_performance"":0.08823529411764706,""trajectory_point_count"":17}"
setting_2_medqa_medmcqa_selector_trajectory_sweep_v3,setting_2_medqa_medmcqa_selector_trajectory_sweep_v3/repeat_04/olmo7b_instruct/KR64_KT16/pct25.6/safe_corrected_adam_cumulative_trajectory_rho1_epsm5/training_runs/safe_low_rank_adam_precondition_before_projection_reference_greedy_marginal_eta0.0064_metricFplusAlpha_cost1_epsm5_caln64_calseed46_trainconstraint_cumulative_line_search_pct25.6_seed46/summary.json,repeat_04,olmo7b_instruct,safe_corrected_adam_cumulative_trajectory_rho1_epsm5,safe_low_rank_adam_precondition_before_projection_reference_greedy_marginal_eta0.0064_metricFplusAlpha_cost1_epsm5_caln64_calseed46_trainconstraint_cumulative_line_search_pct25.6_seed46,safe_low_rank_adam_precondition_before_projection_reference_greedy_marginal_eta0.0064_metricFplusAlpha_cost1_epsm5_caln64_calseed46,adam,,,46,1.0,45.250748046875,861.7921752929688,21.044151306152344,0.4140625,0.4140625,,0.33239901848800996,,0.49056603773584906,,0.03333333333333333,,0.17423199924017088,,0.44921875,,,,,,,,,,,,,0.5303386425637528,0.5302746199365509,772.9719828939997,1.2194647446336307e+17,143873136.0,0.0,1.2194647460723621e+17,3082400635109376.0,1.1133607487873024e+16,1.3308008209510923e+17,True,,,True,True,"{""spearman_predicted_fisher_vs_realized_kl"":0.9975490196078433,""spearman_predicted_fisher_vs_target_degradation"":-0.8382352941176472,""spearman_realized_kl_vs_instruction_degradation"":-0.7071067811865475,""spearman_realized_kl_vs_medqa_accuracy"":0.8944271909999159,""spearman_realized_kl_vs_reference_degradation"":0.22360679774997896,""spearman_realized_kl_vs_target_degradation"":-0.8284313725490198,""spearman_realized_kl_vs_target_performance"":0.8284313725490198,""trajectory_point_count"":17}"
setting_2_medqa_medmcqa_selector_trajectory_sweep_v3,setting_2_medqa_medmcqa_selector_trajectory_sweep_v3/repeat_04/olmo7b_instruct/KR64_KT16/pct25.6/safe_corrected_adam_equal_allocation_rho0.001_epsm1/training_runs/safe_low_rank_adam_precondition_before_projection_reference_greedy_marginal_eta0.0064_metricFplusAlpha_cost0.001_epsm1_caln64_calseed46_trainconstraint_equal_allocation_pct25.6_seed46/summary.json,repeat_04,olmo7b_instruct,safe_corrected_adam_equal_allocation_rho0.001_epsm1,safe_low_rank_adam_precondition_before_projection_reference_greedy_marginal_eta0.0064_metricFplusAlpha_cost0.001_epsm1_caln64_calseed46_trainconstraint_equal_allocation_pct25.6_seed46,safe_low_rank_adam_precondition_before_projection_reference_greedy_marginal_eta0.0064_metricFplusAlpha_cost0.001_epsm1_caln64_calseed46,adam,,,46,0.001,9.050149609375001,851.94873046875,21.01298713684082,0.38671875,0.38671875,,0.3347917975350266,,0.4528301886792453,,0.022222222222222223,,0.2167534063908079,,0.46484375,,,,,,,,,,,,,0.5451478133792257,0.5369733747208084,866.0017800990026,1.2194647446336307e+17,143873136.0,0.0,1.2194647460723621e+17,3069598518067200.0,1.1120805370830848e+16,1.3306727997806706e+17,True,,,True,True,"{""spearman_predicted_fisher_vs_realized_kl"":0.9975490196078433,""spearman_predicted_fisher_vs_target_degradation"":-0.6200980392156864,""spearman_realized_kl_vs_instruction_degradation"":-0.5773502691896257,""spearman_realized_kl_vs_medqa_accuracy"":0.6999999999999998,""spearman_realized_kl_vs_reference_degradation"":0.9746794344808964,""spearman_realized_kl_vs_target_degradation"":-0.6225490196078433,""spearman_realized_kl_vs_target_performance"":0.6225490196078433,""trajectory_point_count"":17}"
setting_2_medqa_medmcqa_selector_trajectory_sweep_v3,setting_2_medqa_medmcqa_selector_trajectory_sweep_v3/repeat_04/olmo7b_instruct/KR64_KT16/pct25.6/safe_corrected_adam_equal_allocation_rho0.1_epsm1/training_runs/safe_low_rank_adam_precondition_before_projection_reference_greedy_marginal_eta0.0064_metricFplusAlpha_cost0.1_epsm1_caln64_calseed46_trainconstraint_equal_allocation_pct25.6_seed46/summary.json,repeat_04,olmo7b_instruct,safe_corrected_adam_equal_allocation_rho0.1_epsm1,safe_low_rank_adam_precondition_before_projection_reference_greedy_marginal_eta0.0064_metricFplusAlpha_cost0.1_epsm1_caln64_calseed46_trainconstraint_equal_allocation_pct25.6_seed46,safe_low_rank_adam_precondition_before_projection_reference_greedy_marginal_eta0.0064_metricFplusAlpha_cost0.1_epsm1_caln64_calseed46,adam,,,46,0.1,9.050149609375001,852.0321044921875,21.043262481689453,0.32421875,0.32421875,,0.3134198084117301,,0.41509433962264153,,0.022222222222222223,,0.21174527720081876,,0.44140625,,,,,,,,,,,,,0.5480700312284811,0.5384238132254424,853.9423101030116,1.2194647446336307e+17,143873136.0,0.0,1.2194647460723621e+17,3067686513573888.0,1.1118893366337536e+16,1.3306536797357374e+17,True,,,True,True,"{""spearman_predicted_fisher_vs_realized_kl"":0.9264705882352943,""spearman_predicted_fisher_vs_target_degradation"":-0.607843137254902,""spearman_realized_kl_vs_instruction_degradation"":-0.6708203932499369,""spearman_realized_kl_vs_medqa_accuracy"":0.20519567041703082,""spearman_realized_kl_vs_reference_degradation"":0.6668859288553503,""spearman_realized_kl_vs_target_degradation"":-0.4142156862745099,""spearman_realized_kl_vs_target_performance"":0.4142156862745099,""trajectory_point_count"":17}"
setting_2_medqa_medmcqa_selector_trajectory_sweep_v3,setting_2_medqa_medmcqa_selector_trajectory_sweep_v3/repeat_04/olmo7b_instruct/KR64_KT16/pct25.6/safe_corrected_adam_equal_allocation_rho0.0001_epsm5/training_runs/safe_low_rank_adam_precondition_before_projection_reference_greedy_marginal_eta0.0064_metricFplusAlpha_cost0.0001_epsm5_caln64_calseed46_trainconstraint_equal_allocation_pct25.6_seed46/summary.json,repeat_04,olmo7b_instruct,safe_corrected_adam_equal_allocation_rho0.0001_epsm5,safe_low_rank_adam_precondition_before_projection_reference_greedy_marginal_eta0.0064_metricFplusAlpha_cost0.0001_epsm5_caln64_calseed46_trainconstraint_equal_allocation_pct25.6_seed46,safe_low_rank_adam_precondition_before_projection_reference_greedy_marginal_eta0.0064_metricFplusAlpha_cost0.0001_epsm5_caln64_calseed46,adam,,,46,0.0001,45.250748046875,851.9486083984375,21.01298713684082,0.41015625,0.41015625,,0.34707313044970056,,0.4811320754716981,,0.022222222222222223,,0.21301418542770295,,0.4609375,,,,,,,,,,,,,0.5161428693886964,0.5095412960873722,857.2876856540097,1.2194647446336307e+17,143873136.0,0.0,1.2194647460723621e+17,3069598518067200.0,1.1120805370830848e+16,1.3306727997806706e+17,True,,,True,True,"{""spearman_predicted_fisher_vs_realized_kl"":0.9926470588235295,""spearman_predicted_fisher_vs_target_degradation"":-0.7401960784313727,""spearman_realized_kl_vs_instruction_degradation"":-0.7826237921249264,""spearman_realized_kl_vs_medqa_accuracy"":0.6999999999999998,""spearman_realized_kl_vs_reference_degradation"":0.29999999999999993,""spearman_realized_kl_vs_target_degradation"":-0.732843137254902,""spearman_realized_kl_vs_target_performance"":0.732843137254902,""trajectory_point_count"":17}"
setting_2_medqa_medmcqa_selector_trajectory_sweep_v3,setting_2_medqa_medmcqa_selector_trajectory_sweep_v3/repeat_04/olmo7b_instruct/KR64_KT16/pct25.6/safe_corrected_adam_equal_allocation_rho0.01_epsm5/training_runs/safe_low_rank_adam_precondition_before_projection_reference_greedy_marginal_eta0.0064_metricFplusAlpha_cost0.01_epsm5_caln64_calseed46_trainconstraint_equal_allocation_pct25.6_seed46/summary.json,repeat_04,olmo7b_instruct,safe_corrected_adam_equal_allocation_rho0.01_epsm5,safe_low_rank_adam_precondition_before_projection_reference_greedy_marginal_eta0.0064_metricFplusAlpha_cost0.01_epsm5_caln64_calseed46_trainconstraint_equal_allocation_pct25.6_seed46,safe_low_rank_adam_precondition_before_projection_reference_greedy_marginal_eta0.0064_metricFplusAlpha_cost0.01_epsm5_caln64_calseed46,adam,,,46,0.01,45.250748046875,851.9486083984375,21.01298713684082,0.40234375,0.40234375,,0.33802136925236337,,0.5,,0.03333333333333333,,0.17604273850472676,,0.46484375,,,,,,,,,,,,,0.5515508930238752,0.5514850515202098,812.8954115689849,1.2194647446336307e+17,143873136.0,0.0,1.2194647460723621e+17,3069598518067200.0,1.1120805370830848e+16,1.3306727997806706e+17,True,,,True,True,"{""spearman_predicted_fisher_vs_realized_kl"":0.9975490196078433,""spearman_predicted_fisher_vs_target_degradation"":-0.303921568627451,""spearman_realized_kl_vs_instruction_degradation"":0.7071067811865475,""spearman_realized_kl_vs_medqa_accuracy"":0.9486832980505138,""spearman_realized_kl_vs_reference_degradation"":0.22360679774997896,""spearman_realized_kl_vs_target_degradation"":-0.30637254901960786,""spearman_realized_kl_vs_target_performance"":0.30637254901960786,""trajectory_point_count"":17}"
setting_2_medqa_medmcqa_selector_trajectory_sweep_v3,setting_2_medqa_medmcqa_selector_trajectory_sweep_v3/repeat_04/olmo7b_instruct/KR64_KT16/pct25.6/safe_corrected_adam_equal_allocation_rho1_epsm5/training_runs/safe_low_rank_adam_precondition_before_projection_reference_greedy_marginal_eta0.0064_metricFplusAlpha_cost1_epsm5_caln64_calseed46_trainconstraint_equal_allocation_pct25.6_seed46/summary.json,repeat_04,olmo7b_instruct,safe_corrected_adam_equal_allocation_rho1_epsm5,safe_low_rank_adam_precondition_before_projection_reference_greedy_marginal_eta0.0064_metricFplusAlpha_cost1_epsm5_caln64_calseed46_trainconstraint_equal_allocation_pct25.6_seed46,safe_low_rank_adam_precondition_before_projection_reference_greedy_marginal_eta0.0064_metricFplusAlpha_cost1_epsm5_caln64_calseed46,adam,,,46,1.0,45.250748046875,861.7921752929688,21.044151306152344,0.40234375,0.40234375,,0.31981602874903936,,0.4716981132075472,,0.03333333333333333,,0.1679339442905316,,0.4609375,,,,,,,,,,,,,0.5536535113933496,0.5535309192642587,825.3796597550099,1.2194647446336307e+17,143873136.0,0.0,1.2194647460723621e+17,3082400635109376.0,1.1133607487873024e+16,1.3308008209510923e+17,True,,,True,True,"{""spearman_predicted_fisher_vs_realized_kl"":0.9803921568627453,""spearman_predicted_fisher_vs_target_degradation"":-0.6176470588235295,""spearman_realized_kl_vs_instruction_degradation"":-0.8944271909999159,""spearman_realized_kl_vs_medqa_accuracy"":0.35909242322980395,""spearman_realized_kl_vs_reference_degradation"":0.872081599272381,""spearman_realized_kl_vs_target_degradation"":-0.6029411764705883,""spearman_realized_kl_vs_target_performance"":0.6029411764705883,""trajectory_point_count"":17}"
setting_2_medqa_medmcqa_selector_trajectory_sweep_v3,setting_2_medqa_medmcqa_selector_trajectory_sweep_v3/repeat_04/olmo7b_instruct/KR64_KT16/pct25.6/safe_corrected_adam_cumulative_trajectory_rho0.0001_epsm1/training_runs/safe_low_rank_adam_precondition_before_projection_reference_greedy_marginal_eta0.0064_metricFplusAlpha_cost0.0001_epsm1_caln64_calseed46_trainconstraint_cumulative_line_search_pct25.6_seed46/summary.json,repeat_04,olmo7b_instruct,safe_corrected_adam_cumulative_trajectory_rho0.0001_epsm1,safe_low_rank_adam_precondition_before_projection_reference_greedy_marginal_eta0.0064_metricFplusAlpha_cost0.0001_epsm1_caln64_calseed46_trainconstraint_cumulative_line_search_pct25.6_seed46,safe_low_rank_adam_precondition_before_projection_reference_greedy_marginal_eta0.0064_metricFplusAlpha_cost0.0001_epsm1_caln64_calseed46,adam,,,46,0.0001,9.050149609375001,851.9486083984375,21.01298713684082,0.390625,0.390625,,0.35081077110267317,,0.5283018867924528,,0.03333333333333333,,0.17331965541289351,,0.4765625,,,,,,,,,,,,,0.5247780278864326,0.5210720152804117,773.6270730470133,1.2194647446336307e+17,143873136.0,0.0,1.2194647460723621e+17,3069598518067200.0,1.1120805370830848e+16,1.3306727997806706e+17,True,,,True,True,"{""spearman_predicted_fisher_vs_realized_kl"":0.9583333333333335,""spearman_predicted_fisher_vs_target_degradation"":-0.6911764705882354,""spearman_realized_kl_vs_instruction_degradation"":-0.7071067811865475,""spearman_realized_kl_vs_medqa_accuracy"":0.9746794344808964,""spearman_realized_kl_vs_reference_degradation"":0.22360679774997896,""spearman_realized_kl_vs_target_degradation"":-0.681372549019608,""spearman_realized_kl_vs_target_performance"":0.681372549019608,""trajectory_point_count"":17}"
setting_2_medqa_medmcqa_selector_trajectory_sweep_v3,setting_2_medqa_medmcqa_selector_trajectory_sweep_v3/repeat_04/olmo7b_instruct/KR64_KT16/pct25.6/safe_corrected_adam_cumulative_trajectory_rho0.01_epsm1/training_runs/safe_low_rank_adam_precondition_before_projection_reference_greedy_marginal_eta0.0064_metricFplusAlpha_cost0.01_epsm1_caln64_calseed46_trainconstraint_cumulative_line_search_pct25.6_seed46/summary.json,repeat_04,olmo7b_instruct,safe_corrected_adam_cumulative_trajectory_rho0.01_epsm1,safe_low_rank_adam_precondition_before_projection_reference_greedy_marginal_eta0.0064_metricFplusAlpha_cost0.01_epsm1_caln64_calseed46_trainconstraint_cumulative_line_search_pct25.6_seed46,safe_low_rank_adam_precondition_before_projection_reference_greedy_marginal_eta0.0064_metricFplusAlpha_cost0.01_epsm1_caln64_calseed46,adam,,,46,0.01,9.050149609375001,851.9486083984375,21.01298713684082,0.375,0.375,,0.32952803700299094,,0.49056603773584906,,0.03333333333333333,,0.16849003627013284,,0.45703125,,,,,,,,,,,,,0.545361259246557,0.5467216154419249,788.729601271014,1.2194647446336307e+17,143873136.0,0.0,1.2194647460723621e+17,3069598518067200.0,1.1120805370830848e+16,1.3306727997806706e+17,True,,,True,True,"{""spearman_predicted_fisher_vs_realized_kl"":0.9779411764705884,""spearman_predicted_fisher_vs_target_degradation"":-0.5955882352941178,""spearman_realized_kl_vs_instruction_degradation"":0.28867513459481287,""spearman_realized_kl_vs_medqa_accuracy"":0.9746794344808964,""spearman_realized_kl_vs_reference_degradation"":0.10540925533894598,""spearman_realized_kl_vs_target_degradation"":-0.573529411764706,""spearman_realized_kl_vs_target_performance"":0.573529411764706,""trajectory_point_count"":17}"
setting_2_medqa_medmcqa_selector_trajectory_sweep_v3,setting_2_medqa_medmcqa_selector_trajectory_sweep_v3/repeat_04/olmo7b_instruct/KR64_KT16/pct25.6/safe_corrected_adam_cumulative_trajectory_rho1_epsm1/training_runs/safe_low_rank_adam_precondition_before_projection_reference_greedy_marginal_eta0.0064_metricFplusAlpha_cost1_epsm1_caln64_calseed46_trainconstraint_cumulative_line_search_pct25.6_seed46/summary.json,repeat_04,olmo7b_instruct,safe_corrected_adam_cumulative_trajectory_rho1_epsm1,safe_low_rank_adam_precondition_before_projection_reference_greedy_marginal_eta0.0064_metricFplusAlpha_cost1_epsm1_caln64_calseed46_trainconstraint_cumulative_line_search_pct25.6_seed46,safe_low_rank_adam_precondition_before_projection_reference_greedy_marginal_eta0.0064_metricFplusAlpha_cost1_epsm1_caln64_calseed46,adam,,,46,1.0,9.050149609375001,861.8455810546875,21.014938354492188,0.4140625,0.4140625,,0.32316834903782543,,0.4528301886792453,,0.03333333333333333,,0.19350650939640562,,0.45703125,,,,,,,,,,,,,0.538087644084919,0.533792669958386,806.5275155850104,1.2194647446336307e+17,143873136.0,0.0,1.2194647460723621e+17,3084312639602688.0,1.1135519492366336e+16,1.3308199409960254e+17,True,,,True,True,"{""spearman_predicted_fisher_vs_realized_kl"":0.9975490196078433,""spearman_predicted_fisher_vs_target_degradation"":-0.698529411764706,""spearman_realized_kl_vs_instruction_degradation"":-0.9486832980505138,""spearman_realized_kl_vs_medqa_accuracy"":0.9746794344808964,""spearman_realized_kl_vs_reference_degradation"":0.051298917604257706,""spearman_realized_kl_vs_target_degradation"":-0.7058823529411765,""spearman_realized_kl_vs_target_performance"":0.7058823529411765,""trajectory_point_count"":17}"
setting_2_medqa_medmcqa_selector_trajectory_sweep_v3,setting_2_medqa_medmcqa_selector_trajectory_sweep_v3/repeat_04/olmo7b_instruct/KR64_KT16/pct25.6/safe_corrected_adam_cumulative_trajectory_rho0.001_epsm5/training_runs/safe_low_rank_adam_precondition_before_projection_reference_greedy_marginal_eta0.0064_metricFplusAlpha_cost0.001_epsm5_caln64_calseed46_trainconstraint_cumulative_line_search_pct25.6_seed46/summary.json,repeat_04,olmo7b_instruct,safe_corrected_adam_cumulative_trajectory_rho0.001_epsm5,safe_low_rank_adam_precondition_before_projection_reference_greedy_marginal_eta0.0064_metricFplusAlpha_cost0.001_epsm5_caln64_calseed46_trainconstraint_cumulative_line_search_pct25.6_seed46,safe_low_rank_adam_precondition_before_projection_reference_greedy_marginal_eta0.0064_metricFplusAlpha_cost0.001_epsm5_caln64_calseed46,adam,,,46,0.001,45.250748046875,851.94873046875,21.01298713684082,0.421875,0.421875,,0.3555449646569875,,0.5566037735849056,,0.03333333333333333,,0.15448615572906937,,0.48828125,,,,,,,,,,,,,0.5923322257038983,0.5908759833740228,791.9993069589837,1.2194647446336307e+17,143873136.0,0.0,1.2194647460723621e+17,3069598518067200.0,1.1120805370830848e+16,1.3306727997806706e+17,True,,,True,True,"{""spearman_predicted_fisher_vs_realized_kl"":0.9975490196078433,""spearman_predicted_fisher_vs_target_degradation"":-0.25000000000000006,""spearman_realized_kl_vs_instruction_degradation"":0.31622776601683794,""spearman_realized_kl_vs_medqa_accuracy"":0.872081599272381,""spearman_realized_kl_vs_reference_degradation"":0.22360679774997896,""spearman_realized_kl_vs_target_degradation"":-0.24754901960784317,""spearman_realized_kl_vs_target_performance"":0.24754901960784317,""trajectory_point_count"":17}"
setting_2_medqa_medmcqa_selector_trajectory_sweep_v3,setting_2_medqa_medmcqa_selector_trajectory_sweep_v3/repeat_04/olmo7b_instruct/KR64_KT16/pct25.6/safe_corrected_adam_cumulative_trajectory_rho0.1_epsm5/training_runs/safe_low_rank_adam_precondition_before_projection_reference_greedy_marginal_eta0.0064_metricFplusAlpha_cost0.1_epsm5_caln64_calseed46_trainconstraint_cumulative_line_search_pct25.6_seed46/summary.json,repeat_04,olmo7b_instruct,safe_corrected_adam_cumulative_trajectory_rho0.1_epsm5,safe_low_rank_adam_precondition_before_projection_reference_greedy_marginal_eta0.0064_metricFplusAlpha_cost0.1_epsm5_caln64_calseed46_trainconstraint_cumulative_line_search_pct25.6_seed46,safe_low_rank_adam_precondition_before_projection_reference_greedy_marginal_eta0.0064_metricFplusAlpha_cost0.1_epsm5_caln64_calseed46,adam,,,46,0.1,45.250748046875,852.0321044921875,21.043264389038086,0.38671875,0.38671875,,0.33034118737306195,,0.4716981132075472,,0.022222222222222223,,0.18898426153857675,,0.4921875,,,,,,,,,,,,,0.5228757010150479,0.51896062416214,810.4096156750165,1.2194647446336307e+17,143873136.0,0.0,1.2194647460723621e+17,3067686513573888.0,1.1118893366337536e+16,1.3306536797357374e+17,True,,,True,True,"{""spearman_predicted_fisher_vs_realized_kl"":0.9926470588235295,""spearman_predicted_fisher_vs_target_degradation"":-0.6225490196078433,""spearman_realized_kl_vs_instruction_degradation"":-0.5270462766947299,""spearman_realized_kl_vs_medqa_accuracy"":0.9999999999999998,""spearman_realized_kl_vs_reference_degradation"":0.7071067811865475,""spearman_realized_kl_vs_target_degradation"":-0.5980392156862746,""spearman_realized_kl_vs_target_performance"":0.5980392156862746,""trajectory_point_count"":17}"
setting_2_medqa_medmcqa_selector_trajectory_sweep_v3,setting_2_medqa_medmcqa_selector_trajectory_sweep_v3/repeat_04/olmo7b_instruct/KR64_KT16/pct25.6/safe_corrected_adam_equal_allocation_rho0.0001_epsm1/training_runs/safe_low_rank_adam_precondition_before_projection_reference_greedy_marginal_eta0.0064_metricFplusAlpha_cost0.0001_epsm1_caln64_calseed46_trainconstraint_equal_allocation_pct25.6_seed46/summary.json,repeat_04,olmo7b_instruct,safe_corrected_adam_equal_allocation_rho0.0001_epsm1,safe_low_rank_adam_precondition_before_projection_reference_greedy_marginal_eta0.0064_metricFplusAlpha_cost0.0001_epsm1_caln64_calseed46_trainconstraint_equal_allocation_pct25.6_seed46,safe_low_rank_adam_precondition_before_projection_reference_greedy_marginal_eta0.0064_metricFplusAlpha_cost0.0001_epsm1_caln64_calseed46,adam,,,46,0.0001,9.050149609375001,851.9486083984375,21.01298713684082,0.40234375,0.40234375,,0.35382088936892897,,0.4811320754716981,,0.022222222222222223,,0.2265097032661598,,0.46875,,,,,,,,,,,,,0.5189690815637023,0.5109222818883714,860.6317877369875,1.2194647446336307e+17,143873136.0,0.0,1.2194647460723621e+17,3069598518067200.0,1.1120805370830848e+16,1.3306727997806706e+17,True,,,True,True,"{""spearman_predicted_fisher_vs_realized_kl"":0.9926470588235295,""spearman_predicted_fisher_vs_target_degradation"":-0.7132352941176472,""spearman_realized_kl_vs_instruction_degradation"":-0.7071067811865475,""spearman_realized_kl_vs_medqa_accuracy"":0.6999999999999998,""spearman_realized_kl_vs_reference_degradation"":0.5999999999999999,""spearman_realized_kl_vs_target_degradation"":-0.7058823529411765,""spearman_realized_kl_vs_target_performance"":0.7058823529411765,""trajectory_point_count"":17}"
setting_2_medqa_medmcqa_selector_trajectory_sweep_v3,setting_2_medqa_medmcqa_selector_trajectory_sweep_v3/repeat_04/olmo7b_instruct/KR64_KT16/pct25.6/safe_corrected_adam_equal_allocation_rho0.01_epsm1/training_runs/safe_low_rank_adam_precondition_before_projection_reference_greedy_marginal_eta0.0064_metricFplusAlpha_cost0.01_epsm1_caln64_calseed46_trainconstraint_equal_allocation_pct25.6_seed46/summary.json,repeat_04,olmo7b_instruct,safe_corrected_adam_equal_allocation_rho0.01_epsm1,safe_low_rank_adam_precondition_before_projection_reference_greedy_marginal_eta0.0064_metricFplusAlpha_cost0.01_epsm1_caln64_calseed46_trainconstraint_equal_allocation_pct25.6_seed46,safe_low_rank_adam_precondition_before_projection_reference_greedy_marginal_eta0.0064_metricFplusAlpha_cost0.01_epsm1_caln64_calseed46,adam,,,46,0.01,9.050149609375001,851.9486083984375,21.01298713684082,0.3515625,0.3515625,,0.30962361147644146,,0.39622641509433965,,0.022222222222222223,,0.2230208078585433,,0.453125,,,,,,,,,,,,,0.5248149165670598,0.5178277528956708,870.2104006959999,1.2194647446336307e+17,143873136.0,0.0,1.2194647460723621e+17,3069598518067200.0,1.1120805370830848e+16,1.3306727997806706e+17,True,,,True,True,"{""spearman_predicted_fisher_vs_realized_kl"":1.0000000000000002,""spearman_predicted_fisher_vs_target_degradation"":-0.698529411764706,""spearman_realized_kl_vs_instruction_degradation"":-0.5773502691896257,""spearman_realized_kl_vs_medqa_accuracy"":0.872081599272381,""spearman_realized_kl_vs_reference_degradation"":0.9999999999999998,""spearman_realized_kl_vs_target_degradation"":-0.698529411764706,""spearman_realized_kl_vs_target_performance"":0.698529411764706,""trajectory_point_count"":17}"
setting_2_medqa_medmcqa_selector_trajectory_sweep_v3,setting_2_medqa_medmcqa_selector_trajectory_sweep_v3/repeat_04/olmo7b_instruct/KR64_KT16/pct25.6/safe_corrected_adam_equal_allocation_rho1_epsm1/training_runs/safe_low_rank_adam_precondition_before_projection_reference_greedy_marginal_eta0.0064_metricFplusAlpha_cost1_epsm1_caln64_calseed46_trainconstraint_equal_allocation_pct25.6_seed46/summary.json,repeat_04,olmo7b_instruct,safe_corrected_adam_equal_allocation_rho1_epsm1,safe_low_rank_adam_precondition_before_projection_reference_greedy_marginal_eta0.0064_metricFplusAlpha_cost1_epsm1_caln64_calseed46_trainconstraint_equal_allocation_pct25.6_seed46,safe_low_rank_adam_precondition_before_projection_reference_greedy_marginal_eta0.0064_metricFplusAlpha_cost1_epsm1_caln64_calseed46,adam,,,46,1.0,9.050149609375001,861.8455810546875,21.014938354492188,0.3515625,0.3515625,,0.30823295099957554,,0.42452830188679247,,0.022222222222222223,,0.19193760011235858,,0.45703125,,,,,,,,,,,,,0.5451333289215511,0.5362455774248978,867.866787595005,1.2194647446336307e+17,143873136.0,0.0,1.2194647460723621e+17,3084312639602688.0,1.1135519492366336e+16,1.3308199409960254e+17,True,,,True,True,"{""spearman_predicted_fisher_vs_realized_kl"":1.0000000000000002,""spearman_predicted_fisher_vs_target_degradation"":-0.7352941176470589,""spearman_realized_kl_vs_instruction_degradation"":-0.8660254037844386,""spearman_realized_kl_vs_medqa_accuracy"":0.8207826816681233,""spearman_realized_kl_vs_reference_degradation"":0.9746794344808964,""spearman_realized_kl_vs_target_degradation"":-0.7352941176470589,""spearman_realized_kl_vs_target_performance"":0.7352941176470589,""trajectory_point_count"":17}"
setting_2_medqa_medmcqa_selector_trajectory_sweep_v3,setting_2_medqa_medmcqa_selector_trajectory_sweep_v3/repeat_04/olmo7b_instruct/KR64_KT16/pct25.6/safe_corrected_adam_equal_allocation_rho0.001_epsm5/training_runs/safe_low_rank_adam_precondition_before_projection_reference_greedy_marginal_eta0.0064_metricFplusAlpha_cost0.001_epsm5_caln64_calseed46_trainconstraint_equal_allocation_pct25.6_seed46/summary.json,repeat_04,olmo7b_instruct,safe_corrected_adam_equal_allocation_rho0.001_epsm5,safe_low_rank_adam_precondition_before_projection_reference_greedy_marginal_eta0.0064_metricFplusAlpha_cost0.001_epsm5_caln64_calseed46_trainconstraint_equal_allocation_pct25.6_seed46,safe_low_rank_adam_precondition_before_projection_reference_greedy_marginal_eta0.0064_metricFplusAlpha_cost0.001_epsm5_caln64_calseed46,adam,,,46,0.001,45.250748046875,851.94873046875,21.01298713684082,0.39453125,0.39453125,,0.3242325335522491,,0.49056603773584906,,0.03333333333333333,,0.1578990293686492,,0.45703125,,,,,,,,,,,,,0.55277453285661,0.5430688661282103,839.5644733399968,1.2194647446336307e+17,143873136.0,0.0,1.2194647460723621e+17,3069598518067200.0,1.1120805370830848e+16,1.3306727997806706e+17,True,,,True,True,"{""spearman_predicted_fisher_vs_realized_kl"":1.0000000000000002,""spearman_predicted_fisher_vs_target_degradation"":-0.715686274509804,""spearman_realized_kl_vs_instruction_degradation"":-0.6324555320336759,""spearman_realized_kl_vs_medqa_accuracy"":0.9746794344808964,""spearman_realized_kl_vs_reference_degradation"":0.35909242322980395,""spearman_realized_kl_vs_target_degradation"":-0.715686274509804,""spearman_realized_kl_vs_target_performance"":0.715686274509804,""trajectory_point_count"":17}"
setting_2_medqa_medmcqa_selector_trajectory_sweep_v3,setting_2_medqa_medmcqa_selector_trajectory_sweep_v3/repeat_04/olmo7b_instruct/KR64_KT16/pct25.6/safe_corrected_adam_equal_allocation_rho0.1_epsm5/training_runs/safe_low_rank_adam_precondition_before_projection_reference_greedy_marginal_eta0.0064_metricFplusAlpha_cost0.1_epsm5_caln64_calseed46_trainconstraint_equal_allocation_pct25.6_seed46/summary.json,repeat_04,olmo7b_instruct,safe_corrected_adam_equal_allocation_rho0.1_epsm5,safe_low_rank_adam_precondition_before_projection_reference_greedy_marginal_eta0.0064_metricFplusAlpha_cost0.1_epsm5_caln64_calseed46_trainconstraint_equal_allocation_pct25.6_seed46,safe_low_rank_adam_precondition_before_projection_reference_greedy_marginal_eta0.0064_metricFplusAlpha_cost0.1_epsm5_caln64_calseed46,adam,,,46,0.1,45.250748046875,852.0321044921875,21.043264389038086,0.3828125,0.3828125,,0.32525866626247624,,0.4528301886792453,,0.022222222222222223,,0.19768714384570724,,0.46875,,,,,,,,,,,,,0.5234862097104097,0.5178508684778028,853.9418618700001,1.2194647446336307e+17,143873136.0,0.0,1.2194647460723621e+17,3067686513573888.0,1.1118893366337536e+16,1.3306536797357374e+17,True,,,True,True,"{""spearman_predicted_fisher_vs_realized_kl"":1.0000000000000002,""spearman_predicted_fisher_vs_target_degradation"":-0.7058823529411765,""spearman_realized_kl_vs_instruction_degradation"":-0.7905694150420948,""spearman_realized_kl_vs_medqa_accuracy"":0.9999999999999998,""spearman_realized_kl_vs_reference_degradation"":0.7071067811865475,""spearman_realized_kl_vs_target_degradation"":-0.7058823529411765,""spearman_realized_kl_vs_target_performance"":0.7058823529411765,""trajectory_point_count"":17}"
setting_2_medqa_medmcqa_selector_trajectory_sweep_v3,setting_2_medqa_medmcqa_selector_trajectory_sweep_v3/repeat_04/olmo7b_instruct/KR64_KT16/pct25.6/baseline_less_no_kl/training_runs/less_low_rank_adam_pct25.6_seed46/summary.json,repeat_04,olmo7b_instruct,baseline_less_no_kl,less_low_rank_adam_pct25.6_seed46,less_low_rank_adam,adam,,,46,,,,,0.453125,0.453125,,0.39892058134035224,,0.5566037735849056,,0.022222222222222223,,0.24123738909579878,,0.5078125,,,,,,,,,,,,,1.018734087634886,0.9976878487509477,770.0653931859997,1.2194647446336307e+17,26238240.0,0.0,1.2194647448960131e+17,3609531960852480.0,1.1660738813616128e+16,1.3360721330321744e+17,True,,,True,True,"{""spearman_predicted_fisher_vs_realized_kl"":0.9926470588235295,""spearman_predicted_fisher_vs_target_degradation"":0.4240196078431373,""spearman_realized_kl_vs_instruction_degradation"":-0.4472135954999579,""spearman_realized_kl_vs_medqa_accuracy"":0.0,""spearman_realized_kl_vs_reference_degradation"":0.7071067811865475,""spearman_realized_kl_vs_target_degradation"":0.45343137254901966,""spearman_realized_kl_vs_target_performance"":-0.45343137254901966,""trajectory_point_count"":17}"
setting_2_medqa_medmcqa_selector_trajectory_sweep_v3,setting_2_medqa_medmcqa_selector_trajectory_sweep_v3/repeat_04/olmo7b_instruct/KR64_KT16/pct25.6/safe_legacy_adam_greedy_gamma0.01_epsm0.5/training_runs/safe_low_rank_adam_reference_greedy_marginal_eta0.0002_metricFplusAlpha_gamma0.01_epsm0.5_caln64_calseed46_pct25.6_seed46/summary.json,repeat_04,olmo7b_instruct,safe_legacy_adam_greedy_gamma0.01_epsm0.5,safe_low_rank_adam_reference_greedy_marginal_eta0.0002_metricFplusAlpha_gamma0.01_epsm0.5_caln64_calseed46_pct25.6_seed46,safe_low_rank_adam_reference_greedy_marginal_eta0.0002_metricFplusAlpha_gamma0.01_epsm0.5_caln64_calseed46,adam,,,46,0.03466337844282309,0.1711636413574219,2.5507121086120605,0.026548653841018677,0.41796875,0.41796875,,0.3459444457823967,,0.5094339622641509,,0.03333333333333333,,0.1824549293006424,,0.47265625,,,,,,,,,,,,,0.5118586550519433,0.5127871124140072,749.0729263609974,1.2194647446336307e+17,169313136.0,0.0,1.2194647463267621e+17,3182988697583616.0,1.1234195550347264e+16,1.3318067018302347e+17,True,,,False,True,"{""spearman_predicted_fisher_vs_realized_kl"":0.9534313725490198,""spearman_predicted_fisher_vs_target_degradation"":0.08823529411764706,""spearman_realized_kl_vs_instruction_degradation"":-0.22360679774997896,""spearman_realized_kl_vs_medqa_accuracy"":0.0,""spearman_realized_kl_vs_reference_degradation"":0.6668859288553503,""spearman_realized_kl_vs_target_degradation"":0.18137254901960786,""spearman_realized_kl_vs_target_performance"":-0.18137254901960786,""trajectory_point_count"":17}"
setting_2_medqa_medmcqa_selector_trajectory_sweep_v3,setting_2_medqa_medmcqa_selector_trajectory_sweep_v3/repeat_04/olmo7b_instruct/KR64_KT16/pct25.6/safe_legacy_adam_greedy_gamma1_epsm0.5/training_runs/safe_low_rank_adam_reference_greedy_marginal_eta0.0002_metricFplusAlpha_gamma1_epsm0.5_caln64_calseed46_pct25.6_seed46/summary.json,repeat_04,olmo7b_instruct,safe_legacy_adam_greedy_gamma1_epsm0.5,safe_low_rank_adam_reference_greedy_marginal_eta0.0002_metricFplusAlpha_gamma1_epsm0.5_caln64_calseed46_pct25.6_seed46,safe_low_rank_adam_reference_greedy_marginal_eta0.0002_metricFplusAlpha_gamma1_epsm0.5_caln64_calseed46,adam,,,46,3.4663378442823096,0.1711636413574219,7.027102470397949,0.032524269074201584,0.453125,0.453125,,0.3609868507917189,,0.5471698113207547,,0.022222222222222223,,0.174803890262683,,0.515625,,,,,,,,,,,,,0.6980651187375015,0.6912657647985614,747.4165736890282,1.2194647446336307e+17,169313136.0,0.0,1.2194647463267621e+17,3763157365358592.0,1.181436421812224e+16,1.3376083885079845e+17,True,,,False,True,"{""spearman_predicted_fisher_vs_realized_kl"":0.9681372549019609,""spearman_predicted_fisher_vs_target_degradation"":0.4705882352941177,""spearman_realized_kl_vs_instruction_degradation"":-0.5270462766947299,""spearman_realized_kl_vs_medqa_accuracy"":0.20519567041703082,""spearman_realized_kl_vs_reference_degradation"":0.051298917604257706,""spearman_realized_kl_vs_target_degradation"":0.5147058823529412,""spearman_realized_kl_vs_target_performance"":-0.5147058823529412,""trajectory_point_count"":17}"
setting_2_medqa_medmcqa_selector_trajectory_sweep_v3,setting_2_medqa_medmcqa_selector_trajectory_sweep_v3/repeat_04/olmo7b_instruct/KR64_KT16/pct25.6/safe_legacy_adam_greedy_gamma0.1_epsm1/training_runs/safe_low_rank_adam_reference_greedy_marginal_eta0.0002_metricFplusAlpha_gamma0.1_epsm1_caln64_calseed46_pct25.6_seed46/summary.json,repeat_04,olmo7b_instruct,safe_legacy_adam_greedy_gamma0.1_epsm1,safe_low_rank_adam_reference_greedy_marginal_eta0.0002_metricFplusAlpha_gamma0.1_epsm1_caln64_calseed46_pct25.6_seed46,safe_low_rank_adam_reference_greedy_marginal_eta0.0002_metricFplusAlpha_gamma0.1_epsm1_caln64_calseed46,adam,,,46,1.3865351377129238,0.3423272827148438,5.634468078613281,0.03287665918469429,0.47265625,0.47265625,,0.40279797084197666,,0.6037735849056604,,0.03333333333333333,,0.20182235677829302,,0.5390625,,,,,,,,,,,,,0.6609605000698219,0.6611483651526734,750.5542512999964,1.2194647446336307e+17,169313136.0,0.0,1.2194647463267621e+17,3572289438547968.0,1.1623496291311616e+16,1.3356997092398782e+17,True,,,False,True,"{""spearman_predicted_fisher_vs_realized_kl"":0.9558823529411766,""spearman_predicted_fisher_vs_target_degradation"":0.4044117647058824,""spearman_realized_kl_vs_instruction_degradation"":-0.22360679774997896,""spearman_realized_kl_vs_medqa_accuracy"":0.9746794344808964,""spearman_realized_kl_vs_reference_degradation"":0.051298917604257706,""spearman_realized_kl_vs_target_degradation"":0.4558823529411765,""spearman_realized_kl_vs_target_performance"":-0.4558823529411765,""trajectory_point_count"":17}"
setting_2_medqa_medmcqa_selector_trajectory_sweep_v3,setting_2_medqa_medmcqa_selector_trajectory_sweep_v3/repeat_04/olmo7b_instruct/KR64_KT16/pct25.6/safe_legacy_adam_greedy_gamma0.01_epsm2/training_runs/safe_low_rank_adam_reference_greedy_marginal_eta0.0002_metricFplusAlpha_gamma0.01_epsm2_caln64_calseed46_pct25.6_seed46/summary.json,repeat_04,olmo7b_instruct,safe_legacy_adam_greedy_gamma0.01_epsm2,safe_low_rank_adam_reference_greedy_marginal_eta0.0002_metricFplusAlpha_gamma0.01_epsm2_caln64_calseed46_pct25.6_seed46,safe_low_rank_adam_reference_greedy_marginal_eta0.0002_metricFplusAlpha_gamma0.01_epsm2_caln64_calseed46,adam,,,46,0.5546140550851695,0.6846545654296876,3.5100088119506836,0.029203403741121292,0.4296875,0.4296875,,0.35111771999283936,,0.5283018867924528,,0.022222222222222223,,0.17393355319322584,,0.50390625,,,,,,,,,,,,,0.596566972288716,0.5843606446264276,754.363326918974,1.2194647446336307e+17,169313136.0,0.0,1.2194647463267621e+17,3324560160718848.0,1.1375767013482496e+16,1.333222416461587e+17,True,,,False,True,"{""spearman_predicted_fisher_vs_realized_kl"":0.9338235294117648,""spearman_predicted_fisher_vs_target_degradation"":0.26960784313725494,""spearman_realized_kl_vs_instruction_degradation"":-0.8660254037844386,""spearman_realized_kl_vs_medqa_accuracy"":0.6668859288553503,""spearman_realized_kl_vs_reference_degradation"":0.29999999999999993,""spearman_realized_kl_vs_target_degradation"":0.34803921568627455,""spearman_realized_kl_vs_target_performance"":-0.34803921568627455,""trajectory_point_count"":17}"
setting_2_medqa_medmcqa_selector_trajectory_sweep_v3,setting_2_medqa_medmcqa_selector_trajectory_sweep_v3/repeat_04/olmo7b_instruct/KR64_KT16/pct25.6/safe_legacy_adam_greedy_gamma1_epsm2/training_runs/safe_low_rank_adam_reference_greedy_marginal_eta0.0002_metricFplusAlpha_gamma1_epsm2_caln64_calseed46_pct25.6_seed46/summary.json,repeat_04,olmo7b_instruct,safe_legacy_adam_greedy_gamma1_epsm2,safe_low_rank_adam_reference_greedy_marginal_eta0.0002_metricFplusAlpha_gamma1_epsm2_caln64_calseed46_pct25.6_seed46,safe_low_rank_adam_reference_greedy_marginal_eta0.0002_metricFplusAlpha_gamma1_epsm2_caln64_calseed46,adam,,,46,55.461405508516954,0.6846545654296876,19.572843551635742,0.07656696438789368,0.4453125,0.4453125,,0.41185943665876135,,0.5754716981132075,,0.022222222222222223,,0.24824717520431513,,0.50390625,,,,,,,,,,,,,0.9513084813545848,0.9359657805327818,764.9396497790003,1.2194647446336307e+17,169313136.0,0.0,1.2194647463267621e+17,3561814979149824.0,1.1613021831913472e+16,1.3355949646458968e+17,True,,,False,True,"{""spearman_predicted_fisher_vs_realized_kl"":0.9289215686274511,""spearman_predicted_fisher_vs_target_degradation"":0.3725490196078432,""spearman_realized_kl_vs_instruction_degradation"":null,""spearman_realized_kl_vs_medqa_accuracy"":0.9746794344808964,""spearman_realized_kl_vs_reference_degradation"":0.22360679774997896,""spearman_realized_kl_vs_target_degradation"":0.3995098039215687,""spearman_realized_kl_vs_target_performance"":-0.3995098039215687,""trajectory_point_count"":17}"
setting_2_medqa_medmcqa_selector_trajectory_sweep_v3,setting_2_medqa_medmcqa_selector_trajectory_sweep_v3/repeat_04/olmo7b_instruct/KR64_KT16/pct25.6/safe_hard_feasible_greedy_gamma0.1_epsm0.5/training_runs/safe_low_rank_adam_reference_constrained_greedy_eta0.0002_metricFplusAlpha_swaps1_feastol1e-06_gamma0.1_epsm0.5_caln64_calseed46_pct25.6_seed46/summary.json,repeat_04,olmo7b_instruct,safe_hard_feasible_greedy_gamma0.1_epsm0.5,safe_low_rank_adam_reference_constrained_greedy_eta0.0002_metricFplusAlpha_swaps1_feastol1e-06_gamma0.1_epsm0.5_caln64_calseed46_pct25.6_seed46,safe_low_rank_adam_reference_constrained_greedy_eta0.0002_metricFplusAlpha_swaps1_feastol1e-06_gamma0.1_epsm0.5_caln64_calseed46,adam,,,46,0.34663378442823095,0.1711636413574219,0.33201149106025696,0.001402960973791778,0.44140625,0.44140625,,0.40598764059609305,,0.5660377358490566,,0.022222222222222223,,0.2459375453431295,,0.51171875,,,,,,,,,,,,,0.5513387286289673,0.5281241301233321,143.04942490102258,1.2194647446336307e+17,1867793520.0,0.0,1.2194647633115659e+17,539767181524992.0,3065405321592832.0,1.2501188165274942e+17,True,,,False,True,"{""spearman_predicted_fisher_vs_realized_kl"":0.9999999999999998,""spearman_predicted_fisher_vs_target_degradation"":-0.7999999999999998,""spearman_realized_kl_vs_instruction_degradation"":null,""spearman_realized_kl_vs_medqa_accuracy"":null,""spearman_realized_kl_vs_reference_degradation"":null,""spearman_realized_kl_vs_target_degradation"":-0.7999999999999998,""spearman_realized_kl_vs_target_performance"":0.7999999999999998,""trajectory_point_count"":4}"
setting_2_medqa_medmcqa_selector_trajectory_sweep_v3,setting_2_medqa_medmcqa_selector_trajectory_sweep_v3/repeat_04/olmo7b_instruct/KR64_KT16/pct25.6/safe_hard_feasible_greedy_gamma0.01_epsm1/training_runs/safe_low_rank_adam_reference_constrained_greedy_eta0.0002_metricFplusAlpha_swaps1_feastol1e-06_gamma0.01_epsm1_caln64_calseed46_pct25.6_seed46/summary.json,repeat_04,olmo7b_instruct,safe_hard_feasible_greedy_gamma0.01_epsm1,safe_low_rank_adam_reference_constrained_greedy_eta0.0002_metricFplusAlpha_swaps1_feastol1e-06_gamma0.01_epsm1_caln64_calseed46_pct25.6_seed46,safe_low_rank_adam_reference_constrained_greedy_eta0.0002_metricFplusAlpha_swaps1_feastol1e-06_gamma0.01_epsm1_caln64_calseed46,adam,,,46,0.13865351377129237,0.3423272827148438,0.12576588988304138,0.0008038980886340141,0.4296875,0.4296875,,0.40092288298854983,,0.5660377358490566,,0.022222222222222223,,0.23580803012804313,,0.52734375,,,,,,,,,,,,,0.5359272151103851,0.5180613976039152,128.55945692700334,1.2194647446336307e+17,1867793520.0,0.0,1.2194647633115659e+17,469937452204032.0,2747416806187008.0,1.246938931373436e+17,True,,,False,True,"{""spearman_predicted_fisher_vs_realized_kl"":0.9999999999999998,""spearman_predicted_fisher_vs_target_degradation"":-0.9999999999999998,""spearman_realized_kl_vs_instruction_degradation"":null,""spearman_realized_kl_vs_medqa_accuracy"":null,""spearman_realized_kl_vs_reference_degradation"":null,""spearman_realized_kl_vs_target_degradation"":-0.9999999999999998,""spearman_realized_kl_vs_target_performance"":0.9999999999999998,""trajectory_point_count"":3}"
setting_2_medqa_medmcqa_selector_trajectory_sweep_v3,setting_2_medqa_medmcqa_selector_trajectory_sweep_v3/repeat_04/olmo7b_instruct/KR64_KT16/pct25.6/safe_hard_feasible_greedy_gamma1_epsm1/training_runs/safe_low_rank_adam_reference_constrained_greedy_eta0.0002_metricFplusAlpha_swaps1_feastol1e-06_gamma1_epsm1_caln64_calseed46_pct25.6_seed46/summary.json,repeat_04,olmo7b_instruct,safe_hard_feasible_greedy_gamma1_epsm1,safe_low_rank_adam_reference_constrained_greedy_eta0.0002_metricFplusAlpha_swaps1_feastol1e-06_gamma1_epsm1_caln64_calseed46_pct25.6_seed46,safe_low_rank_adam_reference_constrained_greedy_eta0.0002_metricFplusAlpha_swaps1_feastol1e-06_gamma1_epsm1_caln64_calseed46,adam,,,46,13.865351377129238,0.3423272827148438,11.666518211364746,0.04780770093202591,0.46484375,0.46484375,,0.3761703850348009,,0.5754716981132075,,0.022222222222222223,,0.17686907195639426,,0.515625,,,,,,,,,,,,,0.7189885639735387,0.7053181846180435,756.2244427549886,1.2194647446336307e+17,1867793520.0,0.0,1.2194647633115659e+17,3690667455873024.0,1.1741874308636672e+16,1.3368835063979326e+17,True,,,False,True,"{""spearman_predicted_fisher_vs_realized_kl"":0.9534313725490198,""spearman_predicted_fisher_vs_target_degradation"":0.5073529411764707,""spearman_realized_kl_vs_instruction_degradation"":-0.5773502691896257,""spearman_realized_kl_vs_medqa_accuracy"":0.9746794344808964,""spearman_realized_kl_vs_reference_degradation"":0.7071067811865475,""spearman_realized_kl_vs_target_degradation"":0.5686274509803922,""spearman_realized_kl_vs_target_performance"":-0.5686274509803922,""trajectory_point_count"":17}"
setting_2_medqa_medmcqa_selector_trajectory_sweep_v3,setting_2_medqa_medmcqa_selector_trajectory_sweep_v3/repeat_04/olmo7b_instruct/KR64_KT16/pct25.6/safe_hard_feasible_greedy_gamma0.1_epsm2/training_runs/safe_low_rank_adam_reference_constrained_greedy_eta0.0002_metricFplusAlpha_swaps1_feastol1e-06_gamma0.1_epsm2_caln64_calseed46_pct25.6_seed46/summary.json,repeat_04,olmo7b_instruct,safe_hard_feasible_greedy_gamma0.1_epsm2,safe_low_rank_adam_reference_constrained_greedy_eta0.0002_metricFplusAlpha_swaps1_feastol1e-06_gamma0.1_epsm2_caln64_calseed46_pct25.6_seed46,safe_low_rank_adam_reference_constrained_greedy_eta0.0002_metricFplusAlpha_swaps1_feastol1e-06_gamma0.1_epsm2_caln64_calseed46,adam,,,46,5.546140550851695,0.6846545654296876,5.475809574127197,0.02358020469546318,0.4296875,0.4296875,,0.3892524538957929,,0.5660377358490566,,0.022222222222222223,,0.21246717194252923,,0.49609375,,,,,,,,,,,,,0.8455254375798171,0.8287196371251482,490.11546329100383,1.2194647446336307e+17,1867793520.0,0.0,1.2194647633115659e+17,2092231699464192.0,7639825551769600.0,1.2958630188292619e+17,True,,,False,True,"{""spearman_predicted_fisher_vs_realized_kl"":1.0,""spearman_predicted_fisher_vs_target_degradation"":0.3212121212121212,""spearman_realized_kl_vs_instruction_degradation"":-0.31622776601683794,""spearman_realized_kl_vs_medqa_accuracy"":0.7745966692414834,""spearman_realized_kl_vs_reference_degradation"":0.9486832980505138,""spearman_realized_kl_vs_target_degradation"":0.3212121212121212,""spearman_realized_kl_vs_target_performance"":-0.3212121212121212,""trajectory_point_count"":10}"
setting_2_medqa_medmcqa_selector_trajectory_sweep_v3,setting_2_medqa_medmcqa_selector_trajectory_sweep_v3/repeat_04/olmo7b_instruct/KR64_KT16/pct25.6/safe_corrected_adam_greedy_gamma0.01_epsm0.5/training_runs/safe_low_rank_adam_precondition_before_projection_reference_greedy_marginal_eta0.0064_metricFplusAlpha_gamma0.01_epsm0.5_caln64_calseed46_pct25.6_seed46/summary.json,repeat_04,olmo7b_instruct,safe_corrected_adam_greedy_gamma0.01_epsm0.5,safe_low_rank_adam_precondition_before_projection_reference_greedy_marginal_eta0.0064_metricFplusAlpha_gamma0.01_epsm0.5_caln64_calseed46_pct25.6_seed46,safe_low_rank_adam_precondition_before_projection_reference_greedy_marginal_eta0.0064_metricFplusAlpha_gamma0.01_epsm0.5_caln64_calseed46,adam,,,46,34.37865060439545,4.525074804687501,1032.814208984375,19.819042205810547,0.44140625,0.44140625,,0.3736118880823651,,0.5754716981132075,,0.03333333333333333,,0.17175207805152265,,0.5,,,,,,,,,,,,,0.5715943284679802,0.5691995341249834,761.2667349699768,1.2194647446336307e+17,143873136.0,0.0,1.2194647460723621e+17,3213497638846464.0,1.1264704491610112e+16,1.3321117909884632e+17,True,,,True,True,"{""spearman_predicted_fisher_vs_realized_kl"":0.9583333333333335,""spearman_predicted_fisher_vs_target_degradation"":0.17401960784313728,""spearman_realized_kl_vs_instruction_degradation"":-0.22360679774997896,""spearman_realized_kl_vs_medqa_accuracy"":0.051298917604257706,""spearman_realized_kl_vs_reference_degradation"":0.10540925533894598,""spearman_realized_kl_vs_target_degradation"":0.24019607843137258,""spearman_realized_kl_vs_target_performance"":-0.24019607843137258,""trajectory_point_count"":17}"
setting_2_medqa_medmcqa_selector_trajectory_sweep_v3,setting_2_medqa_medmcqa_selector_trajectory_sweep_v3/repeat_04/olmo7b_instruct/KR64_KT16/pct25.6/safe_corrected_adam_greedy_gamma1_epsm0.5/training_runs/safe_low_rank_adam_precondition_before_projection_reference_greedy_marginal_eta0.0064_metricFplusAlpha_gamma1_epsm0.5_caln64_calseed46_pct25.6_seed46/summary.json,repeat_04,olmo7b_instruct,safe_corrected_adam_greedy_gamma1_epsm0.5,safe_low_rank_adam_precondition_before_projection_reference_greedy_marginal_eta0.0064_metricFplusAlpha_gamma1_epsm0.5_caln64_calseed46_pct25.6_seed46,safe_low_rank_adam_precondition_before_projection_reference_greedy_marginal_eta0.0064_metricFplusAlpha_gamma1_epsm0.5_caln64_calseed46,adam,,,46,3437.8650604395452,4.525074804687501,2945.00537109375,22.207927703857422,0.4453125,0.4453125,,0.3670549050744148,,0.5566037735849056,,0.022222222222222223,,0.1775060365639239,,0.5,,,,,,,,,,,,,0.6188565364829411,0.6221222659259378,758.5952975469991,1.2194647446336307e+17,143873136.0,0.0,1.2194647460723621e+17,3703802095435776.0,1.1755008948199424e+16,1.3370148355543563e+17,True,,,True,True,"{""spearman_predicted_fisher_vs_realized_kl"":0.8823529411764707,""spearman_predicted_fisher_vs_target_degradation"":0.34313725490196084,""spearman_realized_kl_vs_instruction_degradation"":-0.4472135954999579,""spearman_realized_kl_vs_medqa_accuracy"":0.9999999999999998,""spearman_realized_kl_vs_reference_degradation"":0.8999999999999998,""spearman_realized_kl_vs_target_degradation"":0.465686274509804,""spearman_realized_kl_vs_target_performance"":-0.465686274509804,""trajectory_point_count"":17}"
setting_2_medqa_medmcqa_selector_trajectory_sweep_v3,setting_2_medqa_medmcqa_selector_trajectory_sweep_v3/repeat_04/olmo7b_instruct/KR64_KT16/pct25.6/safe_corrected_adam_greedy_gamma0.1_epsm1/training_runs/safe_low_rank_adam_precondition_before_projection_reference_greedy_marginal_eta0.0064_metricFplusAlpha_gamma0.1_epsm1_caln64_calseed46_pct25.6_seed46/summary.json,repeat_04,olmo7b_instruct,safe_corrected_adam_greedy_gamma0.1_epsm1,safe_low_rank_adam_precondition_before_projection_reference_greedy_marginal_eta0.0064_metricFplusAlpha_gamma0.1_epsm1_caln64_calseed46_pct25.6_seed46,safe_low_rank_adam_precondition_before_projection_reference_greedy_marginal_eta0.0064_metricFplusAlpha_gamma0.1_epsm1_caln64_calseed46,adam,,,46,1375.146024175818,9.050149609375001,2862.581298828125,25.710895538330078,0.4609375,0.4609375,,0.3628709604897037,,0.5566037735849056,,0.022222222222222223,,0.16913814739450167,,0.53515625,,,,,,,,,,,,,0.582948494960508,0.5802096639462994,770.7502009950113,1.2194647446336307e+17,143873136.0,0.0,1.2194647460723621e+17,3735807388041216.0,1.1787014240804864e+16,1.3373348884804107e+17,True,,,True,True,"{""spearman_predicted_fisher_vs_realized_kl"":0.9142156862745099,""spearman_predicted_fisher_vs_target_degradation"":0.30147058823529416,""spearman_realized_kl_vs_instruction_degradation"":-0.5270462766947299,""spearman_realized_kl_vs_medqa_accuracy"":0.6668859288553503,""spearman_realized_kl_vs_reference_degradation"":0.8944271909999159,""spearman_realized_kl_vs_target_degradation"":0.3823529411764706,""spearman_realized_kl_vs_target_performance"":-0.3823529411764706,""trajectory_point_count"":17}"
setting_2_medqa_medmcqa_selector_trajectory_sweep_v3,setting_2_medqa_medmcqa_selector_trajectory_sweep_v3/repeat_04/olmo7b_instruct/KR64_KT16/pct25.6/safe_corrected_adam_greedy_gamma0.01_epsm2/training_runs/safe_low_rank_adam_precondition_before_projection_reference_greedy_marginal_eta0.0064_metricFplusAlpha_gamma0.01_epsm2_caln64_calseed46_pct25.6_seed46/summary.json,repeat_04,olmo7b_instruct,safe_corrected_adam_greedy_gamma0.01_epsm2,safe_low_rank_adam_precondition_before_projection_reference_greedy_marginal_eta0.0064_metricFplusAlpha_gamma0.01_epsm2_caln64_calseed46_pct25.6_seed46,safe_low_rank_adam_precondition_before_projection_reference_greedy_marginal_eta0.0064_metricFplusAlpha_gamma0.01_epsm2_caln64_calseed46,adam,,,46,550.0584096703273,18.100299218750003,1630.48779296875,22.164121627807617,0.42578125,0.42578125,,0.35348532969342417,,0.5471698113207547,,0.03333333333333333,,0.15980084806609368,,0.48046875,,,,,,,,,,,,,0.48635896191413885,0.4831982775322818,735.8342960969894,1.2194647446336307e+17,143873136.0,0.0,1.2194647460723621e+17,3444850182537216.0,1.1496057035300864e+16,1.3344253164253707e+17,True,,,True,True,"{""spearman_predicted_fisher_vs_realized_kl"":0.6887254901960785,""spearman_predicted_fisher_vs_target_degradation"":-0.9044117647058825,""spearman_realized_kl_vs_instruction_degradation"":0.0,""spearman_realized_kl_vs_medqa_accuracy"":0.20519567041703082,""spearman_realized_kl_vs_reference_degradation"":0.31622776601683794,""spearman_realized_kl_vs_target_degradation"":-0.6960784313725491,""spearman_realized_kl_vs_target_performance"":0.6960784313725491,""trajectory_point_count"":17}"
setting_2_medqa_medmcqa_selector_trajectory_sweep_v3,setting_2_medqa_medmcqa_selector_trajectory_sweep_v3/repeat_04/olmo7b_instruct/KR64_KT16/pct25.6/safe_corrected_adam_greedy_gamma1_epsm2/training_runs/safe_low_rank_adam_precondition_before_projection_reference_greedy_marginal_eta0.0064_metricFplusAlpha_gamma1_epsm2_caln64_calseed46_pct25.6_seed46/summary.json,repeat_04,olmo7b_instruct,safe_corrected_adam_greedy_gamma1_epsm2,safe_low_rank_adam_precondition_before_projection_reference_greedy_marginal_eta0.0064_metricFplusAlpha_gamma1_epsm2_caln64_calseed46_pct25.6_seed46,safe_low_rank_adam_precondition_before_projection_reference_greedy_marginal_eta0.0064_metricFplusAlpha_gamma1_epsm2_caln64_calseed46,adam,,,46,55005.840967032724,18.100299218750003,8001.3818359375,49.53416442871094,0.4453125,0.4453125,,0.3710197208385199,,0.5754716981132075,,0.03333333333333333,,0.1665677435638323,,0.5,,,,,,,,,,,,,0.723917592896909,0.726306559390516,742.637483902974,1.2194647446336307e+17,143873136.0,0.0,1.2194647460723621e+17,3660407906500608.0,1.1711614759264256e+16,1.3365808936650046e+17,True,,,True,True,"{""spearman_predicted_fisher_vs_realized_kl"":0.9509803921568629,""spearman_predicted_fisher_vs_target_degradation"":0.4387254901960785,""spearman_realized_kl_vs_instruction_degradation"":-0.7826237921249264,""spearman_realized_kl_vs_medqa_accuracy"":0.9486832980505138,""spearman_realized_kl_vs_reference_degradation"":0.8944271909999159,""spearman_realized_kl_vs_target_degradation"":0.502450980392157,""spearman_realized_kl_vs_target_performance"":-0.502450980392157,""trajectory_point_count"":17}"
setting_2_medqa_medmcqa_selector_trajectory_sweep_v3,setting_2_medqa_medmcqa_selector_trajectory_sweep_v3/repeat_04/olmo7b_instruct/KR64_KT16/pct25.6/baseline_dsir/training_runs/dsir_pct25.6_seed46/summary.json,repeat_04,olmo7b_instruct,baseline_dsir,dsir_pct25.6_seed46,dsir,adam,,,46,,,,,0.44140625,0.44140625,,0.37353771369120287,,0.5566037735849056,,0.03333333333333333,,0.1904716537975001,,0.515625,,,,,,,,,,,,,0.590573869313853,0.5874339782231469,764.8444163390086,0.0,48648000.0,0.0,48648000.0,3567052208848896.0,1.1618259061612544e+16,1.1618259110260544e+16,True,,,True,True,"{""spearman_predicted_fisher_vs_realized_kl"":0.9509803921568629,""spearman_predicted_fisher_vs_target_degradation"":0.36764705882352944,""spearman_realized_kl_vs_instruction_degradation"":-0.4472135954999579,""spearman_realized_kl_vs_medqa_accuracy"":0.872081599272381,""spearman_realized_kl_vs_reference_degradation"":0.9746794344808964,""spearman_realized_kl_vs_target_degradation"":0.4460784313725491,""spearman_realized_kl_vs_target_performance"":-0.4460784313725491,""trajectory_point_count"":17}"
setting_2_medqa_medmcqa_selector_trajectory_sweep_v3,setting_2_medqa_medmcqa_selector_trajectory_sweep_v3/repeat_04/olmo7b_instruct/KR64_KT16/pct25.6/baseline_prismatic_no_kl/training_runs/prismatic_low_rank_adam_pct25.6_seed46/summary.json,repeat_04,olmo7b_instruct,baseline_prismatic_no_kl,prismatic_low_rank_adam_pct25.6_seed46,prismatic_low_rank_adam,adam,,,46,,,,,0.44921875,0.44921875,,0.36713761395740324,,0.5566037735849056,,0.022222222222222223,,0.1776714543299008,,0.52734375,,,,,,,,,,,,,0.6655137540362759,0.6432974712121282,754.0759275680175,1.2194647446336307e+17,1340406000.0,0.0,1.2194647580376907e+17,3073838180204544.0,1.1125045032968192e+16,1.3307152083673726e+17,True,,,True,True,"{""spearman_predicted_fisher_vs_realized_kl"":1.0000000000000002,""spearman_predicted_fisher_vs_target_degradation"":0.3137254901960785,""spearman_realized_kl_vs_instruction_degradation"":-0.7378647873726218,""spearman_realized_kl_vs_medqa_accuracy"":0.9746794344808964,""spearman_realized_kl_vs_reference_degradation"":0.9486832980505138,""spearman_realized_kl_vs_target_degradation"":0.3137254901960785,""spearman_realized_kl_vs_target_performance"":-0.3137254901960785,""trajectory_point_count"":17}"
setting_2_medqa_medmcqa_selector_trajectory_sweep_v3,setting_2_medqa_medmcqa_selector_trajectory_sweep_v3/repeat_04/olmo7b_instruct/KR64_KT16/pct25.6/safe_legacy_adam_greedy_gamma0.1_epsm0.5/training_runs/safe_low_rank_adam_reference_greedy_marginal_eta0.0002_metricFplusAlpha_gamma0.1_epsm0.5_caln64_calseed46_pct25.6_seed46/summary.json,repeat_04,olmo7b_instruct,safe_legacy_adam_greedy_gamma0.1_epsm0.5,safe_low_rank_adam_reference_greedy_marginal_eta0.0002_metricFplusAlpha_gamma0.1_epsm0.5_caln64_calseed46_pct25.6_seed46,safe_low_rank_adam_reference_greedy_marginal_eta0.0002_metricFplusAlpha_gamma0.1_epsm0.5_caln64_calseed46,adam,,,46,0.34663378442823095,0.1711636413574219,3.8330092430114746,0.02676531858742237,0.46484375,0.46484375,,0.3711634696801513,,0.5566037735849056,,0.03333333333333333,,0.18572316577539694,,0.50390625,,,,,,,,,,,,,0.6055700965476236,0.6017546877325334,756.4648461909965,1.2194647446336307e+17,169313136.0,0.0,1.2194647463267621e+17,3453578898702336.0,1.1504785751465984e+16,1.3345126038414219e+17,True,,,False,True,"{""spearman_predicted_fisher_vs_realized_kl"":0.965686274509804,""spearman_predicted_fisher_vs_target_degradation"":0.37009803921568635,""spearman_realized_kl_vs_instruction_degradation"":-0.7071067811865475,""spearman_realized_kl_vs_medqa_accuracy"":0.35909242322980395,""spearman_realized_kl_vs_reference_degradation"":0.872081599272381,""spearman_realized_kl_vs_target_degradation"":0.3872549019607844,""spearman_realized_kl_vs_target_performance"":-0.3872549019607844,""trajectory_point_count"":17}"
setting_2_medqa_medmcqa_selector_trajectory_sweep_v3,setting_2_medqa_medmcqa_selector_trajectory_sweep_v3/repeat_04/olmo7b_instruct/KR64_KT16/pct25.6/safe_legacy_adam_greedy_gamma0.01_epsm1/training_runs/safe_low_rank_adam_reference_greedy_marginal_eta0.0002_metricFplusAlpha_gamma0.01_epsm1_caln64_calseed46_pct25.6_seed46/summary.json,repeat_04,olmo7b_instruct,safe_legacy_adam_greedy_gamma0.01_epsm1,safe_low_rank_adam_reference_greedy_marginal_eta0.0002_metricFplusAlpha_gamma0.01_epsm1_caln64_calseed46_pct25.6_seed46,safe_low_rank_adam_reference_greedy_marginal_eta0.0002_metricFplusAlpha_gamma0.01_epsm1_caln64_calseed46,adam,,,46,0.13865351377129237,0.3423272827148438,2.8774547576904297,0.027331633493304253,0.4453125,0.4453125,,0.3606868016896013,,0.5283018867924528,,0.03333333333333333,,0.19307171658674976,,0.4921875,,,,,,,,,,,,,0.52692318822143,0.5293919302335481,757.0895606540143,1.2194647446336307e+17,169313136.0,0.0,1.2194647463267621e+17,3236607954026496.0,1.1287814806790144e+16,1.3323428943946635e+17,True,,,False,True,"{""spearman_predicted_fisher_vs_realized_kl"":0.9068627450980393,""spearman_predicted_fisher_vs_target_degradation"":0.14950980392156865,""spearman_realized_kl_vs_instruction_degradation"":-0.8944271909999159,""spearman_realized_kl_vs_medqa_accuracy"":0.5270462766947299,""spearman_realized_kl_vs_reference_degradation"":0.051298917604257706,""spearman_realized_kl_vs_target_degradation"":0.2671568627450981,""spearman_realized_kl_vs_target_performance"":-0.2671568627450981,""trajectory_point_count"":17}"
setting_2_medqa_medmcqa_selector_trajectory_sweep_v3,setting_2_medqa_medmcqa_selector_trajectory_sweep_v3/repeat_04/olmo7b_instruct/KR64_KT16/pct25.6/safe_legacy_adam_greedy_gamma1_epsm1/training_runs/safe_low_rank_adam_reference_greedy_marginal_eta0.0002_metricFplusAlpha_gamma1_epsm1_caln64_calseed46_pct25.6_seed46/summary.json,repeat_04,olmo7b_instruct,safe_legacy_adam_greedy_gamma1_epsm1,safe_low_rank_adam_reference_greedy_marginal_eta0.0002_metricFplusAlpha_gamma1_epsm1_caln64_calseed46_pct25.6_seed46,safe_low_rank_adam_reference_greedy_marginal_eta0.0002_metricFplusAlpha_gamma1_epsm1_caln64_calseed46,adam,,,46,13.865351377129238,0.3423272827148438,12.186922073364258,0.05024902895092964,0.4609375,0.4609375,,0.3739001154048976,,0.5849056603773585,,0.03333333333333333,,0.16289457043243669,,0.5390625,,,,,,,,,,,,,0.7515074651431711,0.7572853393189422,777.8565418400103,1.2194647446336307e+17,169313136.0,0.0,1.2194647463267621e+17,3826752297418752.0,1.18779591501824e+16,1.3382443378285861e+17,True,,,False,True,"{""spearman_predicted_fisher_vs_realized_kl"":0.9166666666666667,""spearman_predicted_fisher_vs_target_degradation"":0.4460784313725491,""spearman_realized_kl_vs_instruction_degradation"":-0.8660254037844386,""spearman_realized_kl_vs_medqa_accuracy"":0.9999999999999998,""spearman_realized_kl_vs_reference_degradation"":0.8944271909999159,""spearman_realized_kl_vs_target_degradation"":0.5514705882352942,""spearman_realized_kl_vs_target_performance"":-0.5514705882352942,""trajectory_point_count"":17}"
setting_2_medqa_medmcqa_selector_trajectory_sweep_v3,setting_2_medqa_medmcqa_selector_trajectory_sweep_v3/repeat_04/olmo7b_instruct/KR64_KT16/pct25.6/safe_legacy_adam_greedy_gamma0.1_epsm2/training_runs/safe_low_rank_adam_reference_greedy_marginal_eta0.0002_metricFplusAlpha_gamma0.1_epsm2_caln64_calseed46_pct25.6_seed46/summary.json,repeat_04,olmo7b_instruct,safe_legacy_adam_greedy_gamma0.1_epsm2,safe_low_rank_adam_reference_greedy_marginal_eta0.0002_metricFplusAlpha_gamma0.1_epsm2_caln64_calseed46_pct25.6_seed46,safe_low_rank_adam_reference_greedy_marginal_eta0.0002_metricFplusAlpha_gamma0.1_epsm2_caln64_calseed46,adam,,,46,5.546140550851695,0.6846545654296876,10.087455749511719,0.04904279485344887,0.4609375,0.4609375,,0.3723985876620731,,0.5754716981132075,,0.022222222222222223,,0.16932547721093866,,0.51171875,,,,,,,,,,,,,0.6397452647932986,0.6328742588136893,762.427634341002,1.2194647446336307e+17,169313136.0,0.0,1.2194647463267621e+17,3663733131706368.0,1.1714939984470016e+16,1.3366141461714622e+17,True,,,False,True,"{""spearman_predicted_fisher_vs_realized_kl"":0.8823529411764707,""spearman_predicted_fisher_vs_target_degradation"":0.33333333333333337,""spearman_realized_kl_vs_instruction_degradation"":-0.5773502691896257,""spearman_realized_kl_vs_medqa_accuracy"":0.10540925533894598,""spearman_realized_kl_vs_reference_degradation"":0.15389675281277312,""spearman_realized_kl_vs_target_degradation"":0.5196078431372549,""spearman_realized_kl_vs_target_performance"":-0.5196078431372549,""trajectory_point_count"":17}"
setting_2_medqa_medmcqa_selector_trajectory_sweep_v3,setting_2_medqa_medmcqa_selector_trajectory_sweep_v3/repeat_04/olmo7b_instruct/KR64_KT16/pct25.6/safe_hard_feasible_greedy_gamma0.01_epsm0.5/training_runs/safe_low_rank_adam_reference_constrained_greedy_eta0.0002_metricFplusAlpha_swaps1_feastol1e-06_gamma0.01_epsm0.5_caln64_calseed46_pct25.6_seed46/summary.json,repeat_04,olmo7b_instruct,safe_hard_feasible_greedy_gamma0.01_epsm0.5,safe_low_rank_adam_reference_constrained_greedy_eta0.0002_metricFplusAlpha_swaps1_feastol1e-06_gamma0.01_epsm0.5_caln64_calseed46_pct25.6_seed46,safe_low_rank_adam_reference_constrained_greedy_eta0.0002_metricFplusAlpha_swaps1_feastol1e-06_gamma0.01_epsm0.5_caln64_calseed46,adam,,,46,0.03466337844282309,0.1711636413574219,0.029482034966349602,0.00023503297416027635,0.41015625,0.41015625,,0.4139489117105257,,0.5849056603773585,,0.022222222222222223,,0.242992163043693,,0.53515625,,,,,,,,,,,,,0.5705042911857094,0.5427852191001898,117.875143546029,1.2194647446336307e+17,1867793520.0,0.0,1.2194647633115659e+17,266433669611520.0,2543913023594496.0,1.2449038935475109e+17,True,,,False,True,"{""spearman_predicted_fisher_vs_realized_kl"":0.9999999999999998,""spearman_predicted_fisher_vs_target_degradation"":-0.9999999999999998,""spearman_realized_kl_vs_instruction_degradation"":null,""spearman_realized_kl_vs_medqa_accuracy"":null,""spearman_realized_kl_vs_reference_degradation"":null,""spearman_realized_kl_vs_target_degradation"":-0.9999999999999998,""spearman_realized_kl_vs_target_performance"":0.9999999999999998,""trajectory_point_count"":3}"
setting_2_medqa_medmcqa_selector_trajectory_sweep_v3,setting_2_medqa_medmcqa_selector_trajectory_sweep_v3/repeat_04/olmo7b_instruct/KR64_KT16/pct25.6/safe_hard_feasible_greedy_gamma1_epsm0.5/training_runs/safe_low_rank_adam_reference_constrained_greedy_eta0.0002_metricFplusAlpha_swaps1_feastol1e-06_gamma1_epsm0.5_caln64_calseed46_pct25.6_seed46/summary.json,repeat_04,olmo7b_instruct,safe_hard_feasible_greedy_gamma1_epsm0.5,safe_low_rank_adam_reference_constrained_greedy_eta0.0002_metricFplusAlpha_swaps1_feastol1e-06_gamma1_epsm0.5_caln64_calseed46_pct25.6_seed46,safe_low_rank_adam_reference_constrained_greedy_eta0.0002_metricFplusAlpha_swaps1_feastol1e-06_gamma1_epsm0.5_caln64_calseed46,adam,,,46,3.4663378442823096,0.1711636413574219,3.4014041423797607,0.013243688270449638,0.4609375,0.4609375,,0.37509737120514075,,0.5660377358490566,,0.022222222222222223,,0.18415700656122488,,0.4921875,,,,,,,,,,,,,0.7187371203900159,0.7033960080913585,375.27630036498886,1.2194647446336307e+17,1867793520.0,0.0,1.2194647633115659e+17,2140779987468288.0,6673713555824640.0,1.2862018988698123e+17,True,,,False,True,"{""spearman_predicted_fisher_vs_realized_kl"":0.9999999999999999,""spearman_predicted_fisher_vs_target_degradation"":0.2333333333333333,""spearman_realized_kl_vs_instruction_degradation"":0.0,""spearman_realized_kl_vs_medqa_accuracy"":0.8660254037844387,""spearman_realized_kl_vs_reference_degradation"":0.8660254037844387,""spearman_realized_kl_vs_target_degradation"":0.2333333333333333,""spearman_realized_kl_vs_target_performance"":-0.2333333333333333,""trajectory_point_count"":9}"
setting_2_medqa_medmcqa_selector_trajectory_sweep_v3,setting_2_medqa_medmcqa_selector_trajectory_sweep_v3/repeat_04/olmo7b_instruct/KR64_KT16/pct25.6/safe_hard_feasible_greedy_gamma0.1_epsm1/training_runs/safe_low_rank_adam_reference_constrained_greedy_eta0.0002_metricFplusAlpha_swaps1_feastol1e-06_gamma0.1_epsm1_caln64_calseed46_pct25.6_seed46/summary.json,repeat_04,olmo7b_instruct,safe_hard_feasible_greedy_gamma0.1_epsm1,safe_low_rank_adam_reference_constrained_greedy_eta0.0002_metricFplusAlpha_swaps1_feastol1e-06_gamma0.1_epsm1_caln64_calseed46_pct25.6_seed46,safe_low_rank_adam_reference_constrained_greedy_eta0.0002_metricFplusAlpha_swaps1_feastol1e-06_gamma0.1_epsm1_caln64_calseed46,adam,,,46,1.3865351377129238,0.3423272827148438,1.3495270013809204,0.00567002035677433,0.43359375,0.43359375,,0.4022468485353557,,0.5943396226415094,,0.022222222222222223,,0.210154074429202,,0.5078125,,,,,,,,,,,,,0.8113511774668984,0.7875288011263881,263.6815014249878,1.2194647446336307e+17,1867793520.0,0.0,1.2194647633115659e+17,1017020129181696.0,4805477339283456.0,1.2675195367044005e+17,True,,,False,True,"{""spearman_predicted_fisher_vs_realized_kl"":1.0,""spearman_predicted_fisher_vs_target_degradation"":-0.02857142857142857,""spearman_realized_kl_vs_instruction_degradation"":0.8660254037844387,""spearman_realized_kl_vs_medqa_accuracy"":0.8660254037844387,""spearman_realized_kl_vs_reference_degradation"":0.8660254037844387,""spearman_realized_kl_vs_target_degradation"":-0.02857142857142857,""spearman_realized_kl_vs_target_performance"":0.02857142857142857,""trajectory_point_count"":6}"
setting_2_medqa_medmcqa_selector_trajectory_sweep_v3,setting_2_medqa_medmcqa_selector_trajectory_sweep_v3/repeat_04/olmo7b_instruct/KR64_KT16/pct25.6/safe_hard_feasible_greedy_gamma0.01_epsm2/training_runs/safe_low_rank_adam_reference_constrained_greedy_eta0.0002_metricFplusAlpha_swaps1_feastol1e-06_gamma0.01_epsm2_caln64_calseed46_pct25.6_seed46/summary.json,repeat_04,olmo7b_instruct,safe_hard_feasible_greedy_gamma0.01_epsm2,safe_low_rank_adam_reference_constrained_greedy_eta0.0002_metricFplusAlpha_swaps1_feastol1e-06_gamma0.01_epsm2_caln64_calseed46_pct25.6_seed46,safe_low_rank_adam_reference_constrained_greedy_eta0.0002_metricFplusAlpha_swaps1_feastol1e-06_gamma0.01_epsm2_caln64_calseed46,adam,,,46,0.5546140550851695,0.6846545654296876,0.5300677418708801,0.003219579579308629,0.45703125,0.45703125,,0.3944029788012204,,0.5849056603773585,,0.022222222222222223,,0.2039002972250823,,0.484375,,,,,,,,,,,,,0.5202298285079473,0.5104013505396898,180.56528419599636,1.2194647446336307e+17,1867793520.0,0.0,1.2194647633115659e+17,888167652458496.0,3661964578611200.0,1.2560844090976779e+17,True,,,False,True,"{""spearman_predicted_fisher_vs_realized_kl"":0.9999999999999998,""spearman_predicted_fisher_vs_target_degradation"":-0.5999999999999999,""spearman_realized_kl_vs_instruction_degradation"":null,""spearman_realized_kl_vs_medqa_accuracy"":null,""spearman_realized_kl_vs_reference_degradation"":null,""spearman_realized_kl_vs_target_degradation"":-0.5999999999999999,""spearman_realized_kl_vs_target_performance"":0.5999999999999999,""trajectory_point_count"":5}"
setting_2_medqa_medmcqa_selector_trajectory_sweep_v3,setting_2_medqa_medmcqa_selector_trajectory_sweep_v3/repeat_04/olmo7b_instruct/KR64_KT16/pct25.6/safe_hard_feasible_greedy_gamma1_epsm2/training_runs/safe_low_rank_adam_reference_constrained_greedy_eta0.0002_metricFplusAlpha_swaps1_feastol1e-06_gamma1_epsm2_caln64_calseed46_pct25.6_seed46/summary.json,repeat_04,olmo7b_instruct,safe_hard_feasible_greedy_gamma1_epsm2,safe_low_rank_adam_reference_constrained_greedy_eta0.0002_metricFplusAlpha_swaps1_feastol1e-06_gamma1_epsm2_caln64_calseed46_pct25.6_seed46,safe_low_rank_adam_reference_constrained_greedy_eta0.0002_metricFplusAlpha_swaps1_feastol1e-06_gamma1_epsm2_caln64_calseed46,adam,,,46,55.461405508516954,0.6846545654296876,19.52802276611328,0.07638203352689743,0.4453125,0.4453125,,0.4078847617317312,,0.5754716981132075,,0.011111111111111112,,0.2402978253502549,,0.4921875,,,,,,,,,,,,,0.931648428670855,0.9155347273344852,765.2810268829926,1.2194647446336307e+17,1867793520.0,0.0,1.2194647633115659e+17,3561316195368960.0,1.1612523048132608e+16,1.335589993792892e+17,True,,,False,True,"{""spearman_predicted_fisher_vs_realized_kl"":0.9289215686274511,""spearman_predicted_fisher_vs_target_degradation"":0.36764705882352944,""spearman_realized_kl_vs_instruction_degradation"":0.6708203932499369,""spearman_realized_kl_vs_medqa_accuracy"":0.9746794344808964,""spearman_realized_kl_vs_reference_degradation"":0.22360679774997896,""spearman_realized_kl_vs_target_degradation"":0.4044117647058824,""spearman_realized_kl_vs_target_performance"":-0.4044117647058824,""trajectory_point_count"":17}"
setting_2_medqa_medmcqa_selector_trajectory_sweep_v3,setting_2_medqa_medmcqa_selector_trajectory_sweep_v3/repeat_04/olmo7b_instruct/KR64_KT16/pct25.6/safe_corrected_adam_greedy_gamma0.1_epsm0.5/training_runs/safe_low_rank_adam_precondition_before_projection_reference_greedy_marginal_eta0.0064_metricFplusAlpha_gamma0.1_epsm0.5_caln64_calseed46_pct25.6_seed46/summary.json,repeat_04,olmo7b_instruct,safe_corrected_adam_greedy_gamma0.1_epsm0.5,safe_low_rank_adam_precondition_before_projection_reference_greedy_marginal_eta0.0064_metricFplusAlpha_gamma0.1_epsm0.5_caln64_calseed46_pct25.6_seed46,safe_low_rank_adam_precondition_before_projection_reference_greedy_marginal_eta0.0064_metricFplusAlpha_gamma0.1_epsm0.5_caln64_calseed46,adam,,,46,343.7865060439545,4.525074804687501,1824.5469970703125,20.010889053344727,0.4296875,0.4296875,,0.37224723179308367,,0.5754716981132075,,0.022222222222222223,,0.16902276547295977,,0.49609375,,,,,,,,,,,,,0.5812391810213396,0.580030504590898,770.691261710017,1.2194647446336307e+17,143873136.0,0.0,1.2194647460723621e+17,3589913132138496.0,1.1641119984902144e+16,1.3358759459213835e+17,True,,,True,True,"{""spearman_predicted_fisher_vs_realized_kl"":0.9387254901960785,""spearman_predicted_fisher_vs_target_degradation"":0.3504901960784314,""spearman_realized_kl_vs_instruction_degradation"":-0.21081851067789195,""spearman_realized_kl_vs_medqa_accuracy"":0.4616902584383194,""spearman_realized_kl_vs_reference_degradation"":0.872081599272381,""spearman_realized_kl_vs_target_degradation"":0.4338235294117648,""spearman_realized_kl_vs_target_performance"":-0.4338235294117648,""trajectory_point_count"":17}"
setting_2_medqa_medmcqa_selector_trajectory_sweep_v3,setting_2_medqa_medmcqa_selector_trajectory_sweep_v3/repeat_04/olmo7b_instruct/KR64_KT16/pct25.6/safe_corrected_adam_greedy_gamma0.01_epsm1/training_runs/safe_low_rank_adam_precondition_before_projection_reference_greedy_marginal_eta0.0064_metricFplusAlpha_gamma0.01_epsm1_caln64_calseed46_pct25.6_seed46/summary.json,repeat_04,olmo7b_instruct,safe_corrected_adam_greedy_gamma0.01_epsm1,safe_low_rank_adam_precondition_before_projection_reference_greedy_marginal_eta0.0064_metricFplusAlpha_gamma0.01_epsm1_caln64_calseed46_pct25.6_seed46,safe_low_rank_adam_precondition_before_projection_reference_greedy_marginal_eta0.0064_metricFplusAlpha_gamma0.01_epsm1_caln64_calseed46,adam,,,46,137.5146024175818,9.050149609375001,1201.6787109375,20.474157333374023,0.4140625,0.4140625,,0.3410882192653071,,0.5,,0.022222222222222223,,0.1821764385306141,,0.47265625,,,,,,,,,,,,,0.5356911074004242,0.5346442228915661,772.0903749990393,1.2194647446336307e+17,143873136.0,0.0,1.2194647460723621e+17,3312007435567104.0,1.1363214288330752e+16,1.3330968889556696e+17,True,,,True,True,"{""spearman_predicted_fisher_vs_realized_kl"":0.9485294117647061,""spearman_predicted_fisher_vs_target_degradation"":0.11029411764705883,""spearman_realized_kl_vs_instruction_degradation"":-0.8944271909999159,""spearman_realized_kl_vs_medqa_accuracy"":0.872081599272381,""spearman_realized_kl_vs_reference_degradation"":0.6708203932499369,""spearman_realized_kl_vs_target_degradation"":0.21323529411764708,""spearman_realized_kl_vs_target_performance"":-0.21323529411764708,""trajectory_point_count"":17}"
setting_2_medqa_medmcqa_selector_trajectory_sweep_v3,setting_2_medqa_medmcqa_selector_trajectory_sweep_v3/repeat_04/olmo7b_instruct/KR64_KT16/pct25.6/safe_corrected_adam_greedy_gamma1_epsm1/training_runs/safe_low_rank_adam_precondition_before_projection_reference_greedy_marginal_eta0.0064_metricFplusAlpha_gamma1_epsm1_caln64_calseed46_pct25.6_seed46/summary.json,repeat_04,olmo7b_instruct,safe_corrected_adam_greedy_gamma1_epsm1,safe_low_rank_adam_precondition_before_projection_reference_greedy_marginal_eta0.0064_metricFplusAlpha_gamma1_epsm1_caln64_calseed46_pct25.6_seed46,safe_low_rank_adam_precondition_before_projection_reference_greedy_marginal_eta0.0064_metricFplusAlpha_gamma1_epsm1_caln64_calseed46,adam,,,46,13751.460241758181,9.050149609375001,4899.10302734375,32.09552764892578,0.44921875,0.44921875,,0.3855896789654305,,0.5849056603773585,,0.03333333333333333,,0.18627369755350257,,0.52734375,,,,,,,,,,,,,0.6409106211428005,0.6428942838902804,753.6113911010325,1.2194647446336307e+17,143873136.0,0.0,1.2194647460723621e+17,3826835428048896.0,1.1878042280812544e+16,1.3382451688804875e+17,True,,,True,True,"{""spearman_predicted_fisher_vs_realized_kl"":0.8382352941176472,""spearman_predicted_fisher_vs_target_degradation"":0.36764705882352944,""spearman_realized_kl_vs_instruction_degradation"":-0.28867513459481287,""spearman_realized_kl_vs_medqa_accuracy"":0.09999999999999998,""spearman_realized_kl_vs_reference_degradation"":0.6708203932499369,""spearman_realized_kl_vs_target_degradation"":0.4191176470588236,""spearman_realized_kl_vs_target_performance"":-0.4191176470588236,""trajectory_point_count"":17}"
setting_2_medqa_medmcqa_selector_trajectory_sweep_v3,setting_2_medqa_medmcqa_selector_trajectory_sweep_v3/repeat_04/olmo7b_instruct/KR64_KT16/pct25.6/safe_corrected_adam_greedy_gamma0.1_epsm2/training_runs/safe_low_rank_adam_precondition_before_projection_reference_greedy_marginal_eta0.0064_metricFplusAlpha_gamma0.1_epsm2_caln64_calseed46_pct25.6_seed46/summary.json,repeat_04,olmo7b_instruct,safe_corrected_adam_greedy_gamma0.1_epsm2,safe_low_rank_adam_precondition_before_projection_reference_greedy_marginal_eta0.0064_metricFplusAlpha_gamma0.1_epsm2_caln64_calseed46_pct25.6_seed46,safe_low_rank_adam_precondition_before_projection_reference_greedy_marginal_eta0.0064_metricFplusAlpha_gamma0.1_epsm2_caln64_calseed46,adam,,,46,5500.584096703272,18.100299218750003,5442.2353515625,40.283267974853516,0.453125,0.453125,,0.42051635813571153,,0.6037735849056604,,0.022222222222222223,,0.23725913136576277,,0.53515625,,,,,,,,,,,,,0.6531823175239609,0.6452668385705194,776.6477503519855,1.2194647446336307e+17,143873136.0,0.0,1.2194647460723621e+17,3726912410615808.0,1.1778119263379456e+16,1.3372459387061566e+17,True,,,True,True,"{""spearman_predicted_fisher_vs_realized_kl"":0.9215686274509806,""spearman_predicted_fisher_vs_target_degradation"":0.26470588235294124,""spearman_realized_kl_vs_instruction_degradation"":0.28867513459481287,""spearman_realized_kl_vs_medqa_accuracy"":0.8207826816681233,""spearman_realized_kl_vs_reference_degradation"":0.8944271909999159,""spearman_realized_kl_vs_target_degradation"":0.37009803921568635,""spearman_realized_kl_vs_target_performance"":-0.37009803921568635,""trajectory_point_count"":17}"
setting_2_medqa_medmcqa_selector_trajectory_sweep_v3,setting_2_medqa_medmcqa_selector_trajectory_sweep_v3/repeat_01/olmo7b_instruct/KR64_KT16/pct25.6/baseline_random/training_runs/random_pct25.6_seed43/summary.json,repeat_01,olmo7b_instruct,baseline_random,random_pct25.6_seed43,random,adam,,,43,,,,,0.44921875,0.44921875,0.078125,0.3332183881697904,-0.07578188513526679,0.46534653465346537,-0.09900990099009893,0.021052631578947368,0.021052631578947368,0.20109024168611542,-0.05255386928043462,0.5390625,-0.0390625,,,,,,,,,,,,0.5437577687621771,0.531196599521781,794.6320116889983,,,,,3106591648481280.0,1.136365765169152e+16,,,,,True,True,"{""spearman_predicted_fisher_vs_realized_kl"":0.877450980392157,""spearman_predicted_fisher_vs_target_degradation"":-0.07598039215686275,""spearman_realized_kl_vs_instruction_degradation"":-0.7071067811865475,""spearman_realized_kl_vs_medqa_accuracy"":0.6324555320336759,""spearman_realized_kl_vs_reference_degradation"":0.9746794344808964,""spearman_realized_kl_vs_target_degradation"":0.21078431372549022,""spearman_realized_kl_vs_target_performance"":-0.21078431372549022,""trajectory_point_count"":17}"
setting_2_medqa_medmcqa_selector_trajectory_sweep_v3,setting_2_medqa_medmcqa_selector_trajectory_sweep_v3/repeat_01/olmo7b_instruct/KR64_KT16/pct25.6/safe_fractional_relaxation_gamma0.1_epsm0.5/training_runs/safe_low_rank_adam_reference_relaxed_eta0.0002_metricFplusAlpha_clarabel_wthresh1e-08_gamma0.1_epsm0.5_caln64_calseed43_pct25.6_seed43/summary.json,repeat_01,olmo7b_instruct,safe_fractional_relaxation_gamma0.1_epsm0.5,safe_low_rank_adam_reference_relaxed_eta0.0002_metricFplusAlpha_clarabel_wthresh1e-08_gamma0.1_epsm0.5_caln64_calseed43_pct25.6_seed43,safe_low_rank_adam_reference_relaxed_eta0.0002_metricFplusAlpha_clarabel_wthresh1e-08_gamma0.1_epsm0.5_caln64_calseed43,adam,,,43,0.3237166964447066,0.1714470458984375,0.3237167298793793,0.0029675725381821394,0.23046875,0.23046875,,0.2618022740783822,,0.3564356435643564,,0.021052631578947368,,0.16716890459240794,,0.3515625,,,,,,,,,,,,,0.5295802609959863,0.5241845340028299,460.7578815760062,,,,1.2194647446336307e+17,1950244583178240.0,7618932053393408.0,1.2956540651675648e+17,,,,False,True,"{""spearman_predicted_fisher_vs_realized_kl"":0.9878787878787879,""spearman_predicted_fisher_vs_target_degradation"":-0.18787878787878787,""spearman_realized_kl_vs_instruction_degradation"":-0.7745966692414834,""spearman_realized_kl_vs_medqa_accuracy"":-0.6324555320336759,""spearman_realized_kl_vs_reference_degradation"":0.9486832980505138,""spearman_realized_kl_vs_target_degradation"":-0.17575757575757575,""spearman_realized_kl_vs_target_performance"":0.17575757575757575,""trajectory_point_count"":10}"
setting_2_medqa_medmcqa_selector_trajectory_sweep_v3,setting_2_medqa_medmcqa_selector_trajectory_sweep_v3/repeat_01/olmo7b_instruct/KR64_KT16/pct25.6/safe_fractional_relaxation_gamma0.01_epsm0.5/training_runs/safe_low_rank_adam_reference_relaxed_eta0.0002_metricFplusAlpha_clarabel_wthresh1e-08_gamma0.01_epsm0.5_caln64_calseed43_pct25.6_seed43/summary.json,repeat_01,olmo7b_instruct,safe_fractional_relaxation_gamma0.01_epsm0.5,safe_low_rank_adam_reference_relaxed_eta0.0002_metricFplusAlpha_clarabel_wthresh1e-08_gamma0.01_epsm0.5_caln64_calseed43_pct25.6_seed43,safe_low_rank_adam_reference_relaxed_eta0.0002_metricFplusAlpha_clarabel_wthresh1e-08_gamma0.01_epsm0.5_caln64_calseed43,adam,,,43,0.032371669644470656,0.1714470458984375,0.03237166255712509,0.0006163858342915773,0.203125,0.203125,,0.3764527490159806,,0.5247524752475248,,0.031578947368421054,,0.22815302278443642,,0.4921875,,,,,,,,,,,,,0.5338955461018303,0.5341376089150758,191.309286402,,,,1.2194647446336307e+17,867634386812928.0,3701978121920512.0,1.2564845258528358e+17,,,,False,True,"{""spearman_predicted_fisher_vs_realized_kl"":0.9999999999999998,""spearman_predicted_fisher_vs_target_degradation"":-0.19999999999999996,""spearman_realized_kl_vs_instruction_degradation"":null,""spearman_realized_kl_vs_medqa_accuracy"":null,""spearman_realized_kl_vs_reference_degradation"":null,""spearman_realized_kl_vs_target_degradation"":-0.19999999999999996,""spearman_realized_kl_vs_target_performance"":0.19999999999999996,""trajectory_point_count"":5}"
setting_2_medqa_medmcqa_selector_trajectory_sweep_v3,setting_2_medqa_medmcqa_selector_trajectory_sweep_v3/repeat_01/olmo7b_instruct/KR64_KT16/pct25.6/safe_fractional_relaxation_gamma0.01_epsm1/training_runs/safe_low_rank_adam_reference_relaxed_eta0.0002_metricFplusAlpha_clarabel_wthresh1e-08_gamma0.01_epsm1_caln64_calseed43_pct25.6_seed43/summary.json,repeat_01,olmo7b_instruct,safe_fractional_relaxation_gamma0.01_epsm1,safe_low_rank_adam_reference_relaxed_eta0.0002_metricFplusAlpha_clarabel_wthresh1e-08_gamma0.01_epsm1_caln64_calseed43_pct25.6_seed43,safe_low_rank_adam_reference_relaxed_eta0.0002_metricFplusAlpha_clarabel_wthresh1e-08_gamma0.01_epsm1_caln64_calseed43,adam,,,43,0.12948667857788262,0.342894091796875,0.12948663532733917,0.0018380084075033665,0.2890625,0.2890625,,0.33791054540579724,,0.46534653465346537,,0.021052631578947368,,0.21047455615812913,,0.49609375,,,,,,,,,,,,,0.5221796647276519,0.5131133776875059,308.11679857299896,,,,1.2194647446336307e+17,1181785038127104.0,5303166566850560.0,1.2724964103021363e+17,,,,False,True,"{""spearman_predicted_fisher_vs_realized_kl"":0.9999999999999999,""spearman_predicted_fisher_vs_target_degradation"":0.07142857142857142,""spearman_realized_kl_vs_instruction_degradation"":0.8660254037844387,""spearman_realized_kl_vs_medqa_accuracy"":-0.8660254037844387,""spearman_realized_kl_vs_reference_degradation"":0.4999999999999999,""spearman_realized_kl_vs_target_degradation"":0.07142857142857142,""spearman_realized_kl_vs_target_performance"":-0.07142857142857142,""trajectory_point_count"":7}"
setting_2_medqa_medmcqa_selector_trajectory_sweep_v3,setting_2_medqa_medmcqa_selector_trajectory_sweep_v3/repeat_01/olmo7b_instruct/KR64_KT16/pct25.6/safe_fractional_relaxation_gamma1_epsm0.5/training_runs/safe_low_rank_adam_reference_relaxed_eta0.0002_metricFplusAlpha_clarabel_wthresh1e-08_gamma1_epsm0.5_caln64_calseed43_pct25.6_seed43/summary.json,repeat_01,olmo7b_instruct,safe_fractional_relaxation_gamma1_epsm0.5,safe_low_rank_adam_reference_relaxed_eta0.0002_metricFplusAlpha_clarabel_wthresh1e-08_gamma1_epsm0.5_caln64_calseed43_pct25.6_seed43,safe_low_rank_adam_reference_relaxed_eta0.0002_metricFplusAlpha_clarabel_wthresh1e-08_gamma1_epsm0.5_caln64_calseed43,adam,,,43,3.2371669644470655,0.1714470458984375,2.7756149768829346,0.012842350639402866,0.4296875,0.4296875,,0.351483759244541,,0.4752475247524752,,0.010526315789473684,,0.22771999373660676,,0.5546875,,,,,,,,,,,,,0.6594115614760474,0.6362592647212584,517.5234197999962,,,,1.2194647446336307e+17,2446866967658496.0,8375822585749504.0,1.3032229704911258e+17,,,,False,True,"{""spearman_predicted_fisher_vs_realized_kl"":1.0,""spearman_predicted_fisher_vs_target_degradation"":0.19090909090909092,""spearman_realized_kl_vs_instruction_degradation"":-0.2581988897471611,""spearman_realized_kl_vs_medqa_accuracy"":null,""spearman_realized_kl_vs_reference_degradation"":0.9486832980505138,""spearman_realized_kl_vs_target_degradation"":0.19090909090909092,""spearman_realized_kl_vs_target_performance"":-0.19090909090909092,""trajectory_point_count"":11}"
setting_2_medqa_medmcqa_selector_trajectory_sweep_v3,setting_2_medqa_medmcqa_selector_trajectory_sweep_v3/repeat_01/olmo7b_instruct/KR64_KT16/pct25.6/safe_fractional_relaxation_gamma1_epsm1/training_runs/safe_low_rank_adam_reference_relaxed_eta0.0002_metricFplusAlpha_clarabel_wthresh1e-08_gamma1_epsm1_caln64_calseed43_pct25.6_seed43/summary.json,repeat_01,olmo7b_instruct,safe_fractional_relaxation_gamma1_epsm1,safe_low_rank_adam_reference_relaxed_eta0.0002_metricFplusAlpha_clarabel_wthresh1e-08_gamma1_epsm1_caln64_calseed43_pct25.6_seed43,safe_low_rank_adam_reference_relaxed_eta0.0002_metricFplusAlpha_clarabel_wthresh1e-08_gamma1_epsm1_caln64_calseed43,adam,,,43,12.948667857788262,0.342894091796875,9.540634155273438,0.045084547251462936,0.44921875,0.44921875,,0.35167314194481036,,0.5247524752475248,,0.021052631578947368,,0.17859380864209592,,0.5546875,,,,,,,,,,,,,0.6875065819932366,0.6831303647690625,858.0174710469873,,,,1.2194647446336307e+17,3779617230127104.0,1.3063452879077376e+16,1.3500992734244045e+17,,,,False,True,"{""spearman_predicted_fisher_vs_realized_kl"":0.9896800825593394,""spearman_predicted_fisher_vs_target_degradation"":0.5376676986584107,""spearman_realized_kl_vs_instruction_degradation"":0.13093073414159542,""spearman_realized_kl_vs_medqa_accuracy"":0.6546536707079771,""spearman_realized_kl_vs_reference_degradation"":0.8451542547285165,""spearman_realized_kl_vs_target_degradation"":0.5562435500515995,""spearman_realized_kl_vs_target_performance"":-0.5562435500515995,""trajectory_point_count"":18}"
setting_2_medqa_medmcqa_selector_trajectory_sweep_v3,setting_2_medqa_medmcqa_selector_trajectory_sweep_v3/repeat_01/olmo7b_instruct/KR64_KT16/pct25.6/safe_fractional_relaxation_gamma0.1_epsm1/training_runs/safe_low_rank_adam_reference_relaxed_eta0.0002_metricFplusAlpha_clarabel_wthresh1e-08_gamma0.1_epsm1_caln64_calseed43_pct25.6_seed43/summary.json,repeat_01,olmo7b_instruct,safe_fractional_relaxation_gamma0.1_epsm1,safe_low_rank_adam_reference_relaxed_eta0.0002_metricFplusAlpha_clarabel_wthresh1e-08_gamma0.1_epsm1_caln64_calseed43_pct25.6_seed43,safe_low_rank_adam_reference_relaxed_eta0.0002_metricFplusAlpha_clarabel_wthresh1e-08_gamma0.1_epsm1_caln64_calseed43,adam,,,43,1.2948667857788263,0.342894091796875,1.2948663234710693,0.010564805939793587,0.42578125,0.42578125,,0.33737536293504217,,0.504950495049505,,0.021052631578947368,,0.16980023082057935,,0.53515625,,,,,,,,,,,,,0.51053609418827,0.5001757226482718,527.3109778060025,,,,1.2194647446336307e+17,2347110211485696.0,8536333977452544.0,1.3048280844081562e+17,,,,False,True,"{""spearman_predicted_fisher_vs_realized_kl"":0.8671328671328671,""spearman_predicted_fisher_vs_target_degradation"":-0.8391608391608392,""spearman_realized_kl_vs_instruction_degradation"":0.7745966692414834,""spearman_realized_kl_vs_medqa_accuracy"":0.7378647873726218,""spearman_realized_kl_vs_reference_degradation"":0.19999999999999996,""spearman_realized_kl_vs_target_degradation"":-0.8251748251748252,""spearman_realized_kl_vs_target_performance"":0.8251748251748252,""trajectory_point_count"":12}"
setting_2_medqa_medmcqa_selector_trajectory_sweep_v3,setting_2_medqa_medmcqa_selector_trajectory_sweep_v3/repeat_01/olmo7b_instruct/KR64_KT16/pct25.6/safe_fractional_relaxation_gamma0.1_epsm2/training_runs/safe_low_rank_adam_reference_relaxed_eta0.0002_metricFplusAlpha_clarabel_wthresh1e-08_gamma0.1_epsm2_caln64_calseed43_pct25.6_seed43/summary.json,repeat_01,olmo7b_instruct,safe_fractional_relaxation_gamma0.1_epsm2,safe_low_rank_adam_reference_relaxed_eta0.0002_metricFplusAlpha_clarabel_wthresh1e-08_gamma0.1_epsm2_caln64_calseed43_pct25.6_seed43,safe_low_rank_adam_reference_relaxed_eta0.0002_metricFplusAlpha_clarabel_wthresh1e-08_gamma0.1_epsm2_caln64_calseed43,adam,,,43,5.179467143115305,0.68578818359375,5.179468631744385,0.035797953605651855,0.44921875,0.44921875,,0.29337199827873073,,0.44554455445544555,,0.021052631578947368,,0.14119944210201588,,0.5234375,,,,,,,,,,,,,0.5718640666751789,0.5613462378767998,839.8409547570045,,,,1.2194647446336307e+17,3654089978609664.0,1.2937925627559936e+16,1.34884400090923e+17,,,,False,True,"{""spearman_predicted_fisher_vs_realized_kl"":0.9896800825593394,""spearman_predicted_fisher_vs_target_degradation"":-0.46336429308565524,""spearman_realized_kl_vs_instruction_degradation"":0.43948021245882857,""spearman_realized_kl_vs_medqa_accuracy"":0.18516401995451026,""spearman_realized_kl_vs_reference_degradation"":-0.030358837035945812,""spearman_realized_kl_vs_target_degradation"":-0.4489164086687306,""spearman_realized_kl_vs_target_performance"":0.4489164086687306,""trajectory_point_count"":18}"
setting_2_medqa_medmcqa_selector_trajectory_sweep_v3,setting_2_medqa_medmcqa_selector_trajectory_sweep_v3/repeat_01/olmo7b_instruct/KR64_KT16/pct25.6/safe_fractional_relaxation_gamma0.01_epsm2/training_runs/safe_low_rank_adam_reference_relaxed_eta0.0002_metricFplusAlpha_clarabel_wthresh1e-08_gamma0.01_epsm2_caln64_calseed43_pct25.6_seed43/summary.json,repeat_01,olmo7b_instruct,safe_fractional_relaxation_gamma0.01_epsm2,safe_low_rank_adam_reference_relaxed_eta0.0002_metricFplusAlpha_clarabel_wthresh1e-08_gamma0.01_epsm2_caln64_calseed43_pct25.6_seed43,safe_low_rank_adam_reference_relaxed_eta0.0002_metricFplusAlpha_clarabel_wthresh1e-08_gamma0.01_epsm2_caln64_calseed43,adam,,,43,0.5179467143115305,0.68578818359375,0.517946720123291,0.005902708508074284,0.40625,0.40625,,0.3759405242068412,,0.504950495049505,,0.031578947368421054,,0.24693055336417746,,0.5546875,,,,,,,,,,,,,0.5103273648243696,0.49335210329270646,691.9692907189965,,,,1.2194647446336307e+17,2685036223021056.0,1.0161297782603776e+16,1.3210777224596685e+17,,,,False,True,"{""spearman_predicted_fisher_vs_realized_kl"":0.8505494505494505,""spearman_predicted_fisher_vs_target_degradation"":-0.8241758241758241,""spearman_realized_kl_vs_instruction_degradation"":null,""spearman_realized_kl_vs_medqa_accuracy"":0.35355339059327373,""spearman_realized_kl_vs_reference_degradation"":0.09999999999999998,""spearman_realized_kl_vs_target_degradation"":-0.6307692307692307,""spearman_realized_kl_vs_target_performance"":0.6307692307692307,""trajectory_point_count"":14}"
setting_2_medqa_medmcqa_selector_trajectory_sweep_v3,setting_2_medqa_medmcqa_selector_trajectory_sweep_v3/repeat_01/olmo7b_instruct/KR64_KT16/pct25.6/safe_fractional_relaxation_gamma1_epsm2/training_runs/safe_low_rank_adam_reference_relaxed_eta0.0002_metricFplusAlpha_clarabel_wthresh1e-08_gamma1_epsm2_caln64_calseed43_pct25.6_seed43/summary.json,repeat_01,olmo7b_instruct,safe_fractional_relaxation_gamma1_epsm2,safe_low_rank_adam_reference_relaxed_eta0.0002_metricFplusAlpha_clarabel_wthresh1e-08_gamma1_epsm2_caln64_calseed43_pct25.6_seed43,safe_low_rank_adam_reference_relaxed_eta0.0002_metricFplusAlpha_clarabel_wthresh1e-08_gamma1_epsm2_caln64_calseed43,adam,,,43,51.79467143115305,0.68578818359375,17.646228790283203,0.07812218368053436,0.40234375,0.40234375,,0.3445919706614812,,0.5247524752475248,,0.010526315789473684,,0.16443146607543757,,0.54296875,,,,,,,,,,,,,0.6688908924263199,0.6540879617555859,868.5498595309982,,,,1.2194647446336307e+17,3558905407094784.0,1.2842741056045056e+16,1.3478921551940813e+17,,,,False,True,"{""spearman_predicted_fisher_vs_realized_kl"":0.8906088751289989,""spearman_predicted_fisher_vs_target_degradation"":-0.0051599587203302365,""spearman_realized_kl_vs_instruction_degradation"":-0.8280786712108251,""spearman_realized_kl_vs_medqa_accuracy"":0.6546536707079771,""spearman_realized_kl_vs_reference_degradation"":0.9276336570439175,""spearman_realized_kl_vs_target_degradation"":0.18885448916408668,""spearman_realized_kl_vs_target_performance"":-0.18885448916408668,""trajectory_point_count"":18}"
setting_2_medqa_medmcqa_selector_trajectory_sweep_v3,setting_2_medqa_medmcqa_selector_trajectory_sweep_v3/repeat_01/olmo7b_instruct/KR64_KT16/pct25.6/baseline_less_kl_0.1/training_runs/less_low_rank_adam_pct25.6_seed43/summary.json,repeat_01,olmo7b_instruct,baseline_less_kl_0.1,less_low_rank_adam_pct25.6_seed43,less_low_rank_adam,adam,,,43,,,,,0.3984375,0.3984375,,0.41560812305127537,,0.5544554455445545,,0.010526315789473684,,0.27676080055799623,,0.5234375,,,,,,,,,,,,,0.7144883228749745,0.706963122019074,1167.218573000995,,,,1.2194647446336307e+17,3473280858046464.0,1.563781900054528e+16,1.3758429346390835e+17,,,,True,True,"{""spearman_predicted_fisher_vs_realized_kl"":-0.6544117647058825,""spearman_predicted_fisher_vs_target_degradation"":0.026960784313725495,""spearman_realized_kl_vs_instruction_degradation"":0.6708203932499369,""spearman_realized_kl_vs_medqa_accuracy"":0.7071067811865475,""spearman_realized_kl_vs_reference_degradation"":-0.09999999999999998,""spearman_realized_kl_vs_target_degradation"":-0.3308823529411765,""spearman_realized_kl_vs_target_performance"":0.3308823529411765,""trajectory_point_count"":17}"
setting_2_medqa_medmcqa_selector_trajectory_sweep_v3,setting_2_medqa_medmcqa_selector_trajectory_sweep_v3/repeat_01/olmo7b_instruct/KR64_KT16/pct25.6/baseline_prismatic_kl_0.01/training_runs/prismatic_low_rank_adam_pct25.6_seed43/summary.json,repeat_01,olmo7b_instruct,baseline_prismatic_kl_0.01,prismatic_low_rank_adam_pct25.6_seed43,prismatic_low_rank_adam,adam,,,43,,,,,0.4375,0.4375,,0.3958477562018898,,0.5247524752475248,,0.021052631578947368,,0.2669430371562548,,0.5546875,,,,,,,,,,,,,0.5271871311037469,0.5184713965848374,1108.4519868770003,,,,1.2194647446336307e+17,2980440917237760.0,1.5144979059736576e+16,1.3709145352309965e+17,,,,True,True,"{""spearman_predicted_fisher_vs_realized_kl"":-0.6666666666666667,""spearman_predicted_fisher_vs_target_degradation"":-0.5098039215686275,""spearman_realized_kl_vs_instruction_degradation"":0.22360679774997896,""spearman_realized_kl_vs_medqa_accuracy"":-0.5270462766947299,""spearman_realized_kl_vs_reference_degradation"":0.9999999999999998,""spearman_realized_kl_vs_target_degradation"":0.17647058823529413,""spearman_realized_kl_vs_target_performance"":-0.17647058823529413,""trajectory_point_count"":17}"
setting_2_medqa_medmcqa_selector_trajectory_sweep_v3,setting_2_medqa_medmcqa_selector_trajectory_sweep_v3/repeat_01/olmo7b_instruct/KR64_KT16/pct25.6/baseline_prismatic_kl_1.0/training_runs/prismatic_low_rank_adam_pct25.6_seed43/summary.json,repeat_01,olmo7b_instruct,baseline_prismatic_kl_1.0,prismatic_low_rank_adam_pct25.6_seed43,prismatic_low_rank_adam,adam,,,43,,,,,0.44140625,0.44140625,,0.37826685769403945,,0.49504950495049505,,0.010526315789473684,,0.26148421043758385,,0.5625,,,,,,,,,,,,,0.5269876638098449,0.5033878585855379,1171.247543546997,,,,,2980440917237760.0,1.5144979059736576e+16,,,,,True,True,"{""spearman_predicted_fisher_vs_realized_kl"":-0.5808823529411765,""spearman_predicted_fisher_vs_target_degradation"":-0.7745098039215688,""spearman_realized_kl_vs_instruction_degradation"":0.8660254037844386,""spearman_realized_kl_vs_medqa_accuracy"":0.22360679774997896,""spearman_realized_kl_vs_reference_degradation"":0.6155870112510925,""spearman_realized_kl_vs_target_degradation"":0.556372549019608,""spearman_realized_kl_vs_target_performance"":-0.556372549019608,""trajectory_point_count"":17}"
setting_2_medqa_medmcqa_selector_trajectory_sweep_v3,setting_2_medqa_medmcqa_selector_trajectory_sweep_v3/repeat_01/olmo7b_instruct/KR64_KT16/pct25.6/baseline_less_kl_0.01/training_runs/less_low_rank_adam_pct25.6_seed43/summary.json,repeat_01,olmo7b_instruct,baseline_less_kl_0.01,less_low_rank_adam_pct25.6_seed43,less_low_rank_adam,adam,,,43,,,,,0.41015625,0.41015625,,0.40704575174657437,,0.5445544554455446,,0.010526315789473684,,0.26953704804760414,,0.54296875,,,,,,,,,,,,,0.7555633622713593,0.7469899118151152,1158.2883482980105,1.2194647446336307e+17,26238240.0,0.0,1.2194647448960131e+17,3473280858046464.0,1.563781900054528e+16,1.375842934901466e+17,True,,,True,True,"{""spearman_predicted_fisher_vs_realized_kl"":-0.6666666666666667,""spearman_predicted_fisher_vs_target_degradation"":0.33333333333333337,""spearman_realized_kl_vs_instruction_degradation"":0.0,""spearman_realized_kl_vs_medqa_accuracy"":0.5270462766947299,""spearman_realized_kl_vs_reference_degradation"":-0.29999999999999993,""spearman_realized_kl_vs_target_degradation"":-0.6666666666666667,""spearman_realized_kl_vs_target_performance"":0.6666666666666667,""trajectory_point_count"":17}"
setting_2_medqa_medmcqa_selector_trajectory_sweep_v3,setting_2_medqa_medmcqa_selector_trajectory_sweep_v3/repeat_01/olmo7b_instruct/KR64_KT16/pct25.6/baseline_less_kl_1.0/training_runs/less_low_rank_adam_pct25.6_seed43/summary.json,repeat_01,olmo7b_instruct,baseline_less_kl_1.0,less_low_rank_adam_pct25.6_seed43,less_low_rank_adam,adam,,,43,,,,,0.390625,0.390625,,0.38313885364224654,,0.504950495049505,,0.010526315789473684,,0.26132721223498817,,0.54296875,,,,,,,,,,,,,0.7078159069477686,0.693678406844514,1163.3881536349945,1.2194647446336307e+17,26238240.0,0.0,1.2194647448960131e+17,3473280858046464.0,1.563781900054528e+16,1.375842934901466e+17,True,,,True,True,"{""spearman_predicted_fisher_vs_realized_kl"":-0.590686274509804,""spearman_predicted_fisher_vs_target_degradation"":-0.35294117647058826,""spearman_realized_kl_vs_instruction_degradation"":0.0,""spearman_realized_kl_vs_medqa_accuracy"":0.6708203932499369,""spearman_realized_kl_vs_reference_degradation"":0.6999999999999998,""spearman_realized_kl_vs_target_degradation"":0.009803921568627453,""spearman_realized_kl_vs_target_performance"":-0.009803921568627453,""trajectory_point_count"":17}"
setting_2_medqa_medmcqa_selector_trajectory_sweep_v3,setting_2_medqa_medmcqa_selector_trajectory_sweep_v3/repeat_01/olmo7b_instruct/KR64_KT16/pct25.6/baseline_prismatic_kl_0.1/training_runs/prismatic_low_rank_adam_pct25.6_seed43/summary.json,repeat_01,olmo7b_instruct,baseline_prismatic_kl_0.1,prismatic_low_rank_adam_pct25.6_seed43,prismatic_low_rank_adam,adam,,,43,,,,,0.42578125,0.42578125,,0.39863663248937486,,0.5247524752475248,,0.031578947368421054,,0.272520789731225,,0.55859375,,,,,,,,,,,,,0.5385602109758191,0.519218835700916,1176.5703564290015,1.2194647446336307e+17,1340406000.0,0.0,1.2194647580376907e+17,2980440917237760.0,1.5144979059736576e+16,1.3709145486350565e+17,True,,,True,True,"{""spearman_predicted_fisher_vs_realized_kl"":-0.6127450980392157,""spearman_predicted_fisher_vs_target_degradation"":-0.13725490196078433,""spearman_realized_kl_vs_instruction_degradation"":0.8660254037844386,""spearman_realized_kl_vs_medqa_accuracy"":-0.8660254037844386,""spearman_realized_kl_vs_reference_degradation"":0.6668859288553503,""spearman_realized_kl_vs_target_degradation"":-0.12254901960784316,""spearman_realized_kl_vs_target_performance"":0.12254901960784316,""trajectory_point_count"":17}"
setting_2_medqa_medmcqa_selector_trajectory_sweep_v3,setting_2_medqa_medmcqa_selector_trajectory_sweep_v3/repeat_01/olmo7b_instruct/KR64_KT16/pct25.6/safe_corrected_adam_cumulative_trajectory_rho0.001_epsm1/training_runs/safe_low_rank_adam_precondition_before_projection_reference_greedy_marginal_eta0.0064_metricFplusAlpha_cost0.001_epsm1_caln64_calseed43_trainconstraint_cumulative_line_search_pct25.6_seed43/summary.json,repeat_01,olmo7b_instruct,safe_corrected_adam_cumulative_trajectory_rho0.001_epsm1,safe_low_rank_adam_precondition_before_projection_reference_greedy_marginal_eta0.0064_metricFplusAlpha_cost0.001_epsm1_caln64_calseed43_trainconstraint_cumulative_line_search_pct25.6_seed43,safe_low_rank_adam_precondition_before_projection_reference_greedy_marginal_eta0.0064_metricFplusAlpha_cost0.001_epsm1_caln64_calseed43,adam,,,43,0.001,13.9711953125,1823.60302734375,44.41201400756836,0.37890625,0.37890625,,0.28117995718355265,,0.39603960396039606,,0.021052631578947368,,0.16632031040670922,,0.48828125,,,,,,,,,,,,,0.5542756759781433,0.5411722721310314,806.2459509820037,1.2194647446336307e+17,143873136.0,0.0,1.2194647460723621e+17,3125212909633536.0,1.1382278912843776e+16,1.3332875352007998e+17,True,,,True,True,"{""spearman_predicted_fisher_vs_realized_kl"":0.9583333333333335,""spearman_predicted_fisher_vs_target_degradation"":-0.2794117647058824,""spearman_realized_kl_vs_instruction_degradation"":-0.8660254037844386,""spearman_realized_kl_vs_medqa_accuracy"":-0.051298917604257706,""spearman_realized_kl_vs_reference_degradation"":0.09999999999999998,""spearman_realized_kl_vs_target_degradation"":-0.24264705882352944,""spearman_realized_kl_vs_target_performance"":0.24264705882352944,""trajectory_point_count"":17}"
setting_2_medqa_medmcqa_selector_trajectory_sweep_v3,setting_2_medqa_medmcqa_selector_trajectory_sweep_v3/repeat_01/olmo7b_instruct/KR64_KT16/pct25.6/safe_corrected_adam_cumulative_trajectory_rho0.1_epsm1/training_runs/safe_low_rank_adam_precondition_before_projection_reference_greedy_marginal_eta0.0064_metricFplusAlpha_cost0.1_epsm1_caln64_calseed43_trainconstraint_cumulative_line_search_pct25.6_seed43/summary.json,repeat_01,olmo7b_instruct,safe_corrected_adam_cumulative_trajectory_rho0.1_epsm1,safe_low_rank_adam_precondition_before_projection_reference_greedy_marginal_eta0.0064_metricFplusAlpha_cost0.1_epsm1_caln64_calseed43_trainconstraint_cumulative_line_search_pct25.6_seed43,safe_low_rank_adam_precondition_before_projection_reference_greedy_marginal_eta0.0064_metricFplusAlpha_cost0.1_epsm1_caln64_calseed43,adam,,,43,0.1,13.9711953125,1828.177490234375,44.28049850463867,0.40625,0.40625,,0.3023284882426627,,0.43564356435643564,,0.021052631578947368,,0.16901341212888976,,0.50390625,,,,,,,,,,,,,0.4875107148608029,0.48002533113016205,816.5166685889999,1.2194647446336307e+17,143873136.0,0.0,1.2194647460723621e+17,3130200747442176.0,1.1387266750652416e+16,1.3333374135788862e+17,True,,,True,True,"{""spearman_predicted_fisher_vs_realized_kl"":0.9901960784313727,""spearman_predicted_fisher_vs_target_degradation"":-0.752450980392157,""spearman_realized_kl_vs_instruction_degradation"":-0.4472135954999579,""spearman_realized_kl_vs_medqa_accuracy"":0.10259783520851541,""spearman_realized_kl_vs_reference_degradation"":0.09999999999999998,""spearman_realized_kl_vs_target_degradation"":-0.7549019607843138,""spearman_realized_kl_vs_target_performance"":0.7549019607843138,""trajectory_point_count"":17}"
setting_2_medqa_medmcqa_selector_trajectory_sweep_v3,setting_2_medqa_medmcqa_selector_trajectory_sweep_v3/repeat_01/olmo7b_instruct/KR64_KT16/pct25.6/safe_corrected_adam_cumulative_trajectory_rho0.0001_epsm5/training_runs/safe_low_rank_adam_precondition_before_projection_reference_greedy_marginal_eta0.0064_metricFplusAlpha_cost0.0001_epsm5_caln64_calseed43_trainconstraint_cumulative_line_search_pct25.6_seed43/summary.json,repeat_01,olmo7b_instruct,safe_corrected_adam_cumulative_trajectory_rho0.0001_epsm5,safe_low_rank_adam_precondition_before_projection_reference_greedy_marginal_eta0.0064_metricFplusAlpha_cost0.0001_epsm5_caln64_calseed43_trainconstraint_cumulative_line_search_pct25.6_seed43,safe_low_rank_adam_precondition_before_projection_reference_greedy_marginal_eta0.0064_metricFplusAlpha_cost0.0001_epsm5_caln64_calseed43,adam,,,43,0.0001,69.8559765625,1823.60302734375,44.41201400756836,0.3984375,0.3984375,,0.27065920725730264,,0.36633663366336633,,0.021052631578947368,,0.1749817808512389,,0.4921875,,,,,,,,,,,,,0.5516006036939058,0.5336040744789528,805.3457635889936,1.2194647446336307e+17,143873136.0,0.0,1.2194647460723621e+17,3125212909633536.0,1.1382278912843776e+16,1.3332875352007998e+17,True,,,True,True,"{""spearman_predicted_fisher_vs_realized_kl"":0.9436274509803922,""spearman_predicted_fisher_vs_target_degradation"":-0.4191176470588236,""spearman_realized_kl_vs_instruction_degradation"":-0.9486832980505138,""spearman_realized_kl_vs_medqa_accuracy"":-0.21081851067789195,""spearman_realized_kl_vs_reference_degradation"":0.051298917604257706,""spearman_realized_kl_vs_target_degradation"":-0.36274509803921573,""spearman_realized_kl_vs_target_performance"":0.36274509803921573,""trajectory_point_count"":17}"
setting_2_medqa_medmcqa_selector_trajectory_sweep_v3,setting_2_medqa_medmcqa_selector_trajectory_sweep_v3/repeat_01/olmo7b_instruct/KR64_KT16/pct25.6/safe_corrected_adam_cumulative_trajectory_rho0.01_epsm5/training_runs/safe_low_rank_adam_precondition_before_projection_reference_greedy_marginal_eta0.0064_metricFplusAlpha_cost0.01_epsm5_caln64_calseed43_trainconstraint_cumulative_line_search_pct25.6_seed43/summary.json,repeat_01,olmo7b_instruct,safe_corrected_adam_cumulative_trajectory_rho0.01_epsm5,safe_low_rank_adam_precondition_before_projection_reference_greedy_marginal_eta0.0064_metricFplusAlpha_cost0.01_epsm5_caln64_calseed43_trainconstraint_cumulative_line_search_pct25.6_seed43,safe_low_rank_adam_precondition_before_projection_reference_greedy_marginal_eta0.0064_metricFplusAlpha_cost0.01_epsm5_caln64_calseed43,adam,,,43,0.01,69.8559765625,1823.60302734375,44.41201400756836,0.38671875,0.38671875,,0.2882932396083758,,0.39603960396039606,,0.021052631578947368,,0.18054687525635546,,0.48828125,,,,,,,,,,,,,0.5460837153506369,0.5330010778374457,812.487573343009,1.2194647446336307e+17,143873136.0,0.0,1.2194647460723621e+17,3125212909633536.0,1.1382278912843776e+16,1.3332875352007998e+17,True,,,True,True,"{""spearman_predicted_fisher_vs_realized_kl"":0.9730392156862746,""spearman_predicted_fisher_vs_target_degradation"":-0.23039215686274514,""spearman_realized_kl_vs_instruction_degradation"":-0.4472135954999579,""spearman_realized_kl_vs_medqa_accuracy"":-0.051298917604257706,""spearman_realized_kl_vs_reference_degradation"":0.051298917604257706,""spearman_realized_kl_vs_target_degradation"":-0.2254901960784314,""spearman_realized_kl_vs_target_performance"":0.2254901960784314,""trajectory_point_count"":17}"
setting_2_medqa_medmcqa_selector_trajectory_sweep_v3,setting_2_medqa_medmcqa_selector_trajectory_sweep_v3/repeat_01/olmo7b_instruct/KR64_KT16/pct25.6/safe_corrected_adam_cumulative_trajectory_rho1_epsm5/training_runs/safe_low_rank_adam_precondition_before_projection_reference_greedy_marginal_eta0.0064_metricFplusAlpha_cost1_epsm5_caln64_calseed43_trainconstraint_cumulative_line_search_pct25.6_seed43/summary.json,repeat_01,olmo7b_instruct,safe_corrected_adam_cumulative_trajectory_rho1_epsm5,safe_low_rank_adam_precondition_before_projection_reference_greedy_marginal_eta0.0064_metricFplusAlpha_cost1_epsm5_caln64_calseed43_trainconstraint_cumulative_line_search_pct25.6_seed43,safe_low_rank_adam_precondition_before_projection_reference_greedy_marginal_eta0.0064_metricFplusAlpha_cost1_epsm5_caln64_calseed43,adam,,,43,1.0,69.8559765625,1840.1414794921875,44.50368881225586,0.40625,0.40625,,0.2860404096676432,,0.4158415841584158,,0.021052631578947368,,0.15623923517687055,,0.484375,,,,,,,,,,,,,0.5773342707103645,0.561393553514533,810.1782663430204,1.2194647446336307e+17,143873136.0,0.0,1.2194647460723621e+17,3128704396099584.0,1.1385770399309824e+16,1.3333224500654603e+17,True,,,True,True,"{""spearman_predicted_fisher_vs_realized_kl"":0.9828431372549021,""spearman_predicted_fisher_vs_target_degradation"":-0.2573529411764706,""spearman_realized_kl_vs_instruction_degradation"":-0.28867513459481287,""spearman_realized_kl_vs_medqa_accuracy"":-0.09999999999999998,""spearman_realized_kl_vs_reference_degradation"":0.051298917604257706,""spearman_realized_kl_vs_target_degradation"":-0.20098039215686278,""spearman_realized_kl_vs_target_performance"":0.20098039215686278,""trajectory_point_count"":17}"
setting_2_medqa_medmcqa_selector_trajectory_sweep_v3,setting_2_medqa_medmcqa_selector_trajectory_sweep_v3/repeat_01/olmo7b_instruct/KR64_KT16/pct25.6/safe_corrected_adam_equal_allocation_rho0.001_epsm1/training_runs/safe_low_rank_adam_precondition_before_projection_reference_greedy_marginal_eta0.0064_metricFplusAlpha_cost0.001_epsm1_caln64_calseed43_trainconstraint_equal_allocation_pct25.6_seed43/summary.json,repeat_01,olmo7b_instruct,safe_corrected_adam_equal_allocation_rho0.001_epsm1,safe_low_rank_adam_precondition_before_projection_reference_greedy_marginal_eta0.0064_metricFplusAlpha_cost0.001_epsm1_caln64_calseed43_trainconstraint_equal_allocation_pct25.6_seed43,safe_low_rank_adam_precondition_before_projection_reference_greedy_marginal_eta0.0064_metricFplusAlpha_cost0.001_epsm1_caln64_calseed43,adam,,,43,0.001,13.9711953125,1823.60302734375,44.41201400756836,0.37109375,0.37109375,,0.27876904542387315,,0.37623762376237624,,0.021052631578947368,,0.18130046708537004,,0.484375,,,,,,,,,,,,,0.5469868495189453,0.5348925659952807,855.0199679619982,1.2194647446336307e+17,143873136.0,0.0,1.2194647460723621e+17,3125212909633536.0,1.1382278912843776e+16,1.3332875352007998e+17,True,,,True,True,"{""spearman_predicted_fisher_vs_realized_kl"":0.9705882352941178,""spearman_predicted_fisher_vs_target_degradation"":-0.465686274509804,""spearman_realized_kl_vs_instruction_degradation"":0.7071067811865475,""spearman_realized_kl_vs_medqa_accuracy"":-0.22360679774997896,""spearman_realized_kl_vs_reference_degradation"":0.29999999999999993,""spearman_realized_kl_vs_target_degradation"":-0.5122549019607844,""spearman_realized_kl_vs_target_performance"":0.5122549019607844,""trajectory_point_count"":17}"
setting_2_medqa_medmcqa_selector_trajectory_sweep_v3,setting_2_medqa_medmcqa_selector_trajectory_sweep_v3/repeat_01/olmo7b_instruct/KR64_KT16/pct25.6/safe_corrected_adam_equal_allocation_rho0.1_epsm1/training_runs/safe_low_rank_adam_precondition_before_projection_reference_greedy_marginal_eta0.0064_metricFplusAlpha_cost0.1_epsm1_caln64_calseed43_trainconstraint_equal_allocation_pct25.6_seed43/summary.json,repeat_01,olmo7b_instruct,safe_corrected_adam_equal_allocation_rho0.1_epsm1,safe_low_rank_adam_precondition_before_projection_reference_greedy_marginal_eta0.0064_metricFplusAlpha_cost0.1_epsm1_caln64_calseed43_trainconstraint_equal_allocation_pct25.6_seed43,safe_low_rank_adam_precondition_before_projection_reference_greedy_marginal_eta0.0064_metricFplusAlpha_cost0.1_epsm1_caln64_calseed43,adam,,,43,0.1,13.9711953125,1828.177490234375,44.28049850463867,0.37890625,0.37890625,,0.2737400284219172,,0.36633663366336633,,0.021052631578947368,,0.18114342318046808,,0.48046875,,,,,,,,,,,,,0.5001397132339049,0.49197771544886487,837.3832095059915,1.2194647446336307e+17,143873136.0,0.0,1.2194647460723621e+17,3130200747442176.0,1.1387266750652416e+16,1.3333374135788862e+17,True,,,True,True,"{""spearman_predicted_fisher_vs_realized_kl"":0.9950980392156864,""spearman_predicted_fisher_vs_target_degradation"":-0.7205882352941178,""spearman_realized_kl_vs_instruction_degradation"":0.8660254037844386,""spearman_realized_kl_vs_medqa_accuracy"":-0.10540925533894598,""spearman_realized_kl_vs_reference_degradation"":0.09999999999999998,""spearman_realized_kl_vs_target_degradation"":-0.715686274509804,""spearman_realized_kl_vs_target_performance"":0.715686274509804,""trajectory_point_count"":17}"
setting_2_medqa_medmcqa_selector_trajectory_sweep_v3,setting_2_medqa_medmcqa_selector_trajectory_sweep_v3/repeat_01/olmo7b_instruct/KR64_KT16/pct25.6/safe_corrected_adam_equal_allocation_rho0.0001_epsm5/training_runs/safe_low_rank_adam_precondition_before_projection_reference_greedy_marginal_eta0.0064_metricFplusAlpha_cost0.0001_epsm5_caln64_calseed43_trainconstraint_equal_allocation_pct25.6_seed43/summary.json,repeat_01,olmo7b_instruct,safe_corrected_adam_equal_allocation_rho0.0001_epsm5,safe_low_rank_adam_precondition_before_projection_reference_greedy_marginal_eta0.0064_metricFplusAlpha_cost0.0001_epsm5_caln64_calseed43_trainconstraint_equal_allocation_pct25.6_seed43,safe_low_rank_adam_precondition_before_projection_reference_greedy_marginal_eta0.0064_metricFplusAlpha_cost0.0001_epsm5_caln64_calseed43,adam,,,43,0.0001,69.8559765625,1823.60302734375,44.41201400756836,0.34765625,0.34765625,,0.2861119509396236,,0.36633663366336633,,0.021052631578947368,,0.20588726821588083,,0.48046875,,,,,,,,,,,,,0.5449239060889678,0.532402066216319,875.7393718159874,1.2194647446336307e+17,143873136.0,0.0,1.2194647460723621e+17,3125212909633536.0,1.1382278912843776e+16,1.3332875352007998e+17,True,,,True,True,"{""spearman_predicted_fisher_vs_realized_kl"":1.0000000000000002,""spearman_predicted_fisher_vs_target_degradation"":-0.3995098039215687,""spearman_realized_kl_vs_instruction_degradation"":0.11180339887498948,""spearman_realized_kl_vs_medqa_accuracy"":-0.4472135954999579,""spearman_realized_kl_vs_reference_degradation"":0.6999999999999998,""spearman_realized_kl_vs_target_degradation"":-0.3995098039215687,""spearman_realized_kl_vs_target_performance"":0.3995098039215687,""trajectory_point_count"":17}"
setting_2_medqa_medmcqa_selector_trajectory_sweep_v3,setting_2_medqa_medmcqa_selector_trajectory_sweep_v3/repeat_01/olmo7b_instruct/KR64_KT16/pct25.6/safe_corrected_adam_equal_allocation_rho0.01_epsm5/training_runs/safe_low_rank_adam_precondition_before_projection_reference_greedy_marginal_eta0.0064_metricFplusAlpha_cost0.01_epsm5_caln64_calseed43_trainconstraint_equal_allocation_pct25.6_seed43/summary.json,repeat_01,olmo7b_instruct,safe_corrected_adam_equal_allocation_rho0.01_epsm5,safe_low_rank_adam_precondition_before_projection_reference_greedy_marginal_eta0.0064_metricFplusAlpha_cost0.01_epsm5_caln64_calseed43_trainconstraint_equal_allocation_pct25.6_seed43,safe_low_rank_adam_precondition_before_projection_reference_greedy_marginal_eta0.0064_metricFplusAlpha_cost0.01_epsm5_caln64_calseed43,adam,,,43,0.01,69.8559765625,1823.60302734375,44.41201400756836,0.38671875,0.38671875,,0.2882932396083758,,0.39603960396039606,,0.021052631578947368,,0.18054687525635546,,0.48828125,,,,,,,,,,,,,0.5460837153506369,0.5330010778374457,842.1192489469831,1.2194647446336307e+17,143873136.0,0.0,1.2194647460723621e+17,3125212909633536.0,1.1382278912843776e+16,1.3332875352007998e+17,True,,,True,True,"{""spearman_predicted_fisher_vs_realized_kl"":0.9730392156862746,""spearman_predicted_fisher_vs_target_degradation"":-0.23039215686274514,""spearman_realized_kl_vs_instruction_degradation"":-0.4472135954999579,""spearman_realized_kl_vs_medqa_accuracy"":-0.051298917604257706,""spearman_realized_kl_vs_reference_degradation"":0.051298917604257706,""spearman_realized_kl_vs_target_degradation"":-0.2254901960784314,""spearman_realized_kl_vs_target_performance"":0.2254901960784314,""trajectory_point_count"":17}"
setting_2_medqa_medmcqa_selector_trajectory_sweep_v3,setting_2_medqa_medmcqa_selector_trajectory_sweep_v3/repeat_01/olmo7b_instruct/KR64_KT16/pct25.6/safe_corrected_adam_equal_allocation_rho1_epsm5/training_runs/safe_low_rank_adam_precondition_before_projection_reference_greedy_marginal_eta0.0064_metricFplusAlpha_cost1_epsm5_caln64_calseed43_trainconstraint_equal_allocation_pct25.6_seed43/summary.json,repeat_01,olmo7b_instruct,safe_corrected_adam_equal_allocation_rho1_epsm5,safe_low_rank_adam_precondition_before_projection_reference_greedy_marginal_eta0.0064_metricFplusAlpha_cost1_epsm5_caln64_calseed43_trainconstraint_equal_allocation_pct25.6_seed43,safe_low_rank_adam_precondition_before_projection_reference_greedy_marginal_eta0.0064_metricFplusAlpha_cost1_epsm5_caln64_calseed43,adam,,,43,1.0,69.8559765625,1840.1414794921875,44.50368881225586,0.40625,0.40625,,0.2860404096676432,,0.4158415841584158,,0.021052631578947368,,0.15623923517687055,,0.484375,,,,,,,,,,,,,0.5773342707103645,0.561393553514533,843.3555711259833,1.2194647446336307e+17,143873136.0,0.0,1.2194647460723621e+17,3128704396099584.0,1.1385770399309824e+16,1.3333224500654603e+17,True,,,True,True,"{""spearman_predicted_fisher_vs_realized_kl"":0.9828431372549021,""spearman_predicted_fisher_vs_target_degradation"":-0.2573529411764706,""spearman_realized_kl_vs_instruction_degradation"":-0.28867513459481287,""spearman_realized_kl_vs_medqa_accuracy"":-0.09999999999999998,""spearman_realized_kl_vs_reference_degradation"":0.051298917604257706,""spearman_realized_kl_vs_target_degradation"":-0.20098039215686278,""spearman_realized_kl_vs_target_performance"":0.20098039215686278,""trajectory_point_count"":17}"
setting_2_medqa_medmcqa_selector_trajectory_sweep_v3,setting_2_medqa_medmcqa_selector_trajectory_sweep_v3/repeat_01/olmo7b_instruct/KR64_KT16/pct25.6/safe_corrected_adam_cumulative_trajectory_rho0.0001_epsm1/training_runs/safe_low_rank_adam_precondition_before_projection_reference_greedy_marginal_eta0.0064_metricFplusAlpha_cost0.0001_epsm1_caln64_calseed43_trainconstraint_cumulative_line_search_pct25.6_seed43/summary.json,repeat_01,olmo7b_instruct,safe_corrected_adam_cumulative_trajectory_rho0.0001_epsm1,safe_low_rank_adam_precondition_before_projection_reference_greedy_marginal_eta0.0064_metricFplusAlpha_cost0.0001_epsm1_caln64_calseed43_trainconstraint_cumulative_line_search_pct25.6_seed43,safe_low_rank_adam_precondition_before_projection_reference_greedy_marginal_eta0.0064_metricFplusAlpha_cost0.0001_epsm1_caln64_calseed43,adam,,,43,0.0001,13.9711953125,1823.60302734375,44.41201400756836,0.390625,0.390625,,0.27463612051393416,,0.3564356435643564,,0.021052631578947368,,0.1928365974635119,,0.49609375,,,,,,,,,,,,,0.5483941298694593,0.5306743771085246,809.4460769429861,1.2194647446336307e+17,143873136.0,0.0,1.2194647460723621e+17,3125212909633536.0,1.1382278912843776e+16,1.3332875352007998e+17,True,,,True,True,"{""spearman_predicted_fisher_vs_realized_kl"":0.911764705882353,""spearman_predicted_fisher_vs_target_degradation"":-0.5098039215686275,""spearman_realized_kl_vs_instruction_degradation"":-0.5797509043642028,""spearman_realized_kl_vs_medqa_accuracy"":-0.05270462766947299,""spearman_realized_kl_vs_reference_degradation"":0.051298917604257706,""spearman_realized_kl_vs_target_degradation"":-0.3823529411764706,""spearman_realized_kl_vs_target_performance"":0.3823529411764706,""trajectory_point_count"":17}"
setting_2_medqa_medmcqa_selector_trajectory_sweep_v3,setting_2_medqa_medmcqa_selector_trajectory_sweep_v3/repeat_01/olmo7b_instruct/KR64_KT16/pct25.6/safe_corrected_adam_cumulative_trajectory_rho0.01_epsm1/training_runs/safe_low_rank_adam_precondition_before_projection_reference_greedy_marginal_eta0.0064_metricFplusAlpha_cost0.01_epsm1_caln64_calseed43_trainconstraint_cumulative_line_search_pct25.6_seed43/summary.json,repeat_01,olmo7b_instruct,safe_corrected_adam_cumulative_trajectory_rho0.01_epsm1,safe_low_rank_adam_precondition_before_projection_reference_greedy_marginal_eta0.0064_metricFplusAlpha_cost0.01_epsm1_caln64_calseed43_trainconstraint_cumulative_line_search_pct25.6_seed43,safe_low_rank_adam_precondition_before_projection_reference_greedy_marginal_eta0.0064_metricFplusAlpha_cost0.01_epsm1_caln64_calseed43,adam,,,43,0.01,13.9711953125,1823.60302734375,44.41201400756836,0.375,0.375,,0.2785654270674792,,0.38613861386138615,,0.021052631578947368,,0.17099224027357224,,0.484375,,,,,,,,,,,,,0.5478945173375871,0.5342646991807616,811.793293070019,1.2194647446336307e+17,143873136.0,0.0,1.2194647460723621e+17,3125212909633536.0,1.1382278912843776e+16,1.3332875352007998e+17,True,,,True,True,"{""spearman_predicted_fisher_vs_realized_kl"":0.9803921568627453,""spearman_predicted_fisher_vs_target_degradation"":-0.026960784313725495,""spearman_realized_kl_vs_instruction_degradation"":-0.8660254037844386,""spearman_realized_kl_vs_medqa_accuracy"":0.0,""spearman_realized_kl_vs_reference_degradation"":0.051298917604257706,""spearman_realized_kl_vs_target_degradation"":-0.11029411764705883,""spearman_realized_kl_vs_target_performance"":0.11029411764705883,""trajectory_point_count"":17}"
setting_2_medqa_medmcqa_selector_trajectory_sweep_v3,setting_2_medqa_medmcqa_selector_trajectory_sweep_v3/repeat_01/olmo7b_instruct/KR64_KT16/pct25.6/safe_corrected_adam_cumulative_trajectory_rho1_epsm1/training_runs/safe_low_rank_adam_precondition_before_projection_reference_greedy_marginal_eta0.0064_metricFplusAlpha_cost1_epsm1_caln64_calseed43_trainconstraint_cumulative_line_search_pct25.6_seed43/summary.json,repeat_01,olmo7b_instruct,safe_corrected_adam_cumulative_trajectory_rho1_epsm1,safe_low_rank_adam_precondition_before_projection_reference_greedy_marginal_eta0.0064_metricFplusAlpha_cost1_epsm1_caln64_calseed43_trainconstraint_cumulative_line_search_pct25.6_seed43,safe_low_rank_adam_precondition_before_projection_reference_greedy_marginal_eta0.0064_metricFplusAlpha_cost1_epsm1_caln64_calseed43,adam,,,43,1.0,13.9711953125,1840.2415771484375,44.281463623046875,0.375,0.375,,0.28141616521792245,,0.40594059405940597,,0.021052631578947368,,0.15689173637643897,,0.4921875,,,,,,,,,,,,,0.5187140317046546,0.5086140882030703,804.0203279389825,1.2194647446336307e+17,143873136.0,0.0,1.2194647460723621e+17,3127291175387136.0,1.1384357178597376e+16,1.3333083178583358e+17,True,,,True,True,"{""spearman_predicted_fisher_vs_realized_kl"":0.7647058823529412,""spearman_predicted_fisher_vs_target_degradation"":-0.5514705882352942,""spearman_realized_kl_vs_instruction_degradation"":0.4472135954999579,""spearman_realized_kl_vs_medqa_accuracy"":-0.22360679774997896,""spearman_realized_kl_vs_reference_degradation"":0.051298917604257706,""spearman_realized_kl_vs_target_degradation"":-0.20343137254901963,""spearman_realized_kl_vs_target_performance"":0.20343137254901963,""trajectory_point_count"":17}"
setting_2_medqa_medmcqa_selector_trajectory_sweep_v3,setting_2_medqa_medmcqa_selector_trajectory_sweep_v3/repeat_01/olmo7b_instruct/KR64_KT16/pct25.6/safe_corrected_adam_cumulative_trajectory_rho0.001_epsm5/training_runs/safe_low_rank_adam_precondition_before_projection_reference_greedy_marginal_eta0.0064_metricFplusAlpha_cost0.001_epsm5_caln64_calseed43_trainconstraint_cumulative_line_search_pct25.6_seed43/summary.json,repeat_01,olmo7b_instruct,safe_corrected_adam_cumulative_trajectory_rho0.001_epsm5,safe_low_rank_adam_precondition_before_projection_reference_greedy_marginal_eta0.0064_metricFplusAlpha_cost0.001_epsm5_caln64_calseed43_trainconstraint_cumulative_line_search_pct25.6_seed43,safe_low_rank_adam_precondition_before_projection_reference_greedy_marginal_eta0.0064_metricFplusAlpha_cost0.001_epsm5_caln64_calseed43,adam,,,43,0.001,69.8559765625,1823.60302734375,44.41201400756836,0.375,0.375,,0.27726193950534445,,0.37623762376237624,,0.021052631578947368,,0.17828625524831268,,0.48828125,,,,,,,,,,,,,0.5627479357525023,0.5445313896728352,827.7300421920081,1.2194647446336307e+17,143873136.0,0.0,1.2194647460723621e+17,3125212909633536.0,1.1382278912843776e+16,1.3332875352007998e+17,True,,,True,True,"{""spearman_predicted_fisher_vs_realized_kl"":0.931372549019608,""spearman_predicted_fisher_vs_target_degradation"":-0.48774509803921573,""spearman_realized_kl_vs_instruction_degradation"":-0.8660254037844386,""spearman_realized_kl_vs_medqa_accuracy"":0.051298917604257706,""spearman_realized_kl_vs_reference_degradation"":0.09999999999999998,""spearman_realized_kl_vs_target_degradation"":-0.4338235294117648,""spearman_realized_kl_vs_target_performance"":0.4338235294117648,""trajectory_point_count"":17}"
setting_2_medqa_medmcqa_selector_trajectory_sweep_v3,setting_2_medqa_medmcqa_selector_trajectory_sweep_v3/repeat_01/olmo7b_instruct/KR64_KT16/pct25.6/safe_corrected_adam_cumulative_trajectory_rho0.1_epsm5/training_runs/safe_low_rank_adam_precondition_before_projection_reference_greedy_marginal_eta0.0064_metricFplusAlpha_cost0.1_epsm5_caln64_calseed43_trainconstraint_cumulative_line_search_pct25.6_seed43/summary.json,repeat_01,olmo7b_instruct,safe_corrected_adam_cumulative_trajectory_rho0.1_epsm5,safe_low_rank_adam_precondition_before_projection_reference_greedy_marginal_eta0.0064_metricFplusAlpha_cost0.1_epsm5_caln64_calseed43_trainconstraint_cumulative_line_search_pct25.6_seed43,safe_low_rank_adam_precondition_before_projection_reference_greedy_marginal_eta0.0064_metricFplusAlpha_cost0.1_epsm5_caln64_calseed43,adam,,,43,0.1,69.8559765625,1828.1595458984375,44.52003860473633,0.3828125,0.3828125,,0.2894174130697053,,0.42574257425742573,,0.021052631578947368,,0.15309225188198491,,0.5,,,,,,,,,,,,,0.5096185208692174,0.4984366459249265,819.2939700220013,1.2194647446336307e+17,143873136.0,0.0,1.2194647460723621e+17,3131447706894336.0,1.1388513710104576e+16,1.3333498831734078e+17,True,,,True,True,"{""spearman_predicted_fisher_vs_realized_kl"":0.9583333333333335,""spearman_predicted_fisher_vs_target_degradation"":-0.6151960784313726,""spearman_realized_kl_vs_instruction_degradation"":0.11180339887498948,""spearman_realized_kl_vs_medqa_accuracy"":0.051298917604257706,""spearman_realized_kl_vs_reference_degradation"":0.09999999999999998,""spearman_realized_kl_vs_target_degradation"":-0.49509803921568635,""spearman_realized_kl_vs_target_performance"":0.49509803921568635,""trajectory_point_count"":17}"
setting_2_medqa_medmcqa_selector_trajectory_sweep_v3,setting_2_medqa_medmcqa_selector_trajectory_sweep_v3/repeat_01/olmo7b_instruct/KR64_KT16/pct25.6/safe_corrected_adam_equal_allocation_rho0.0001_epsm1/training_runs/safe_low_rank_adam_precondition_before_projection_reference_greedy_marginal_eta0.0064_metricFplusAlpha_cost0.0001_epsm1_caln64_calseed43_trainconstraint_equal_allocation_pct25.6_seed43/summary.json,repeat_01,olmo7b_instruct,safe_corrected_adam_equal_allocation_rho0.0001_epsm1,safe_low_rank_adam_precondition_before_projection_reference_greedy_marginal_eta0.0064_metricFplusAlpha_cost0.0001_epsm1_caln64_calseed43_trainconstraint_equal_allocation_pct25.6_seed43,safe_low_rank_adam_precondition_before_projection_reference_greedy_marginal_eta0.0064_metricFplusAlpha_cost0.0001_epsm1_caln64_calseed43,adam,,,43,0.0001,13.9711953125,1823.60302734375,44.41201400756836,0.3515625,0.3515625,,0.2878759791635376,,0.36633663366336633,,0.021052631578947368,,0.20941532466370885,,0.4921875,,,,,,,,,,,,,0.5422394753643531,0.5299751594121651,890.5857303880039,1.2194647446336307e+17,143873136.0,0.0,1.2194647460723621e+17,3125212909633536.0,1.1382278912843776e+16,1.3332875352007998e+17,True,,,True,True,"{""spearman_predicted_fisher_vs_realized_kl"":1.0000000000000002,""spearman_predicted_fisher_vs_target_degradation"":-0.4240196078431373,""spearman_realized_kl_vs_instruction_degradation"":0.7071067811865475,""spearman_realized_kl_vs_medqa_accuracy"":-0.5270462766947299,""spearman_realized_kl_vs_reference_degradation"":0.6668859288553503,""spearman_realized_kl_vs_target_degradation"":-0.4240196078431373,""spearman_realized_kl_vs_target_performance"":0.4240196078431373,""trajectory_point_count"":17}"
setting_2_medqa_medmcqa_selector_trajectory_sweep_v3,setting_2_medqa_medmcqa_selector_trajectory_sweep_v3/repeat_01/olmo7b_instruct/KR64_KT16/pct25.6/safe_corrected_adam_equal_allocation_rho0.01_epsm1/training_runs/safe_low_rank_adam_precondition_before_projection_reference_greedy_marginal_eta0.0064_metricFplusAlpha_cost0.01_epsm1_caln64_calseed43_trainconstraint_equal_allocation_pct25.6_seed43/summary.json,repeat_01,olmo7b_instruct,safe_corrected_adam_equal_allocation_rho0.01_epsm1,safe_low_rank_adam_precondition_before_projection_reference_greedy_marginal_eta0.0064_metricFplusAlpha_cost0.01_epsm1_caln64_calseed43_trainconstraint_equal_allocation_pct25.6_seed43,safe_low_rank_adam_precondition_before_projection_reference_greedy_marginal_eta0.0064_metricFplusAlpha_cost0.01_epsm1_caln64_calseed43,adam,,,43,0.01,13.9711953125,1823.60302734375,44.41201400756836,0.34765625,0.34765625,,0.26988518798997224,,0.36633663366336633,,0.021052631578947368,,0.17343374231657818,,0.484375,,,,,,,,,,,,,0.5580026782282522,0.5453896011443163,885.9006234250264,1.2194647446336307e+17,143873136.0,0.0,1.2194647460723621e+17,3125212909633536.0,1.1382278912843776e+16,1.3332875352007998e+17,True,,,True,True,"{""spearman_predicted_fisher_vs_realized_kl"":0.9730392156862746,""spearman_predicted_fisher_vs_target_degradation"":-0.28186274509803927,""spearman_realized_kl_vs_instruction_degradation"":0.7071067811865475,""spearman_realized_kl_vs_medqa_accuracy"":-0.22360679774997896,""spearman_realized_kl_vs_reference_degradation"":0.09999999999999998,""spearman_realized_kl_vs_target_degradation"":-0.30147058823529416,""spearman_realized_kl_vs_target_performance"":0.30147058823529416,""trajectory_point_count"":17}"
setting_2_medqa_medmcqa_selector_trajectory_sweep_v3,setting_2_medqa_medmcqa_selector_trajectory_sweep_v3/repeat_01/olmo7b_instruct/KR64_KT16/pct25.6/safe_corrected_adam_equal_allocation_rho1_epsm1/training_runs/safe_low_rank_adam_precondition_before_projection_reference_greedy_marginal_eta0.0064_metricFplusAlpha_cost1_epsm1_caln64_calseed43_trainconstraint_equal_allocation_pct25.6_seed43/summary.json,repeat_01,olmo7b_instruct,safe_corrected_adam_equal_allocation_rho1_epsm1,safe_low_rank_adam_precondition_before_projection_reference_greedy_marginal_eta0.0064_metricFplusAlpha_cost1_epsm1_caln64_calseed43_trainconstraint_equal_allocation_pct25.6_seed43,safe_low_rank_adam_precondition_before_projection_reference_greedy_marginal_eta0.0064_metricFplusAlpha_cost1_epsm1_caln64_calseed43,adam,,,43,1.0,13.9711953125,1840.2415771484375,44.281463623046875,0.3515625,0.3515625,,0.2952585599090175,,0.38613861386138615,,0.021052631578947368,,0.2043785059566488,,0.4609375,,,,,,,,,,,,,0.5223685638267407,0.5142648319157026,872.3026592460228,1.2194647446336307e+17,143873136.0,0.0,1.2194647460723621e+17,3127291175387136.0,1.1384357178597376e+16,1.3333083178583358e+17,True,,,True,True,"{""spearman_predicted_fisher_vs_realized_kl"":0.9975490196078433,""spearman_predicted_fisher_vs_target_degradation"":-0.556372549019608,""spearman_realized_kl_vs_instruction_degradation"":0.7071067811865475,""spearman_realized_kl_vs_medqa_accuracy"":0.0,""spearman_realized_kl_vs_reference_degradation"":0.19999999999999996,""spearman_realized_kl_vs_target_degradation"":-0.5612745098039217,""spearman_realized_kl_vs_target_performance"":0.5612745098039217,""trajectory_point_count"":17}"
setting_2_medqa_medmcqa_selector_trajectory_sweep_v3,setting_2_medqa_medmcqa_selector_trajectory_sweep_v3/repeat_01/olmo7b_instruct/KR64_KT16/pct25.6/safe_corrected_adam_equal_allocation_rho0.001_epsm5/training_runs/safe_low_rank_adam_precondition_before_projection_reference_greedy_marginal_eta0.0064_metricFplusAlpha_cost0.001_epsm5_caln64_calseed43_trainconstraint_equal_allocation_pct25.6_seed43/summary.json,repeat_01,olmo7b_instruct,safe_corrected_adam_equal_allocation_rho0.001_epsm5,safe_low_rank_adam_precondition_before_projection_reference_greedy_marginal_eta0.0064_metricFplusAlpha_cost0.001_epsm5_caln64_calseed43_trainconstraint_equal_allocation_pct25.6_seed43,safe_low_rank_adam_precondition_before_projection_reference_greedy_marginal_eta0.0064_metricFplusAlpha_cost0.001_epsm5_caln64_calseed43,adam,,,43,0.001,69.8559765625,1823.60302734375,44.41201400756836,0.32421875,0.32421875,,0.2667087916227695,,0.39603960396039606,,0.010526315789473684,,0.13737797928514298,,0.44140625,,,,,,,,,,,,,0.5745449719266709,0.5592602902214217,855.6860026879876,1.2194647446336307e+17,143873136.0,0.0,1.2194647460723621e+17,3125212909633536.0,1.1382278912843776e+16,1.3332875352007998e+17,True,,,True,True,"{""spearman_predicted_fisher_vs_realized_kl"":0.7573529411764707,""spearman_predicted_fisher_vs_target_degradation"":-0.3357843137254902,""spearman_realized_kl_vs_instruction_degradation"":0.0,""spearman_realized_kl_vs_medqa_accuracy"":-0.09999999999999998,""spearman_realized_kl_vs_reference_degradation"":0.41039134083406165,""spearman_realized_kl_vs_target_degradation"":-0.6960784313725491,""spearman_realized_kl_vs_target_performance"":0.6960784313725491,""trajectory_point_count"":17}"
setting_2_medqa_medmcqa_selector_trajectory_sweep_v3,setting_2_medqa_medmcqa_selector_trajectory_sweep_v3/repeat_01/olmo7b_instruct/KR64_KT16/pct25.6/safe_corrected_adam_equal_allocation_rho0.1_epsm5/training_runs/safe_low_rank_adam_precondition_before_projection_reference_greedy_marginal_eta0.0064_metricFplusAlpha_cost0.1_epsm5_caln64_calseed43_trainconstraint_equal_allocation_pct25.6_seed43/summary.json,repeat_01,olmo7b_instruct,safe_corrected_adam_equal_allocation_rho0.1_epsm5,safe_low_rank_adam_precondition_before_projection_reference_greedy_marginal_eta0.0064_metricFplusAlpha_cost0.1_epsm5_caln64_calseed43_trainconstraint_equal_allocation_pct25.6_seed43,safe_low_rank_adam_precondition_before_projection_reference_greedy_marginal_eta0.0064_metricFplusAlpha_cost0.1_epsm5_caln64_calseed43,adam,,,43,0.1,69.8559765625,1828.1595458984375,44.52003860473633,0.3828125,0.3828125,,0.2894174130697053,,0.42574257425742573,,0.021052631578947368,,0.15309225188198491,,0.5,,,,,,,,,,,,,0.5096185208692174,0.4984366459249265,868.7079889150045,1.2194647446336307e+17,143873136.0,0.0,1.2194647460723621e+17,3131447706894336.0,1.1388513710104576e+16,1.3333498831734078e+17,True,,,True,True,"{""spearman_predicted_fisher_vs_realized_kl"":0.9583333333333335,""spearman_predicted_fisher_vs_target_degradation"":-0.6151960784313726,""spearman_realized_kl_vs_instruction_degradation"":0.11180339887498948,""spearman_realized_kl_vs_medqa_accuracy"":0.051298917604257706,""spearman_realized_kl_vs_reference_degradation"":0.09999999999999998,""spearman_realized_kl_vs_target_degradation"":-0.49509803921568635,""spearman_realized_kl_vs_target_performance"":0.49509803921568635,""trajectory_point_count"":17}"
setting_2_medqa_medmcqa_selector_trajectory_sweep_v3,setting_2_medqa_medmcqa_selector_trajectory_sweep_v3/repeat_01/olmo7b_instruct/KR64_KT16/pct25.6/baseline_less_no_kl/training_runs/less_low_rank_adam_pct25.6_seed43/summary.json,repeat_01,olmo7b_instruct,baseline_less_no_kl,less_low_rank_adam_pct25.6_seed43,less_low_rank_adam,adam,,,43,,,,,0.40625,0.40625,,0.4118897433645792,,0.5643564356435643,,0.010526315789473684,,0.2594230510855941,,0.56640625,,,,,,,,,,,,,0.7288251626996198,0.7150288509867656,797.325793955999,1.2194647446336307e+17,26238240.0,0.0,1.2194647448960131e+17,3523491758653440.0,1.178055776186368e+16,1.33727032251465e+17,True,,,True,True,"{""spearman_predicted_fisher_vs_realized_kl"":0.8823529411764707,""spearman_predicted_fisher_vs_target_degradation"":0.3308823529411765,""spearman_realized_kl_vs_instruction_degradation"":0.8660254037844386,""spearman_realized_kl_vs_medqa_accuracy"":-0.35355339059327373,""spearman_realized_kl_vs_reference_degradation"":0.7181848464596079,""spearman_realized_kl_vs_target_degradation"":0.4509803921568628,""spearman_realized_kl_vs_target_performance"":-0.4509803921568628,""trajectory_point_count"":17}"
setting_2_medqa_medmcqa_selector_trajectory_sweep_v3,setting_2_medqa_medmcqa_selector_trajectory_sweep_v3/repeat_01/olmo7b_instruct/KR64_KT16/pct25.6/safe_legacy_adam_greedy_gamma0.01_epsm0.5/training_runs/safe_low_rank_adam_reference_greedy_marginal_eta0.0002_metricFplusAlpha_gamma0.01_epsm0.5_caln64_calseed43_pct25.6_seed43/summary.json,repeat_01,olmo7b_instruct,safe_legacy_adam_greedy_gamma0.01_epsm0.5,safe_low_rank_adam_reference_greedy_marginal_eta0.0002_metricFplusAlpha_gamma0.01_epsm0.5_caln64_calseed43_pct25.6_seed43,safe_low_rank_adam_reference_greedy_marginal_eta0.0002_metricFplusAlpha_gamma0.01_epsm0.5_caln64_calseed43,adam,,,43,0.032371669644470656,0.1714470458984375,2.3116466999053955,0.02531738206744194,0.41796875,0.41796875,,0.28011330052521,,0.40594059405940597,,0.021052631578947368,,0.154286006991014,,0.49609375,,,,,,,,,,,,,0.5456731886011801,0.5364460927253745,772.2461507109983,1.2194647446336307e+17,169313136.0,0.0,1.2194647463267621e+17,3209091715448832.0,1.1466157718659072e+16,1.3341263235133528e+17,True,,,False,True,"{""spearman_predicted_fisher_vs_realized_kl"":0.9926470588235295,""spearman_predicted_fisher_vs_target_degradation"":-0.4975490196078432,""spearman_realized_kl_vs_instruction_degradation"":0.0,""spearman_realized_kl_vs_medqa_accuracy"":0.6668859288553503,""spearman_realized_kl_vs_reference_degradation"":0.09999999999999998,""spearman_realized_kl_vs_target_degradation"":-0.47549019607843146,""spearman_realized_kl_vs_target_performance"":0.47549019607843146,""trajectory_point_count"":17}"
setting_2_medqa_medmcqa_selector_trajectory_sweep_v3,setting_2_medqa_medmcqa_selector_trajectory_sweep_v3/repeat_01/olmo7b_instruct/KR64_KT16/pct25.6/safe_legacy_adam_greedy_gamma1_epsm0.5/training_runs/safe_low_rank_adam_reference_greedy_marginal_eta0.0002_metricFplusAlpha_gamma1_epsm0.5_caln64_calseed43_pct25.6_seed43/summary.json,repeat_01,olmo7b_instruct,safe_legacy_adam_greedy_gamma1_epsm0.5,safe_low_rank_adam_reference_greedy_marginal_eta0.0002_metricFplusAlpha_gamma1_epsm0.5_caln64_calseed43_pct25.6_seed43,safe_low_rank_adam_reference_greedy_marginal_eta0.0002_metricFplusAlpha_gamma1_epsm0.5_caln64_calseed43,adam,,,43,3.2371669644470655,0.1714470458984375,6.264481544494629,0.03202590346336365,0.4296875,0.4296875,,0.3125661295459919,,0.46534653465346537,,0.021052631578947368,,0.1597857244385184,,0.5390625,,,,,,,,,,,,,0.586981127516243,0.5818570639861882,760.2291912149813,1.2194647446336307e+17,169313136.0,0.0,1.2194647463267621e+17,3692662590996480.0,1.194972859420672e+16,1.3389620322688293e+17,True,,,False,True,"{""spearman_predicted_fisher_vs_realized_kl"":0.823529411764706,""spearman_predicted_fisher_vs_target_degradation"":0.25490196078431376,""spearman_realized_kl_vs_instruction_degradation"":-0.7826237921249264,""spearman_realized_kl_vs_medqa_accuracy"":-0.22360679774997896,""spearman_realized_kl_vs_reference_degradation"":0.9746794344808964,""spearman_realized_kl_vs_target_degradation"":0.45833333333333337,""spearman_realized_kl_vs_target_performance"":-0.45833333333333337,""trajectory_point_count"":17}"
setting_2_medqa_medmcqa_selector_trajectory_sweep_v3,setting_2_medqa_medmcqa_selector_trajectory_sweep_v3/repeat_01/olmo7b_instruct/KR64_KT16/pct25.6/safe_legacy_adam_greedy_gamma0.1_epsm1/training_runs/safe_low_rank_adam_reference_greedy_marginal_eta0.0002_metricFplusAlpha_gamma0.1_epsm1_caln64_calseed43_pct25.6_seed43/summary.json,repeat_01,olmo7b_instruct,safe_legacy_adam_greedy_gamma0.1_epsm1,safe_low_rank_adam_reference_greedy_marginal_eta0.0002_metricFplusAlpha_gamma0.1_epsm1_caln64_calseed43_pct25.6_seed43,safe_low_rank_adam_reference_greedy_marginal_eta0.0002_metricFplusAlpha_gamma0.1_epsm1_caln64_calseed43,adam,,,43,1.2948667857788263,0.342894091796875,4.9186506271362305,0.03171614930033684,0.4296875,0.4296875,,0.2993376105882306,,0.4158415841584158,,0.021052631578947368,,0.1828336370180454,,0.51953125,,,,,,,,,,,,,0.5683038854941692,0.5580841688629373,760.6868308270059,1.2194647446336307e+17,169313136.0,0.0,1.2194647463267621e+17,3529560294653952.0,1.1786626297864192e+16,1.337331009305404e+17,True,,,False,True,"{""spearman_predicted_fisher_vs_realized_kl"":0.8578431372549021,""spearman_predicted_fisher_vs_target_degradation"":0.09803921568627452,""spearman_realized_kl_vs_instruction_degradation"":0.3689323936863109,""spearman_realized_kl_vs_medqa_accuracy"":0.4472135954999579,""spearman_realized_kl_vs_reference_degradation"":0.9999999999999998,""spearman_realized_kl_vs_target_degradation"":0.2794117647058824,""spearman_realized_kl_vs_target_performance"":-0.2794117647058824,""trajectory_point_count"":17}"
setting_2_medqa_medmcqa_selector_trajectory_sweep_v3,setting_2_medqa_medmcqa_selector_trajectory_sweep_v3/repeat_01/olmo7b_instruct/KR64_KT16/pct25.6/safe_legacy_adam_greedy_gamma0.01_epsm2/training_runs/safe_low_rank_adam_reference_greedy_marginal_eta0.0002_metricFplusAlpha_gamma0.01_epsm2_caln64_calseed43_pct25.6_seed43/summary.json,repeat_01,olmo7b_instruct,safe_legacy_adam_greedy_gamma0.01_epsm2,safe_low_rank_adam_reference_greedy_marginal_eta0.0002_metricFplusAlpha_gamma0.01_epsm2_caln64_calseed43_pct25.6_seed43,safe_low_rank_adam_reference_greedy_marginal_eta0.0002_metricFplusAlpha_gamma0.01_epsm2_caln64_calseed43,adam,,,43,0.5179467143115305,0.68578818359375,3.2273190021514893,0.028017325326800346,0.44140625,0.44140625,,0.29258389176304794,,0.42574257425742573,,0.021052631578947368,,0.15942520926867015,,0.48828125,,,,,,,,,,,,,0.5896801498116852,0.5804920214555401,778.7153210779943,1.2194647446336307e+17,169313136.0,0.0,1.2194647463267621e+17,3331376872390656.0,1.1588442875600896e+16,1.335349175082771e+17,True,,,False,True,"{""spearman_predicted_fisher_vs_realized_kl"":0.9485294117647061,""spearman_predicted_fisher_vs_target_degradation"":0.1519607843137255,""spearman_realized_kl_vs_instruction_degradation"":0.7826237921249264,""spearman_realized_kl_vs_medqa_accuracy"":0.5642880936468347,""spearman_realized_kl_vs_reference_degradation"":0.7071067811865475,""spearman_realized_kl_vs_target_degradation"":0.23039215686274514,""spearman_realized_kl_vs_target_performance"":-0.23039215686274514,""trajectory_point_count"":17}"
setting_2_medqa_medmcqa_selector_trajectory_sweep_v3,setting_2_medqa_medmcqa_selector_trajectory_sweep_v3/repeat_01/olmo7b_instruct/KR64_KT16/pct25.6/safe_legacy_adam_greedy_gamma1_epsm2/training_runs/safe_low_rank_adam_reference_greedy_marginal_eta0.0002_metricFplusAlpha_gamma1_epsm2_caln64_calseed43_pct25.6_seed43/summary.json,repeat_01,olmo7b_instruct,safe_legacy_adam_greedy_gamma1_epsm2,safe_low_rank_adam_reference_greedy_marginal_eta0.0002_metricFplusAlpha_gamma1_epsm2_caln64_calseed43_pct25.6_seed43,safe_low_rank_adam_reference_greedy_marginal_eta0.0002_metricFplusAlpha_gamma1_epsm2_caln64_calseed43,adam,,,43,51.79467143115305,0.68578818359375,18.139976501464844,0.08011017739772797,0.40234375,0.40234375,,0.390697569816344,,0.5346534653465347,,0.010526315789473684,,0.24674167428615332,,0.546875,,,,,,,,,,,,,0.6714979522035953,0.6640114641110234,789.7634990900115,1.2194647446336307e+17,169313136.0,0.0,1.2194647463267621e+17,3441524957331456.0,1.1698590960541696e+16,1.336450655932179e+17,True,,,False,True,"{""spearman_predicted_fisher_vs_realized_kl"":0.9436274509803922,""spearman_predicted_fisher_vs_target_degradation"":0.0,""spearman_realized_kl_vs_instruction_degradation"":0.8660254037844386,""spearman_realized_kl_vs_medqa_accuracy"":0.8944271909999159,""spearman_realized_kl_vs_reference_degradation"":0.29999999999999993,""spearman_realized_kl_vs_target_degradation"":0.14215686274509806,""spearman_realized_kl_vs_target_performance"":-0.14215686274509806,""trajectory_point_count"":17}"
setting_2_medqa_medmcqa_selector_trajectory_sweep_v3,setting_2_medqa_medmcqa_selector_trajectory_sweep_v3/repeat_01/olmo7b_instruct/KR64_KT16/pct25.6/safe_hard_feasible_greedy_gamma0.1_epsm0.5/training_runs/safe_low_rank_adam_reference_constrained_greedy_eta0.0002_metricFplusAlpha_swaps1_feastol1e-06_gamma0.1_epsm0.5_caln64_calseed43_pct25.6_seed43/summary.json,repeat_01,olmo7b_instruct,safe_hard_feasible_greedy_gamma0.1_epsm0.5,safe_low_rank_adam_reference_constrained_greedy_eta0.0002_metricFplusAlpha_swaps1_feastol1e-06_gamma0.1_epsm0.5_caln64_calseed43_pct25.6_seed43,safe_low_rank_adam_reference_constrained_greedy_eta0.0002_metricFplusAlpha_swaps1_feastol1e-06_gamma0.1_epsm0.5_caln64_calseed43,adam,,,43,0.3237166964447066,0.1714470458984375,0.2965632677078247,0.0013597918441519141,0.390625,0.390625,,0.3875843178451943,,0.5148514851485149,,0.010526315789473684,,0.2603171505418737,,0.5546875,,,,,,,,,,,,,0.5239936386442766,0.5033437660314126,154.18447580901557,1.2194647446336307e+17,1867793520.0,0.0,1.2194647633115659e+17,531869771661312.0,3105945358893056.0,1.2505242169004965e+17,True,,,False,True,"{""spearman_predicted_fisher_vs_realized_kl"":0.9999999999999998,""spearman_predicted_fisher_vs_target_degradation"":-0.7999999999999998,""spearman_realized_kl_vs_instruction_degradation"":null,""spearman_realized_kl_vs_medqa_accuracy"":null,""spearman_realized_kl_vs_reference_degradation"":null,""spearman_realized_kl_vs_target_degradation"":-0.7999999999999998,""spearman_realized_kl_vs_target_performance"":0.7999999999999998,""trajectory_point_count"":4}"
setting_2_medqa_medmcqa_selector_trajectory_sweep_v3,setting_2_medqa_medmcqa_selector_trajectory_sweep_v3/repeat_01/olmo7b_instruct/KR64_KT16/pct25.6/safe_hard_feasible_greedy_gamma0.01_epsm1/training_runs/safe_low_rank_adam_reference_constrained_greedy_eta0.0002_metricFplusAlpha_swaps1_feastol1e-06_gamma0.01_epsm1_caln64_calseed43_pct25.6_seed43/summary.json,repeat_01,olmo7b_instruct,safe_hard_feasible_greedy_gamma0.01_epsm1,safe_low_rank_adam_reference_constrained_greedy_eta0.0002_metricFplusAlpha_swaps1_feastol1e-06_gamma0.01_epsm1_caln64_calseed43_pct25.6_seed43,safe_low_rank_adam_reference_constrained_greedy_eta0.0002_metricFplusAlpha_swaps1_feastol1e-06_gamma0.01_epsm1_caln64_calseed43,adam,,,43,0.12948667857788262,0.342894091796875,0.11074292659759521,0.000776681408751756,0.37890625,0.37890625,,0.38884658805394,,0.5148514851485149,,0.0,,0.2628416909593652,,0.55078125,,,,,,,,,,,,,0.512576546054997,0.49330864022439275,141.8498280319909,1.2194647446336307e+17,1867793520.0,0.0,1.2194647633115659e+17,476754163875840.0,2790561603231744.0,1.2473703793438834e+17,True,,,False,True,"{""spearman_predicted_fisher_vs_realized_kl"":0.9999999999999998,""spearman_predicted_fisher_vs_target_degradation"":-0.9999999999999998,""spearman_realized_kl_vs_instruction_degradation"":null,""spearman_realized_kl_vs_medqa_accuracy"":null,""spearman_realized_kl_vs_reference_degradation"":null,""spearman_realized_kl_vs_target_degradation"":-0.9999999999999998,""spearman_realized_kl_vs_target_performance"":0.9999999999999998,""trajectory_point_count"":3}"
setting_2_medqa_medmcqa_selector_trajectory_sweep_v3,setting_2_medqa_medmcqa_selector_trajectory_sweep_v3/repeat_01/olmo7b_instruct/KR64_KT16/pct25.6/safe_hard_feasible_greedy_gamma1_epsm1/training_runs/safe_low_rank_adam_reference_constrained_greedy_eta0.0002_metricFplusAlpha_swaps1_feastol1e-06_gamma1_epsm1_caln64_calseed43_pct25.6_seed43/summary.json,repeat_01,olmo7b_instruct,safe_hard_feasible_greedy_gamma1_epsm1,safe_low_rank_adam_reference_constrained_greedy_eta0.0002_metricFplusAlpha_swaps1_feastol1e-06_gamma1_epsm1_caln64_calseed43_pct25.6_seed43,safe_low_rank_adam_reference_constrained_greedy_eta0.0002_metricFplusAlpha_swaps1_feastol1e-06_gamma1_epsm1_caln64_calseed43,adam,,,43,12.948667857788262,0.342894091796875,10.604110717773438,0.048101358115673065,0.43359375,0.43359375,,0.3521073370420218,,0.5148514851485149,,0.021052631578947368,,0.18936318893552867,,0.5859375,,,,,,,,,,,,,0.6455268766101585,0.6342746035398802,749.1714931949973,1.2194647446336307e+17,1867793520.0,0.0,1.2194647633115659e+17,3579604934000640.0,1.183667093721088e+16,1.3378314726836747e+17,True,,,False,True,"{""spearman_predicted_fisher_vs_realized_kl"":0.8578431372549021,""spearman_predicted_fisher_vs_target_degradation"":0.32843137254901966,""spearman_realized_kl_vs_instruction_degradation"":-0.7071067811865475,""spearman_realized_kl_vs_medqa_accuracy"":0.5773502691896257,""spearman_realized_kl_vs_reference_degradation"":0.8944271909999159,""spearman_realized_kl_vs_target_degradation"":0.4558823529411765,""spearman_realized_kl_vs_target_performance"":-0.4558823529411765,""trajectory_point_count"":17}"
setting_2_medqa_medmcqa_selector_trajectory_sweep_v3,setting_2_medqa_medmcqa_selector_trajectory_sweep_v3/repeat_01/olmo7b_instruct/KR64_KT16/pct25.6/safe_hard_feasible_greedy_gamma0.1_epsm2/training_runs/safe_low_rank_adam_reference_constrained_greedy_eta0.0002_metricFplusAlpha_swaps1_feastol1e-06_gamma0.1_epsm2_caln64_calseed43_pct25.6_seed43/summary.json,repeat_01,olmo7b_instruct,safe_hard_feasible_greedy_gamma0.1_epsm2,safe_low_rank_adam_reference_constrained_greedy_eta0.0002_metricFplusAlpha_swaps1_feastol1e-06_gamma0.1_epsm2_caln64_calseed43_pct25.6_seed43,safe_low_rank_adam_reference_constrained_greedy_eta0.0002_metricFplusAlpha_swaps1_feastol1e-06_gamma0.1_epsm2_caln64_calseed43,adam,,,43,5.179467143115305,0.68578818359375,5.055282115936279,0.024507861584424973,0.41796875,0.41796875,,0.3667425748454164,,0.5148514851485149,,0.021052631578947368,,0.21863366454231786,,0.51953125,,,,,,,,,,,,,0.5939424423671903,0.5766874712919358,482.91131169500295,1.2194647446336307e+17,1867793520.0,0.0,1.2194647633115659e+17,2038113659240448.0,7706801129455616.0,1.2965327746061221e+17,True,,,False,True,"{""spearman_predicted_fisher_vs_realized_kl"":0.806060606060606,""spearman_predicted_fisher_vs_target_degradation"":-0.3939393939393939,""spearman_realized_kl_vs_instruction_degradation"":null,""spearman_realized_kl_vs_medqa_accuracy"":0.31622776601683794,""spearman_realized_kl_vs_reference_degradation"":0.31622776601683794,""spearman_realized_kl_vs_target_degradation"":-0.07878787878787878,""spearman_realized_kl_vs_target_performance"":0.07878787878787878,""trajectory_point_count"":10}"
setting_2_medqa_medmcqa_selector_trajectory_sweep_v3,setting_2_medqa_medmcqa_selector_trajectory_sweep_v3/repeat_01/olmo7b_instruct/KR64_KT16/pct25.6/safe_corrected_adam_greedy_gamma0.01_epsm0.5/training_runs/safe_low_rank_adam_precondition_before_projection_reference_greedy_marginal_eta0.0064_metricFplusAlpha_gamma0.01_epsm0.5_caln64_calseed43_pct25.6_seed43/summary.json,repeat_01,olmo7b_instruct,safe_corrected_adam_greedy_gamma0.01_epsm0.5,safe_low_rank_adam_precondition_before_projection_reference_greedy_marginal_eta0.0064_metricFplusAlpha_gamma0.01_epsm0.5_caln64_calseed43_pct25.6_seed43,safe_low_rank_adam_precondition_before_projection_reference_greedy_marginal_eta0.0064_metricFplusAlpha_gamma0.01_epsm0.5_caln64_calseed43,adam,,,43,70.20046070575391,6.98559765625,2217.078369140625,43.39356994628906,0.390625,0.390625,,0.27679680372931476,,0.37623762376237624,,0.021052631578947368,,0.1773559836962533,,0.4921875,,,,,,,,,,,,,0.5204853156853156,0.5123672842864571,764.3444390360091,1.2194647446336307e+17,143873136.0,0.0,1.2194647460723621e+17,3225468449587200.0,1.148253445279744e+16,1.3342900906003365e+17,True,,,True,True,"{""spearman_predicted_fisher_vs_realized_kl"":0.985294117647059,""spearman_predicted_fisher_vs_target_degradation"":-0.44852941176470595,""spearman_realized_kl_vs_instruction_degradation"":0.7071067811865475,""spearman_realized_kl_vs_medqa_accuracy"":-0.20519567041703082,""spearman_realized_kl_vs_reference_degradation"":0.22360679774997896,""spearman_realized_kl_vs_target_degradation"":-0.4338235294117648,""spearman_realized_kl_vs_target_performance"":0.4338235294117648,""trajectory_point_count"":17}"
setting_2_medqa_medmcqa_selector_trajectory_sweep_v3,setting_2_medqa_medmcqa_selector_trajectory_sweep_v3/repeat_01/olmo7b_instruct/KR64_KT16/pct25.6/safe_corrected_adam_greedy_gamma1_epsm0.5/training_runs/safe_low_rank_adam_precondition_before_projection_reference_greedy_marginal_eta0.0064_metricFplusAlpha_gamma1_epsm0.5_caln64_calseed43_pct25.6_seed43/summary.json,repeat_01,olmo7b_instruct,safe_corrected_adam_greedy_gamma1_epsm0.5,safe_low_rank_adam_precondition_before_projection_reference_greedy_marginal_eta0.0064_metricFplusAlpha_gamma1_epsm0.5_caln64_calseed43_pct25.6_seed43,safe_low_rank_adam_precondition_before_projection_reference_greedy_marginal_eta0.0064_metricFplusAlpha_gamma1_epsm0.5_caln64_calseed43,adam,,,43,7020.046070575391,6.98559765625,5739.61328125,50.84827423095703,0.4296875,0.4296875,,0.32675084837425744,,0.48514851485148514,,0.021052631578947368,,0.16835318189702975,,0.53125,,,,,,,,,,,,,0.5852076444697725,0.5800979264907434,766.1143811510119,1.2194647446336307e+17,143873136.0,0.0,1.2194647460723621e+17,3705714099929088.0,1.1962780103139328e+16,1.3390925471037554e+17,True,,,True,True,"{""spearman_predicted_fisher_vs_realized_kl"":0.8799019607843138,""spearman_predicted_fisher_vs_target_degradation"":0.2843137254901961,""spearman_realized_kl_vs_instruction_degradation"":-0.7071067811865475,""spearman_realized_kl_vs_medqa_accuracy"":0.5773502691896257,""spearman_realized_kl_vs_reference_degradation"":0.8944271909999159,""spearman_realized_kl_vs_target_degradation"":0.44362745098039225,""spearman_realized_kl_vs_target_performance"":-0.44362745098039225,""trajectory_point_count"":17}"
setting_2_medqa_medmcqa_selector_trajectory_sweep_v3,setting_2_medqa_medmcqa_selector_trajectory_sweep_v3/repeat_01/olmo7b_instruct/KR64_KT16/pct25.6/safe_corrected_adam_greedy_gamma0.1_epsm1/training_runs/safe_low_rank_adam_precondition_before_projection_reference_greedy_marginal_eta0.0064_metricFplusAlpha_gamma0.1_epsm1_caln64_calseed43_pct25.6_seed43/summary.json,repeat_01,olmo7b_instruct,safe_corrected_adam_greedy_gamma0.1_epsm1,safe_low_rank_adam_precondition_before_projection_reference_greedy_marginal_eta0.0064_metricFplusAlpha_gamma0.1_epsm1_caln64_calseed43_pct25.6_seed43,safe_low_rank_adam_precondition_before_projection_reference_greedy_marginal_eta0.0064_metricFplusAlpha_gamma0.1_epsm1_caln64_calseed43,adam,,,43,2808.0184282301566,13.9711953125,5794.61962890625,58.672569274902344,0.4140625,0.4140625,,0.31275478922871497,,0.44554455445544555,,0.021052631578947368,,0.1799650240019844,,0.52734375,,,,,,,,,,,,,0.6019839168588673,0.5989764493700623,768.5804388660181,1.2194647446336307e+17,143873136.0,0.0,1.2194647460723621e+17,3605042906824704.0,1.1862108910034944e+16,1.3380858351727115e+17,True,,,True,True,"{""spearman_predicted_fisher_vs_realized_kl"":0.9044117647058825,""spearman_predicted_fisher_vs_target_degradation"":0.30147058823529416,""spearman_realized_kl_vs_instruction_degradation"":-0.5773502691896257,""spearman_realized_kl_vs_medqa_accuracy"":0.7905694150420948,""spearman_realized_kl_vs_reference_degradation"":0.09999999999999998,""spearman_realized_kl_vs_target_degradation"":0.42892156862745107,""spearman_realized_kl_vs_target_performance"":-0.42892156862745107,""trajectory_point_count"":17}"
setting_2_medqa_medmcqa_selector_trajectory_sweep_v3,setting_2_medqa_medmcqa_selector_trajectory_sweep_v3/repeat_01/olmo7b_instruct/KR64_KT16/pct25.6/safe_corrected_adam_greedy_gamma0.01_epsm2/training_runs/safe_low_rank_adam_precondition_before_projection_reference_greedy_marginal_eta0.0064_metricFplusAlpha_gamma0.01_epsm2_caln64_calseed43_pct25.6_seed43/summary.json,repeat_01,olmo7b_instruct,safe_corrected_adam_greedy_gamma0.01_epsm2,safe_low_rank_adam_precondition_before_projection_reference_greedy_marginal_eta0.0064_metricFplusAlpha_gamma0.01_epsm2_caln64_calseed43_pct25.6_seed43,safe_low_rank_adam_precondition_before_projection_reference_greedy_marginal_eta0.0064_metricFplusAlpha_gamma0.01_epsm2_caln64_calseed43,adam,,,43,1123.2073712920626,27.942390625,3468.2646484375,50.466590881347656,0.41796875,0.41796875,,0.32096808321996956,,0.4158415841584158,,0.021052631578947368,,0.22609458228152332,,0.5,,,,,,,,,,,,,0.5500980199602215,0.5363101002532339,770.4781868399878,1.2194647446336307e+17,143873136.0,0.0,1.2194647460723621e+17,3340521241706496.0,1.1597587244916736e+16,1.3354406185215294e+17,True,,,True,True,"{""spearman_predicted_fisher_vs_realized_kl"":0.9632352941176472,""spearman_predicted_fisher_vs_target_degradation"":-0.607843137254902,""spearman_realized_kl_vs_instruction_degradation"":-0.8660254037844386,""spearman_realized_kl_vs_medqa_accuracy"":0.3689323936863109,""spearman_realized_kl_vs_reference_degradation"":0.6668859288553503,""spearman_realized_kl_vs_target_degradation"":-0.698529411764706,""spearman_realized_kl_vs_target_performance"":0.698529411764706,""trajectory_point_count"":17}"
setting_2_medqa_medmcqa_selector_trajectory_sweep_v3,setting_2_medqa_medmcqa_selector_trajectory_sweep_v3/repeat_01/olmo7b_instruct/KR64_KT16/pct25.6/safe_corrected_adam_greedy_gamma1_epsm2/training_runs/safe_low_rank_adam_precondition_before_projection_reference_greedy_marginal_eta0.0064_metricFplusAlpha_gamma1_epsm2_caln64_calseed43_pct25.6_seed43/summary.json,repeat_01,olmo7b_instruct,safe_corrected_adam_greedy_gamma1_epsm2,safe_low_rank_adam_precondition_before_projection_reference_greedy_marginal_eta0.0064_metricFplusAlpha_gamma1_epsm2_caln64_calseed43_pct25.6_seed43,safe_low_rank_adam_precondition_before_projection_reference_greedy_marginal_eta0.0064_metricFplusAlpha_gamma1_epsm2_caln64_calseed43,adam,,,43,112320.73712920626,27.942390625,16710.9921875,123.02638244628906,0.421875,0.421875,,0.37583922849707396,,0.49504950495049505,,0.010526315789473684,,0.2566289520436528,,0.5625,,,,,,,,,,,,,0.685230956806869,0.6667302841597064,794.0871810209937,1.2194647446336307e+17,143873136.0,0.0,1.2194647460723621e+17,3492733425500160.0,1.17497994287104e+16,1.3369627403594661e+17,True,,,True,True,"{""spearman_predicted_fisher_vs_realized_kl"":0.8995098039215688,""spearman_predicted_fisher_vs_target_degradation"":0.3259803921568628,""spearman_realized_kl_vs_instruction_degradation"":null,""spearman_realized_kl_vs_medqa_accuracy"":0.7071067811865475,""spearman_realized_kl_vs_reference_degradation"":0.6999999999999998,""spearman_realized_kl_vs_target_degradation"":0.4852941176470589,""spearman_realized_kl_vs_target_performance"":-0.4852941176470589,""trajectory_point_count"":17}"
setting_2_medqa_medmcqa_selector_trajectory_sweep_v3,setting_2_medqa_medmcqa_selector_trajectory_sweep_v3/repeat_01/olmo7b_instruct/KR64_KT16/pct25.6/baseline_dsir/training_runs/dsir_pct25.6_seed43/summary.json,repeat_01,olmo7b_instruct,baseline_dsir,dsir_pct25.6_seed43,dsir,adam,,,43,,,,,0.41796875,0.41796875,,0.32689491196838805,,0.48514851485148514,,0.021052631578947368,,0.168641309085291,,0.5546875,,,,,,,,,,,,,0.7307772529275441,0.7116569096626453,762.6357977849839,0.0,48648000.0,0.0,48648000.0,3571956916027392.0,1.1829022919237632e+16,1.1829022967885632e+16,True,,,True,True,"{""spearman_predicted_fisher_vs_realized_kl"":0.9534313725490198,""spearman_predicted_fisher_vs_target_degradation"":0.340686274509804,""spearman_realized_kl_vs_instruction_degradation"":-0.5773502691896257,""spearman_realized_kl_vs_medqa_accuracy"":0.4472135954999579,""spearman_realized_kl_vs_reference_degradation"":0.6999999999999998,""spearman_realized_kl_vs_target_degradation"":0.4240196078431373,""spearman_realized_kl_vs_target_performance"":-0.4240196078431373,""trajectory_point_count"":17}"
setting_2_medqa_medmcqa_selector_trajectory_sweep_v3,setting_2_medqa_medmcqa_selector_trajectory_sweep_v3/repeat_01/olmo7b_instruct/KR64_KT16/pct25.6/baseline_prismatic_no_kl/training_runs/prismatic_low_rank_adam_pct25.6_seed43/summary.json,repeat_01,olmo7b_instruct,baseline_prismatic_no_kl,prismatic_low_rank_adam_pct25.6_seed43,prismatic_low_rank_adam,adam,,,43,,,,,0.4140625,0.4140625,,0.3514704570768746,,0.5247524752475248,,0.021052631578947368,,0.17818843890622438,,0.55078125,,,,,,,,,,,,,0.6281012433412815,0.6192950962693499,754.9504903640191,1.2194647446336307e+17,1340406000.0,0.0,1.2194647580376907e+17,3022546581405696.0,1.1279612584615936e+16,1.3322608838838501e+17,True,,,True,True,"{""spearman_predicted_fisher_vs_realized_kl"":1.0000000000000002,""spearman_predicted_fisher_vs_target_degradation"":0.2622549019607843,""spearman_realized_kl_vs_instruction_degradation"":-0.8660254037844386,""spearman_realized_kl_vs_medqa_accuracy"":0.7905694150420948,""spearman_realized_kl_vs_reference_degradation"":0.15389675281277312,""spearman_realized_kl_vs_target_degradation"":0.2622549019607843,""spearman_realized_kl_vs_target_performance"":-0.2622549019607843,""trajectory_point_count"":17}"
setting_2_medqa_medmcqa_selector_trajectory_sweep_v3,setting_2_medqa_medmcqa_selector_trajectory_sweep_v3/repeat_01/olmo7b_instruct/KR64_KT16/pct25.6/safe_legacy_adam_greedy_gamma0.1_epsm0.5/training_runs/safe_low_rank_adam_reference_greedy_marginal_eta0.0002_metricFplusAlpha_gamma0.1_epsm0.5_caln64_calseed43_pct25.6_seed43/summary.json,repeat_01,olmo7b_instruct,safe_legacy_adam_greedy_gamma0.1_epsm0.5,safe_low_rank_adam_reference_greedy_marginal_eta0.0002_metricFplusAlpha_gamma0.1_epsm0.5_caln64_calseed43_pct25.6_seed43,safe_low_rank_adam_reference_greedy_marginal_eta0.0002_metricFplusAlpha_gamma0.1_epsm0.5_caln64_calseed43,adam,,,43,0.3237166964447066,0.1714470458984375,3.4516639709472656,0.025880981236696243,0.4140625,0.4140625,,0.31022761906635365,,0.44554455445544555,,0.021052631578947368,,0.17491068367726176,,0.515625,,,,,,,,,,,,,0.5928835667637717,0.5902380062039726,773.1561211220105,1.2194647446336307e+17,169313136.0,0.0,1.2194647463267621e+17,3450419934756864.0,1.1707485937967104e+16,1.3365396057064331e+17,True,,,False,True,"{""spearman_predicted_fisher_vs_realized_kl"":1.0000000000000002,""spearman_predicted_fisher_vs_target_degradation"":-0.06372549019607844,""spearman_realized_kl_vs_instruction_degradation"":-0.7071067811865475,""spearman_realized_kl_vs_medqa_accuracy"":0.0,""spearman_realized_kl_vs_reference_degradation"":0.5999999999999999,""spearman_realized_kl_vs_target_degradation"":-0.06372549019607844,""spearman_realized_kl_vs_target_performance"":0.06372549019607844,""trajectory_point_count"":17}"
setting_2_medqa_medmcqa_selector_trajectory_sweep_v3,setting_2_medqa_medmcqa_selector_trajectory_sweep_v3/repeat_01/olmo7b_instruct/KR64_KT16/pct25.6/safe_legacy_adam_greedy_gamma0.01_epsm1/training_runs/safe_low_rank_adam_reference_greedy_marginal_eta0.0002_metricFplusAlpha_gamma0.01_epsm1_caln64_calseed43_pct25.6_seed43/summary.json,repeat_01,olmo7b_instruct,safe_legacy_adam_greedy_gamma0.01_epsm1,safe_low_rank_adam_reference_greedy_marginal_eta0.0002_metricFplusAlpha_gamma0.01_epsm1_caln64_calseed43_pct25.6_seed43,safe_low_rank_adam_reference_greedy_marginal_eta0.0002_metricFplusAlpha_gamma0.01_epsm1_caln64_calseed43,adam,,,43,0.12948667857788262,0.342894091796875,2.5858943462371826,0.026030713692307472,0.39453125,0.39453125,,0.304495107255224,,0.43564356435643564,,0.021052631578947368,,0.17334665015401232,,0.50390625,,,,,,,,,,,,,0.5540732375806294,0.5393985601191706,760.3643690389872,1.2194647446336307e+17,169313136.0,0.0,1.2194647463267621e+17,3252236512493568.0,1.1509302515703808e+16,1.3345577714838002e+17,True,,,False,True,"{""spearman_predicted_fisher_vs_realized_kl"":0.9901960784313727,""spearman_predicted_fisher_vs_target_degradation"":-0.5857843137254902,""spearman_realized_kl_vs_instruction_degradation"":0.31622776601683794,""spearman_realized_kl_vs_medqa_accuracy"":0.6708203932499369,""spearman_realized_kl_vs_reference_degradation"":0.09999999999999998,""spearman_realized_kl_vs_target_degradation"":-0.5710784313725491,""spearman_realized_kl_vs_target_performance"":0.5710784313725491,""trajectory_point_count"":17}"
setting_2_medqa_medmcqa_selector_trajectory_sweep_v3,setting_2_medqa_medmcqa_selector_trajectory_sweep_v3/repeat_01/olmo7b_instruct/KR64_KT16/pct25.6/safe_legacy_adam_greedy_gamma1_epsm1/training_runs/safe_low_rank_adam_reference_greedy_marginal_eta0.0002_metricFplusAlpha_gamma1_epsm1_caln64_calseed43_pct25.6_seed43/summary.json,repeat_01,olmo7b_instruct,safe_legacy_adam_greedy_gamma1_epsm1,safe_low_rank_adam_reference_greedy_marginal_eta0.0002_metricFplusAlpha_gamma1_epsm1_caln64_calseed43_pct25.6_seed43,safe_low_rank_adam_reference_greedy_marginal_eta0.0002_metricFplusAlpha_gamma1_epsm1_caln64_calseed43,adam,,,43,12.948667857788262,0.342894091796875,11.143738746643066,0.05086101219058037,0.4375,0.4375,,0.3705503200646002,,0.5148514851485149,,0.021052631578947368,,0.2262491549806855,,0.5625,,,,,,,,,,,,,0.6512924782651972,0.6457948735551641,767.4026357370021,1.2194647446336307e+17,169313136.0,0.0,1.2194647463267621e+17,3722090834067456.0,1.1979156837277696e+16,1.339256314699539e+17,True,,,False,True,"{""spearman_predicted_fisher_vs_realized_kl"":0.9387254901960785,""spearman_predicted_fisher_vs_target_degradation"":0.35294117647058826,""spearman_realized_kl_vs_instruction_degradation"":-0.5773502691896257,""spearman_realized_kl_vs_medqa_accuracy"":0.8660254037844386,""spearman_realized_kl_vs_reference_degradation"":0.9746794344808964,""spearman_realized_kl_vs_target_degradation"":0.42647058823529416,""spearman_realized_kl_vs_target_performance"":-0.42647058823529416,""trajectory_point_count"":17}"
setting_2_medqa_medmcqa_selector_trajectory_sweep_v3,setting_2_medqa_medmcqa_selector_trajectory_sweep_v3/repeat_01/olmo7b_instruct/KR64_KT16/pct25.6/safe_legacy_adam_greedy_gamma0.1_epsm2/training_runs/safe_low_rank_adam_reference_greedy_marginal_eta0.0002_metricFplusAlpha_gamma0.1_epsm2_caln64_calseed43_pct25.6_seed43/summary.json,repeat_01,olmo7b_instruct,safe_legacy_adam_greedy_gamma0.1_epsm2,safe_low_rank_adam_reference_greedy_marginal_eta0.0002_metricFplusAlpha_gamma0.1_epsm2_caln64_calseed43_pct25.6_seed43,safe_low_rank_adam_reference_greedy_marginal_eta0.0002_metricFplusAlpha_gamma0.1_epsm2_caln64_calseed43,adam,,,43,5.179467143115305,0.68578818359375,8.977620124816895,0.04869263246655464,0.44140625,0.44140625,,0.3760052651394709,,0.5643564356435643,,0.021052631578947368,,0.18765409463537752,,0.5703125,,,,,,,,,,,,,0.624609900089315,0.6158618006775014,770.5346029919747,1.2194647446336307e+17,169313136.0,0.0,1.2194647463267621e+17,3557159663861760.0,1.1814225667072e+16,1.3376070029974821e+17,True,,,False,True,"{""spearman_predicted_fisher_vs_realized_kl"":0.9289215686274511,""spearman_predicted_fisher_vs_target_degradation"":0.15686274509803924,""spearman_realized_kl_vs_instruction_degradation"":null,""spearman_realized_kl_vs_medqa_accuracy"":0.4616902584383194,""spearman_realized_kl_vs_reference_degradation"":0.6668859288553503,""spearman_realized_kl_vs_target_degradation"":0.2720588235294118,""spearman_realized_kl_vs_target_performance"":-0.2720588235294118,""trajectory_point_count"":17}"
setting_2_medqa_medmcqa_selector_trajectory_sweep_v3,setting_2_medqa_medmcqa_selector_trajectory_sweep_v3/repeat_01/olmo7b_instruct/KR64_KT16/pct25.6/safe_hard_feasible_greedy_gamma0.01_epsm0.5/training_runs/safe_low_rank_adam_reference_constrained_greedy_eta0.0002_metricFplusAlpha_swaps1_feastol1e-06_gamma0.01_epsm0.5_caln64_calseed43_pct25.6_seed43/summary.json,repeat_01,olmo7b_instruct,safe_hard_feasible_greedy_gamma0.01_epsm0.5,safe_low_rank_adam_reference_constrained_greedy_eta0.0002_metricFplusAlpha_swaps1_feastol1e-06_gamma0.01_epsm0.5_caln64_calseed43_pct25.6_seed43,safe_low_rank_adam_reference_constrained_greedy_eta0.0002_metricFplusAlpha_swaps1_feastol1e-06_gamma0.01_epsm0.5_caln64_calseed43,adam,,,43,0.032371669644470656,0.1714470458984375,0.024418391287326813,0.00025617677601985633,0.41015625,0.41015625,,0.40280929761142614,,0.5346534653465347,,0.0,,0.27096512987631766,,0.5625,,,,,,,,,,,,,0.5629789089704426,0.5359130506244393,132.07790426901192,1.2194647446336307e+17,1867793520.0,0.0,1.2194647633115659e+17,296443827093504.0,2610251266449408.0,1.24556727597606e+17,True,,,False,True,"{""spearman_predicted_fisher_vs_realized_kl"":0.9999999999999998,""spearman_predicted_fisher_vs_target_degradation"":-0.9999999999999998,""spearman_realized_kl_vs_instruction_degradation"":null,""spearman_realized_kl_vs_medqa_accuracy"":null,""spearman_realized_kl_vs_reference_degradation"":null,""spearman_realized_kl_vs_target_degradation"":-0.9999999999999998,""spearman_realized_kl_vs_target_performance"":0.9999999999999998,""trajectory_point_count"":3}"
setting_2_medqa_medmcqa_selector_trajectory_sweep_v3,setting_2_medqa_medmcqa_selector_trajectory_sweep_v3/repeat_01/olmo7b_instruct/KR64_KT16/pct25.6/safe_hard_feasible_greedy_gamma1_epsm0.5/training_runs/safe_low_rank_adam_reference_constrained_greedy_eta0.0002_metricFplusAlpha_swaps1_feastol1e-06_gamma1_epsm0.5_caln64_calseed43_pct25.6_seed43/summary.json,repeat_01,olmo7b_instruct,safe_hard_feasible_greedy_gamma1_epsm0.5,safe_low_rank_adam_reference_constrained_greedy_eta0.0002_metricFplusAlpha_swaps1_feastol1e-06_gamma1_epsm0.5_caln64_calseed43_pct25.6_seed43,safe_low_rank_adam_reference_constrained_greedy_eta0.0002_metricFplusAlpha_swaps1_feastol1e-06_gamma1_epsm0.5_caln64_calseed43,adam,,,43,3.2371669644470655,0.1714470458984375,3.059699296951294,0.0134297339245677,0.45703125,0.45703125,,0.3378937349059222,,0.49504950495049505,,0.021052631578947368,,0.18073796486134935,,0.578125,,,,,,,,,,,,,0.6141411236967027,0.597714026861797,388.7366406910005,1.2194647446336307e+17,1867793520.0,0.0,1.2194647633115659e+17,2144188343304192.0,6786106167779328.0,1.2873258249893592e+17,True,,,False,True,"{""spearman_predicted_fisher_vs_realized_kl"":0.9999999999999999,""spearman_predicted_fisher_vs_target_degradation"":0.2666666666666666,""spearman_realized_kl_vs_instruction_degradation"":null,""spearman_realized_kl_vs_medqa_accuracy"":0.8660254037844387,""spearman_realized_kl_vs_reference_degradation"":0.9999999999999998,""spearman_realized_kl_vs_target_degradation"":0.2666666666666666,""spearman_realized_kl_vs_target_performance"":-0.2666666666666666,""trajectory_point_count"":9}"
setting_2_medqa_medmcqa_selector_trajectory_sweep_v3,setting_2_medqa_medmcqa_selector_trajectory_sweep_v3/repeat_01/olmo7b_instruct/KR64_KT16/pct25.6/safe_hard_feasible_greedy_gamma0.1_epsm1/training_runs/safe_low_rank_adam_reference_constrained_greedy_eta0.0002_metricFplusAlpha_swaps1_feastol1e-06_gamma0.1_epsm1_caln64_calseed43_pct25.6_seed43/summary.json,repeat_01,olmo7b_instruct,safe_hard_feasible_greedy_gamma0.1_epsm1,safe_low_rank_adam_reference_constrained_greedy_eta0.0002_metricFplusAlpha_swaps1_feastol1e-06_gamma0.1_epsm1_caln64_calseed43_pct25.6_seed43,safe_low_rank_adam_reference_constrained_greedy_eta0.0002_metricFplusAlpha_swaps1_feastol1e-06_gamma0.1_epsm1_caln64_calseed43,adam,,,43,1.2948667857788263,0.342894091796875,1.2398978471755981,0.00591713422909379,0.3984375,0.3984375,,0.39370940025078593,,0.5247524752475248,,0.010526315789473684,,0.2626663252540471,,0.54296875,,,,,,,,,,,,,0.6648692448919281,0.6426031099895951,292.2726582759933,1.2194647446336307e+17,1867793520.0,0.0,1.2194647633115659e+17,1032814948909056.0,4893928329756672.0,1.2684040466091326e+17,True,,,False,True,"{""spearman_predicted_fisher_vs_realized_kl"":1.0,""spearman_predicted_fisher_vs_target_degradation"":0.08571428571428572,""spearman_realized_kl_vs_instruction_degradation"":null,""spearman_realized_kl_vs_medqa_accuracy"":0.8660254037844387,""spearman_realized_kl_vs_reference_degradation"":0.8660254037844387,""spearman_realized_kl_vs_target_degradation"":0.08571428571428572,""spearman_realized_kl_vs_target_performance"":-0.08571428571428572,""trajectory_point_count"":6}"
setting_2_medqa_medmcqa_selector_trajectory_sweep_v3,setting_2_medqa_medmcqa_selector_trajectory_sweep_v3/repeat_01/olmo7b_instruct/KR64_KT16/pct25.6/safe_hard_feasible_greedy_gamma0.01_epsm2/training_runs/safe_low_rank_adam_reference_constrained_greedy_eta0.0002_metricFplusAlpha_swaps1_feastol1e-06_gamma0.01_epsm2_caln64_calseed43_pct25.6_seed43/summary.json,repeat_01,olmo7b_instruct,safe_hard_feasible_greedy_gamma0.01_epsm2,safe_low_rank_adam_reference_constrained_greedy_eta0.0002_metricFplusAlpha_swaps1_feastol1e-06_gamma0.01_epsm2_caln64_calseed43_pct25.6_seed43,safe_low_rank_adam_reference_constrained_greedy_eta0.0002_metricFplusAlpha_swaps1_feastol1e-06_gamma0.01_epsm2_caln64_calseed43,adam,,,43,0.5179467143115305,0.68578818359375,0.47883468866348267,0.00303139491006732,0.33203125,0.33203125,,0.427283371174286,,0.6039603960396039,,0.021052631578947368,,0.25060634630896805,,0.59375,,,,,,,,,,,,,0.5462813023054506,0.5283557065070855,193.20919457799755,1.2194647446336307e+17,1867793520.0,0.0,1.2194647633115659e+17,886920693006336.0,3721264428113920.0,1.2566774075927051e+17,True,,,False,True,"{""spearman_predicted_fisher_vs_realized_kl"":0.9999999999999998,""spearman_predicted_fisher_vs_target_degradation"":-0.29999999999999993,""spearman_realized_kl_vs_instruction_degradation"":null,""spearman_realized_kl_vs_medqa_accuracy"":null,""spearman_realized_kl_vs_reference_degradation"":null,""spearman_realized_kl_vs_target_degradation"":-0.29999999999999993,""spearman_realized_kl_vs_target_performance"":0.29999999999999993,""trajectory_point_count"":5}"
setting_2_medqa_medmcqa_selector_trajectory_sweep_v3,setting_2_medqa_medmcqa_selector_trajectory_sweep_v3/repeat_01/olmo7b_instruct/KR64_KT16/pct25.6/safe_hard_feasible_greedy_gamma1_epsm2/training_runs/safe_low_rank_adam_reference_constrained_greedy_eta0.0002_metricFplusAlpha_swaps1_feastol1e-06_gamma1_epsm2_caln64_calseed43_pct25.6_seed43/summary.json,repeat_01,olmo7b_instruct,safe_hard_feasible_greedy_gamma1_epsm2,safe_low_rank_adam_reference_constrained_greedy_eta0.0002_metricFplusAlpha_swaps1_feastol1e-06_gamma1_epsm2_caln64_calseed43_pct25.6_seed43,safe_low_rank_adam_reference_constrained_greedy_eta0.0002_metricFplusAlpha_swaps1_feastol1e-06_gamma1_epsm2_caln64_calseed43,adam,,,43,51.79467143115305,0.68578818359375,18.05630874633789,0.07976281642913818,0.41796875,0.41796875,,0.3747702374165716,,0.504950495049505,,0.010526315789473684,,0.2445899797836383,,0.55078125,,,,,,,,,,,,,0.6779214874010858,0.6700447884094961,781.221593306982,1.2194647446336307e+17,1867793520.0,0.0,1.2194647633115659e+17,3440111736619008.0,1.1697177739829248e+16,1.3364365407098584e+17,True,,,False,True,"{""spearman_predicted_fisher_vs_realized_kl"":0.9411764705882354,""spearman_predicted_fisher_vs_target_degradation"":0.13235294117647062,""spearman_realized_kl_vs_instruction_degradation"":null,""spearman_realized_kl_vs_medqa_accuracy"":0.8944271909999159,""spearman_realized_kl_vs_reference_degradation"":0.8999999999999998,""spearman_realized_kl_vs_target_degradation"":0.2769607843137255,""spearman_realized_kl_vs_target_performance"":-0.2769607843137255,""trajectory_point_count"":17}"
setting_2_medqa_medmcqa_selector_trajectory_sweep_v3,setting_2_medqa_medmcqa_selector_trajectory_sweep_v3/repeat_01/olmo7b_instruct/KR64_KT16/pct25.6/safe_corrected_adam_greedy_gamma0.1_epsm0.5/training_runs/safe_low_rank_adam_precondition_before_projection_reference_greedy_marginal_eta0.0064_metricFplusAlpha_gamma0.1_epsm0.5_caln64_calseed43_pct25.6_seed43/summary.json,repeat_01,olmo7b_instruct,safe_corrected_adam_greedy_gamma0.1_epsm0.5,safe_low_rank_adam_precondition_before_projection_reference_greedy_marginal_eta0.0064_metricFplusAlpha_gamma0.1_epsm0.5_caln64_calseed43_pct25.6_seed43,safe_low_rank_adam_precondition_before_projection_reference_greedy_marginal_eta0.0064_metricFplusAlpha_gamma0.1_epsm0.5_caln64_calseed43,adam,,,43,702.0046070575391,6.98559765625,3710.236083984375,45.54134750366211,0.41796875,0.41796875,,0.324985244709966,,0.42574257425742573,,0.021052631578947368,,0.2242279151625062,,0.53515625,,,,,,,,,,,,,0.5510185832499472,0.5385055567829439,769.2325566050131,1.2194647446336307e+17,143873136.0,0.0,1.2194647460723621e+17,3521080970379264.0,1.1778146973589504e+16,1.3372462158082571e+17,True,,,True,True,"{""spearman_predicted_fisher_vs_realized_kl"":0.985294117647059,""spearman_predicted_fisher_vs_target_degradation"":-0.12254901960784316,""spearman_realized_kl_vs_instruction_degradation"":0.8660254037844386,""spearman_realized_kl_vs_medqa_accuracy"":0.3689323936863109,""spearman_realized_kl_vs_reference_degradation"":0.0,""spearman_realized_kl_vs_target_degradation"":-0.08333333333333334,""spearman_realized_kl_vs_target_performance"":0.08333333333333334,""trajectory_point_count"":17}"
setting_2_medqa_medmcqa_selector_trajectory_sweep_v3,setting_2_medqa_medmcqa_selector_trajectory_sweep_v3/repeat_01/olmo7b_instruct/KR64_KT16/pct25.6/safe_corrected_adam_greedy_gamma0.01_epsm1/training_runs/safe_low_rank_adam_precondition_before_projection_reference_greedy_marginal_eta0.0064_metricFplusAlpha_gamma0.01_epsm1_caln64_calseed43_pct25.6_seed43/summary.json,repeat_01,olmo7b_instruct,safe_corrected_adam_greedy_gamma0.01_epsm1,safe_low_rank_adam_precondition_before_projection_reference_greedy_marginal_eta0.0064_metricFplusAlpha_gamma0.01_epsm1_caln64_calseed43_pct25.6_seed43,safe_low_rank_adam_precondition_before_projection_reference_greedy_marginal_eta0.0064_metricFplusAlpha_gamma0.01_epsm1_caln64_calseed43,adam,,,43,280.80184282301565,13.9711953125,2572.37890625,44.83690643310547,0.41015625,0.41015625,,0.27737012587431226,,0.4158415841584158,,0.021052631578947368,,0.1388986675902087,,0.49609375,,,,,,,,,,,,,0.5742799358651278,0.5620421903686271,763.3188723690109,1.2194647446336307e+17,143873136.0,0.0,1.2194647460723621e+17,3273102300659712.0,1.1530168303869952e+16,1.3347664291110616e+17,True,,,True,True,"{""spearman_predicted_fisher_vs_realized_kl"":0.7671568627450982,""spearman_predicted_fisher_vs_target_degradation"":-0.20098039215686278,""spearman_realized_kl_vs_instruction_degradation"":0.6708203932499369,""spearman_realized_kl_vs_medqa_accuracy"":0.7905694150420948,""spearman_realized_kl_vs_reference_degradation"":0.051298917604257706,""spearman_realized_kl_vs_target_degradation"":-0.3088235294117648,""spearman_realized_kl_vs_target_performance"":0.3088235294117648,""trajectory_point_count"":17}"
setting_2_medqa_medmcqa_selector_trajectory_sweep_v3,setting_2_medqa_medmcqa_selector_trajectory_sweep_v3/repeat_01/olmo7b_instruct/KR64_KT16/pct25.6/safe_corrected_adam_greedy_gamma1_epsm1/training_runs/safe_low_rank_adam_precondition_before_projection_reference_greedy_marginal_eta0.0064_metricFplusAlpha_gamma1_epsm1_caln64_calseed43_pct25.6_seed43/summary.json,repeat_01,olmo7b_instruct,safe_corrected_adam_greedy_gamma1_epsm1,safe_low_rank_adam_precondition_before_projection_reference_greedy_marginal_eta0.0064_metricFplusAlpha_gamma1_epsm1_caln64_calseed43_pct25.6_seed43,safe_low_rank_adam_precondition_before_projection_reference_greedy_marginal_eta0.0064_metricFplusAlpha_gamma1_epsm1_caln64_calseed43,adam,,,43,28080.184282301565,13.9711953125,9732.533203125,74.66694641113281,0.44140625,0.44140625,,0.3831486276971603,,0.5544554455445545,,0.021052631578947368,,0.21184180984976606,,0.5859375,,,,,,,,,,,,,0.614839417726731,0.6160850123891369,773.2221775549988,1.2194647446336307e+17,143873136.0,0.0,1.2194647460723621e+17,3739215743877120.0,1.199628174708736e+16,1.3394275635432357e+17,True,,,True,True,"{""spearman_predicted_fisher_vs_realized_kl"":0.9142156862745099,""spearman_predicted_fisher_vs_target_degradation"":0.340686274509804,""spearman_realized_kl_vs_instruction_degradation"":0.4472135954999579,""spearman_realized_kl_vs_medqa_accuracy"":0.6708203932499369,""spearman_realized_kl_vs_reference_degradation"":0.9999999999999998,""spearman_realized_kl_vs_target_degradation"":0.44852941176470595,""spearman_realized_kl_vs_target_performance"":-0.44852941176470595,""trajectory_point_count"":17}"
setting_2_medqa_medmcqa_selector_trajectory_sweep_v3,setting_2_medqa_medmcqa_selector_trajectory_sweep_v3/repeat_01/olmo7b_instruct/KR64_KT16/pct25.6/safe_corrected_adam_greedy_gamma0.1_epsm2/training_runs/safe_low_rank_adam_precondition_before_projection_reference_greedy_marginal_eta0.0064_metricFplusAlpha_gamma0.1_epsm2_caln64_calseed43_pct25.6_seed43/summary.json,repeat_01,olmo7b_instruct,safe_corrected_adam_greedy_gamma0.1_epsm2,safe_low_rank_adam_precondition_before_projection_reference_greedy_marginal_eta0.0064_metricFplusAlpha_gamma0.1_epsm2_caln64_calseed43_pct25.6_seed43,safe_low_rank_adam_precondition_before_projection_reference_greedy_marginal_eta0.0064_metricFplusAlpha_gamma0.1_epsm2_caln64_calseed43,adam,,,43,11232.073712920626,27.942390625,11278.3828125,96.09211730957031,0.453125,0.453125,,0.3540157026115507,,0.504950495049505,,0.021052631578947368,,0.20308091017359636,,0.55078125,,,,,,,,,,,,,0.6704229790485162,0.6610757567800186,769.9789091860002,1.2194647446336307e+17,143873136.0,0.0,1.2194647460723621e+17,3552421217943552.0,1.1809487221153792e+16,1.3375596182839e+17,True,,,True,True,"{""spearman_predicted_fisher_vs_realized_kl"":0.8627450980392158,""spearman_predicted_fisher_vs_target_degradation"":0.3357843137254902,""spearman_realized_kl_vs_instruction_degradation"":-0.22360679774997896,""spearman_realized_kl_vs_medqa_accuracy"":0.7071067811865475,""spearman_realized_kl_vs_reference_degradation"":0.9746794344808964,""spearman_realized_kl_vs_target_degradation"":0.4607843137254903,""spearman_realized_kl_vs_target_performance"":-0.4607843137254903,""trajectory_point_count"":17}"
setting_2_medqa_medmcqa_selector_trajectory_sweep_v3,setting_2_medqa_medmcqa_selector_trajectory_sweep_v3/repeat_03/olmo7b_instruct/KR64_KT16/pct25.6/baseline_random/training_runs/random_pct25.6_seed45/summary.json,repeat_03,olmo7b_instruct,baseline_random,random_pct25.6_seed45,random,adam,,,45,,,,,0.45703125,0.45703125,0.05859375,0.3567625325413952,-0.0319264975728778,0.5454545454545454,0.030303030303030276,0.020618556701030927,0.0,0.16807051962824504,-0.09415602544878593,0.55078125,0.0234375,,,,,,,,,,,,0.5830173557161809,0.5603379858896173,836.7625840119981,,,,,3094620837740544.0,1.1111439319834624e+16,,,,,True,True,"{""spearman_predicted_fisher_vs_realized_kl"":0.9607843137254903,""spearman_predicted_fisher_vs_target_degradation"":0.36764705882352944,""spearman_realized_kl_vs_instruction_degradation"":-0.4472135954999579,""spearman_realized_kl_vs_medqa_accuracy"":0.22360679774997896,""spearman_realized_kl_vs_reference_degradation"":0.35909242322980395,""spearman_realized_kl_vs_target_degradation"":0.357843137254902,""spearman_realized_kl_vs_target_performance"":-0.357843137254902,""trajectory_point_count"":17}"
setting_2_medqa_medmcqa_selector_trajectory_sweep_v3,setting_2_medqa_medmcqa_selector_trajectory_sweep_v3/repeat_03/olmo7b_instruct/KR64_KT16/pct25.6/safe_fractional_relaxation_gamma0.1_epsm0.5/training_runs/safe_low_rank_adam_reference_relaxed_eta0.0002_metricFplusAlpha_clarabel_wthresh1e-08_gamma0.1_epsm0.5_caln64_calseed45_pct25.6_seed45/summary.json,repeat_03,olmo7b_instruct,safe_fractional_relaxation_gamma0.1_epsm0.5,safe_low_rank_adam_reference_relaxed_eta0.0002_metricFplusAlpha_clarabel_wthresh1e-08_gamma0.1_epsm0.5_caln64_calseed45_pct25.6_seed45,safe_low_rank_adam_reference_relaxed_eta0.0002_metricFplusAlpha_clarabel_wthresh1e-08_gamma0.1_epsm0.5_caln64_calseed45,adam,,,45,0.2270922724066515,0.16294794921875,0.22709213197231293,0.0021455157548189163,0.42578125,0.42578125,,0.26813388622260226,,0.36363636363636365,,0.010309278350515464,,0.17263140880884087,,0.4609375,,,,,,,,,,,,,0.5247274476347893,0.5036995919769373,314.2788549770048,,,,1.2194647446336307e+17,1386868302692352.0,5163188440793088.0,1.2710966290415616e+17,,,,False,True,"{""spearman_predicted_fisher_vs_realized_kl"":1.0,""spearman_predicted_fisher_vs_target_degradation"":-0.6,""spearman_realized_kl_vs_instruction_degradation"":null,""spearman_realized_kl_vs_medqa_accuracy"":0.8660254037844387,""spearman_realized_kl_vs_reference_degradation"":0.4999999999999999,""spearman_realized_kl_vs_target_degradation"":-0.6,""spearman_realized_kl_vs_target_performance"":0.6,""trajectory_point_count"":6}"
setting_2_medqa_medmcqa_selector_trajectory_sweep_v3,setting_2_medqa_medmcqa_selector_trajectory_sweep_v3/repeat_03/olmo7b_instruct/KR64_KT16/pct25.6/safe_fractional_relaxation_gamma0.01_epsm1/training_runs/safe_low_rank_adam_reference_relaxed_eta0.0002_metricFplusAlpha_clarabel_wthresh1e-08_gamma0.01_epsm1_caln64_calseed45_pct25.6_seed45/summary.json,repeat_03,olmo7b_instruct,safe_fractional_relaxation_gamma0.01_epsm1,safe_low_rank_adam_reference_relaxed_eta0.0002_metricFplusAlpha_clarabel_wthresh1e-08_gamma0.01_epsm1_caln64_calseed45_pct25.6_seed45,safe_low_rank_adam_reference_relaxed_eta0.0002_metricFplusAlpha_clarabel_wthresh1e-08_gamma0.01_epsm1_caln64_calseed45,adam,,,45,0.0908369089626606,0.3258958984375,0.09083683788776398,0.0013050694251433015,0.3046875,0.3046875,,0.2581733575950852,,0.36363636363636365,,0.010309278350515464,,0.1527103515538067,,0.42578125,,,,,,,,,,,,,0.536250079923409,0.5259283901472449,347.7433197329956,,,,1.2194647446336307e+17,1596440621285376.0,5865032640888832.0,1.278115071042519e+17,,,,False,True,"{""spearman_predicted_fisher_vs_realized_kl"":1.0,""spearman_predicted_fisher_vs_target_degradation"":-0.5952380952380952,""spearman_realized_kl_vs_instruction_degradation"":-0.8660254037844387,""spearman_realized_kl_vs_medqa_accuracy"":-0.8660254037844387,""spearman_realized_kl_vs_reference_degradation"":0.4999999999999999,""spearman_realized_kl_vs_target_degradation"":-0.5952380952380952,""spearman_realized_kl_vs_target_performance"":0.5952380952380952,""trajectory_point_count"":8}"
setting_2_medqa_medmcqa_selector_trajectory_sweep_v3,setting_2_medqa_medmcqa_selector_trajectory_sweep_v3/repeat_03/olmo7b_instruct/KR64_KT16/pct25.6/safe_fractional_relaxation_gamma1_epsm1/training_runs/safe_low_rank_adam_reference_relaxed_eta0.0002_metricFplusAlpha_clarabel_wthresh1e-08_gamma1_epsm1_caln64_calseed45_pct25.6_seed45/summary.json,repeat_03,olmo7b_instruct,safe_fractional_relaxation_gamma1_epsm1,safe_low_rank_adam_reference_relaxed_eta0.0002_metricFplusAlpha_clarabel_wthresh1e-08_gamma1_epsm1_caln64_calseed45_pct25.6_seed45,safe_low_rank_adam_reference_relaxed_eta0.0002_metricFplusAlpha_clarabel_wthresh1e-08_gamma1_epsm1_caln64_calseed45,adam,,,45,9.08369089626606,0.3258958984375,7.091185569763184,0.035057902336120605,0.44140625,0.44140625,,0.2962243911238196,,0.3939393939393939,,0.010309278350515464,,0.19850938830824527,,0.5,,,,,,,,,,,,,0.7275901744007609,0.7117512254736172,817.8545766239986,,,,1.2194647446336307e+17,3747695068151808.0,1.1764513550245888e+16,1.3371098801360896e+17,,,,False,True,"{""spearman_predicted_fisher_vs_realized_kl"":0.9215686274509806,""spearman_predicted_fisher_vs_target_degradation"":0.41666666666666674,""spearman_realized_kl_vs_instruction_degradation"":-0.7378647873726218,""spearman_realized_kl_vs_medqa_accuracy"":0.7826237921249264,""spearman_realized_kl_vs_reference_degradation"":0.9746794344808964,""spearman_realized_kl_vs_target_degradation"":0.49509803921568635,""spearman_realized_kl_vs_target_performance"":-0.49509803921568635,""trajectory_point_count"":17}"
setting_2_medqa_medmcqa_selector_trajectory_sweep_v3,setting_2_medqa_medmcqa_selector_trajectory_sweep_v3/repeat_03/olmo7b_instruct/KR64_KT16/pct25.6/safe_fractional_relaxation_gamma0.1_epsm2/training_runs/safe_low_rank_adam_reference_relaxed_eta0.0002_metricFplusAlpha_clarabel_wthresh1e-08_gamma0.1_epsm2_caln64_calseed45_pct25.6_seed45/summary.json,repeat_03,olmo7b_instruct,safe_fractional_relaxation_gamma0.1_epsm2,safe_low_rank_adam_reference_relaxed_eta0.0002_metricFplusAlpha_clarabel_wthresh1e-08_gamma0.1_epsm2_caln64_calseed45_pct25.6_seed45,safe_low_rank_adam_reference_relaxed_eta0.0002_metricFplusAlpha_clarabel_wthresh1e-08_gamma0.1_epsm2_caln64_calseed45,adam,,,45,3.633476358506424,0.651791796875,3.6334760189056396,0.028253817930817604,0.453125,0.453125,,0.2763673471657367,,0.3838383838383838,,0.020618556701030927,,0.1688963104930896,,0.49609375,,,,,,,,,,,,,0.6105536009634638,0.603057152793675,814.6091066880035,,,,1.2194647446336307e+17,3675205158666240.0,1.169202364076032e+16,1.336384981041234e+17,,,,False,True,"{""spearman_predicted_fisher_vs_realized_kl"":0.9142156862745099,""spearman_predicted_fisher_vs_target_degradation"":0.3504901960784314,""spearman_realized_kl_vs_instruction_degradation"":-0.6668859288553503,""spearman_realized_kl_vs_medqa_accuracy"":0.9486832980505138,""spearman_realized_kl_vs_reference_degradation"":0.051298917604257706,""spearman_realized_kl_vs_target_degradation"":0.45343137254901966,""spearman_realized_kl_vs_target_performance"":-0.45343137254901966,""trajectory_point_count"":17}"
setting_2_medqa_medmcqa_selector_trajectory_sweep_v3,setting_2_medqa_medmcqa_selector_trajectory_sweep_v3/repeat_03/olmo7b_instruct/KR64_KT16/pct25.6/baseline_less_kl_0.1/training_runs/less_low_rank_adam_pct25.6_seed45/summary.json,repeat_03,olmo7b_instruct,baseline_less_kl_0.1,less_low_rank_adam_pct25.6_seed45,less_low_rank_adam,adam,,,45,,,,,0.41796875,0.41796875,,0.4033724586890683,,0.5454545454545454,,0.020618556701030927,,0.26129037192359117,,0.515625,,,,,,,,,,,,,0.6830483533535784,0.6571902304101693,1204.1087476429966,,,,1.2194647446336307e+17,3645278131814400.0,1.5661012446355456e+16,1.3760748690971853e+17,,,,True,True,"{""spearman_predicted_fisher_vs_realized_kl"":-0.6642156862745099,""spearman_predicted_fisher_vs_target_degradation"":0.32107843137254904,""spearman_realized_kl_vs_instruction_degradation"":null,""spearman_realized_kl_vs_medqa_accuracy"":0.10540925533894598,""spearman_realized_kl_vs_reference_degradation"":0.3999999999999999,""spearman_realized_kl_vs_target_degradation"":-0.6470588235294119,""spearman_realized_kl_vs_target_performance"":0.6470588235294119,""trajectory_point_count"":17}"
setting_2_medqa_medmcqa_selector_trajectory_sweep_v3,setting_2_medqa_medmcqa_selector_trajectory_sweep_v3/repeat_03/olmo7b_instruct/KR64_KT16/pct25.6/safe_fractional_relaxation_gamma0.01_epsm0.5/training_runs/safe_low_rank_adam_reference_relaxed_eta0.0002_metricFplusAlpha_clarabel_wthresh1e-08_gamma0.01_epsm0.5_caln64_calseed45_pct25.6_seed45/summary.json,repeat_03,olmo7b_instruct,safe_fractional_relaxation_gamma0.01_epsm0.5,safe_low_rank_adam_reference_relaxed_eta0.0002_metricFplusAlpha_clarabel_wthresh1e-08_gamma0.01_epsm0.5_caln64_calseed45_pct25.6_seed45,safe_low_rank_adam_reference_relaxed_eta0.0002_metricFplusAlpha_clarabel_wthresh1e-08_gamma0.01_epsm0.5_caln64_calseed45,adam,,,45,0.02270922724066515,0.16294794921875,0.022709224373102188,0.00041706915362738073,0.40625,0.40625,,0.30668861969592937,,0.3939393939393939,,0.0,,0.21943784545246484,,0.46875,,,,,,,,,,,,,0.5333640445763727,0.516375997502288,167.35779836699658,,,,1.2194647446336307e+17,621983374737408.0,3139530133471232.0,1.250860045968343e+17,,,,False,True,"{""spearman_predicted_fisher_vs_realized_kl"":0.9999999999999998,""spearman_predicted_fisher_vs_target_degradation"":-0.9999999999999998,""spearman_realized_kl_vs_instruction_degradation"":null,""spearman_realized_kl_vs_medqa_accuracy"":null,""spearman_realized_kl_vs_reference_degradation"":null,""spearman_realized_kl_vs_target_degradation"":-0.9999999999999998,""spearman_realized_kl_vs_target_performance"":0.9999999999999998,""trajectory_point_count"":4}"
setting_2_medqa_medmcqa_selector_trajectory_sweep_v3,setting_2_medqa_medmcqa_selector_trajectory_sweep_v3/repeat_03/olmo7b_instruct/KR64_KT16/pct25.6/safe_fractional_relaxation_gamma1_epsm0.5/training_runs/safe_low_rank_adam_reference_relaxed_eta0.0002_metricFplusAlpha_clarabel_wthresh1e-08_gamma1_epsm0.5_caln64_calseed45_pct25.6_seed45/summary.json,repeat_03,olmo7b_instruct,safe_fractional_relaxation_gamma1_epsm0.5,safe_low_rank_adam_reference_relaxed_eta0.0002_metricFplusAlpha_clarabel_wthresh1e-08_gamma1_epsm0.5_caln64_calseed45_pct25.6_seed45,safe_low_rank_adam_reference_relaxed_eta0.0002_metricFplusAlpha_clarabel_wthresh1e-08_gamma1_epsm0.5_caln64_calseed45,adam,,,45,2.270922724066515,0.16294794921875,2.0762085914611816,0.010358190163969994,0.4609375,0.4609375,,0.2686335170349801,,0.3838383838383838,,0.020618556701030927,,0.15342865023157642,,0.4765625,,,,,,,,,,,,,0.6265845876769277,0.6000018650360781,492.150537997004,,,,1.2194647446336307e+17,2375540886994944.0,7902906285965312.0,1.2984938074932838e+17,,,,False,True,"{""spearman_predicted_fisher_vs_realized_kl"":1.0,""spearman_predicted_fisher_vs_target_degradation"":0.11515151515151516,""spearman_realized_kl_vs_instruction_degradation"":-0.7745966692414834,""spearman_realized_kl_vs_medqa_accuracy"":0.7745966692414834,""spearman_realized_kl_vs_reference_degradation"":0.9486832980505138,""spearman_realized_kl_vs_target_degradation"":0.11515151515151516,""spearman_realized_kl_vs_target_performance"":-0.11515151515151516,""trajectory_point_count"":10}"
setting_2_medqa_medmcqa_selector_trajectory_sweep_v3,setting_2_medqa_medmcqa_selector_trajectory_sweep_v3/repeat_03/olmo7b_instruct/KR64_KT16/pct25.6/baseline_prismatic_kl_0.01/training_runs/prismatic_low_rank_adam_pct25.6_seed45/summary.json,repeat_03,olmo7b_instruct,baseline_prismatic_kl_0.01,prismatic_low_rank_adam_pct25.6_seed45,prismatic_low_rank_adam,adam,,,45,,,,,0.45703125,0.45703125,,0.3175050378311721,,0.41414141414141414,,0.0,,0.22086866152093007,,0.4921875,,,,,,,,,,,,,0.649695617123269,0.6300035504056597,1188.845277120985,,,,1.2194647446336307e+17,2991538856361984.0,1.500727317090304e+16,1.3695374763426611e+17,,,,True,True,"{""spearman_predicted_fisher_vs_realized_kl"":-0.6642156862745099,""spearman_predicted_fisher_vs_target_degradation"":0.3921568627450981,""spearman_realized_kl_vs_instruction_degradation"":0.15811388300841897,""spearman_realized_kl_vs_medqa_accuracy"":0.6708203932499369,""spearman_realized_kl_vs_reference_degradation"":0.6668859288553503,""spearman_realized_kl_vs_target_degradation"":-0.7279411764705883,""spearman_realized_kl_vs_target_performance"":0.7279411764705883,""trajectory_point_count"":17}"
setting_2_medqa_medmcqa_selector_trajectory_sweep_v3,setting_2_medqa_medmcqa_selector_trajectory_sweep_v3/repeat_03/olmo7b_instruct/KR64_KT16/pct25.6/safe_fractional_relaxation_gamma0.1_epsm1/training_runs/safe_low_rank_adam_reference_relaxed_eta0.0002_metricFplusAlpha_clarabel_wthresh1e-08_gamma0.1_epsm1_caln64_calseed45_pct25.6_seed45/summary.json,repeat_03,olmo7b_instruct,safe_fractional_relaxation_gamma0.1_epsm1,safe_low_rank_adam_reference_relaxed_eta0.0002_metricFplusAlpha_clarabel_wthresh1e-08_gamma0.1_epsm1_caln64_calseed45_pct25.6_seed45,safe_low_rank_adam_reference_relaxed_eta0.0002_metricFplusAlpha_clarabel_wthresh1e-08_gamma0.1_epsm1_caln64_calseed45,adam,,,45,0.908369089626606,0.3258958984375,0.9083687663078308,0.007679913658648729,0.421875,0.421875,,0.26042833098496465,,0.3838383838383838,,0.020618556701030927,,0.13701827813154555,,0.4765625,,,,,,,,,,,,,0.5228786281315148,0.5030123999945707,507.55044535099296,,,,1.2194647446336307e+17,2347359603376128.0,8120860943097856.0,1.3006733540646093e+17,,,,False,True,"{""spearman_predicted_fisher_vs_realized_kl"":0.990909090909091,""spearman_predicted_fisher_vs_target_degradation"":-0.09090909090909091,""spearman_realized_kl_vs_instruction_degradation"":-0.7745966692414834,""spearman_realized_kl_vs_medqa_accuracy"":-0.2581988897471611,""spearman_realized_kl_vs_reference_degradation"":0.7745966692414834,""spearman_realized_kl_vs_target_degradation"":-0.045454545454545456,""spearman_realized_kl_vs_target_performance"":0.045454545454545456,""trajectory_point_count"":11}"
setting_2_medqa_medmcqa_selector_trajectory_sweep_v3,setting_2_medqa_medmcqa_selector_trajectory_sweep_v3/repeat_03/olmo7b_instruct/KR64_KT16/pct25.6/safe_fractional_relaxation_gamma0.01_epsm2/training_runs/safe_low_rank_adam_reference_relaxed_eta0.0002_metricFplusAlpha_clarabel_wthresh1e-08_gamma0.01_epsm2_caln64_calseed45_pct25.6_seed45/summary.json,repeat_03,olmo7b_instruct,safe_fractional_relaxation_gamma0.01_epsm2,safe_low_rank_adam_reference_relaxed_eta0.0002_metricFplusAlpha_clarabel_wthresh1e-08_gamma0.01_epsm2_caln64_calseed45_pct25.6_seed45,safe_low_rank_adam_reference_relaxed_eta0.0002_metricFplusAlpha_clarabel_wthresh1e-08_gamma0.01_epsm2_caln64_calseed45,adam,,,45,0.3633476358506424,0.651791796875,0.363347589969635,0.004347211681306362,0.3984375,0.3984375,,0.28256250977651104,,0.40404040404040403,,0.020618556701030927,,0.16108461551261807,,0.48828125,,,,,,,,,,,,,0.5064246375741563,0.497219935046653,790.715279141994,,,,1.2194647446336307e+17,3465217186922496.0,1.1482035669016576e+16,1.3342851013237965e+17,,,,False,True,"{""spearman_predicted_fisher_vs_realized_kl"":0.6887254901960785,""spearman_predicted_fisher_vs_target_degradation"":-0.7475490196078433,""spearman_realized_kl_vs_instruction_degradation"":-0.8944271909999159,""spearman_realized_kl_vs_medqa_accuracy"":-0.051298917604257706,""spearman_realized_kl_vs_reference_degradation"":0.29999999999999993,""spearman_realized_kl_vs_target_degradation"":-0.553921568627451,""spearman_realized_kl_vs_target_performance"":0.553921568627451,""trajectory_point_count"":17}"
setting_2_medqa_medmcqa_selector_trajectory_sweep_v3,setting_2_medqa_medmcqa_selector_trajectory_sweep_v3/repeat_03/olmo7b_instruct/KR64_KT16/pct25.6/baseline_prismatic_kl_1.0/training_runs/prismatic_low_rank_adam_pct25.6_seed45/summary.json,repeat_03,olmo7b_instruct,baseline_prismatic_kl_1.0,prismatic_low_rank_adam_pct25.6_seed45,prismatic_low_rank_adam,adam,,,45,,,,,0.44921875,0.44921875,,0.39073539306962385,,0.5252525252525253,,0.020618556701030927,,0.2562182608867224,,0.546875,,,,,,,,,,,,,0.5910233135323066,0.5630192233356816,1199.3093835250183,,,,,2991538856361984.0,1.500727317090304e+16,,,,,True,True,"{""spearman_predicted_fisher_vs_realized_kl"":-0.5759803921568628,""spearman_predicted_fisher_vs_target_degradation"":-0.12254901960784316,""spearman_realized_kl_vs_instruction_degradation"":-0.4472135954999579,""spearman_realized_kl_vs_medqa_accuracy"":0.6708203932499369,""spearman_realized_kl_vs_reference_degradation"":-0.9999999999999998,""spearman_realized_kl_vs_target_degradation"":-0.10049019607843139,""spearman_realized_kl_vs_target_performance"":0.10049019607843139,""trajectory_point_count"":17}"
setting_2_medqa_medmcqa_selector_trajectory_sweep_v3,setting_2_medqa_medmcqa_selector_trajectory_sweep_v3/repeat_03/olmo7b_instruct/KR64_KT16/pct25.6/safe_fractional_relaxation_gamma1_epsm2/training_runs/safe_low_rank_adam_reference_relaxed_eta0.0002_metricFplusAlpha_clarabel_wthresh1e-08_gamma1_epsm2_caln64_calseed45_pct25.6_seed45/summary.json,repeat_03,olmo7b_instruct,safe_fractional_relaxation_gamma1_epsm2,safe_low_rank_adam_reference_relaxed_eta0.0002_metricFplusAlpha_clarabel_wthresh1e-08_gamma1_epsm2_caln64_calseed45_pct25.6_seed45,safe_low_rank_adam_reference_relaxed_eta0.0002_metricFplusAlpha_clarabel_wthresh1e-08_gamma1_epsm2_caln64_calseed45,adam,,,45,36.33476358506424,0.651791796875,13.387612342834473,0.06118931993842125,0.46484375,0.46484375,,0.360808626940093,,0.5252525252525253,,0.010309278350515464,,0.19636472862766075,,0.5078125,,,,,,,,,,,,,0.7100132436570011,0.6757432564029128,954.2440783820057,,,,1.2194647446336307e+17,3883197995286528.0,1.315878985674752e+16,1.351052643201106e+17,,,,False,True,"{""spearman_predicted_fisher_vs_realized_kl"":0.8473684210526314,""spearman_predicted_fisher_vs_target_degradation"":0.363157894736842,""spearman_realized_kl_vs_instruction_degradation"":-0.3380617018914066,""spearman_realized_kl_vs_medqa_accuracy"":0.6546536707079771,""spearman_realized_kl_vs_reference_degradation"":0.6761234037828132,""spearman_realized_kl_vs_target_degradation"":0.32631578947368417,""spearman_realized_kl_vs_target_performance"":-0.32631578947368417,""trajectory_point_count"":19}"
setting_2_medqa_medmcqa_selector_trajectory_sweep_v3,setting_2_medqa_medmcqa_selector_trajectory_sweep_v3/repeat_03/olmo7b_instruct/KR64_KT16/pct25.6/baseline_less_kl_0.01/training_runs/less_low_rank_adam_pct25.6_seed45/summary.json,repeat_03,olmo7b_instruct,baseline_less_kl_0.01,less_low_rank_adam_pct25.6_seed45,less_low_rank_adam,adam,,,45,,,,,0.42578125,0.42578125,,0.35264704826902205,,0.46464646464646464,,0.0,,0.24064763189157945,,0.5,,,,,,,,,,,,,0.7269158612192734,0.7032808603114955,1192.113139462992,1.2194647446336307e+17,26238240.0,0.0,1.2194647448960131e+17,3645278131814400.0,1.5661012446355456e+16,1.3760748693595677e+17,True,,,True,True,"{""spearman_predicted_fisher_vs_realized_kl"":-0.6666666666666667,""spearman_predicted_fisher_vs_target_degradation"":0.47549019607843146,""spearman_realized_kl_vs_instruction_degradation"":-0.31622776601683794,""spearman_realized_kl_vs_medqa_accuracy"":0.4472135954999579,""spearman_realized_kl_vs_reference_degradation"":0.8999999999999998,""spearman_realized_kl_vs_target_degradation"":-0.8088235294117648,""spearman_realized_kl_vs_target_performance"":0.8088235294117648,""trajectory_point_count"":17}"
setting_2_medqa_medmcqa_selector_trajectory_sweep_v3,setting_2_medqa_medmcqa_selector_trajectory_sweep_v3/repeat_03/olmo7b_instruct/KR64_KT16/pct25.6/baseline_less_kl_1.0/training_runs/less_low_rank_adam_pct25.6_seed45/summary.json,repeat_03,olmo7b_instruct,baseline_less_kl_1.0,less_low_rank_adam_pct25.6_seed45,less_low_rank_adam,adam,,,45,,,,,0.4296875,0.4296875,,0.40767629504078534,,0.5555555555555556,,0.020618556701030927,,0.2597970345260151,,0.5234375,,,,,,,,,,,,,0.6857190460686979,0.6564286732341441,1226.4333564209956,1.2194647446336307e+17,26238240.0,0.0,1.2194647448960131e+17,3645278131814400.0,1.5661012446355456e+16,1.3760748693595677e+17,True,,,True,True,"{""spearman_predicted_fisher_vs_realized_kl"":-0.6151960784313726,""spearman_predicted_fisher_vs_target_degradation"":0.1593137254901961,""spearman_realized_kl_vs_instruction_degradation"":0.0,""spearman_realized_kl_vs_medqa_accuracy"":0.7071067811865475,""spearman_realized_kl_vs_reference_degradation"":0.19999999999999996,""spearman_realized_kl_vs_target_degradation"":-0.44117647058823534,""spearman_realized_kl_vs_target_performance"":0.44117647058823534,""trajectory_point_count"":17}"
setting_2_medqa_medmcqa_selector_trajectory_sweep_v3,setting_2_medqa_medmcqa_selector_trajectory_sweep_v3/repeat_03/olmo7b_instruct/KR64_KT16/pct25.6/baseline_prismatic_kl_0.1/training_runs/prismatic_low_rank_adam_pct25.6_seed45/summary.json,repeat_03,olmo7b_instruct,baseline_prismatic_kl_0.1,prismatic_low_rank_adam_pct25.6_seed45,prismatic_low_rank_adam,adam,,,45,,,,,0.4375,0.4375,,0.3780443365819509,,0.5050505050505051,,0.020618556701030927,,0.2510381681133968,,0.53515625,,,,,,,,,,,,,0.613691325204717,0.5938125944795636,1216.9916592579975,1.2194647446336307e+17,1340406000.0,0.0,1.2194647580376907e+17,2991538856361984.0,1.500727317090304e+16,1.3695374897467211e+17,True,,,True,True,"{""spearman_predicted_fisher_vs_realized_kl"":-0.6519607843137256,""spearman_predicted_fisher_vs_target_degradation"":0.03431372549019608,""spearman_realized_kl_vs_instruction_degradation"":0.0,""spearman_realized_kl_vs_medqa_accuracy"":0.9486832980505138,""spearman_realized_kl_vs_reference_degradation"":-0.09999999999999998,""spearman_realized_kl_vs_target_degradation"":-0.33333333333333337,""spearman_realized_kl_vs_target_performance"":0.33333333333333337,""trajectory_point_count"":17}"
setting_2_medqa_medmcqa_selector_trajectory_sweep_v3,setting_2_medqa_medmcqa_selector_trajectory_sweep_v3/repeat_03/olmo7b_instruct/KR64_KT16/pct25.6/safe_corrected_adam_cumulative_trajectory_rho0.001_epsm1/training_runs/safe_low_rank_adam_precondition_before_projection_reference_greedy_marginal_eta0.0064_metricFplusAlpha_cost0.001_epsm1_caln64_calseed45_trainconstraint_cumulative_line_search_pct25.6_seed45/summary.json,repeat_03,olmo7b_instruct,safe_corrected_adam_cumulative_trajectory_rho0.001_epsm1,safe_low_rank_adam_precondition_before_projection_reference_greedy_marginal_eta0.0064_metricFplusAlpha_cost0.001_epsm1_caln64_calseed45_trainconstraint_cumulative_line_search_pct25.6_seed45,safe_low_rank_adam_precondition_before_projection_reference_greedy_marginal_eta0.0064_metricFplusAlpha_cost0.001_epsm1_caln64_calseed45,adam,,,45,0.001,8.651655078125,677.0699462890625,19.881423950195312,0.3828125,0.3828125,,0.26662854235884575,,0.37373737373737376,,0.020618556701030927,,0.15951971098031772,,0.453125,,,,,,,,,,,,,0.5002715634500591,0.4983283371464492,846.469217261998,1.2194647446336307e+17,143873136.0,0.0,1.2194647460723621e+17,3034268000256000.0,1.105108648235008e+16,1.3299756108958629e+17,True,,,True,True,"{""spearman_predicted_fisher_vs_realized_kl"":0.4607843137254903,""spearman_predicted_fisher_vs_target_degradation"":-0.6740196078431373,""spearman_realized_kl_vs_instruction_degradation"":-0.4472135954999579,""spearman_realized_kl_vs_medqa_accuracy"":0.11180339887498948,""spearman_realized_kl_vs_reference_degradation"":0.09999999999999998,""spearman_realized_kl_vs_target_degradation"":-0.24509803921568632,""spearman_realized_kl_vs_target_performance"":0.24509803921568632,""trajectory_point_count"":17}"
setting_2_medqa_medmcqa_selector_trajectory_sweep_v3,setting_2_medqa_medmcqa_selector_trajectory_sweep_v3/repeat_03/olmo7b_instruct/KR64_KT16/pct25.6/safe_corrected_adam_cumulative_trajectory_rho0.1_epsm1/training_runs/safe_low_rank_adam_precondition_before_projection_reference_greedy_marginal_eta0.0064_metricFplusAlpha_cost0.1_epsm1_caln64_calseed45_trainconstraint_cumulative_line_search_pct25.6_seed45/summary.json,repeat_03,olmo7b_instruct,safe_corrected_adam_cumulative_trajectory_rho0.1_epsm1,safe_low_rank_adam_precondition_before_projection_reference_greedy_marginal_eta0.0064_metricFplusAlpha_cost0.1_epsm1_caln64_calseed45_trainconstraint_cumulative_line_search_pct25.6_seed45,safe_low_rank_adam_precondition_before_projection_reference_greedy_marginal_eta0.0064_metricFplusAlpha_cost0.1_epsm1_caln64_calseed45,adam,,,45,0.1,8.651655078125,678.2161865234375,19.920045852661133,0.390625,0.390625,,0.2845681094184772,,0.3838383838383838,,0.020618556701030927,,0.1852978349985706,,0.48046875,,,,,,,,,,,,,0.49186172028901,0.48904295865986247,864.2129577629967,1.2194647446336307e+17,143873136.0,0.0,1.2194647460723621e+17,3040253405626368.0,1.1057071887720448e+16,1.3300354649495666e+17,True,,,True,True,"{""spearman_predicted_fisher_vs_realized_kl"":0.9950980392156864,""spearman_predicted_fisher_vs_target_degradation"":-0.8480392156862746,""spearman_realized_kl_vs_instruction_degradation"":-0.8660254037844386,""spearman_realized_kl_vs_medqa_accuracy"":0.0,""spearman_realized_kl_vs_reference_degradation"":0.09999999999999998,""spearman_realized_kl_vs_target_degradation"":-0.8455882352941178,""spearman_realized_kl_vs_target_performance"":0.8455882352941178,""trajectory_point_count"":17}"
setting_2_medqa_medmcqa_selector_trajectory_sweep_v3,setting_2_medqa_medmcqa_selector_trajectory_sweep_v3/repeat_03/olmo7b_instruct/KR64_KT16/pct25.6/safe_corrected_adam_cumulative_trajectory_rho0.0001_epsm5/training_runs/safe_low_rank_adam_precondition_before_projection_reference_greedy_marginal_eta0.0064_metricFplusAlpha_cost0.0001_epsm5_caln64_calseed45_trainconstraint_cumulative_line_search_pct25.6_seed45/summary.json,repeat_03,olmo7b_instruct,safe_corrected_adam_cumulative_trajectory_rho0.0001_epsm5,safe_low_rank_adam_precondition_before_projection_reference_greedy_marginal_eta0.0064_metricFplusAlpha_cost0.0001_epsm5_caln64_calseed45_trainconstraint_cumulative_line_search_pct25.6_seed45,safe_low_rank_adam_precondition_before_projection_reference_greedy_marginal_eta0.0064_metricFplusAlpha_cost0.0001_epsm5_caln64_calseed45,adam,,,45,0.0001,43.258275390625,677.06982421875,19.881423950195312,0.38671875,0.38671875,,0.26618136087699035,,0.37373737373737376,,0.020618556701030927,,0.15862534801660697,,0.4609375,,,,,,,,,,,,,0.4873821332801057,0.48853824658023787,840.5069833600137,1.2194647446336307e+17,143873136.0,0.0,1.2194647460723621e+17,3034268000256000.0,1.105108648235008e+16,1.3299756108958629e+17,True,,,True,True,"{""spearman_predicted_fisher_vs_realized_kl"":0.931372549019608,""spearman_predicted_fisher_vs_target_degradation"":-0.786764705882353,""spearman_realized_kl_vs_instruction_degradation"":-0.7071067811865475,""spearman_realized_kl_vs_medqa_accuracy"":0.5642880936468347,""spearman_realized_kl_vs_reference_degradation"":0.09999999999999998,""spearman_realized_kl_vs_target_degradation"":-0.8578431372549021,""spearman_realized_kl_vs_target_performance"":0.8578431372549021,""trajectory_point_count"":17}"
setting_2_medqa_medmcqa_selector_trajectory_sweep_v3,setting_2_medqa_medmcqa_selector_trajectory_sweep_v3/repeat_03/olmo7b_instruct/KR64_KT16/pct25.6/safe_corrected_adam_cumulative_trajectory_rho0.01_epsm5/training_runs/safe_low_rank_adam_precondition_before_projection_reference_greedy_marginal_eta0.0064_metricFplusAlpha_cost0.01_epsm5_caln64_calseed45_trainconstraint_cumulative_line_search_pct25.6_seed45/summary.json,repeat_03,olmo7b_instruct,safe_corrected_adam_cumulative_trajectory_rho0.01_epsm5,safe_low_rank_adam_precondition_before_projection_reference_greedy_marginal_eta0.0064_metricFplusAlpha_cost0.01_epsm5_caln64_calseed45_trainconstraint_cumulative_line_search_pct25.6_seed45,safe_low_rank_adam_precondition_before_projection_reference_greedy_marginal_eta0.0064_metricFplusAlpha_cost0.01_epsm5_caln64_calseed45,adam,,,45,0.01,43.258275390625,677.0700073242188,19.88142204284668,0.39453125,0.39453125,,0.2940701906134659,,0.3939393939393939,,0.010309278350515464,,0.1942009872875379,,0.46875,,,,,,,,,,,,,0.5014940718146416,0.49715007379355136,860.6061681229912,1.2194647446336307e+17,143873136.0,0.0,1.2194647460723621e+17,3034268000256000.0,1.105108648235008e+16,1.3299756108958629e+17,True,,,True,True,"{""spearman_predicted_fisher_vs_realized_kl"":0.9607843137254903,""spearman_predicted_fisher_vs_target_degradation"":-0.7132352941176472,""spearman_realized_kl_vs_instruction_degradation"":-0.8944271909999159,""spearman_realized_kl_vs_medqa_accuracy"":0.5270462766947299,""spearman_realized_kl_vs_reference_degradation"":0.19999999999999996,""spearman_realized_kl_vs_target_degradation"":-0.6421568627450981,""spearman_realized_kl_vs_target_performance"":0.6421568627450981,""trajectory_point_count"":17}"
setting_2_medqa_medmcqa_selector_trajectory_sweep_v3,setting_2_medqa_medmcqa_selector_trajectory_sweep_v3/repeat_03/olmo7b_instruct/KR64_KT16/pct25.6/safe_corrected_adam_cumulative_trajectory_rho1_epsm5/training_runs/safe_low_rank_adam_precondition_before_projection_reference_greedy_marginal_eta0.0064_metricFplusAlpha_cost1_epsm5_caln64_calseed45_trainconstraint_cumulative_line_search_pct25.6_seed45/summary.json,repeat_03,olmo7b_instruct,safe_corrected_adam_cumulative_trajectory_rho1_epsm5,safe_low_rank_adam_precondition_before_projection_reference_greedy_marginal_eta0.0064_metricFplusAlpha_cost1_epsm5_caln64_calseed45_trainconstraint_cumulative_line_search_pct25.6_seed45,safe_low_rank_adam_precondition_before_projection_reference_greedy_marginal_eta0.0064_metricFplusAlpha_cost1_epsm5_caln64_calseed45,adam,,,45,1.0,43.258275390625,686.8372802734375,20.05393409729004,0.31640625,0.31640625,,0.24576592706422318,,0.3333333333333333,,0.010309278350515464,,0.15819852079511304,,0.42578125,,,,,,,,,,,,,0.5443262518105337,0.5396626145415775,850.1963005569996,1.2194647446336307e+17,143873136.0,0.0,1.2194647460723621e+17,3063363720806400.0,1.108018220290048e+16,1.3302665681013669e+17,True,,,True,True,"{""spearman_predicted_fisher_vs_realized_kl"":0.6838235294117648,""spearman_predicted_fisher_vs_target_degradation"":-0.6544117647058825,""spearman_realized_kl_vs_instruction_degradation"":-0.28867513459481287,""spearman_realized_kl_vs_medqa_accuracy"":0.15811388300841897,""spearman_realized_kl_vs_reference_degradation"":0.0,""spearman_realized_kl_vs_target_degradation"":-0.29656862745098045,""spearman_realized_kl_vs_target_performance"":0.29656862745098045,""trajectory_point_count"":17}"
setting_2_medqa_medmcqa_selector_trajectory_sweep_v3,setting_2_medqa_medmcqa_selector_trajectory_sweep_v3/repeat_03/olmo7b_instruct/KR64_KT16/pct25.6/safe_corrected_adam_equal_allocation_rho0.001_epsm1/training_runs/safe_low_rank_adam_precondition_before_projection_reference_greedy_marginal_eta0.0064_metricFplusAlpha_cost0.001_epsm1_caln64_calseed45_trainconstraint_equal_allocation_pct25.6_seed45/summary.json,repeat_03,olmo7b_instruct,safe_corrected_adam_equal_allocation_rho0.001_epsm1,safe_low_rank_adam_precondition_before_projection_reference_greedy_marginal_eta0.0064_metricFplusAlpha_cost0.001_epsm1_caln64_calseed45_trainconstraint_equal_allocation_pct25.6_seed45,safe_low_rank_adam_precondition_before_projection_reference_greedy_marginal_eta0.0064_metricFplusAlpha_cost0.001_epsm1_caln64_calseed45,adam,,,45,0.001,8.651655078125,677.0699462890625,19.881423950195312,0.2578125,0.2578125,,0.2703717694663371,,0.35353535353535354,,0.0,,0.18720818539732076,,0.3984375,,,,,,,,,,,,,0.5217121885972297,0.5179663300265478,945.3736819910118,1.2194647446336307e+17,143873136.0,0.0,1.2194647460723621e+17,3034268000256000.0,1.105108648235008e+16,1.3299756108958629e+17,True,,,True,True,"{""spearman_predicted_fisher_vs_realized_kl"":0.9975490196078433,""spearman_predicted_fisher_vs_target_degradation"":-0.6911764705882354,""spearman_realized_kl_vs_instruction_degradation"":-0.4472135954999579,""spearman_realized_kl_vs_medqa_accuracy"":-0.6324555320336759,""spearman_realized_kl_vs_reference_degradation"":0.6999999999999998,""spearman_realized_kl_vs_target_degradation"":-0.6936274509803922,""spearman_realized_kl_vs_target_performance"":0.6936274509803922,""trajectory_point_count"":17}"
setting_2_medqa_medmcqa_selector_trajectory_sweep_v3,setting_2_medqa_medmcqa_selector_trajectory_sweep_v3/repeat_03/olmo7b_instruct/KR64_KT16/pct25.6/safe_corrected_adam_equal_allocation_rho0.1_epsm1/training_runs/safe_low_rank_adam_precondition_before_projection_reference_greedy_marginal_eta0.0064_metricFplusAlpha_cost0.1_epsm1_caln64_calseed45_trainconstraint_equal_allocation_pct25.6_seed45/summary.json,repeat_03,olmo7b_instruct,safe_corrected_adam_equal_allocation_rho0.1_epsm1,safe_low_rank_adam_precondition_before_projection_reference_greedy_marginal_eta0.0064_metricFplusAlpha_cost0.1_epsm1_caln64_calseed45_trainconstraint_equal_allocation_pct25.6_seed45,safe_low_rank_adam_precondition_before_projection_reference_greedy_marginal_eta0.0064_metricFplusAlpha_cost0.1_epsm1_caln64_calseed45,adam,,,45,0.1,8.651655078125,678.2161865234375,19.920045852661133,0.38671875,0.38671875,,0.2752487205997333,,0.35353535353535354,,0.0,,0.19696208766411308,,0.46484375,,,,,,,,,,,,,0.4860004022199098,0.47962891920751366,927.3301545900176,1.2194647446336307e+17,143873136.0,0.0,1.2194647460723621e+17,3040253405626368.0,1.1057071887720448e+16,1.3300354649495666e+17,True,,,True,True,"{""spearman_predicted_fisher_vs_realized_kl"":0.9926470588235295,""spearman_predicted_fisher_vs_target_degradation"":-0.786764705882353,""spearman_realized_kl_vs_instruction_degradation"":-0.8944271909999159,""spearman_realized_kl_vs_medqa_accuracy"":-0.22360679774997896,""spearman_realized_kl_vs_reference_degradation"":0.5999999999999999,""spearman_realized_kl_vs_target_degradation"":-0.7622549019607844,""spearman_realized_kl_vs_target_performance"":0.7622549019607844,""trajectory_point_count"":17}"
setting_2_medqa_medmcqa_selector_trajectory_sweep_v3,setting_2_medqa_medmcqa_selector_trajectory_sweep_v3/repeat_03/olmo7b_instruct/KR64_KT16/pct25.6/safe_corrected_adam_equal_allocation_rho0.0001_epsm5/training_runs/safe_low_rank_adam_precondition_before_projection_reference_greedy_marginal_eta0.0064_metricFplusAlpha_cost0.0001_epsm5_caln64_calseed45_trainconstraint_equal_allocation_pct25.6_seed45/summary.json,repeat_03,olmo7b_instruct,safe_corrected_adam_equal_allocation_rho0.0001_epsm5,safe_low_rank_adam_precondition_before_projection_reference_greedy_marginal_eta0.0064_metricFplusAlpha_cost0.0001_epsm5_caln64_calseed45_trainconstraint_equal_allocation_pct25.6_seed45,safe_low_rank_adam_precondition_before_projection_reference_greedy_marginal_eta0.0064_metricFplusAlpha_cost0.0001_epsm5_caln64_calseed45,adam,,,45,0.0001,43.258275390625,677.06982421875,19.881423950195312,0.37890625,0.37890625,,0.28210044088359226,,0.37373737373737376,,0.0,,0.1904635080298108,,0.47265625,,,,,,,,,,,,,0.49350318784602926,0.4885802519217262,933.7863176089886,1.2194647446336307e+17,143873136.0,0.0,1.2194647460723621e+17,3034268000256000.0,1.105108648235008e+16,1.3299756108958629e+17,True,,,True,True,"{""spearman_predicted_fisher_vs_realized_kl"":0.9926470588235295,""spearman_predicted_fisher_vs_target_degradation"":-0.7843137254901962,""spearman_realized_kl_vs_instruction_degradation"":-0.9486832980505138,""spearman_realized_kl_vs_medqa_accuracy"":0.0,""spearman_realized_kl_vs_reference_degradation"":0.5999999999999999,""spearman_realized_kl_vs_target_degradation"":-0.7965686274509804,""spearman_realized_kl_vs_target_performance"":0.7965686274509804,""trajectory_point_count"":17}"
setting_2_medqa_medmcqa_selector_trajectory_sweep_v3,setting_2_medqa_medmcqa_selector_trajectory_sweep_v3/repeat_03/olmo7b_instruct/KR64_KT16/pct25.6/safe_corrected_adam_equal_allocation_rho0.01_epsm5/training_runs/safe_low_rank_adam_precondition_before_projection_reference_greedy_marginal_eta0.0064_metricFplusAlpha_cost0.01_epsm5_caln64_calseed45_trainconstraint_equal_allocation_pct25.6_seed45/summary.json,repeat_03,olmo7b_instruct,safe_corrected_adam_equal_allocation_rho0.01_epsm5,safe_low_rank_adam_precondition_before_projection_reference_greedy_marginal_eta0.0064_metricFplusAlpha_cost0.01_epsm5_caln64_calseed45_trainconstraint_equal_allocation_pct25.6_seed45,safe_low_rank_adam_precondition_before_projection_reference_greedy_marginal_eta0.0064_metricFplusAlpha_cost0.01_epsm5_caln64_calseed45,adam,,,45,0.01,43.258275390625,677.0700073242188,19.88142204284668,0.3828125,0.3828125,,0.26337689839360123,,0.35353535353535354,,0.010309278350515464,,0.1732184432518489,,0.46484375,,,,,,,,,,,,,0.5084189515842386,0.5020385767149944,908.4838610920124,1.2194647446336307e+17,143873136.0,0.0,1.2194647460723621e+17,3034268000256000.0,1.105108648235008e+16,1.3299756108958629e+17,True,,,True,True,"{""spearman_predicted_fisher_vs_realized_kl"":0.9926470588235295,""spearman_predicted_fisher_vs_target_degradation"":-0.8210784313725491,""spearman_realized_kl_vs_instruction_degradation"":-0.22360679774997896,""spearman_realized_kl_vs_medqa_accuracy"":0.5642880936468347,""spearman_realized_kl_vs_reference_degradation"":0.051298917604257706,""spearman_realized_kl_vs_target_degradation"":-0.7990196078431374,""spearman_realized_kl_vs_target_performance"":0.7990196078431374,""trajectory_point_count"":17}"
setting_2_medqa_medmcqa_selector_trajectory_sweep_v3,setting_2_medqa_medmcqa_selector_trajectory_sweep_v3/repeat_03/olmo7b_instruct/KR64_KT16/pct25.6/safe_corrected_adam_equal_allocation_rho1_epsm5/training_runs/safe_low_rank_adam_precondition_before_projection_reference_greedy_marginal_eta0.0064_metricFplusAlpha_cost1_epsm5_caln64_calseed45_trainconstraint_equal_allocation_pct25.6_seed45/summary.json,repeat_03,olmo7b_instruct,safe_corrected_adam_equal_allocation_rho1_epsm5,safe_low_rank_adam_precondition_before_projection_reference_greedy_marginal_eta0.0064_metricFplusAlpha_cost1_epsm5_caln64_calseed45_trainconstraint_equal_allocation_pct25.6_seed45,safe_low_rank_adam_precondition_before_projection_reference_greedy_marginal_eta0.0064_metricFplusAlpha_cost1_epsm5_caln64_calseed45,adam,,,45,1.0,43.258275390625,686.8372802734375,20.05393409729004,0.296875,0.296875,,0.242357792404183,,0.3333333333333333,,0.010309278350515464,,0.1513822514750327,,0.44140625,,,,,,,,,,,,,0.5508983117226605,0.5467531821768781,878.0607984439994,1.2194647446336307e+17,143873136.0,0.0,1.2194647460723621e+17,3063363720806400.0,1.108018220290048e+16,1.3302665681013669e+17,True,,,True,True,"{""spearman_predicted_fisher_vs_realized_kl"":0.894607843137255,""spearman_predicted_fisher_vs_target_degradation"":-0.5294117647058825,""spearman_realized_kl_vs_instruction_degradation"":-0.8944271909999159,""spearman_realized_kl_vs_medqa_accuracy"":0.15811388300841897,""spearman_realized_kl_vs_reference_degradation"":0.051298917604257706,""spearman_realized_kl_vs_target_degradation"":-0.627450980392157,""spearman_realized_kl_vs_target_performance"":0.627450980392157,""trajectory_point_count"":17}"
setting_2_medqa_medmcqa_selector_trajectory_sweep_v3,setting_2_medqa_medmcqa_selector_trajectory_sweep_v3/repeat_03/olmo7b_instruct/KR64_KT16/pct25.6/safe_corrected_adam_cumulative_trajectory_rho0.0001_epsm1/training_runs/safe_low_rank_adam_precondition_before_projection_reference_greedy_marginal_eta0.0064_metricFplusAlpha_cost0.0001_epsm1_caln64_calseed45_trainconstraint_cumulative_line_search_pct25.6_seed45/summary.json,repeat_03,olmo7b_instruct,safe_corrected_adam_cumulative_trajectory_rho0.0001_epsm1,safe_low_rank_adam_precondition_before_projection_reference_greedy_marginal_eta0.0064_metricFplusAlpha_cost0.0001_epsm1_caln64_calseed45_trainconstraint_cumulative_line_search_pct25.6_seed45,safe_low_rank_adam_precondition_before_projection_reference_greedy_marginal_eta0.0064_metricFplusAlpha_cost0.0001_epsm1_caln64_calseed45,adam,,,45,0.0001,8.651655078125,677.0699462890625,19.881423950195312,0.3671875,0.3671875,,0.26047913307842735,,0.36363636363636365,,0.020618556701030927,,0.15732190252049108,,0.4453125,,,,,,,,,,,,,0.49444725126124706,0.49411325290387986,846.0758774869901,1.2194647446336307e+17,143873136.0,0.0,1.2194647460723621e+17,3034268000256000.0,1.105108648235008e+16,1.3299756108958629e+17,True,,,True,True,"{""spearman_predicted_fisher_vs_realized_kl"":0.37500000000000006,""spearman_predicted_fisher_vs_target_degradation"":-0.8308823529411766,""spearman_realized_kl_vs_instruction_degradation"":-0.4472135954999579,""spearman_realized_kl_vs_medqa_accuracy"":-0.26352313834736496,""spearman_realized_kl_vs_reference_degradation"":0.3999999999999999,""spearman_realized_kl_vs_target_degradation"":-0.38970588235294124,""spearman_realized_kl_vs_target_performance"":0.38970588235294124,""trajectory_point_count"":17}"
setting_2_medqa_medmcqa_selector_trajectory_sweep_v3,setting_2_medqa_medmcqa_selector_trajectory_sweep_v3/repeat_03/olmo7b_instruct/KR64_KT16/pct25.6/safe_corrected_adam_cumulative_trajectory_rho0.01_epsm1/training_runs/safe_low_rank_adam_precondition_before_projection_reference_greedy_marginal_eta0.0064_metricFplusAlpha_cost0.01_epsm1_caln64_calseed45_trainconstraint_cumulative_line_search_pct25.6_seed45/summary.json,repeat_03,olmo7b_instruct,safe_corrected_adam_cumulative_trajectory_rho0.01_epsm1,safe_low_rank_adam_precondition_before_projection_reference_greedy_marginal_eta0.0064_metricFplusAlpha_cost0.01_epsm1_caln64_calseed45_trainconstraint_cumulative_line_search_pct25.6_seed45,safe_low_rank_adam_precondition_before_projection_reference_greedy_marginal_eta0.0064_metricFplusAlpha_cost0.01_epsm1_caln64_calseed45,adam,,,45,0.01,8.651655078125,677.0699462890625,19.881423950195312,0.390625,0.390625,,0.26452558338107585,,0.36363636363636365,,0.020618556701030927,,0.16541480312578805,,0.47265625,,,,,,,,,,,,,0.510543391696813,0.5100482418909683,866.1551425550133,1.2194647446336307e+17,143873136.0,0.0,1.2194647460723621e+17,3034268000256000.0,1.105108648235008e+16,1.3299756108958629e+17,True,,,True,True,"{""spearman_predicted_fisher_vs_realized_kl"":0.9460784313725491,""spearman_predicted_fisher_vs_target_degradation"":-0.7769607843137256,""spearman_realized_kl_vs_instruction_degradation"":-0.4472135954999579,""spearman_realized_kl_vs_medqa_accuracy"":0.35909242322980395,""spearman_realized_kl_vs_reference_degradation"":0.15389675281277312,""spearman_realized_kl_vs_target_degradation"":-0.7818627450980393,""spearman_realized_kl_vs_target_performance"":0.7818627450980393,""trajectory_point_count"":17}"
setting_2_medqa_medmcqa_selector_trajectory_sweep_v3,setting_2_medqa_medmcqa_selector_trajectory_sweep_v3/repeat_03/olmo7b_instruct/KR64_KT16/pct25.6/safe_corrected_adam_cumulative_trajectory_rho1_epsm1/training_runs/safe_low_rank_adam_precondition_before_projection_reference_greedy_marginal_eta0.0064_metricFplusAlpha_cost1_epsm1_caln64_calseed45_trainconstraint_cumulative_line_search_pct25.6_seed45/summary.json,repeat_03,olmo7b_instruct,safe_corrected_adam_cumulative_trajectory_rho1_epsm1,safe_low_rank_adam_precondition_before_projection_reference_greedy_marginal_eta0.0064_metricFplusAlpha_cost1_epsm1_caln64_calseed45_trainconstraint_cumulative_line_search_pct25.6_seed45,safe_low_rank_adam_precondition_before_projection_reference_greedy_marginal_eta0.0064_metricFplusAlpha_cost1_epsm1_caln64_calseed45,adam,,,45,1.0,8.651655078125,686.8552856445312,19.709932327270508,0.27734375,0.27734375,,0.2877498561365782,,0.41414141414141414,,0.020618556701030927,,0.16135829813174224,,0.44921875,,,,,,,,,,,,,0.5212264670199662,0.5166400376661956,855.8175433659926,1.2194647446336307e+17,143873136.0,0.0,1.2194647460723621e+17,3065608247820288.0,1.1082426729914368e+16,1.3302890133715058e+17,True,,,True,True,"{""spearman_predicted_fisher_vs_realized_kl"":0.5392156862745099,""spearman_predicted_fisher_vs_target_degradation"":-0.7401960784313727,""spearman_realized_kl_vs_instruction_degradation"":-0.7071067811865475,""spearman_realized_kl_vs_medqa_accuracy"":-0.8944271909999159,""spearman_realized_kl_vs_reference_degradation"":0.4616902584383194,""spearman_realized_kl_vs_target_degradation"":-0.11764705882352942,""spearman_realized_kl_vs_target_performance"":0.11764705882352942,""trajectory_point_count"":17}"
setting_2_medqa_medmcqa_selector_trajectory_sweep_v3,setting_2_medqa_medmcqa_selector_trajectory_sweep_v3/repeat_03/olmo7b_instruct/KR64_KT16/pct25.6/safe_corrected_adam_cumulative_trajectory_rho0.001_epsm5/training_runs/safe_low_rank_adam_precondition_before_projection_reference_greedy_marginal_eta0.0064_metricFplusAlpha_cost0.001_epsm5_caln64_calseed45_trainconstraint_cumulative_line_search_pct25.6_seed45/summary.json,repeat_03,olmo7b_instruct,safe_corrected_adam_cumulative_trajectory_rho0.001_epsm5,safe_low_rank_adam_precondition_before_projection_reference_greedy_marginal_eta0.0064_metricFplusAlpha_cost0.001_epsm5_caln64_calseed45_trainconstraint_cumulative_line_search_pct25.6_seed45,safe_low_rank_adam_precondition_before_projection_reference_greedy_marginal_eta0.0064_metricFplusAlpha_cost0.001_epsm5_caln64_calseed45,adam,,,45,0.001,43.258275390625,677.0699462890625,19.881423950195312,0.37109375,0.37109375,,0.2609468934619582,,0.36363636363636365,,0.020618556701030927,,0.1582574232875527,,0.453125,,,,,,,,,,,,,0.5000970835717682,0.4966136015288075,855.3491185019957,1.2194647446336307e+17,143873136.0,0.0,1.2194647460723621e+17,3034268000256000.0,1.105108648235008e+16,1.3299756108958629e+17,True,,,True,True,"{""spearman_predicted_fisher_vs_realized_kl"":0.340686274509804,""spearman_predicted_fisher_vs_target_degradation"":-0.8823529411764707,""spearman_realized_kl_vs_instruction_degradation"":-0.8944271909999159,""spearman_realized_kl_vs_medqa_accuracy"":0.10259783520851541,""spearman_realized_kl_vs_reference_degradation"":0.09999999999999998,""spearman_realized_kl_vs_target_degradation"":-0.2916666666666667,""spearman_realized_kl_vs_target_performance"":0.2916666666666667,""trajectory_point_count"":17}"
setting_2_medqa_medmcqa_selector_trajectory_sweep_v3,setting_2_medqa_medmcqa_selector_trajectory_sweep_v3/repeat_03/olmo7b_instruct/KR64_KT16/pct25.6/safe_corrected_adam_cumulative_trajectory_rho0.1_epsm5/training_runs/safe_low_rank_adam_precondition_before_projection_reference_greedy_marginal_eta0.0064_metricFplusAlpha_cost0.1_epsm5_caln64_calseed45_trainconstraint_cumulative_line_search_pct25.6_seed45/summary.json,repeat_03,olmo7b_instruct,safe_corrected_adam_cumulative_trajectory_rho0.1_epsm5,safe_low_rank_adam_precondition_before_projection_reference_greedy_marginal_eta0.0064_metricFplusAlpha_cost0.1_epsm5_caln64_calseed45_trainconstraint_cumulative_line_search_pct25.6_seed45,safe_low_rank_adam_precondition_before_projection_reference_greedy_marginal_eta0.0064_metricFplusAlpha_cost0.1_epsm5_caln64_calseed45,adam,,,45,0.1,43.258275390625,678.2162475585938,19.9200439453125,0.39453125,0.39453125,,0.27324895391921045,,0.3939393939393939,,0.010309278350515464,,0.152558513899027,,0.50390625,,,,,,,,,,,,,0.4908318332266121,0.48938441763354723,839.4614419569843,1.2194647446336307e+17,143873136.0,0.0,1.2194647460723621e+17,3040253405626368.0,1.1057071887720448e+16,1.3300354649495666e+17,True,,,True,True,"{""spearman_predicted_fisher_vs_realized_kl"":0.6960784313725491,""spearman_predicted_fisher_vs_target_degradation"":-0.8259803921568628,""spearman_realized_kl_vs_instruction_degradation"":-0.31622776601683794,""spearman_realized_kl_vs_medqa_accuracy"":0.6324555320336759,""spearman_realized_kl_vs_reference_degradation"":0.0,""spearman_realized_kl_vs_target_degradation"":-0.4142156862745099,""spearman_realized_kl_vs_target_performance"":0.4142156862745099,""trajectory_point_count"":17}"
setting_2_medqa_medmcqa_selector_trajectory_sweep_v3,setting_2_medqa_medmcqa_selector_trajectory_sweep_v3/repeat_03/olmo7b_instruct/KR64_KT16/pct25.6/safe_corrected_adam_equal_allocation_rho0.0001_epsm1/training_runs/safe_low_rank_adam_precondition_before_projection_reference_greedy_marginal_eta0.0064_metricFplusAlpha_cost0.0001_epsm1_caln64_calseed45_trainconstraint_equal_allocation_pct25.6_seed45/summary.json,repeat_03,olmo7b_instruct,safe_corrected_adam_equal_allocation_rho0.0001_epsm1,safe_low_rank_adam_precondition_before_projection_reference_greedy_marginal_eta0.0064_metricFplusAlpha_cost0.0001_epsm1_caln64_calseed45_trainconstraint_equal_allocation_pct25.6_seed45,safe_low_rank_adam_precondition_before_projection_reference_greedy_marginal_eta0.0064_metricFplusAlpha_cost0.0001_epsm1_caln64_calseed45,adam,,,45,0.0001,8.651655078125,677.0699462890625,19.881423950195312,0.37890625,0.37890625,,0.2886884461149066,,0.3838383838383838,,0.0,,0.19353850839142944,,0.46875,,,,,,,,,,,,,0.49653723467223393,0.4898438544253301,948.5990052050038,1.2194647446336307e+17,143873136.0,0.0,1.2194647460723621e+17,3034268000256000.0,1.105108648235008e+16,1.3299756108958629e+17,True,,,True,True,"{""spearman_predicted_fisher_vs_realized_kl"":1.0000000000000002,""spearman_predicted_fisher_vs_target_degradation"":-0.7990196078431374,""spearman_realized_kl_vs_instruction_degradation"":-0.9486832980505138,""spearman_realized_kl_vs_medqa_accuracy"":-0.22360679774997896,""spearman_realized_kl_vs_reference_degradation"":0.4999999999999999,""spearman_realized_kl_vs_target_degradation"":-0.7990196078431374,""spearman_realized_kl_vs_target_performance"":0.7990196078431374,""trajectory_point_count"":17}"
setting_2_medqa_medmcqa_selector_trajectory_sweep_v3,setting_2_medqa_medmcqa_selector_trajectory_sweep_v3/repeat_03/olmo7b_instruct/KR64_KT16/pct25.6/safe_corrected_adam_equal_allocation_rho0.01_epsm1/training_runs/safe_low_rank_adam_precondition_before_projection_reference_greedy_marginal_eta0.0064_metricFplusAlpha_cost0.01_epsm1_caln64_calseed45_trainconstraint_equal_allocation_pct25.6_seed45/summary.json,repeat_03,olmo7b_instruct,safe_corrected_adam_equal_allocation_rho0.01_epsm1,safe_low_rank_adam_precondition_before_projection_reference_greedy_marginal_eta0.0064_metricFplusAlpha_cost0.01_epsm1_caln64_calseed45_trainconstraint_equal_allocation_pct25.6_seed45,safe_low_rank_adam_precondition_before_projection_reference_greedy_marginal_eta0.0064_metricFplusAlpha_cost0.01_epsm1_caln64_calseed45,adam,,,45,0.01,8.651655078125,677.0699462890625,19.881423950195312,0.3984375,0.3984375,,0.29803153742161914,,0.3939393939393939,,0.0,,0.20212368090384442,,0.484375,,,,,,,,,,,,,0.49352042574095745,0.48645751611296695,942.4615249430062,1.2194647446336307e+17,143873136.0,0.0,1.2194647460723621e+17,3034268000256000.0,1.105108648235008e+16,1.3299756108958629e+17,True,,,True,True,"{""spearman_predicted_fisher_vs_realized_kl"":0.9901960784313727,""spearman_predicted_fisher_vs_target_degradation"":-0.877450980392157,""spearman_realized_kl_vs_instruction_degradation"":-0.8944271909999159,""spearman_realized_kl_vs_medqa_accuracy"":0.4472135954999579,""spearman_realized_kl_vs_reference_degradation"":0.6999999999999998,""spearman_realized_kl_vs_target_degradation"":-0.8504901960784315,""spearman_realized_kl_vs_target_performance"":0.8504901960784315,""trajectory_point_count"":17}"
setting_2_medqa_medmcqa_selector_trajectory_sweep_v3,setting_2_medqa_medmcqa_selector_trajectory_sweep_v3/repeat_03/olmo7b_instruct/KR64_KT16/pct25.6/safe_corrected_adam_equal_allocation_rho1_epsm1/training_runs/safe_low_rank_adam_precondition_before_projection_reference_greedy_marginal_eta0.0064_metricFplusAlpha_cost1_epsm1_caln64_calseed45_trainconstraint_equal_allocation_pct25.6_seed45/summary.json,repeat_03,olmo7b_instruct,safe_corrected_adam_equal_allocation_rho1_epsm1,safe_low_rank_adam_precondition_before_projection_reference_greedy_marginal_eta0.0064_metricFplusAlpha_cost1_epsm1_caln64_calseed45_trainconstraint_equal_allocation_pct25.6_seed45,safe_low_rank_adam_precondition_before_projection_reference_greedy_marginal_eta0.0064_metricFplusAlpha_cost1_epsm1_caln64_calseed45,adam,,,45,1.0,8.651655078125,686.8552856445312,19.709932327270508,0.3515625,0.3515625,,0.2843055337580761,,0.35353535353535354,,0.0,,0.21507571398079872,,0.4609375,,,,,,,,,,,,,0.5052149586427851,0.49836019414439736,940.6030619039957,1.2194647446336307e+17,143873136.0,0.0,1.2194647460723621e+17,3065608247820288.0,1.1082426729914368e+16,1.3302890133715058e+17,True,,,True,True,"{""spearman_predicted_fisher_vs_realized_kl"":0.9950980392156864,""spearman_predicted_fisher_vs_target_degradation"":-0.8578431372549021,""spearman_realized_kl_vs_instruction_degradation"":-0.7378647873726218,""spearman_realized_kl_vs_medqa_accuracy"":-0.5797509043642028,""spearman_realized_kl_vs_reference_degradation"":0.6999999999999998,""spearman_realized_kl_vs_target_degradation"":-0.8578431372549021,""spearman_realized_kl_vs_target_performance"":0.8578431372549021,""trajectory_point_count"":17}"
setting_2_medqa_medmcqa_selector_trajectory_sweep_v3,setting_2_medqa_medmcqa_selector_trajectory_sweep_v3/repeat_03/olmo7b_instruct/KR64_KT16/pct25.6/safe_corrected_adam_equal_allocation_rho0.001_epsm5/training_runs/safe_low_rank_adam_precondition_before_projection_reference_greedy_marginal_eta0.0064_metricFplusAlpha_cost0.001_epsm5_caln64_calseed45_trainconstraint_equal_allocation_pct25.6_seed45/summary.json,repeat_03,olmo7b_instruct,safe_corrected_adam_equal_allocation_rho0.001_epsm5,safe_low_rank_adam_precondition_before_projection_reference_greedy_marginal_eta0.0064_metricFplusAlpha_cost0.001_epsm5_caln64_calseed45_trainconstraint_equal_allocation_pct25.6_seed45,safe_low_rank_adam_precondition_before_projection_reference_greedy_marginal_eta0.0064_metricFplusAlpha_cost0.001_epsm5_caln64_calseed45,adam,,,45,0.001,43.258275390625,677.0699462890625,19.881423950195312,0.22265625,0.22265625,,0.24158254804394086,,0.32323232323232326,,0.0,,0.15993277285555849,,0.30859375,,,,,,,,,,,,,0.5808453447413895,0.574898528659428,895.088245062012,1.2194647446336307e+17,143873136.0,0.0,1.2194647460723621e+17,3034268000256000.0,1.105108648235008e+16,1.3299756108958629e+17,True,,,True,True,"{""spearman_predicted_fisher_vs_realized_kl"":0.7573529411764707,""spearman_predicted_fisher_vs_target_degradation"":-0.03676470588235295,""spearman_realized_kl_vs_instruction_degradation"":-0.8944271909999159,""spearman_realized_kl_vs_medqa_accuracy"":-0.7071067811865475,""spearman_realized_kl_vs_reference_degradation"":0.6999999999999998,""spearman_realized_kl_vs_target_degradation"":0.17647058823529413,""spearman_realized_kl_vs_target_performance"":-0.17647058823529413,""trajectory_point_count"":17}"
setting_2_medqa_medmcqa_selector_trajectory_sweep_v3,setting_2_medqa_medmcqa_selector_trajectory_sweep_v3/repeat_03/olmo7b_instruct/KR64_KT16/pct25.6/safe_corrected_adam_equal_allocation_rho0.1_epsm5/training_runs/safe_low_rank_adam_precondition_before_projection_reference_greedy_marginal_eta0.0064_metricFplusAlpha_cost0.1_epsm5_caln64_calseed45_trainconstraint_equal_allocation_pct25.6_seed45/summary.json,repeat_03,olmo7b_instruct,safe_corrected_adam_equal_allocation_rho0.1_epsm5,safe_low_rank_adam_precondition_before_projection_reference_greedy_marginal_eta0.0064_metricFplusAlpha_cost0.1_epsm5_caln64_calseed45_trainconstraint_equal_allocation_pct25.6_seed45,safe_low_rank_adam_precondition_before_projection_reference_greedy_marginal_eta0.0064_metricFplusAlpha_cost0.1_epsm5_caln64_calseed45,adam,,,45,0.1,43.258275390625,678.2162475585938,19.9200439453125,0.3984375,0.3984375,,0.25533108563181256,,0.36363636363636365,,0.010309278350515464,,0.14702580762726145,,0.4921875,,,,,,,,,,,,,0.4895456022833351,0.4886647386488103,887.4171115819772,1.2194647446336307e+17,143873136.0,0.0,1.2194647460723621e+17,3040253405626368.0,1.1057071887720448e+16,1.3300354649495666e+17,True,,,True,True,"{""spearman_predicted_fisher_vs_realized_kl"":0.9485294117647061,""spearman_predicted_fisher_vs_target_degradation"":-0.8823529411764707,""spearman_realized_kl_vs_instruction_degradation"":-0.9486832980505138,""spearman_realized_kl_vs_medqa_accuracy"":0.6668859288553503,""spearman_realized_kl_vs_reference_degradation"":0.09999999999999998,""spearman_realized_kl_vs_target_degradation"":-0.8455882352941178,""spearman_realized_kl_vs_target_performance"":0.8455882352941178,""trajectory_point_count"":17}"
setting_2_medqa_medmcqa_selector_trajectory_sweep_v3,setting_2_medqa_medmcqa_selector_trajectory_sweep_v3/repeat_03/olmo7b_instruct/KR64_KT16/pct25.6/baseline_less_no_kl/training_runs/less_low_rank_adam_pct25.6_seed45/summary.json,repeat_03,olmo7b_instruct,baseline_less_no_kl,less_low_rank_adam_pct25.6_seed45,less_low_rank_adam,adam,,,45,,,,,0.45703125,0.45703125,,0.35764674231334914,,0.494949494949495,,0.010309278350515464,,0.2203439896772033,,0.51953125,,,,,,,,,,,,,0.6700460916676144,0.64837850696494,830.9405528699863,1.2194647446336307e+17,26238240.0,0.0,1.2194647448960131e+17,3698066081955840.0,1.171488456404992e+16,1.3366135905365123e+17,True,,,True,True,"{""spearman_predicted_fisher_vs_realized_kl"":0.9754901960784315,""spearman_predicted_fisher_vs_target_degradation"":0.25980392156862747,""spearman_realized_kl_vs_instruction_degradation"":-0.22360679774997896,""spearman_realized_kl_vs_medqa_accuracy"":-0.28867513459481287,""spearman_realized_kl_vs_reference_degradation"":0.4999999999999999,""spearman_realized_kl_vs_target_degradation"":0.2916666666666667,""spearman_realized_kl_vs_target_performance"":-0.2916666666666667,""trajectory_point_count"":17}"
setting_2_medqa_medmcqa_selector_trajectory_sweep_v3,setting_2_medqa_medmcqa_selector_trajectory_sweep_v3/repeat_03/olmo7b_instruct/KR64_KT16/pct25.6/safe_legacy_adam_greedy_gamma0.01_epsm0.5/training_runs/safe_low_rank_adam_reference_greedy_marginal_eta0.0002_metricFplusAlpha_gamma0.01_epsm0.5_caln64_calseed45_pct25.6_seed45/summary.json,repeat_03,olmo7b_instruct,safe_legacy_adam_greedy_gamma0.01_epsm0.5,safe_low_rank_adam_reference_greedy_marginal_eta0.0002_metricFplusAlpha_gamma0.01_epsm0.5_caln64_calseed45_pct25.6_seed45,safe_low_rank_adam_reference_greedy_marginal_eta0.0002_metricFplusAlpha_gamma0.01_epsm0.5_caln64_calseed45,adam,,,45,0.02270922724066515,0.16294794921875,2.0118510723114014,0.02452445589005947,0.41796875,0.41796875,,0.274048522896847,,0.3838383838383838,,0.020618556701030927,,0.16425866195531016,,0.50390625,,,,,,,,,,,,,0.5048869693051048,0.5019961509286431,809.6900260060211,1.2194647446336307e+17,169313136.0,0.0,1.2194647463267621e+17,3261048359288832.0,1.1277866841382912e+16,1.3322434147405912e+17,True,,,False,True,"{""spearman_predicted_fisher_vs_realized_kl"":1.0000000000000002,""spearman_predicted_fisher_vs_target_degradation"":-0.5808823529411765,""spearman_realized_kl_vs_instruction_degradation"":-0.8944271909999159,""spearman_realized_kl_vs_medqa_accuracy"":0.15811388300841897,""spearman_realized_kl_vs_reference_degradation"":0.09999999999999998,""spearman_realized_kl_vs_target_degradation"":-0.5808823529411765,""spearman_realized_kl_vs_target_performance"":0.5808823529411765,""trajectory_point_count"":17}"
setting_2_medqa_medmcqa_selector_trajectory_sweep_v3,setting_2_medqa_medmcqa_selector_trajectory_sweep_v3/repeat_03/olmo7b_instruct/KR64_KT16/pct25.6/safe_legacy_adam_greedy_gamma1_epsm0.5/training_runs/safe_low_rank_adam_reference_greedy_marginal_eta0.0002_metricFplusAlpha_gamma1_epsm0.5_caln64_calseed45_pct25.6_seed45/summary.json,repeat_03,olmo7b_instruct,safe_legacy_adam_greedy_gamma1_epsm0.5,safe_low_rank_adam_reference_greedy_marginal_eta0.0002_metricFplusAlpha_gamma1_epsm0.5_caln64_calseed45_pct25.6_seed45,safe_low_rank_adam_reference_greedy_marginal_eta0.0002_metricFplusAlpha_gamma1_epsm0.5_caln64_calseed45,adam,,,45,2.270922724066515,0.16294794921875,5.106030464172363,0.02833869494497776,0.4609375,0.4609375,,0.29611587349839696,,0.3838383838383838,,0.020618556701030927,,0.20839336315841012,,0.4921875,,,,,,,,,,,,,0.5789396885684598,0.5645307116807855,838.1970723430277,1.2194647446336307e+17,169313136.0,0.0,1.2194647463267621e+17,3805387725471744.0,1.1822206207565824e+16,1.3376868084024203e+17,True,,,False,True,"{""spearman_predicted_fisher_vs_realized_kl"":0.9901960784313727,""spearman_predicted_fisher_vs_target_degradation"":0.1936274509803922,""spearman_realized_kl_vs_instruction_degradation"":-0.7071067811865475,""spearman_realized_kl_vs_medqa_accuracy"":0.9486832980505138,""spearman_realized_kl_vs_reference_degradation"":0.051298917604257706,""spearman_realized_kl_vs_target_degradation"":0.18382352941176472,""spearman_realized_kl_vs_target_performance"":-0.18382352941176472,""trajectory_point_count"":17}"
setting_2_medqa_medmcqa_selector_trajectory_sweep_v3,setting_2_medqa_medmcqa_selector_trajectory_sweep_v3/repeat_03/olmo7b_instruct/KR64_KT16/pct25.6/safe_legacy_adam_greedy_gamma0.1_epsm1/training_runs/safe_low_rank_adam_reference_greedy_marginal_eta0.0002_metricFplusAlpha_gamma0.1_epsm1_caln64_calseed45_pct25.6_seed45/summary.json,repeat_03,olmo7b_instruct,safe_legacy_adam_greedy_gamma0.1_epsm1,safe_low_rank_adam_reference_greedy_marginal_eta0.0002_metricFplusAlpha_gamma0.1_epsm1_caln64_calseed45_pct25.6_seed45,safe_low_rank_adam_reference_greedy_marginal_eta0.0002_metricFplusAlpha_gamma0.1_epsm1_caln64_calseed45,adam,,,45,0.908369089626606,0.3258958984375,3.80122447013855,0.028457924723625183,0.4609375,0.4609375,,0.296127387211098,,0.40404040404040403,,0.010309278350515464,,0.18821437038179195,,0.4921875,,,,,,,,,,,,,0.5126028983089004,0.49785188546672005,808.364561408991,1.2194647446336307e+17,169313136.0,0.0,1.2194647463267621e+17,3638378289512448.0,1.1655196771606528e+16,1.3360167140428274e+17,True,,,False,True,"{""spearman_predicted_fisher_vs_realized_kl"":0.3774509803921569,""spearman_predicted_fisher_vs_target_degradation"":-0.5612745098039217,""spearman_realized_kl_vs_instruction_degradation"":-0.7071067811865475,""spearman_realized_kl_vs_medqa_accuracy"":-0.31622776601683794,""spearman_realized_kl_vs_reference_degradation"":0.8999999999999998,""spearman_realized_kl_vs_target_degradation"":-0.2916666666666667,""spearman_realized_kl_vs_target_performance"":0.2916666666666667,""trajectory_point_count"":17}"
setting_2_medqa_medmcqa_selector_trajectory_sweep_v3,setting_2_medqa_medmcqa_selector_trajectory_sweep_v3/repeat_03/olmo7b_instruct/KR64_KT16/pct25.6/safe_legacy_adam_greedy_gamma0.01_epsm2/training_runs/safe_low_rank_adam_reference_greedy_marginal_eta0.0002_metricFplusAlpha_gamma0.01_epsm2_caln64_calseed45_pct25.6_seed45/summary.json,repeat_03,olmo7b_instruct,safe_legacy_adam_greedy_gamma0.01_epsm2,safe_low_rank_adam_reference_greedy_marginal_eta0.0002_metricFplusAlpha_gamma0.01_epsm2_caln64_calseed45_pct25.6_seed45,safe_low_rank_adam_reference_greedy_marginal_eta0.0002_metricFplusAlpha_gamma0.01_epsm2_caln64_calseed45,adam,,,45,0.3633476358506424,0.651791796875,2.630791664123535,0.027053799480199814,0.44140625,0.44140625,,0.2707464699863807,,0.3838383838383838,,0.020618556701030927,,0.1576545561343776,,0.5,,,,,,,,,,,,,0.5496437445132566,0.5383047559980332,793.4069713670178,1.2194647446336307e+17,169313136.0,0.0,1.2194647463267621e+17,3398463290916864.0,1.1415281773010944e+16,1.3336175640568715e+17,True,,,False,True,"{""spearman_predicted_fisher_vs_realized_kl"":0.931372549019608,""spearman_predicted_fisher_vs_target_degradation"":-0.16176470588235298,""spearman_realized_kl_vs_instruction_degradation"":-0.9486832980505138,""spearman_realized_kl_vs_medqa_accuracy"":0.6324555320336759,""spearman_realized_kl_vs_reference_degradation"":0.051298917604257706,""spearman_realized_kl_vs_target_degradation"":-0.13725490196078433,""spearman_realized_kl_vs_target_performance"":0.13725490196078433,""trajectory_point_count"":17}"
setting_2_medqa_medmcqa_selector_trajectory_sweep_v3,setting_2_medqa_medmcqa_selector_trajectory_sweep_v3/repeat_03/olmo7b_instruct/KR64_KT16/pct25.6/safe_legacy_adam_greedy_gamma1_epsm2/training_runs/safe_low_rank_adam_reference_greedy_marginal_eta0.0002_metricFplusAlpha_gamma1_epsm2_caln64_calseed45_pct25.6_seed45/summary.json,repeat_03,olmo7b_instruct,safe_legacy_adam_greedy_gamma1_epsm2,safe_low_rank_adam_reference_greedy_marginal_eta0.0002_metricFplusAlpha_gamma1_epsm2_caln64_calseed45_pct25.6_seed45,safe_low_rank_adam_reference_greedy_marginal_eta0.0002_metricFplusAlpha_gamma1_epsm2_caln64_calseed45,adam,,,45,36.33476358506424,0.651791796875,13.827435493469238,0.06269482523202896,0.4375,0.4375,,0.3258277970435733,,0.494949494949495,,0.010309278350515464,,0.1567060991376516,,0.50390625,,,,,,,,,,,,,0.647095824925906,0.6220059237854011,806.5607010209933,1.2194647446336307e+17,169313136.0,0.0,1.2194647463267621e+17,3687092838776832.0,1.1703911320870912e+16,1.3365038595354712e+17,True,,,False,True,"{""spearman_predicted_fisher_vs_realized_kl"":0.9975490196078433,""spearman_predicted_fisher_vs_target_degradation"":0.23774509803921573,""spearman_realized_kl_vs_instruction_degradation"":-0.7378647873726218,""spearman_realized_kl_vs_medqa_accuracy"":0.22360679774997896,""spearman_realized_kl_vs_reference_degradation"":0.35909242322980395,""spearman_realized_kl_vs_target_degradation"":0.24019607843137258,""spearman_realized_kl_vs_target_performance"":-0.24019607843137258,""trajectory_point_count"":17}"
setting_2_medqa_medmcqa_selector_trajectory_sweep_v3,setting_2_medqa_medmcqa_selector_trajectory_sweep_v3/repeat_03/olmo7b_instruct/KR64_KT16/pct25.6/safe_hard_feasible_greedy_gamma0.1_epsm0.5/training_runs/safe_low_rank_adam_reference_constrained_greedy_eta0.0002_metricFplusAlpha_swaps1_feastol1e-06_gamma0.1_epsm0.5_caln64_calseed45_pct25.6_seed45/summary.json,repeat_03,olmo7b_instruct,safe_hard_feasible_greedy_gamma0.1_epsm0.5,safe_low_rank_adam_reference_constrained_greedy_eta0.0002_metricFplusAlpha_swaps1_feastol1e-06_gamma0.1_epsm0.5_caln64_calseed45_pct25.6_seed45,safe_low_rank_adam_reference_constrained_greedy_eta0.0002_metricFplusAlpha_swaps1_feastol1e-06_gamma0.1_epsm0.5_caln64_calseed45,adam,,,45,0.2270922724066515,0.16294794921875,0.2174772024154663,0.0012446611654013395,0.41796875,0.41796875,,0.30925375533659155,,0.40404040404040403,,0.0,,0.21446710663277904,,0.46484375,,,,,,,,,,,,,0.5281941355295878,0.5046572750434279,161.8367339539691,1.2194647446336307e+17,1867793520.0,0.0,1.2194647633115659e+17,631210874683392.0,3148757633417216.0,1.2509523396457381e+17,True,,,False,True,"{""spearman_predicted_fisher_vs_realized_kl"":0.9999999999999998,""spearman_predicted_fisher_vs_target_degradation"":-0.9999999999999998,""spearman_realized_kl_vs_instruction_degradation"":null,""spearman_realized_kl_vs_medqa_accuracy"":null,""spearman_realized_kl_vs_reference_degradation"":null,""spearman_realized_kl_vs_target_degradation"":-0.9999999999999998,""spearman_realized_kl_vs_target_performance"":0.9999999999999998,""trajectory_point_count"":4}"
setting_2_medqa_medmcqa_selector_trajectory_sweep_v3,setting_2_medqa_medmcqa_selector_trajectory_sweep_v3/repeat_03/olmo7b_instruct/KR64_KT16/pct25.6/safe_hard_feasible_greedy_gamma0.01_epsm1/training_runs/safe_low_rank_adam_reference_constrained_greedy_eta0.0002_metricFplusAlpha_swaps1_feastol1e-06_gamma0.01_epsm1_caln64_calseed45_pct25.6_seed45/summary.json,repeat_03,olmo7b_instruct,safe_hard_feasible_greedy_gamma0.01_epsm1,safe_low_rank_adam_reference_constrained_greedy_eta0.0002_metricFplusAlpha_swaps1_feastol1e-06_gamma0.01_epsm1_caln64_calseed45_pct25.6_seed45,safe_low_rank_adam_reference_constrained_greedy_eta0.0002_metricFplusAlpha_swaps1_feastol1e-06_gamma0.01_epsm1_caln64_calseed45,adam,,,45,0.0908369089626606,0.3258958984375,0.08314798027276993,0.0006979931495152414,0.4140625,0.4140625,,0.3363449617504174,,0.42424242424242425,,0.0,,0.24844749925841048,,0.4609375,,,,,,,,,,,,,0.544867791530495,0.5176708819423058,145.09333861496998,1.2194647446336307e+17,1867793520.0,0.0,1.2194647633115659e+17,518818262728704.0,2790229080711168.0,1.2473670541186776e+17,True,,,False,True,"{""spearman_predicted_fisher_vs_realized_kl"":0.9999999999999998,""spearman_predicted_fisher_vs_target_degradation"":-0.9999999999999998,""spearman_realized_kl_vs_instruction_degradation"":null,""spearman_realized_kl_vs_medqa_accuracy"":null,""spearman_realized_kl_vs_reference_degradation"":null,""spearman_realized_kl_vs_target_degradation"":-0.9999999999999998,""spearman_realized_kl_vs_target_performance"":0.9999999999999998,""trajectory_point_count"":3}"
setting_2_medqa_medmcqa_selector_trajectory_sweep_v3,setting_2_medqa_medmcqa_selector_trajectory_sweep_v3/repeat_03/olmo7b_instruct/KR64_KT16/pct25.6/safe_hard_feasible_greedy_gamma1_epsm1/training_runs/safe_low_rank_adam_reference_constrained_greedy_eta0.0002_metricFplusAlpha_swaps1_feastol1e-06_gamma1_epsm1_caln64_calseed45_pct25.6_seed45/summary.json,repeat_03,olmo7b_instruct,safe_hard_feasible_greedy_gamma1_epsm1,safe_low_rank_adam_reference_constrained_greedy_eta0.0002_metricFplusAlpha_swaps1_feastol1e-06_gamma1_epsm1_caln64_calseed45_pct25.6_seed45,safe_low_rank_adam_reference_constrained_greedy_eta0.0002_metricFplusAlpha_swaps1_feastol1e-06_gamma1_epsm1_caln64_calseed45,adam,,,45,9.08369089626606,0.3258958984375,7.53574275970459,0.0360986702144146,0.4609375,0.4609375,,0.3352121905111053,,0.46464646464646464,,0.010309278350515464,,0.2057779163757459,,0.4921875,,,,,,,,,,,,,0.644245749450005,0.6143519040691104,784.7221262789681,1.2194647446336307e+17,1867793520.0,0.0,1.2194647633115659e+17,3523658019913728.0,1.1294340561256448e+16,1.3324081689241304e+17,True,,,False,True,"{""spearman_predicted_fisher_vs_realized_kl"":0.9764705882352941,""spearman_predicted_fisher_vs_target_degradation"":0.4,""spearman_realized_kl_vs_instruction_degradation"":-0.7071067811865475,""spearman_realized_kl_vs_medqa_accuracy"":0.8944271909999159,""spearman_realized_kl_vs_reference_degradation"":0.29999999999999993,""spearman_realized_kl_vs_target_degradation"":0.43529411764705883,""spearman_realized_kl_vs_target_performance"":-0.43529411764705883,""trajectory_point_count"":16}"
setting_2_medqa_medmcqa_selector_trajectory_sweep_v3,setting_2_medqa_medmcqa_selector_trajectory_sweep_v3/repeat_03/olmo7b_instruct/KR64_KT16/pct25.6/safe_hard_feasible_greedy_gamma0.1_epsm2/training_runs/safe_low_rank_adam_reference_constrained_greedy_eta0.0002_metricFplusAlpha_swaps1_feastol1e-06_gamma0.1_epsm2_caln64_calseed45_pct25.6_seed45/summary.json,repeat_03,olmo7b_instruct,safe_hard_feasible_greedy_gamma0.1_epsm2,safe_low_rank_adam_reference_constrained_greedy_eta0.0002_metricFplusAlpha_swaps1_feastol1e-06_gamma0.1_epsm2_caln64_calseed45_pct25.6_seed45,safe_low_rank_adam_reference_constrained_greedy_eta0.0002_metricFplusAlpha_swaps1_feastol1e-06_gamma0.1_epsm2_caln64_calseed45,adam,,,45,3.633476358506424,0.651791796875,3.596437931060791,0.019294293597340584,0.4453125,0.4453125,,0.3119523222209187,,0.42424242424242425,,0.010309278350515464,,0.19966222019941313,,0.47265625,,,,,,,,,,,,,0.7099461470403934,0.674729097216595,549.5957730810042,1.2194647446336307e+17,1867793520.0,0.0,1.2194647633115659e+17,2385849085132800.0,8159350424854528.0,1.3010582675601112e+17,True,,,False,True,"{""spearman_predicted_fisher_vs_realized_kl"":0.9727272727272728,""spearman_predicted_fisher_vs_target_degradation"":0.21818181818181817,""spearman_realized_kl_vs_instruction_degradation"":0.2581988897471611,""spearman_realized_kl_vs_medqa_accuracy"":0.8944271909999159,""spearman_realized_kl_vs_reference_degradation"":0.19999999999999996,""spearman_realized_kl_vs_target_degradation"":0.21818181818181817,""spearman_realized_kl_vs_target_performance"":-0.21818181818181817,""trajectory_point_count"":11}"
setting_2_medqa_medmcqa_selector_trajectory_sweep_v3,setting_2_medqa_medmcqa_selector_trajectory_sweep_v3/repeat_03/olmo7b_instruct/KR64_KT16/pct25.6/safe_corrected_adam_greedy_gamma0.01_epsm0.5/training_runs/safe_low_rank_adam_precondition_before_projection_reference_greedy_marginal_eta0.0064_metricFplusAlpha_gamma0.01_epsm0.5_caln64_calseed45_pct25.6_seed45/summary.json,repeat_03,olmo7b_instruct,safe_corrected_adam_greedy_gamma0.01_epsm0.5,safe_low_rank_adam_precondition_before_projection_reference_greedy_marginal_eta0.0064_metricFplusAlpha_gamma0.01_epsm0.5_caln64_calseed45_pct25.6_seed45,safe_low_rank_adam_precondition_before_projection_reference_greedy_marginal_eta0.0064_metricFplusAlpha_gamma0.01_epsm0.5_caln64_calseed45,adam,,,45,24.54562967959247,4.3258275390625,812.0255737304688,18.30716323852539,0.42578125,0.42578125,,0.26436661476209433,,0.37373737373737376,,0.020618556701030927,,0.15499585578681488,,0.4765625,,,,,,,,,,,,,0.5094295433082152,0.5032486705609157,803.3487650859752,1.2194647446336307e+17,143873136.0,0.0,1.2194647460723621e+17,3287816422195200.0,1.130463490428928e+16,1.3325110951152549e+17,True,,,True,True,"{""spearman_predicted_fisher_vs_realized_kl"":0.9779411764705884,""spearman_predicted_fisher_vs_target_degradation"":-0.5490196078431373,""spearman_realized_kl_vs_instruction_degradation"":-0.9486832980505138,""spearman_realized_kl_vs_medqa_accuracy"":0.8207826816681233,""spearman_realized_kl_vs_reference_degradation"":0.29999999999999993,""spearman_realized_kl_vs_target_degradation"":-0.5294117647058825,""spearman_realized_kl_vs_target_performance"":0.5294117647058825,""trajectory_point_count"":17}"
setting_2_medqa_medmcqa_selector_trajectory_sweep_v3,setting_2_medqa_medmcqa_selector_trajectory_sweep_v3/repeat_03/olmo7b_instruct/KR64_KT16/pct25.6/safe_corrected_adam_greedy_gamma1_epsm0.5/training_runs/safe_low_rank_adam_precondition_before_projection_reference_greedy_marginal_eta0.0064_metricFplusAlpha_gamma1_epsm0.5_caln64_calseed45_pct25.6_seed45/summary.json,repeat_03,olmo7b_instruct,safe_corrected_adam_greedy_gamma1_epsm0.5,safe_low_rank_adam_precondition_before_projection_reference_greedy_marginal_eta0.0064_metricFplusAlpha_gamma1_epsm0.5_caln64_calseed45_pct25.6_seed45,safe_low_rank_adam_precondition_before_projection_reference_greedy_marginal_eta0.0064_metricFplusAlpha_gamma1_epsm0.5_caln64_calseed45,adam,,,45,2454.5629679592466,4.3258275390625,2155.925537109375,20.25416374206543,0.41015625,0.41015625,,0.25718872926122627,,0.36363636363636365,,0.020618556701030927,,0.15074109488608886,,0.46875,,,,,,,,,,,,,0.6046790058676579,0.5885160358036753,777.3627632569987,1.2194647446336307e+17,143873136.0,0.0,1.2194647460723621e+17,3780282275168256.0,1.1797100757262336e+16,1.3374357536449854e+17,True,,,True,True,"{""spearman_predicted_fisher_vs_realized_kl"":0.9387254901960785,""spearman_predicted_fisher_vs_target_degradation"":0.2573529411764706,""spearman_realized_kl_vs_instruction_degradation"":-0.7071067811865475,""spearman_realized_kl_vs_medqa_accuracy"":0.5773502691896257,""spearman_realized_kl_vs_reference_degradation"":0.8944271909999159,""spearman_realized_kl_vs_target_degradation"":0.32107843137254904,""spearman_realized_kl_vs_target_performance"":-0.32107843137254904,""trajectory_point_count"":17}"
setting_2_medqa_medmcqa_selector_trajectory_sweep_v3,setting_2_medqa_medmcqa_selector_trajectory_sweep_v3/repeat_03/olmo7b_instruct/KR64_KT16/pct25.6/safe_corrected_adam_greedy_gamma0.1_epsm1/training_runs/safe_low_rank_adam_precondition_before_projection_reference_greedy_marginal_eta0.0064_metricFplusAlpha_gamma0.1_epsm1_caln64_calseed45_pct25.6_seed45/summary.json,repeat_03,olmo7b_instruct,safe_corrected_adam_greedy_gamma0.1_epsm1,safe_low_rank_adam_precondition_before_projection_reference_greedy_marginal_eta0.0064_metricFplusAlpha_gamma0.1_epsm1_caln64_calseed45_pct25.6_seed45,safe_low_rank_adam_precondition_before_projection_reference_greedy_marginal_eta0.0064_metricFplusAlpha_gamma0.1_epsm1_caln64_calseed45,adam,,,45,981.8251871836987,8.651655078125,1987.9320068359375,22.74181365966797,0.44921875,0.44921875,,0.2882549743116125,,0.37373737373737376,,0.010309278350515464,,0.20277257488585132,,0.48046875,,,,,,,,,,,,,0.6057394079478331,0.5823527146144575,833.8177814860246,1.2194647446336307e+17,143873136.0,0.0,1.2194647460723621e+17,3774213739167744.0,1.1791032221261824e+16,1.3373750682849803e+17,True,,,True,True,"{""spearman_predicted_fisher_vs_realized_kl"":0.9828431372549021,""spearman_predicted_fisher_vs_target_degradation"":0.46813725490196084,""spearman_realized_kl_vs_instruction_degradation"":-0.7071067811865475,""spearman_realized_kl_vs_medqa_accuracy"":0.7826237921249264,""spearman_realized_kl_vs_reference_degradation"":0.19999999999999996,""spearman_realized_kl_vs_target_degradation"":0.49509803921568635,""spearman_realized_kl_vs_target_performance"":-0.49509803921568635,""trajectory_point_count"":17}"
setting_2_medqa_medmcqa_selector_trajectory_sweep_v3,setting_2_medqa_medmcqa_selector_trajectory_sweep_v3/repeat_03/olmo7b_instruct/KR64_KT16/pct25.6/safe_corrected_adam_greedy_gamma0.01_epsm2/training_runs/safe_low_rank_adam_precondition_before_projection_reference_greedy_marginal_eta0.0064_metricFplusAlpha_gamma0.01_epsm2_caln64_calseed45_pct25.6_seed45/summary.json,repeat_03,olmo7b_instruct,safe_corrected_adam_greedy_gamma0.01_epsm2,safe_low_rank_adam_precondition_before_projection_reference_greedy_marginal_eta0.0064_metricFplusAlpha_gamma0.01_epsm2_caln64_calseed45_pct25.6_seed45,safe_low_rank_adam_precondition_before_projection_reference_greedy_marginal_eta0.0064_metricFplusAlpha_gamma0.01_epsm2_caln64_calseed45,adam,,,45,392.7300748734795,17.30331015625,1238.4525146484375,20.744871139526367,0.4296875,0.4296875,,0.26622245906253367,,0.36363636363636365,,0.020618556701030927,,0.1688085544887037,,0.47265625,,,,,,,,,,,,,0.5634825832599837,0.5553189352339254,800.5514496579999,1.2194647446336307e+17,143873136.0,0.0,1.2194647460723621e+17,3522909844242432.0,1.1539728326336512e+16,1.3348620293357272e+17,True,,,True,True,"{""spearman_predicted_fisher_vs_realized_kl"":0.8823529411764707,""spearman_predicted_fisher_vs_target_degradation"":0.44117647058823534,""spearman_realized_kl_vs_instruction_degradation"":-0.8944271909999159,""spearman_realized_kl_vs_medqa_accuracy"":0.7905694150420948,""spearman_realized_kl_vs_reference_degradation"":0.09999999999999998,""spearman_realized_kl_vs_target_degradation"":0.47303921568627455,""spearman_realized_kl_vs_target_performance"":-0.47303921568627455,""trajectory_point_count"":17}"
setting_2_medqa_medmcqa_selector_trajectory_sweep_v3,setting_2_medqa_medmcqa_selector_trajectory_sweep_v3/repeat_03/olmo7b_instruct/KR64_KT16/pct25.6/safe_corrected_adam_greedy_gamma1_epsm2/training_runs/safe_low_rank_adam_precondition_before_projection_reference_greedy_marginal_eta0.0064_metricFplusAlpha_gamma1_epsm2_caln64_calseed45_pct25.6_seed45/summary.json,repeat_03,olmo7b_instruct,safe_corrected_adam_greedy_gamma1_epsm2,safe_low_rank_adam_precondition_before_projection_reference_greedy_marginal_eta0.0064_metricFplusAlpha_gamma1_epsm2_caln64_calseed45_pct25.6_seed45,safe_low_rank_adam_precondition_before_projection_reference_greedy_marginal_eta0.0064_metricFplusAlpha_gamma1_epsm2_caln64_calseed45,adam,,,45,39273.007487347946,17.30331015625,5647.287109375,42.15543746948242,0.41796875,0.41796875,,0.3127443534949898,,0.41414141414141414,,0.0,,0.21134729284856546,,0.46875,,,,,,,,,,,,,0.6561964358861573,0.6237794327657256,838.9494609939866,1.2194647446336307e+17,143873136.0,0.0,1.2194647460723621e+17,3729572590780416.0,1.1746391072874496e+16,1.336928656801107e+17,True,,,True,True,"{""spearman_predicted_fisher_vs_realized_kl"":0.9632352941176472,""spearman_predicted_fisher_vs_target_degradation"":0.23039215686274514,""spearman_realized_kl_vs_instruction_degradation"":-0.6708203932499369,""spearman_realized_kl_vs_medqa_accuracy"":0.5797509043642028,""spearman_realized_kl_vs_reference_degradation"":0.5999999999999999,""spearman_realized_kl_vs_target_degradation"":0.2843137254901961,""spearman_realized_kl_vs_target_performance"":-0.2843137254901961,""trajectory_point_count"":17}"
setting_2_medqa_medmcqa_selector_trajectory_sweep_v3,setting_2_medqa_medmcqa_selector_trajectory_sweep_v3/repeat_03/olmo7b_instruct/KR64_KT16/pct25.6/baseline_dsir/training_runs/dsir_pct25.6_seed45/summary.json,repeat_03,olmo7b_instruct,baseline_dsir,dsir_pct25.6_seed45,dsir,adam,,,45,,,,,0.4375,0.4375,,0.2763493530399484,,0.3939393939393939,,0.020618556701030927,,0.15875931214050285,,0.5,,,,,,,,,,,,,0.6326074804031541,0.6180471490126397,813.1927479410078,0.0,48648000.0,0.0,48648000.0,3562978807971840.0,1.157979729006592e+16,1.157979733871392e+16,True,,,True,True,"{""spearman_predicted_fisher_vs_realized_kl"":0.9975490196078433,""spearman_predicted_fisher_vs_target_degradation"":0.47549019607843146,""spearman_realized_kl_vs_instruction_degradation"":-0.4472135954999579,""spearman_realized_kl_vs_medqa_accuracy"":0.22360679774997896,""spearman_realized_kl_vs_reference_degradation"":0.6668859288553503,""spearman_realized_kl_vs_target_degradation"":0.47303921568627455,""spearman_realized_kl_vs_target_performance"":-0.47303921568627455,""trajectory_point_count"":17}"
setting_2_medqa_medmcqa_selector_trajectory_sweep_v3,setting_2_medqa_medmcqa_selector_trajectory_sweep_v3/repeat_03/olmo7b_instruct/KR64_KT16/pct25.6/baseline_prismatic_no_kl/training_runs/prismatic_low_rank_adam_pct25.6_seed45/summary.json,repeat_03,olmo7b_instruct,baseline_prismatic_no_kl,prismatic_low_rank_adam_pct25.6_seed45,prismatic_low_rank_adam,adam,,,45,,,,,0.45703125,0.45703125,,0.2665525912469261,,0.37373737373737376,,0.010309278350515464,,0.15936780875647846,,0.48828125,,,,,,,,,,,,,0.6192185057364858,0.5978196420450201,799.7375519170018,1.2194647446336307e+17,1340406000.0,0.0,1.2194647580376907e+17,3035182437187584.0,1.1052000919281664e+16,1.3299847672305074e+17,True,,,True,True,"{""spearman_predicted_fisher_vs_realized_kl"":0.9166666666666667,""spearman_predicted_fisher_vs_target_degradation"":0.43627450980392163,""spearman_realized_kl_vs_instruction_degradation"":-0.5270462766947299,""spearman_realized_kl_vs_medqa_accuracy"":0.9486832980505138,""spearman_realized_kl_vs_reference_degradation"":0.9746794344808964,""spearman_realized_kl_vs_target_degradation"":0.32107843137254904,""spearman_realized_kl_vs_target_performance"":-0.32107843137254904,""trajectory_point_count"":17}"
setting_2_medqa_medmcqa_selector_trajectory_sweep_v3,setting_2_medqa_medmcqa_selector_trajectory_sweep_v3/repeat_03/olmo7b_instruct/KR64_KT16/pct25.6/safe_legacy_adam_greedy_gamma0.1_epsm0.5/training_runs/safe_low_rank_adam_reference_greedy_marginal_eta0.0002_metricFplusAlpha_gamma0.1_epsm0.5_caln64_calseed45_pct25.6_seed45/summary.json,repeat_03,olmo7b_instruct,safe_legacy_adam_greedy_gamma0.1_epsm0.5,safe_low_rank_adam_reference_greedy_marginal_eta0.0002_metricFplusAlpha_gamma0.1_epsm0.5_caln64_calseed45_pct25.6_seed45,safe_low_rank_adam_reference_greedy_marginal_eta0.0002_metricFplusAlpha_gamma0.1_epsm0.5_caln64_calseed45,adam,,,45,0.2270922724066515,0.16294794921875,2.853280782699585,0.024547072127461433,0.4296875,0.4296875,,0.27317630960113515,,0.3838383838383838,,0.020618556701030927,,0.16251423536388654,,0.49609375,,,,,,,,,,,,,0.5687583954319315,0.5658516336923051,814.8058590779838,1.2194647446336307e+17,169313136.0,0.0,1.2194647463267621e+17,3525902546927616.0,1.1542721029021696e+16,1.334891956616979e+17,True,,,False,True,"{""spearman_predicted_fisher_vs_realized_kl"":0.9215686274509806,""spearman_predicted_fisher_vs_target_degradation"":0.4509803921568628,""spearman_realized_kl_vs_instruction_degradation"":-0.6668859288553503,""spearman_realized_kl_vs_medqa_accuracy"":0.8660254037844386,""spearman_realized_kl_vs_reference_degradation"":0.29999999999999993,""spearman_realized_kl_vs_target_degradation"":0.5196078431372549,""spearman_realized_kl_vs_target_performance"":-0.5196078431372549,""trajectory_point_count"":17}"
setting_2_medqa_medmcqa_selector_trajectory_sweep_v3,setting_2_medqa_medmcqa_selector_trajectory_sweep_v3/repeat_03/olmo7b_instruct/KR64_KT16/pct25.6/safe_legacy_adam_greedy_gamma0.01_epsm1/training_runs/safe_low_rank_adam_reference_greedy_marginal_eta0.0002_metricFplusAlpha_gamma0.01_epsm1_caln64_calseed45_pct25.6_seed45/summary.json,repeat_03,olmo7b_instruct,safe_legacy_adam_greedy_gamma0.01_epsm1,safe_low_rank_adam_reference_greedy_marginal_eta0.0002_metricFplusAlpha_gamma0.01_epsm1_caln64_calseed45_pct25.6_seed45,safe_low_rank_adam_reference_greedy_marginal_eta0.0002_metricFplusAlpha_gamma0.01_epsm1_caln64_calseed45,adam,,,45,0.0908369089626606,0.3258958984375,2.2188022136688232,0.025191618129611015,0.42578125,0.42578125,,0.2854686507391804,,0.40404040404040403,,0.020618556701030927,,0.16689689743795671,,0.4765625,,,,,,,,,,,,,0.5473266072260471,0.5416160247013655,804.5203970300208,1.2194647446336307e+17,169313136.0,0.0,1.2194647463267621e+17,3323728854417408.0,1.1340547336511488e+16,1.332870219691877e+17,True,,,False,True,"{""spearman_predicted_fisher_vs_realized_kl"":0.9068627450980393,""spearman_predicted_fisher_vs_target_degradation"":0.09803921568627452,""spearman_realized_kl_vs_instruction_degradation"":-0.35909242322980395,""spearman_realized_kl_vs_medqa_accuracy"":0.3689323936863109,""spearman_realized_kl_vs_reference_degradation"":0.09999999999999998,""spearman_realized_kl_vs_target_degradation"":-0.004901960784313726,""spearman_realized_kl_vs_target_performance"":0.004901960784313726,""trajectory_point_count"":17}"
setting_2_medqa_medmcqa_selector_trajectory_sweep_v3,setting_2_medqa_medmcqa_selector_trajectory_sweep_v3/repeat_03/olmo7b_instruct/KR64_KT16/pct25.6/safe_legacy_adam_greedy_gamma1_epsm1/training_runs/safe_low_rank_adam_reference_greedy_marginal_eta0.0002_metricFplusAlpha_gamma1_epsm1_caln64_calseed45_pct25.6_seed45/summary.json,repeat_03,olmo7b_instruct,safe_legacy_adam_greedy_gamma1_epsm1,safe_low_rank_adam_reference_greedy_marginal_eta0.0002_metricFplusAlpha_gamma1_epsm1_caln64_calseed45_pct25.6_seed45,safe_low_rank_adam_reference_greedy_marginal_eta0.0002_metricFplusAlpha_gamma1_epsm1_caln64_calseed45,adam,,,45,9.08369089626606,0.3258958984375,8.381891250610352,0.0409766249358654,0.46484375,0.46484375,,0.32568088988694815,,0.4444444444444444,,0.010309278350515464,,0.20691733532945192,,0.5078125,,,,,,,,,,,,,0.6800599050180764,0.6479695797712782,840.889495231997,1.2194647446336307e+17,169313136.0,0.0,1.2194647463267621e+17,3866156216107008.0,1.1882974698201088e+16,1.338294493308773e+17,True,,,False,True,"{""spearman_predicted_fisher_vs_realized_kl"":0.9240196078431374,""spearman_predicted_fisher_vs_target_degradation"":0.46323529411764713,""spearman_realized_kl_vs_instruction_degradation"":-0.6324555320336759,""spearman_realized_kl_vs_medqa_accuracy"":0.7071067811865475,""spearman_realized_kl_vs_reference_degradation"":0.15389675281277312,""spearman_realized_kl_vs_target_degradation"":0.5318627450980393,""spearman_realized_kl_vs_target_performance"":-0.5318627450980393,""trajectory_point_count"":17}"
setting_2_medqa_medmcqa_selector_trajectory_sweep_v3,setting_2_medqa_medmcqa_selector_trajectory_sweep_v3/repeat_03/olmo7b_instruct/KR64_KT16/pct25.6/safe_legacy_adam_greedy_gamma0.1_epsm2/training_runs/safe_low_rank_adam_reference_greedy_marginal_eta0.0002_metricFplusAlpha_gamma0.1_epsm2_caln64_calseed45_pct25.6_seed45/summary.json,repeat_03,olmo7b_instruct,safe_legacy_adam_greedy_gamma0.1_epsm2,safe_low_rank_adam_reference_greedy_marginal_eta0.0002_metricFplusAlpha_gamma0.1_epsm2_caln64_calseed45_pct25.6_seed45,safe_low_rank_adam_reference_greedy_marginal_eta0.0002_metricFplusAlpha_gamma0.1_epsm2_caln64_calseed45,adam,,,45,3.633476358506424,0.651791796875,6.404999732971191,0.039467860013246536,0.4453125,0.4453125,,0.2711574109321545,,0.37373737373737376,,0.010309278350515464,,0.16857744812693523,,0.484375,,,,,,,,,,,,,0.6085344375103875,0.6020684297427471,816.1698757119884,1.2194647446336307e+17,169313136.0,0.0,1.2194647463267621e+17,3739298874507264.0,1.1756117356601344e+16,1.3370259198927755e+17,True,,,False,True,"{""spearman_predicted_fisher_vs_realized_kl"":0.536764705882353,""spearman_predicted_fisher_vs_target_degradation"":0.42156862745098045,""spearman_realized_kl_vs_instruction_degradation"":-0.8944271909999159,""spearman_realized_kl_vs_medqa_accuracy"":0.5773502691896257,""spearman_realized_kl_vs_reference_degradation"":0.29999999999999993,""spearman_realized_kl_vs_target_degradation"":0.08578431372549021,""spearman_realized_kl_vs_target_performance"":-0.08578431372549021,""trajectory_point_count"":17}"
setting_2_medqa_medmcqa_selector_trajectory_sweep_v3,setting_2_medqa_medmcqa_selector_trajectory_sweep_v3/repeat_03/olmo7b_instruct/KR64_KT16/pct25.6/safe_hard_feasible_greedy_gamma0.01_epsm0.5/training_runs/safe_low_rank_adam_reference_constrained_greedy_eta0.0002_metricFplusAlpha_swaps1_feastol1e-06_gamma0.01_epsm0.5_caln64_calseed45_pct25.6_seed45/summary.json,repeat_03,olmo7b_instruct,safe_hard_feasible_greedy_gamma0.01_epsm0.5,safe_low_rank_adam_reference_constrained_greedy_eta0.0002_metricFplusAlpha_swaps1_feastol1e-06_gamma0.01_epsm0.5_caln64_calseed45_pct25.6_seed45,safe_low_rank_adam_reference_constrained_greedy_eta0.0002_metricFplusAlpha_swaps1_feastol1e-06_gamma0.01_epsm0.5_caln64_calseed45,adam,,,45,0.02270922724066515,0.16294794921875,0.022707685828208923,0.00024035961541812867,0.42578125,0.42578125,,0.35333182349579395,,0.4444444444444444,,0.010309278350515464,,0.26221920254714354,,0.46484375,,,,,,,,,,,,,0.5639624315984825,0.5341557417799497,139.3426994960173,1.2194647446336307e+17,1867793520.0,0.0,1.2194647633115659e+17,342415065563136.0,2613825883545600.0,1.2456030221470219e+17,True,,,False,True,"{""spearman_predicted_fisher_vs_realized_kl"":0.9999999999999998,""spearman_predicted_fisher_vs_target_degradation"":-0.9999999999999998,""spearman_realized_kl_vs_instruction_degradation"":null,""spearman_realized_kl_vs_medqa_accuracy"":null,""spearman_realized_kl_vs_reference_degradation"":null,""spearman_realized_kl_vs_target_degradation"":-0.9999999999999998,""spearman_realized_kl_vs_target_performance"":0.9999999999999998,""trajectory_point_count"":3}"
setting_2_medqa_medmcqa_selector_trajectory_sweep_v3,setting_2_medqa_medmcqa_selector_trajectory_sweep_v3/repeat_03/olmo7b_instruct/KR64_KT16/pct25.6/safe_hard_feasible_greedy_gamma1_epsm0.5/training_runs/safe_low_rank_adam_reference_constrained_greedy_eta0.0002_metricFplusAlpha_swaps1_feastol1e-06_gamma1_epsm0.5_caln64_calseed45_pct25.6_seed45/summary.json,repeat_03,olmo7b_instruct,safe_hard_feasible_greedy_gamma1_epsm0.5,safe_low_rank_adam_reference_constrained_greedy_eta0.0002_metricFplusAlpha_swaps1_feastol1e-06_gamma1_epsm0.5_caln64_calseed45_pct25.6_seed45,safe_low_rank_adam_reference_constrained_greedy_eta0.0002_metricFplusAlpha_swaps1_feastol1e-06_gamma1_epsm0.5_caln64_calseed45,adam,,,45,2.270922724066515,0.16294794921875,2.235309600830078,0.01042395643889904,0.4453125,0.4453125,,0.25986911527063106,,0.36363636363636365,,0.010309278350515464,,0.1561018669048984,,0.46875,,,,,,,,,,,,,0.5705203480949147,0.5495990107027616,381.2771399320336,1.2194647446336307e+17,1867793520.0,0.0,1.2194647633115659e+17,2133215100125184.0,6647943060480000.0,1.2859441939163659e+17,True,,,False,True,"{""spearman_predicted_fisher_vs_realized_kl"":0.9999999999999999,""spearman_predicted_fisher_vs_target_degradation"":0.16666666666666666,""spearman_realized_kl_vs_instruction_degradation"":-0.9999999999999998,""spearman_realized_kl_vs_medqa_accuracy"":0.8660254037844387,""spearman_realized_kl_vs_reference_degradation"":0.9999999999999998,""spearman_realized_kl_vs_target_degradation"":0.16666666666666666,""spearman_realized_kl_vs_target_performance"":-0.16666666666666666,""trajectory_point_count"":9}"
setting_2_medqa_medmcqa_selector_trajectory_sweep_v3,setting_2_medqa_medmcqa_selector_trajectory_sweep_v3/repeat_03/olmo7b_instruct/KR64_KT16/pct25.6/safe_hard_feasible_greedy_gamma0.1_epsm1/training_runs/safe_low_rank_adam_reference_constrained_greedy_eta0.0002_metricFplusAlpha_swaps1_feastol1e-06_gamma0.1_epsm1_caln64_calseed45_pct25.6_seed45/summary.json,repeat_03,olmo7b_instruct,safe_hard_feasible_greedy_gamma0.1_epsm1,safe_low_rank_adam_reference_constrained_greedy_eta0.0002_metricFplusAlpha_swaps1_feastol1e-06_gamma0.1_epsm1_caln64_calseed45_pct25.6_seed45,safe_low_rank_adam_reference_constrained_greedy_eta0.0002_metricFplusAlpha_swaps1_feastol1e-06_gamma0.1_epsm1_caln64_calseed45,adam,,,45,0.908369089626606,0.3258958984375,0.8852975964546204,0.004926219116896391,0.453125,0.453125,,0.30313031696089937,,0.40404040404040403,,0.010309278350515464,,0.20222022988139474,,0.4765625,,,,,,,,,,,,,0.6159874465931306,0.5811695109966564,312.40403560595587,1.2194647446336307e+17,1867793520.0,0.0,1.2194647633115659e+17,1202650826293248.0,4978970964393984.0,1.2692544729555058e+17,True,,,False,True,"{""spearman_predicted_fisher_vs_realized_kl"":1.0,""spearman_predicted_fisher_vs_target_degradation"":-0.02857142857142857,""spearman_realized_kl_vs_instruction_degradation"":-0.8660254037844387,""spearman_realized_kl_vs_medqa_accuracy"":0.8660254037844387,""spearman_realized_kl_vs_reference_degradation"":0.8660254037844387,""spearman_realized_kl_vs_target_degradation"":-0.02857142857142857,""spearman_realized_kl_vs_target_performance"":0.02857142857142857,""trajectory_point_count"":6}"
setting_2_medqa_medmcqa_selector_trajectory_sweep_v3,setting_2_medqa_medmcqa_selector_trajectory_sweep_v3/repeat_03/olmo7b_instruct/KR64_KT16/pct25.6/safe_hard_feasible_greedy_gamma0.01_epsm2/training_runs/safe_low_rank_adam_reference_constrained_greedy_eta0.0002_metricFplusAlpha_swaps1_feastol1e-06_gamma0.01_epsm2_caln64_calseed45_pct25.6_seed45/summary.json,repeat_03,olmo7b_instruct,safe_hard_feasible_greedy_gamma0.01_epsm2,safe_low_rank_adam_reference_constrained_greedy_eta0.0002_metricFplusAlpha_swaps1_feastol1e-06_gamma0.01_epsm2_caln64_calseed45_pct25.6_seed45,safe_low_rank_adam_reference_constrained_greedy_eta0.0002_metricFplusAlpha_swaps1_feastol1e-06_gamma0.01_epsm2_caln64_calseed45,adam,,,45,0.3633476358506424,0.651791796875,0.3461138904094696,0.0025733518414199352,0.44140625,0.44140625,,0.28806734554209634,,0.37373737373737376,,0.0,,0.20239731734681887,,0.44921875,,,,,,,,,,,,,0.528589359497609,0.5043020424198393,199.92822944599902,1.2194647446336307e+17,1867793520.0,0.0,1.2194647633115659e+17,944862742216704.0,3708545441701888.0,1.2565502177285848e+17,True,,,False,True,"{""spearman_predicted_fisher_vs_realized_kl"":0.9999999999999998,""spearman_predicted_fisher_vs_target_degradation"":-0.5999999999999999,""spearman_realized_kl_vs_instruction_degradation"":null,""spearman_realized_kl_vs_medqa_accuracy"":null,""spearman_realized_kl_vs_reference_degradation"":null,""spearman_realized_kl_vs_target_degradation"":-0.5999999999999999,""spearman_realized_kl_vs_target_performance"":0.5999999999999999,""trajectory_point_count"":5}"
setting_2_medqa_medmcqa_selector_trajectory_sweep_v3,setting_2_medqa_medmcqa_selector_trajectory_sweep_v3/repeat_03/olmo7b_instruct/KR64_KT16/pct25.6/safe_hard_feasible_greedy_gamma1_epsm2/training_runs/safe_low_rank_adam_reference_constrained_greedy_eta0.0002_metricFplusAlpha_swaps1_feastol1e-06_gamma1_epsm2_caln64_calseed45_pct25.6_seed45/summary.json,repeat_03,olmo7b_instruct,safe_hard_feasible_greedy_gamma1_epsm2,safe_low_rank_adam_reference_constrained_greedy_eta0.0002_metricFplusAlpha_swaps1_feastol1e-06_gamma1_epsm2_caln64_calseed45_pct25.6_seed45,safe_low_rank_adam_reference_constrained_greedy_eta0.0002_metricFplusAlpha_swaps1_feastol1e-06_gamma1_epsm2_caln64_calseed45,adam,,,45,36.33476358506424,0.651791796875,13.750285148620605,0.06243462860584259,0.44921875,0.44921875,,0.3238734805049896,,0.48484848484848486,,0.010309278350515464,,0.16289847616149436,,0.50390625,,,,,,,,,,,,,0.6471943737630478,0.6226302497290841,814.9226276520058,1.2194647446336307e+17,1867793520.0,0.0,1.2194647633115659e+17,3687009708146688.0,1.1703828190240768e+16,1.3365030452139736e+17,True,,,False,True,"{""spearman_predicted_fisher_vs_realized_kl"":0.9901960784313727,""spearman_predicted_fisher_vs_target_degradation"":0.2769607843137255,""spearman_realized_kl_vs_instruction_degradation"":-0.4472135954999579,""spearman_realized_kl_vs_medqa_accuracy"":0.22360679774997896,""spearman_realized_kl_vs_reference_degradation"":0.5999999999999999,""spearman_realized_kl_vs_target_degradation"":0.286764705882353,""spearman_realized_kl_vs_target_performance"":-0.286764705882353,""trajectory_point_count"":17}"
setting_2_medqa_medmcqa_selector_trajectory_sweep_v3,setting_2_medqa_medmcqa_selector_trajectory_sweep_v3/repeat_03/olmo7b_instruct/KR64_KT16/pct25.6/safe_corrected_adam_greedy_gamma0.1_epsm0.5/training_runs/safe_low_rank_adam_precondition_before_projection_reference_greedy_marginal_eta0.0064_metricFplusAlpha_gamma0.1_epsm0.5_caln64_calseed45_pct25.6_seed45/summary.json,repeat_03,olmo7b_instruct,safe_corrected_adam_greedy_gamma0.1_epsm0.5,safe_low_rank_adam_precondition_before_projection_reference_greedy_marginal_eta0.0064_metricFplusAlpha_gamma0.1_epsm0.5_caln64_calseed45_pct25.6_seed45,safe_low_rank_adam_precondition_before_projection_reference_greedy_marginal_eta0.0064_metricFplusAlpha_gamma0.1_epsm0.5_caln64_calseed45,adam,,,45,245.4562967959247,4.3258275390625,1329.119873046875,18.4147891998291,0.421875,0.421875,,0.2610095299042189,,0.36363636363636365,,0.020618556701030927,,0.15838269617207412,,0.4765625,,,,,,,,,,,,,0.6738140481719705,0.6559648178747929,793.5409961880068,1.2194647446336307e+17,143873136.0,0.0,1.2194647460723621e+17,3628153222004736.0,1.1644971704098816e+16,1.3359144631133502e+17,True,,,True,True,"{""spearman_predicted_fisher_vs_realized_kl"":0.9558823529411766,""spearman_predicted_fisher_vs_target_degradation"":0.4191176470588236,""spearman_realized_kl_vs_instruction_degradation"":-0.6668859288553503,""spearman_realized_kl_vs_medqa_accuracy"":0.6324555320336759,""spearman_realized_kl_vs_reference_degradation"":0.09999999999999998,""spearman_realized_kl_vs_target_degradation"":0.4509803921568628,""spearman_realized_kl_vs_target_performance"":-0.4509803921568628,""trajectory_point_count"":17}"
setting_2_medqa_medmcqa_selector_trajectory_sweep_v3,setting_2_medqa_medmcqa_selector_trajectory_sweep_v3/repeat_03/olmo7b_instruct/KR64_KT16/pct25.6/safe_corrected_adam_greedy_gamma0.01_epsm1/training_runs/safe_low_rank_adam_precondition_before_projection_reference_greedy_marginal_eta0.0064_metricFplusAlpha_gamma0.01_epsm1_caln64_calseed45_pct25.6_seed45/summary.json,repeat_03,olmo7b_instruct,safe_corrected_adam_greedy_gamma0.01_epsm1,safe_low_rank_adam_precondition_before_projection_reference_greedy_marginal_eta0.0064_metricFplusAlpha_gamma0.01_epsm1_caln64_calseed45_pct25.6_seed45,safe_low_rank_adam_precondition_before_projection_reference_greedy_marginal_eta0.0064_metricFplusAlpha_gamma0.01_epsm1_caln64_calseed45,adam,,,45,98.18251871836988,8.651655078125,950.5563354492188,19.146684646606445,0.41796875,0.41796875,,0.29887690981557086,,0.3939393939393939,,0.020618556701030927,,0.20381442569174782,,0.49609375,,,,,,,,,,,,,0.5644862245665438,0.5568459865040232,832.7690522749908,1.2194647446336307e+17,143873136.0,0.0,1.2194647460723621e+17,3376184282038272.0,1.1393002764132352e+16,1.3333947737136856e+17,True,,,True,True,"{""spearman_predicted_fisher_vs_realized_kl"":0.4338235294117648,""spearman_predicted_fisher_vs_target_degradation"":0.29656862745098045,""spearman_realized_kl_vs_instruction_degradation"":-0.4472135954999579,""spearman_realized_kl_vs_medqa_accuracy"":0.15811388300841897,""spearman_realized_kl_vs_reference_degradation"":0.3999999999999999,""spearman_realized_kl_vs_target_degradation"":-0.286764705882353,""spearman_realized_kl_vs_target_performance"":0.286764705882353,""trajectory_point_count"":17}"
setting_2_medqa_medmcqa_selector_trajectory_sweep_v3,setting_2_medqa_medmcqa_selector_trajectory_sweep_v3/repeat_03/olmo7b_instruct/KR64_KT16/pct25.6/safe_corrected_adam_greedy_gamma1_epsm1/training_runs/safe_low_rank_adam_precondition_before_projection_reference_greedy_marginal_eta0.0064_metricFplusAlpha_gamma1_epsm1_caln64_calseed45_pct25.6_seed45/summary.json,repeat_03,olmo7b_instruct,safe_corrected_adam_greedy_gamma1_epsm1,safe_low_rank_adam_precondition_before_projection_reference_greedy_marginal_eta0.0064_metricFplusAlpha_gamma1_epsm1_caln64_calseed45_pct25.6_seed45,safe_low_rank_adam_precondition_before_projection_reference_greedy_marginal_eta0.0064_metricFplusAlpha_gamma1_epsm1_caln64_calseed45,adam,,,45,9818.251871836987,8.651655078125,3501.542724609375,28.211700439453125,0.4609375,0.4609375,,0.3091010889050214,,0.4444444444444444,,0.010309278350515464,,0.17375773336559844,,0.50390625,,,,,,,,,,,,,0.6527431740987194,0.6149828141106322,835.6075640920317,1.2194647446336307e+17,143873136.0,0.0,1.2194647460723621e+17,3860253941366784.0,1.1877072423460864e+16,1.3382354703069707e+17,True,,,True,True,"{""spearman_predicted_fisher_vs_realized_kl"":0.9754901960784315,""spearman_predicted_fisher_vs_target_degradation"":0.41666666666666674,""spearman_realized_kl_vs_instruction_degradation"":-0.8944271909999159,""spearman_realized_kl_vs_medqa_accuracy"":0.7378647873726218,""spearman_realized_kl_vs_reference_degradation"":0.29999999999999993,""spearman_realized_kl_vs_target_degradation"":0.3382352941176471,""spearman_realized_kl_vs_target_performance"":-0.3382352941176471,""trajectory_point_count"":17}"
setting_2_medqa_medmcqa_selector_trajectory_sweep_v3,setting_2_medqa_medmcqa_selector_trajectory_sweep_v3/repeat_03/olmo7b_instruct/KR64_KT16/pct25.6/safe_corrected_adam_greedy_gamma0.1_epsm2/training_runs/safe_low_rank_adam_precondition_before_projection_reference_greedy_marginal_eta0.0064_metricFplusAlpha_gamma0.1_epsm2_caln64_calseed45_pct25.6_seed45/summary.json,repeat_03,olmo7b_instruct,safe_corrected_adam_greedy_gamma0.1_epsm2,safe_low_rank_adam_precondition_before_projection_reference_greedy_marginal_eta0.0064_metricFplusAlpha_gamma0.1_epsm2_caln64_calseed45_pct25.6_seed45,safe_low_rank_adam_precondition_before_projection_reference_greedy_marginal_eta0.0064_metricFplusAlpha_gamma0.1_epsm2_caln64_calseed45,adam,,,45,3927.300748734795,17.30331015625,3750.408935546875,34.38666915893555,0.44921875,0.44921875,,0.29778053012968675,,0.42424242424242425,,0.010309278350515464,,0.1713186360169493,,0.48046875,,,,,,,,,,,,,0.6036873117392654,0.5907907586640592,813.9254679589649,1.2194647446336307e+17,143873136.0,0.0,1.2194647460723621e+17,3778453401305088.0,1.1795271883399168e+16,1.3374174649063538e+17,True,,,True,True,"{""spearman_predicted_fisher_vs_realized_kl"":0.9142156862745099,""spearman_predicted_fisher_vs_target_degradation"":0.4338235294117648,""spearman_realized_kl_vs_instruction_degradation"":-0.7071067811865475,""spearman_realized_kl_vs_medqa_accuracy"":-0.33541019662496846,""spearman_realized_kl_vs_reference_degradation"":0.6668859288553503,""spearman_realized_kl_vs_target_degradation"":0.5196078431372549,""spearman_realized_kl_vs_target_performance"":-0.5196078431372549,""trajectory_point_count"":17}"
